INSTITUTO GEOFISICO DEL PERU
CENTRO NACIONAL DE MONITOREO SISMICO
Calle Calatrava 216 - La Molina 15023
http://www.igp.gob.pe

1. ESTACION SISMICA
NOMBRE  : Isla San Lorenzo, Callao
CODIGO  : SLN1
LATITUD : -12.076
LONGITUD: -77.235

2. SISMO
FECHA LOCAL     : 2023/06/19
HORA LOCAL      : 22:38:27
LATITUD         : -13.090
LONGITUD        : -76.780
PROFUNDIDAD     : 49.0 km
MAGNITUD        : M4.5
DIST. EPICENTRAL: 122.9 km

3. REGISTRO DE ACELERACION
TIEMPO DE INICIO           : 2023/06/20 03:38:36 UTC
NUMERO DE MUESTRAS         : 9836
MUESTREO                   : 100.0 muestras/segundo
REGISTROS                  : Formato corregido por instrumento
CORRECCION POR LINEA BASE  : Si
UNIDADES                   : cm/s2
REGISTROS POR COMPONENTE   : Z: Vertical  N: Norte-Sur  E: Este-Oeste
PGA                        :    0.5912         0.6932        0.9178

              Z              N              E
         -0.000450        0.000999       -0.000006
         -0.000445        0.001211       -0.000302
         -0.000184        0.001009       -0.000626
          0.000238        0.000355       -0.000725
          0.000566       -0.000356       -0.000600
          0.000632       -0.000732       -0.000441
          0.000468       -0.000789       -0.000286
          0.000260       -0.000767       -0.000044
          0.000117       -0.000729        0.000220
         -0.000083       -0.000621        0.000260
         -0.000469       -0.000478       -0.000074
         -0.000833       -0.000305       -0.000608
         -0.000807        0.000092       -0.001025
         -0.000399        0.000809       -0.001250
         -0.000020        0.001468       -0.001439
          0.000085        0.001551       -0.001564
          0.000120        0.001140       -0.001418
          0.000297        0.000849       -0.001080
          0.000441        0.000914       -0.000845
          0.000313        0.000860       -0.000629
          0.000054        0.000331       -0.000095
         -0.000010       -0.000341        0.000614
          0.000109       -0.000709        0.000992
          0.000080       -0.000787        0.000956
         -0.000213       -0.000740        0.000838
         -0.000499       -0.000520        0.000730
         -0.000584       -0.000123        0.000446
         -0.000579        0.000239       -0.000014
         -0.000514        0.000443       -0.000419
         -0.000199        0.000578       -0.000567
          0.000245        0.000646       -0.000381
          0.000288        0.000513        0.000019
         -0.000259        0.000263        0.000246
         -0.000900        0.000149       -0.000007
         -0.001137        0.000121       -0.000550
         -0.000953       -0.000113       -0.000951
         -0.000508       -0.000463       -0.001086
          0.000044       -0.000467       -0.001080
          0.000412       -0.000062       -0.000904
          0.000414        0.000218       -0.000437
          0.000308        0.000032        0.000243
          0.000406       -0.000278        0.000939
          0.000540       -0.000247        0.001581
          0.000338        0.000025        0.002142
         -0.000122        0.000073        0.002437
         -0.000372       -0.000206        0.002229
         -0.000226       -0.000335        0.001506
          0.000010        0.000089        0.000579
          0.000075        0.000754       -0.000107
          0.000123        0.000991       -0.000313
          0.000329        0.000662       -0.000266
          0.000477        0.000244       -0.000428
          0.000333        0.000077       -0.000885
          0.000138        0.000021       -0.001215
          0.000212       -0.000137       -0.001142
          0.000326       -0.000283       -0.000987
          0.000090       -0.000100       -0.001101
         -0.000262        0.000454       -0.001272
         -0.000184        0.000926       -0.001160
          0.000240        0.000853       -0.000908
          0.000405        0.000409       -0.000796
          0.000192        0.000131       -0.000664
          0.000135        0.000065       -0.000118
          0.000451       -0.000206        0.000877
          0.000628       -0.000728        0.001856
          0.000310       -0.001021        0.002214
         -0.000042       -0.000843        0.001818
          0.000131       -0.000530        0.001219
          0.000572       -0.000465        0.000894
          0.000612       -0.000615        0.000434
          0.000178       -0.000701       -0.000759
         -0.000182       -0.000571       -0.002129
         -0.000173       -0.000345       -0.002378
         -0.000092       -0.000248       -0.001336
         -0.000221       -0.000267       -0.000320
         -0.000349       -0.000076       -0.000314
         -0.000189        0.000451       -0.000781
          0.000086        0.000861       -0.000724
          0.000106        0.000665       -0.000026
         -0.000077        0.000084        0.000768
         -0.000094       -0.000282        0.001342
          0.000123       -0.000329        0.001741
          0.000292       -0.000464        0.002011
          0.000274       -0.000859        0.002014
          0.000190       -0.001218        0.001542
          0.000159       -0.001260        0.000661
          0.000213       -0.001018       -0.000098
          0.000326       -0.000667       -0.000254
          0.000372       -0.000332       -0.000046
          0.000264       -0.000072       -0.000091
          0.000172        0.000062       -0.000407
          0.000267        0.000017       -0.000391
          0.000365       -0.000215        0.000165
          0.000193       -0.000490        0.000724
         -0.000088       -0.000512        0.000858
         -0.000052       -0.000109        0.000796
          0.000276        0.000399        0.000822
          0.000349        0.000409        0.000752
         -0.000071       -0.000154        0.000394
         -0.000498       -0.000615        0.000029
         -0.000456       -0.000469        0.000017
         -0.000174       -0.000059        0.000219
         -0.000123        0.000067        0.000257
         -0.000327       -0.000010        0.000143
         -0.000486        0.000114        0.000264
         -0.000431        0.000429        0.000684
         -0.000185        0.000602        0.000882
          0.000102        0.000574        0.000494
          0.000186        0.000610       -0.000035
         -0.000026        0.000826       -0.000069
         -0.000256        0.001013        0.000199
         -0.000213        0.000975        0.000029
         -0.000079        0.000768       -0.000704
         -0.000279        0.000519       -0.001334
         -0.000784        0.000228       -0.001389
         -0.001030       -0.000146       -0.001100
         -0.000618       -0.000562       -0.000819
          0.000141       -0.000946       -0.000477
          0.000560       -0.001217        0.000089
          0.000351       -0.001269        0.000618
         -0.000100       -0.001082        0.000602
         -0.000272       -0.000767       -0.000026
         -0.000152       -0.000345       -0.000716
         -0.000117        0.000306       -0.000938
         -0.000275        0.001009       -0.000733
         -0.000324        0.001215       -0.000486
         -0.000165        0.000768       -0.000417
         -0.000138        0.000260       -0.000480
         -0.000396        0.000151       -0.000505
         -0.000575        0.000101       -0.000344
         -0.000399       -0.000284       -0.000065
         -0.000085       -0.000644        0.000015
          0.000122       -0.000464       -0.000217
          0.000269        0.000087       -0.000403
          0.000370        0.000534       -0.000286
          0.000290        0.000846       -0.000170
          0.000086        0.001216       -0.000337
          0.000041        0.001483       -0.000497
          0.000254        0.001282       -0.000367
          0.000445        0.000636       -0.000231
          0.000286        0.000049       -0.000362
         -0.000132       -0.000044       -0.000415
         -0.000378        0.000190        0.000015
         -0.000310        0.000208        0.000646
         -0.000289       -0.000107        0.000876
         -0.000489       -0.000284        0.000661
         -0.000508       -0.000054        0.000435
         -0.000076        0.000268        0.000256
          0.000347        0.000376       -0.000257
          0.000268        0.000359       -0.001075
         -0.000023        0.000333       -0.001588
         -0.000005        0.000275       -0.001515
          0.000147        0.000258       -0.001263
         -0.000041        0.000331       -0.001190
         -0.000377        0.000284       -0.001131
         -0.000265       -0.000000       -0.000838
          0.000238       -0.000227       -0.000383
          0.000473       -0.000152        0.000027
          0.000264        0.000046        0.000291
          0.000132        0.000154        0.000496
          0.000299        0.000194        0.000885
          0.000289        0.000090        0.001548
         -0.000157       -0.000305        0.002102
         -0.000510       -0.000708        0.002056
         -0.000265       -0.000586        0.001460
          0.000194        0.000091        0.000755
          0.000149        0.000822        0.000132
         -0.000314        0.001204       -0.000473
         -0.000384        0.001187       -0.000940
          0.000255        0.000866       -0.001136
          0.000930        0.000354       -0.001294
          0.000922       -0.000184       -0.001662
          0.000426       -0.000540       -0.001919
          0.000141       -0.000618       -0.001418
          0.000219       -0.000625       -0.000057
          0.000217       -0.000863        0.001458
         -0.000004       -0.001242        0.002352
         -0.000050       -0.001382        0.002556
          0.000228       -0.001226        0.002514
          0.000408       -0.001092        0.002391
          0.000221       -0.001089        0.001879
          0.000022       -0.000952        0.000826
          0.000182       -0.000517       -0.000317
          0.000431        0.000048       -0.000915
          0.000254        0.000491       -0.000869
         -0.000293        0.000691       -0.000667
         -0.000629        0.000631       -0.000752
         -0.000468        0.000387       -0.001056
         -0.000122        0.000169       -0.001195
          0.000049        0.000189       -0.000918
          0.000081        0.000439       -0.000300
          0.000174        0.000672        0.000310
          0.000355        0.000654        0.000518
          0.000484        0.000337        0.000321
          0.000426       -0.000225        0.000192
          0.000216       -0.000909        0.000450
          0.000090       -0.001407        0.000837
          0.000218       -0.001431        0.000986
          0.000405       -0.001121        0.000892
          0.000310       -0.000868        0.000608
         -0.000079       -0.000728        0.000053
         -0.000440       -0.000507       -0.000574
         -0.000559       -0.000271       -0.000789
         -0.000492       -0.000210       -0.000512
         -0.000328       -0.000213       -0.000223
         -0.000048       -0.000097       -0.000241
          0.000263        0.000054       -0.000289
          0.000314        0.000140        0.000070
         -0.000035        0.000254        0.000837
         -0.000421        0.000437        0.001509
         -0.000396        0.000573        0.001607
         -0.000140        0.000570        0.001219
         -0.000208        0.000407        0.000811
         -0.000592        0.000070        0.000578
         -0.000710       -0.000324        0.000337
         -0.000359       -0.000504        0.000008
         -0.000000       -0.000331       -0.000216
          0.000023       -0.000005       -0.000204
         -0.000063        0.000106       -0.000086
          0.000032       -0.000153       -0.000166
          0.000215       -0.000446       -0.000661
          0.000274       -0.000200       -0.001389
          0.000136        0.000582       -0.001814
         -0.000228        0.001108       -0.001623
         -0.000732        0.000881       -0.001059
         -0.000959        0.000441       -0.000512
         -0.000578        0.000427       -0.000056
          0.000066        0.000538        0.000426
          0.000326        0.000165        0.000861
          0.000135       -0.000543        0.000963
         -0.000041       -0.000947        0.000624
          0.000048       -0.000831        0.000195
          0.000228       -0.000540        0.000136
          0.000289       -0.000384        0.000355
          0.000226       -0.000309        0.000319
          0.000177       -0.000183       -0.000055
          0.000239       -0.000035       -0.000238
          0.000310        0.000174        0.000004
          0.000247        0.000626        0.000210
          0.000132        0.001186       -0.000006
          0.000100        0.001359       -0.000437
          0.000038        0.001023       -0.000792
         -0.000198        0.000687       -0.001132
         -0.000498        0.000680       -0.001560
         -0.000662        0.000647       -0.001910
         -0.000578        0.000235       -0.001965
         -0.000172       -0.000259       -0.001701
          0.000426       -0.000351       -0.001206
          0.000766       -0.000116       -0.000562
          0.000580       -0.000009        0.000116
          0.000208       -0.000146        0.000642
          0.000123       -0.000193        0.000882
          0.000353        0.000043        0.000931
          0.000601        0.000322        0.000985
          0.000626        0.000380        0.000967
          0.000410        0.000350        0.000543
          0.000179        0.000524       -0.000286
          0.000144        0.000829       -0.001001
          0.000228        0.000914       -0.001232
          0.000250        0.000716       -0.001128
          0.000233        0.000482       -0.000843
          0.000228        0.000203       -0.000254
          0.000136       -0.000336        0.000583
         -0.000052       -0.000915        0.001268
         -0.000126       -0.001039        0.001541
          0.000004       -0.000754        0.001511
          0.000136       -0.000526        0.001357
          0.000070       -0.000379        0.001165
         -0.000186        0.000030        0.000979
         -0.000548        0.000609        0.000743
         -0.000935        0.000885        0.000349
         -0.001153        0.000748       -0.000101
         -0.000961        0.000472       -0.000336
         -0.000423        0.000206       -0.000340
         -0.000006        0.000014       -0.000416
         -0.000049        0.000061       -0.000702
         -0.000236        0.000284       -0.000925
          0.000011        0.000288       -0.000846
          0.000646       -0.000023       -0.000701
          0.000990       -0.000245       -0.000794
          0.000696       -0.000248       -0.000826
          0.000226       -0.000446       -0.000286
          0.000163       -0.000961        0.000508
          0.000430       -0.001278        0.000637
          0.000467       -0.001088       -0.000010
          0.000006       -0.000715       -0.000550
         -0.000622       -0.000384       -0.000458
         -0.000966        0.000112       -0.000102
         -0.001006        0.000702        0.000135
         -0.001030        0.000860        0.000314
         -0.001079        0.000496        0.000510
         -0.000830        0.000148        0.000697
         -0.000179       -0.000001        0.000939
          0.000406       -0.000386        0.001218
          0.000452       -0.001061        0.001360
          0.000139       -0.001414        0.001368
         -0.000008       -0.001150        0.001427
          0.000096       -0.000678        0.001474
          0.000098       -0.000293        0.001215
         -0.000125        0.000117        0.000579
         -0.000301        0.000412       -0.000166
         -0.000240        0.000139       -0.000734
         -0.000103       -0.000649       -0.001012
         -0.000086       -0.001272       -0.000993
         -0.000072       -0.001309       -0.000682
          0.000143       -0.001002       -0.000155
          0.000411       -0.000682        0.000338
          0.000421       -0.000275        0.000504
          0.000266        0.000416        0.000299
          0.000309        0.001263       -0.000019
          0.000479        0.001870       -0.000188
          0.000354        0.001953       -0.000200
         -0.000028        0.001459       -0.000277
         -0.000167        0.000482       -0.000634
          0.000073       -0.000664       -0.001179
          0.000297       -0.001437       -0.001506
          0.000211       -0.001508       -0.001290
         -0.000126       -0.001141       -0.000626
         -0.000491       -0.000832        0.000097
         -0.000600       -0.000681        0.000562
         -0.000367       -0.000390        0.000730
         -0.000147        0.000196        0.000744
         -0.000238        0.000820        0.000649
         -0.000314        0.001083        0.000293
          0.000038        0.000872       -0.000342
          0.000544        0.000519       -0.000891
          0.000636        0.000474       -0.001045
          0.000330        0.000793       -0.001043
          0.000075        0.001083       -0.001231
          0.000046        0.001018       -0.001375
          0.000075        0.000705       -0.001020
          0.000065        0.000436       -0.000281
          0.000067        0.000284        0.000333
          0.000133        0.000076        0.000659
          0.000275       -0.000322        0.000877
          0.000436       -0.000789        0.000987
          0.000444       -0.001029        0.000852
          0.000202       -0.000814        0.000628
         -0.000066       -0.000166        0.000602
         -0.000024        0.000660        0.000609
          0.000280        0.001295        0.000172
          0.000439        0.001462       -0.000680
          0.000250        0.001161       -0.001306
         -0.000037        0.000659       -0.001356
         -0.000155        0.000257       -0.001124
         -0.000166        0.000066       -0.000809
         -0.000183       -0.000052       -0.000193
         -0.000116       -0.000316        0.000720
          0.000060       -0.000743        0.001459
          0.000100       -0.001080        0.001726
         -0.000084       -0.001070        0.001732
         -0.000160       -0.000642        0.001715
          0.000066        0.000095        0.001531
          0.000232        0.000815        0.000999
          0.000027        0.001073        0.000386
         -0.000214        0.000742        0.000167
         -0.000071        0.000222        0.000343
          0.000274       -0.000044        0.000405
          0.000457       -0.000081        0.000041
          0.000590       -0.000181       -0.000488
          0.000882       -0.000365       -0.000755
          0.001004       -0.000379       -0.000682
          0.000492       -0.000216       -0.000556
         -0.000410       -0.000260       -0.000671
         -0.000936       -0.000726       -0.000967
         -0.000857       -0.001191       -0.001064
         -0.000752       -0.000982       -0.000823
         -0.000997       -0.000059       -0.000681
         -0.001093        0.000810       -0.000982
         -0.000525        0.000905       -0.001255
          0.000252        0.000356       -0.000796
          0.000417       -0.000184        0.000198
          0.000049       -0.000355        0.000807
         -0.000058       -0.000270        0.000651
          0.000339       -0.000185        0.000319
          0.000714       -0.000317        0.000393
          0.000790       -0.000783        0.000619
          0.000830       -0.001450        0.000449
          0.000859       -0.001947       -0.000003
          0.000555       -0.001939       -0.000150
          0.000021       -0.001369        0.000120
         -0.000216       -0.000482        0.000339
         -0.000154        0.000336        0.000251
         -0.000356        0.000815        0.000093
         -0.000932        0.001016        0.000039
         -0.001345        0.001238       -0.000052
         -0.001312        0.001579       -0.000209
         -0.001102        0.001693       -0.000125
         -0.000866        0.001295        0.000363
         -0.000431        0.000671        0.000852
          0.000138        0.000241        0.000811
          0.000427       -0.000078        0.000333
          0.000308       -0.000504        0.000020
          0.000174       -0.000822        0.000070
          0.000317       -0.000762        0.000025
          0.000503       -0.000495       -0.000368
          0.000440       -0.000283       -0.000660
          0.000236       -0.000069       -0.000453
          0.000107        0.000268       -0.000067
         -0.000012        0.000651        0.000098
         -0.000245        0.000923        0.000257
         -0.000453        0.000950        0.000647
         -0.000462        0.000678        0.000892
         -0.000432        0.000315        0.000658
         -0.000599        0.000227        0.000331
         -0.000766        0.000435        0.000317
         -0.000507        0.000485        0.000247
          0.000135        0.000030       -0.000375
          0.000583       -0.000669       -0.001194
          0.000477       -0.001060       -0.001455
          0.000121       -0.000978       -0.001092
          0.000021       -0.000773       -0.000697
          0.000211       -0.000652       -0.000588
          0.000343       -0.000350       -0.000562
          0.000312        0.000218       -0.000489
          0.000342        0.000614       -0.000531
          0.000436        0.000653       -0.000740
          0.000286        0.000708       -0.000983
         -0.000113        0.000855       -0.001254
         -0.000282        0.000687       -0.001541
          0.000020        0.000241       -0.001540
          0.000352        0.000074       -0.001023
          0.000199        0.000254       -0.000287
         -0.000283        0.000264        0.000263
         -0.000541       -0.000071        0.000650
         -0.000403       -0.000452        0.001066
         -0.000114       -0.000800        0.001423
          0.000201       -0.001262        0.001490
          0.000549       -0.001568        0.001281
          0.000719       -0.001176        0.001116
          0.000487       -0.000147        0.001257
          0.000089        0.000760        0.001423
         -0.000015        0.001091        0.000957
          0.000217        0.001231       -0.000244
          0.000385        0.001654       -0.001294
          0.000219        0.002109       -0.001292
         -0.000149        0.002001       -0.000458
         -0.000486        0.001319        0.000176
         -0.000733        0.000698        0.000016
         -0.000891        0.000515       -0.000519
         -0.000880        0.000416       -0.000631
         -0.000694       -0.000020       -0.000091
         -0.000499       -0.000623        0.000592
         -0.000373       -0.000999        0.000916
         -0.000144       -0.001094        0.000950
          0.000335       -0.001011        0.000949
          0.000893       -0.000707        0.000851
          0.001145       -0.000255        0.000619
          0.000832        0.000052        0.000576
          0.000100        0.000109        0.000857
         -0.000555        0.000116        0.000984
         -0.000735        0.000162        0.000580
         -0.000553        0.000080        0.000076
         -0.000402       -0.000197        0.000058
         -0.000390       -0.000459        0.000278
         -0.000294       -0.000530        0.000001
         -0.000019       -0.000569       -0.000820
          0.000268       -0.000871       -0.001395
          0.000466       -0.001419       -0.001157
          0.000621       -0.001805       -0.000424
          0.000681       -0.001661        0.000166
          0.000566       -0.001058        0.000480
          0.000480       -0.000397        0.000788
          0.000674        0.000010        0.001099
          0.000959        0.000156        0.001080
          0.000929        0.000164        0.000631
          0.000607        0.000104        0.000060
          0.000366        0.000027       -0.000362
          0.000316       -0.000033       -0.000596
          0.000237       -0.000165       -0.000642
          0.000079       -0.000452       -0.000549
          0.000035       -0.000747       -0.000526
          0.000100       -0.000833       -0.000690
         -0.000014       -0.000672       -0.000892
         -0.000385       -0.000293       -0.000954
         -0.000676        0.000292       -0.000871
         -0.000620        0.000872       -0.000657
         -0.000399        0.001098       -0.000311
         -0.000323        0.000937        0.000010
         -0.000363        0.000751        0.000143
         -0.000269        0.000727        0.000327
          0.000001        0.000523        0.000965
          0.000234       -0.000230        0.001888
          0.000290       -0.001210        0.002384
          0.000250       -0.001631        0.002112
          0.000209       -0.001232        0.001387
          0.000121       -0.000613        0.000457
         -0.000087       -0.000337       -0.000762
         -0.000346       -0.000220       -0.002096
         -0.000469        0.000161       -0.002979
         -0.000334        0.000735       -0.003087
         -0.000039        0.001178       -0.002537
          0.000177        0.001452       -0.001526
          0.000205        0.001623       -0.000307
          0.000211        0.001461        0.000716
          0.000399        0.000738        0.001394
          0.000679       -0.000267        0.001892
          0.000756       -0.000989        0.002058
          0.000580       -0.001201        0.001498
          0.000343       -0.001110        0.000511
          0.000032       -0.000942       -0.000081
         -0.000429       -0.000643       -0.000245
         -0.000702       -0.000060       -0.000681
         -0.000498        0.000653       -0.001382
         -0.000265        0.001025       -0.001577
         -0.000496        0.000859       -0.001087
         -0.000777        0.000582       -0.000456
         -0.000548        0.000655        0.000144
         -0.000178        0.000847        0.000942
         -0.000273        0.000638        0.001682
         -0.000609        0.000141        0.001780
         -0.000624       -0.000056        0.001210
         -0.000353        0.000137        0.000480
         -0.000172        0.000261       -0.000116
         -0.000156        0.000161       -0.000651
         -0.000113        0.000050       -0.001121
          0.000055       -0.000115       -0.001362
          0.000227       -0.000419       -0.001365
          0.000192       -0.000463       -0.001333
         -0.000083        0.000024       -0.001336
         -0.000368        0.000512       -0.001160
         -0.000462        0.000466       -0.000613
         -0.000368        0.000203        0.000143
         -0.000115        0.000219        0.000661
          0.000176        0.000359        0.000573
          0.000172        0.000250        0.000006
         -0.000197       -0.000071       -0.000371
         -0.000418       -0.000366       -0.000015
         -0.000144       -0.000549        0.000735
          0.000164       -0.000606        0.001033
         -0.000013       -0.000455        0.000683
         -0.000380       -0.000027        0.000331
         -0.000342        0.000555        0.000399
          0.000065        0.000935        0.000529
          0.000384        0.000810        0.000308
          0.000427        0.000352       -0.000079
          0.000302        0.000080       -0.000245
          0.000150        0.000179       -0.000171
          0.000116        0.000238       -0.000094
          0.000214       -0.000122       -0.000151
          0.000186       -0.000671       -0.000309
         -0.000079       -0.000813       -0.000461
         -0.000162       -0.000290       -0.000469
          0.000287        0.000503       -0.000219
          0.000788        0.000938        0.000234
          0.000563        0.000848        0.000609
         -0.000213        0.000631        0.000663
         -0.000526        0.000626        0.000498
         -0.000013        0.000642        0.000348
          0.000450        0.000359        0.000162
          0.000079       -0.000076       -0.000190
         -0.000667       -0.000258       -0.000463
         -0.000852       -0.000171       -0.000378
         -0.000422       -0.000104       -0.000163
         -0.000089       -0.000046       -0.000186
         -0.000210        0.000237       -0.000346
         -0.000457        0.000599       -0.000373
         -0.000409        0.000648       -0.000391
         -0.000034        0.000383       -0.000695
          0.000380        0.000125       -0.001233
          0.000541       -0.000055       -0.001591
          0.000487       -0.000303       -0.001396
          0.000553       -0.000548       -0.000641
          0.000862       -0.000546        0.000266
          0.001054       -0.000283        0.000872
          0.000842       -0.000097        0.001187
          0.000530       -0.000342        0.001573
          0.000555       -0.000912        0.002053
          0.000816       -0.001187        0.002148
          0.000866       -0.000711        0.001626
          0.000538        0.000094        0.000916
          0.000071        0.000391        0.000488
         -0.000190        0.000125        0.000285
         -0.000099        0.000016        0.000076
          0.000118        0.000259       -0.000041
          0.000049        0.000198        0.000149
         -0.000403       -0.000483        0.000517
         -0.000835       -0.001189        0.000667
         -0.000825       -0.001366        0.000427
         -0.000430       -0.001240        0.000089
         -0.000094       -0.001243        0.000052
         -0.000157       -0.001249        0.000335
         -0.000488       -0.000865        0.000658
         -0.000652       -0.000239        0.000896
         -0.000447        0.000035        0.001082
         -0.000148       -0.000148        0.001099
         -0.000082       -0.000198        0.000845
         -0.000181        0.000199        0.000534
         -0.000136        0.000567        0.000341
          0.000182        0.000440        0.000027
          0.000574        0.000091       -0.000610
          0.000691       -0.000038       -0.001238
          0.000391       -0.000037       -0.001441
         -0.000040       -0.000106       -0.001371
         -0.000229       -0.000016       -0.001497
         -0.000224        0.000380       -0.001893
         -0.000309        0.000675       -0.002185
         -0.000452        0.000540       -0.002112
         -0.000423        0.000283       -0.001760
         -0.000285        0.000314       -0.001228
         -0.000272        0.000516       -0.000556
         -0.000346        0.000487       -0.000019
         -0.000281        0.000050        0.000079
         -0.000018       -0.000593       -0.000021
          0.000336       -0.000948        0.000227
          0.000645       -0.000665        0.000835
          0.000718       -0.000096        0.001293
          0.000474       -0.000030        0.001370
          0.000139       -0.000643        0.001262
         -0.000024       -0.001183        0.001070
         -0.000070       -0.000985        0.000766
         -0.000141       -0.000350        0.000516
         -0.000097       -0.000042        0.000443
          0.000216       -0.000239        0.000345
          0.000528       -0.000460        0.000091
          0.000390       -0.000439       -0.000046
         -0.000153       -0.000421        0.000135
         -0.000526       -0.000452        0.000356
         -0.000351       -0.000102        0.000235
          0.000108        0.000715       -0.000202
          0.000402        0.001339       -0.000632
          0.000407        0.001285       -0.000905
          0.000197        0.001031       -0.001180
         -0.000108        0.001270       -0.001473
         -0.000199        0.001801       -0.001341
          0.000150        0.001786       -0.000521
          0.000526        0.000982        0.000347
          0.000317        0.000086        0.000404
         -0.000245       -0.000279       -0.000178
         -0.000345       -0.000318       -0.000509
          0.000110       -0.000477       -0.000331
          0.000387       -0.000688       -0.000174
          0.000148       -0.000688       -0.000327
         -0.000137       -0.000554       -0.000416
         -0.000107       -0.000415       -0.000044
         -0.000023       -0.000115        0.000626
         -0.000153        0.000358        0.001073
         -0.000315        0.000661        0.001089
         -0.000300        0.000664        0.000946
         -0.000258        0.000668        0.000762
         -0.000341        0.000772        0.000170
         -0.000381        0.000664       -0.000931
         -0.000219        0.000194       -0.001857
          0.000014       -0.000440       -0.001995
          0.000163       -0.001058       -0.001599
          0.000265       -0.001466       -0.001189
          0.000319       -0.001340       -0.000832
          0.000209       -0.000670       -0.000506
         -0.000027        0.000037       -0.000429
         -0.000172        0.000436       -0.000602
         -0.000178        0.000734       -0.000579
         -0.000179        0.001095       -0.000049
         -0.000217        0.001258        0.000723
         -0.000228        0.001003        0.001283
         -0.000232        0.000530        0.001555
         -0.000309        0.000142        0.001791
         -0.000453       -0.000084        0.002020
         -0.000535       -0.000223        0.001929
         -0.000400       -0.000302        0.001378
         -0.000084       -0.000212        0.000686
          0.000083        0.000206        0.000204
         -0.000126        0.000843       -0.000088
         -0.000368        0.001278       -0.000338
         -0.000103        0.001270       -0.000480
          0.000579        0.001043       -0.000436
          0.001010        0.000750       -0.000386
          0.000858        0.000132       -0.000456
          0.000490       -0.000862       -0.000386
          0.000331       -0.001660        0.000063
          0.000307       -0.001790        0.000603
          0.000104       -0.001520        0.000820
         -0.000286       -0.001303        0.000778
         -0.000556       -0.001083        0.000737
         -0.000544       -0.000617        0.000553
         -0.000446       -0.000061       -0.000022
         -0.000491        0.000215       -0.000655
         -0.000638        0.000233       -0.000724
         -0.000734        0.000473       -0.000227
         -0.000760        0.001213        0.000193
         -0.000711        0.001964        0.000160
         -0.000407        0.001938       -0.000032
          0.000185        0.001151        0.000010
          0.000621        0.000448        0.000240
          0.000469        0.000254        0.000405
          0.000018        0.000068        0.000524
         -0.000046       -0.000446        0.000816
          0.000410       -0.000807        0.001235
          0.000830       -0.000650        0.001398
          0.000715       -0.000470        0.001055
          0.000131       -0.000810        0.000338
         -0.000466       -0.001347       -0.000522
         -0.000656       -0.001438       -0.001406
         -0.000400       -0.001028       -0.002092
         -0.000022       -0.000424       -0.002211
          0.000186        0.000314       -0.001655
          0.000264        0.001112       -0.000804
          0.000354        0.001476       -0.000225
          0.000416        0.001098       -0.000229
          0.000404        0.000488       -0.000585
          0.000478        0.000280       -0.000607
          0.000677        0.000253        0.000129
          0.000694       -0.000210        0.001085
          0.000383       -0.000979        0.001330
          0.000098       -0.001306        0.000790
          0.000122       -0.000964        0.000226
          0.000209       -0.000475       -0.000015
          0.000094       -0.000218       -0.000303
         -0.000085        0.000002       -0.000816
         -0.000130        0.000362       -0.001215
         -0.000050        0.000601       -0.001283
          0.000126        0.000478       -0.001217
          0.000313        0.000211       -0.001244
          0.000263        0.000124       -0.001291
         -0.000059        0.000128       -0.001040
         -0.000263       -0.000095       -0.000312
         -0.000080       -0.000552        0.000532
          0.000215       -0.000976        0.000887
          0.000303       -0.001223        0.000756
          0.000342       -0.001292        0.000798
          0.000589       -0.001126        0.001262
          0.000841       -0.000784        0.001519
          0.000698       -0.000521        0.001032
          0.000165       -0.000349        0.000215
         -0.000389        0.000014       -0.000190
         -0.000709        0.000512       -0.000157
         -0.000799        0.000666       -0.000225
         -0.000731        0.000387       -0.000526
         -0.000590        0.000136       -0.000602
         -0.000506        0.000042       -0.000190
         -0.000502       -0.000329        0.000389
         -0.000456       -0.001067        0.000802
         -0.000335       -0.001572        0.001080
         -0.000268       -0.001430        0.001226
         -0.000316       -0.000927        0.001057
         -0.000417       -0.000426        0.000669
         -0.000536        0.000128        0.000410
         -0.000591        0.000824        0.000301
         -0.000344        0.001453        0.000088
          0.000267        0.001802       -0.000190
          0.000773        0.001925       -0.000317
          0.000630        0.001925       -0.000404
          0.000002        0.001702       -0.000599
         -0.000371        0.001140       -0.000575
         -0.000113        0.000410       -0.000024
          0.000399       -0.000134        0.000663
          0.000622       -0.000364        0.000916
          0.000434       -0.000523        0.000860
          0.000101       -0.000904        0.000986
         -0.000093       -0.001436        0.001260
         -0.000115       -0.001729        0.001193
         -0.000180       -0.001554        0.000648
         -0.000375       -0.001102        0.000015
         -0.000387       -0.000660       -0.000342
          0.000043       -0.000235       -0.000367
          0.000515        0.000297       -0.000117
          0.000417        0.000900        0.000213
         -0.000087        0.001405        0.000187
         -0.000258        0.001675       -0.000368
          0.000061        0.001621       -0.000924
          0.000313        0.001304       -0.000939
          0.000234        0.000948       -0.000737
          0.000160        0.000631       -0.000985
          0.000227        0.000207       -0.001565
          0.000115       -0.000244       -0.001759
         -0.000264       -0.000371       -0.001401
         -0.000473       -0.000168       -0.001047
         -0.000180       -0.000042       -0.001020
          0.000392       -0.000101       -0.000997
          0.000788       -0.000027       -0.000666
          0.000772        0.000218       -0.000233
          0.000407        0.000263       -0.000012
         -0.000054        0.000074        0.000053
         -0.000337        0.000102        0.000182
         -0.000427        0.000487        0.000372
         -0.000571        0.000746        0.000524
         -0.000817        0.000554        0.000660
         -0.000839        0.000235        0.000772
         -0.000467        0.000165        0.000677
         -0.000024        0.000209        0.000308
          0.000152        0.000050       -0.000132
          0.000184       -0.000297       -0.000418
          0.000308       -0.000560       -0.000477
          0.000397       -0.000563       -0.000298
          0.000198       -0.000332       -0.000001
         -0.000154       -0.000014        0.000130
         -0.000236        0.000175        0.000006
          0.000071        0.000100       -0.000033
          0.000387       -0.000091        0.000286
          0.000374       -0.000086        0.000641
          0.000210        0.000263        0.000524
          0.000241        0.000775        0.000063
          0.000374        0.001031       -0.000160
          0.000251        0.000646       -0.000053
         -0.000070       -0.000268       -0.000080
         -0.000130       -0.001057       -0.000333
          0.000191       -0.001205       -0.000369
          0.000411       -0.000891       -0.000099
          0.000120       -0.000591       -0.000013
         -0.000430       -0.000438       -0.000300
         -0.000681       -0.000267       -0.000504
         -0.000473       -0.000025       -0.000326
         -0.000152        0.000171       -0.000087
         -0.000090        0.000282       -0.000115
         -0.000280        0.000331       -0.000245
         -0.000407        0.000168       -0.000233
         -0.000291       -0.000409       -0.000176
         -0.000161       -0.001184       -0.000197
         -0.000339       -0.001586       -0.000097
         -0.000694       -0.001421        0.000244
         -0.000708       -0.001132        0.000523
         -0.000185       -0.001042        0.000546
          0.000383       -0.000895        0.000723
          0.000445       -0.000432        0.001392
          0.000116        0.000127        0.001997
         -0.000063        0.000557        0.001779
          0.000099        0.001003        0.000982
          0.000343        0.001486        0.000490
          0.000467        0.001557        0.000464
          0.000514        0.000965        0.000262
          0.000524        0.000195       -0.000341
          0.000446       -0.000190       -0.000812
          0.000300       -0.000322       -0.000860
          0.000174       -0.000554       -0.000895
          0.000056       -0.000677       -0.001186
         -0.000140       -0.000327       -0.001329
         -0.000357        0.000266       -0.000959
         -0.000466        0.000624       -0.000417
         -0.000488        0.000722       -0.000147
         -0.000472        0.000735        0.000077
         -0.000263        0.000573        0.000725
          0.000202        0.000142        0.001661
          0.000587       -0.000413        0.002270
          0.000589       -0.000993        0.002233
          0.000411       -0.001561        0.001792
          0.000379       -0.001796        0.001326
          0.000417       -0.001362        0.000852
          0.000317       -0.000478        0.000105
          0.000187        0.000311       -0.000834
          0.000197        0.000797       -0.001337
          0.000210        0.001098       -0.001049
          0.000011        0.001258       -0.000517
         -0.000323        0.001261       -0.000477
         -0.000486        0.001139       -0.000888
         -0.000297        0.000836       -0.001187
          0.000060        0.000338       -0.001156
          0.000193       -0.000049       -0.001019
          0.000002       -0.000015       -0.000913
         -0.000128        0.000200       -0.000698
          0.000088        0.000129       -0.000273
          0.000328       -0.000183        0.000204
          0.000156       -0.000337        0.000544
         -0.000249       -0.000278        0.000753
         -0.000329       -0.000288        0.000824
          0.000007       -0.000475        0.000592
          0.000260       -0.000696        0.000135
          0.000065       -0.000752       -0.000109
         -0.000353       -0.000432       -0.000049
         -0.000557        0.000287       -0.000192
         -0.000415        0.000937       -0.000788
         -0.000139        0.000956       -0.001341
          0.000008        0.000543       -0.001362
         -0.000052        0.000513       -0.001041
         -0.000207        0.001056       -0.000840
         -0.000324        0.001374       -0.000747
         -0.000425        0.000880       -0.000304
         -0.000587        0.000009        0.000628
         -0.000702       -0.000576        0.001437
         -0.000548       -0.000842        0.001452
         -0.000213       -0.001018        0.000849
         -0.000098       -0.001038        0.000343
         -0.000275       -0.000780        0.000159
         -0.000240       -0.000439       -0.000111
          0.000318       -0.000358       -0.000687
          0.000893       -0.000591       -0.001135
          0.000810       -0.000747       -0.000919
          0.000211       -0.000398       -0.000198
         -0.000155        0.000365        0.000302
         -0.000000        0.001075        0.000299
          0.000197        0.001531        0.000319
          0.000052        0.001790        0.000724
         -0.000140        0.001702        0.001065
          0.000010        0.001099        0.000919
          0.000320        0.000277        0.000629
          0.000412       -0.000323        0.000640
          0.000337       -0.000674        0.000787
          0.000387       -0.000973        0.000710
          0.000588       -0.001223        0.000371
          0.000689       -0.001313       -0.000093
          0.000493       -0.001199       -0.000460
          0.000053       -0.000935       -0.000425
         -0.000400       -0.000729       -0.000051
         -0.000660       -0.000751        0.000085
         -0.000694       -0.000751       -0.000300
         -0.000562       -0.000312       -0.000691
         -0.000330        0.000420       -0.000564
         -0.000116        0.000843       -0.000157
         -0.000063        0.000757        0.000010
         -0.000175        0.000528       -0.000116
         -0.000298        0.000415       -0.000270
         -0.000281        0.000370       -0.000396
         -0.000077        0.000414       -0.000624
          0.000151        0.000586       -0.000887
          0.000102        0.000635       -0.000893
         -0.000164        0.000352       -0.000495
         -0.000055        0.000041        0.000049
          0.000681        0.000052        0.000313
          0.001285        0.000109        0.000214
          0.000923       -0.000185        0.000131
         -0.000016       -0.000502        0.000389
         -0.000418       -0.000238        0.000800
         -0.000012        0.000475        0.000970
          0.000428        0.000915        0.000825
          0.000353        0.000765        0.000488
          0.000045        0.000390       -0.000043
         -0.000108        0.000207       -0.000677
         -0.000135        0.000204       -0.001033
         -0.000105        0.000119       -0.000886
          0.000070       -0.000140       -0.000511
          0.000273       -0.000471       -0.000308
          0.000204       -0.000845       -0.000365
         -0.000081       -0.001303       -0.000441
         -0.000221       -0.001688       -0.000170
         -0.000179       -0.001739        0.000541
         -0.000227       -0.001493        0.001238
         -0.000340       -0.001179        0.001457
         -0.000228       -0.000766        0.001414
          0.000069       -0.000087        0.001560
          0.000195        0.000654        0.001709
          0.000087        0.001023        0.001416
          0.000049        0.000913        0.000851
          0.000228        0.000525        0.000436
          0.000365        0.000020        0.000015
          0.000222       -0.000345       -0.000745
         -0.000014       -0.000200       -0.001480
          0.000004        0.000298       -0.001577
          0.000221        0.000428       -0.001175
          0.000258        0.000062       -0.000883
          0.000010        0.000027       -0.000740
         -0.000211        0.000692       -0.000389
         -0.000160        0.001226       -0.000045
          0.000069        0.000959       -0.000241
          0.000258        0.000425       -0.000806
          0.000300        0.000363       -0.001093
          0.000254        0.000637       -0.000946
          0.000231        0.000705       -0.000628
          0.000222        0.000386       -0.000252
          0.000068       -0.000151        0.000104
         -0.000245       -0.000576        0.000231
         -0.000457       -0.000551        0.000125
         -0.000397       -0.000159        0.000007
         -0.000299        0.000099       -0.000020
         -0.000478        0.000035        0.000010
         -0.000824       -0.000004        0.000060
         -0.000932        0.000088        0.000047
         -0.000693       -0.000106       -0.000037
         -0.000453       -0.000682        0.000028
         -0.000478       -0.001043        0.000387
         -0.000516       -0.000777        0.000795
         -0.000176       -0.000284        0.000934
          0.000418       -0.000100        0.000830
          0.000753       -0.000130        0.000655
          0.000698        0.000002        0.000415
          0.000686        0.000229        0.000115
          0.000965        0.000167       -0.000076
          0.001112       -0.000246       -0.000077
          0.000694       -0.000611       -0.000013
          0.000039       -0.000591        0.000066
         -0.000239       -0.000316        0.000231
         -0.000243       -0.000127        0.000375
         -0.000548       -0.000065        0.000272
         -0.001080        0.000111        0.000065
         -0.001154        0.000424        0.000206
         -0.000638        0.000526        0.000669
         -0.000197        0.000193        0.000767
         -0.000251       -0.000316        0.000144
         -0.000482       -0.000612       -0.000627
         -0.000499       -0.000647       -0.000889
         -0.000313       -0.000573       -0.000727
         -0.000087       -0.000389       -0.000597
          0.000070       -0.000059       -0.000711
          0.000102        0.000303       -0.001080
          0.000140        0.000599       -0.001547
          0.000379        0.000812       -0.001655
          0.000637        0.000784       -0.001087
          0.000509        0.000323       -0.000230
          0.000091       -0.000347        0.000278
         -0.000063       -0.000661        0.000431
          0.000165       -0.000364        0.000701
          0.000267        0.000210        0.001145
         -0.000023        0.000560        0.001313
         -0.000349        0.000484        0.001009
         -0.000421        0.000139        0.000556
         -0.000396       -0.000152        0.000197
         -0.000359       -0.000164       -0.000188
         -0.000139        0.000028       -0.000577
          0.000183        0.000157       -0.000573
          0.000249        0.000082        0.000003
          0.000061       -0.000144        0.000724
          0.000013       -0.000422        0.001100
          0.000230       -0.000619        0.001170
          0.000406       -0.000566        0.001256
          0.000363       -0.000253        0.001393
          0.000262        0.000109        0.001333
          0.000194        0.000369        0.000931
         -0.000004        0.000579        0.000251
         -0.000404        0.000833       -0.000586
         -0.000696        0.001153       -0.001379
         -0.000497        0.001481       -0.001775
          0.000099        0.001668       -0.001485
          0.000497        0.001627       -0.000668
          0.000298        0.001501        0.000071
         -0.000131        0.001402        0.000230
         -0.000157        0.001090       -0.000074
          0.000202        0.000352       -0.000287
          0.000368       -0.000442       -0.000111
          0.000138       -0.000702        0.000199
         -0.000095       -0.000427        0.000267
         -0.000081       -0.000132        0.000068
         -0.000049       -0.000063       -0.000106
         -0.000178        0.000036        0.000006
         -0.000276        0.000305        0.000320
         -0.000148        0.000377        0.000392
          0.000074       -0.000143       -0.000059
          0.000144       -0.001009       -0.000722
          0.000049       -0.001510       -0.001086
          0.000057       -0.001319       -0.001063
          0.000381       -0.000871       -0.000832
          0.000809       -0.000702       -0.000438
          0.000935       -0.000753        0.000054
          0.000760       -0.000649        0.000395
          0.000655       -0.000357        0.000496
          0.000696       -0.000123        0.000530
          0.000566       -0.000020        0.000499
          0.000180        0.000002        0.000180
         -0.000123       -0.000099       -0.000363
         -0.000124       -0.000251       -0.000751
         -0.000040       -0.000156       -0.000868
         -0.000142        0.000264       -0.000932
         -0.000358        0.000639       -0.001007
         -0.000423        0.000655       -0.000942
         -0.000267        0.000502       -0.000703
         -0.000123        0.000470       -0.000407
         -0.000221        0.000442       -0.000147
         -0.000478        0.000183       -0.000017
         -0.000602       -0.000158       -0.000090
         -0.000481       -0.000337       -0.000238
         -0.000236       -0.000508       -0.000228
          0.000061       -0.000898       -0.000095
          0.000399       -0.001331       -0.000113
          0.000617       -0.001530       -0.000217
          0.000571       -0.001543        0.000131
          0.000510       -0.001503        0.001151
          0.000761       -0.001277        0.002217
          0.001083       -0.000680        0.002615
          0.000936        0.000177        0.002376
          0.000377        0.000899        0.001889
          0.000002        0.001157        0.001276
         -0.000000        0.000985        0.000631
         -0.000041        0.000718        0.000172
         -0.000357        0.000616       -0.000220
         -0.000711        0.000646       -0.000810
         -0.000856        0.000631       -0.001239
         -0.000805        0.000528       -0.000890
         -0.000682        0.000410       -0.000053
         -0.000607        0.000250        0.000326
         -0.000578       -0.000071        0.000101
         -0.000460       -0.000482        0.000100
         -0.000280       -0.000693        0.000719
         -0.000212       -0.000622        0.001319
         -0.000069       -0.000565        0.001254
          0.000512       -0.000748        0.000697
          0.001206       -0.000961        0.000127
          0.001256       -0.000883       -0.000332
          0.000736       -0.000505       -0.000751
          0.000437        0.000012       -0.001019
          0.000509        0.000579       -0.000994
          0.000384        0.001023       -0.000792
         -0.000078        0.001020       -0.000714
         -0.000504        0.000570       -0.000860
         -0.000814        0.000221       -0.000947
         -0.001148        0.000370       -0.000644
         -0.001302        0.000614       -0.000085
         -0.001019        0.000312        0.000229
         -0.000567       -0.000387        0.000111
         -0.000431       -0.000712       -0.000078
         -0.000621       -0.000397       -0.000039
         -0.000711       -0.000003        0.000047
         -0.000468       -0.000004       -0.000048
         -0.000124       -0.000201       -0.000208
          0.000011       -0.000216       -0.000256
         -0.000021       -0.000030       -0.000233
          0.000062        0.000191       -0.000211
          0.000335        0.000423       -0.000138
          0.000559        0.000682        0.000002
          0.000505        0.000856        0.000127
          0.000184        0.000869        0.000131
         -0.000266        0.000856       -0.000078
         -0.000689        0.000970       -0.000429
         -0.000854        0.001110       -0.000625
         -0.000585        0.001040       -0.000563
         -0.000042        0.000710       -0.000588
          0.000385        0.000273       -0.000881
          0.000508       -0.000170       -0.000935
          0.000454       -0.000687       -0.000279
          0.000368       -0.001301        0.000667
          0.000286       -0.001793        0.001051
          0.000203       -0.001874        0.000654
          0.000067       -0.001525        0.000012
         -0.000151       -0.001019       -0.000255
         -0.000260       -0.000618        0.000007
         -0.000056       -0.000336        0.000430
          0.000251        0.000054        0.000539
          0.000223        0.000779        0.000299
         -0.000153        0.001679        0.000045
         -0.000476        0.002208       -0.000057
         -0.000530        0.002100       -0.000026
         -0.000386        0.001743        0.000239
         -0.000097        0.001533        0.000698
          0.000220        0.001276        0.000861
          0.000314        0.000721        0.000400
          0.000188        0.000116       -0.000227
          0.000189       -0.000273       -0.000329
          0.000440       -0.000600        0.000096
          0.000546       -0.000958        0.000494
          0.000140       -0.001095        0.000573
         -0.000555       -0.001007        0.000566
         -0.000952       -0.001142        0.000744
         -0.000809       -0.001621        0.001042
         -0.000490       -0.001875        0.001205
         -0.000467       -0.001481        0.001054
         -0.000720       -0.000812        0.000556
         -0.000800       -0.000405       -0.000145
         -0.000474       -0.000219       -0.000761
         -0.000057        0.000050       -0.001142
          0.000124        0.000363       -0.001425
          0.000295        0.000529       -0.001683
          0.000734        0.000590       -0.001669
          0.001041        0.000603       -0.001203
          0.000760        0.000426       -0.000520
          0.000344        0.000080        0.000056
          0.000460       -0.000127        0.000477
          0.000737       -0.000138        0.000794
          0.000377       -0.000281        0.000966
         -0.000368       -0.000593        0.000953
         -0.000530       -0.000628        0.000804
          0.000001       -0.000219        0.000644
          0.000349        0.000148        0.000616
          0.000057        0.000034        0.000630
         -0.000338       -0.000370        0.000375
         -0.000319       -0.000622       -0.000162
         -0.000137       -0.000600       -0.000499
         -0.000176       -0.000442       -0.000302
         -0.000262       -0.000212        0.000149
         -0.000143        0.000080        0.000405
         -0.000079        0.000293        0.000363
         -0.000311        0.000235        0.000160
         -0.000445       -0.000102       -0.000124
         -0.000056       -0.000519       -0.000428
          0.000554       -0.000834       -0.000541
          0.000804       -0.000949       -0.000246
          0.000699       -0.000770        0.000275
          0.000679       -0.000354        0.000488
          0.000854       -0.000092        0.000212
          0.000843       -0.000283       -0.000076
          0.000378       -0.000558       -0.000002
         -0.000195       -0.000357        0.000084
         -0.000278        0.000139       -0.000285
          0.000087        0.000259       -0.000905
          0.000123       -0.000059       -0.001181
         -0.000408       -0.000181       -0.000964
         -0.000337        0.000224       -0.000637
          0.001492        0.000793       -0.000455
          0.004392        0.001164       -0.000258
          0.007276        0.001570       -0.000014
          0.011483        0.002506       -0.000050
          0.018570        0.003882       -0.000161
          0.024823        0.004777        0.000668
          0.023890        0.004373        0.002415
          0.017007        0.002860        0.002895
          0.011685        0.000655        0.000656
          0.005775       -0.002554       -0.001981
         -0.012990       -0.006413       -0.002204
         -0.041747       -0.008651       -0.002179
         -0.056562       -0.008119       -0.006027
         -0.049429       -0.007502       -0.011301
         -0.045402       -0.008239       -0.010697
         -0.053911       -0.004959       -0.004191
         -0.035471        0.007033       -0.000625
          0.035344        0.020756       -0.002188
          0.104139        0.025698        0.003040
          0.099180        0.024914        0.022570
          0.039394        0.027115        0.040141
          0.004934        0.023713        0.031533
          0.009882       -0.000406        0.001637
         -0.011937       -0.030523       -0.014652
         -0.085586       -0.031242       -0.002942
         -0.141671       -0.004569        0.000678
         -0.114426        0.001136       -0.037649
         -0.029407       -0.034460       -0.082188
          0.042724       -0.060857       -0.065045
          0.071871       -0.028812        0.007614
          0.074233        0.028189        0.051708
          0.070579        0.039348        0.030269
          0.067723        0.005247        0.011473
          0.055342       -0.003767        0.053928
          0.012352        0.038269        0.100988
         -0.053363        0.067487        0.064666
         -0.081998        0.028497       -0.031234
         -0.027217       -0.038110       -0.081404
          0.064609       -0.055569       -0.052457
          0.095396       -0.022134       -0.016708
          0.035064       -0.005569       -0.030493
         -0.046368       -0.038564       -0.059410
         -0.073333       -0.072171       -0.045011
         -0.055680       -0.045492        0.013689
         -0.057994        0.031797        0.067397
         -0.087195        0.090383        0.069011
         -0.064444        0.082672        0.014970
          0.048011        0.030631       -0.039254
          0.149494       -0.007956       -0.025132
          0.121779       -0.003866        0.046382
          0.006044        0.018847        0.079214
         -0.056146        0.018166        0.025175
         -0.029920       -0.006625       -0.031754
         -0.006956       -0.007739        0.002009
         -0.031971        0.033785        0.068575
         -0.043007        0.052817        0.025372
         -0.003104       -0.015081       -0.130128
          0.023339       -0.115499       -0.218299
         -0.019971       -0.131207       -0.119414
         -0.070241       -0.050665        0.038755
         -0.027405        0.019128        0.055969
          0.081706        0.016743       -0.036702
          0.125677        0.000409       -0.024801
          0.064862        0.028375        0.138112
          0.001523        0.057271        0.237145
         -0.001350        0.019238        0.125978
         -0.004105       -0.053825       -0.048148
         -0.039456       -0.059440       -0.073973
         -0.042203        0.025814        0.021829
          0.004975        0.098082        0.048505
          0.021050        0.064444       -0.061786
         -0.020660       -0.031068       -0.177979
         -0.046934       -0.081831       -0.161888
         -0.027188       -0.065972       -0.038186
         -0.013381       -0.035860        0.060575
         -0.023150       -0.003602        0.069539
         -0.018229        0.059158        0.047838
         -0.000149        0.123988        0.064636
         -0.008388        0.112771        0.102395
         -0.028119        0.016303        0.101243
         -0.003717       -0.074719        0.044545
          0.058457       -0.084298       -0.027035
          0.089952       -0.037201       -0.054616
          0.065935        0.002410       -0.018014
          0.035064        0.025252        0.020009
          0.031640        0.054950       -0.029300
          0.022243        0.069839       -0.139693
         -0.030199        0.025076       -0.164184
         -0.092929       -0.054629       -0.038282
         -0.100121       -0.082144        0.101313
         -0.046521       -0.025452        0.095389
          0.006191        0.038704       -0.020456
          0.018121        0.018541       -0.083248
          0.014125       -0.073158       -0.029964
          0.026815       -0.127028        0.049103
          0.050378       -0.069077        0.063857
          0.066390        0.046235        0.042189
          0.063240        0.107089        0.066196
          0.025717        0.082502        0.128669
         -0.036030        0.033152        0.113176
         -0.063465        0.001801       -0.044540
         -0.029668       -0.027868       -0.220605
         -0.005301       -0.055908       -0.223751
         -0.051116       -0.034047       -0.051308
         -0.097493        0.050171        0.087748
         -0.047991        0.120280        0.045872
          0.048856        0.100826       -0.072937
          0.064448        0.019579       -0.072941
         -0.007470       -0.043000        0.060549
         -0.047114       -0.068143        0.154502
          0.002980       -0.086115        0.097026
          0.067615       -0.086517       -0.011831
          0.072685       -0.037194       -0.012760
          0.046721        0.027134        0.075914
          0.040717        0.032353        0.088259
          0.024039       -0.017332       -0.027328
         -0.050240       -0.030605       -0.123051
         -0.118925        0.041419       -0.089378
         -0.075147        0.124017       -0.027286
          0.043646        0.107754       -0.064964
          0.083755       -0.004526       -0.130598
          0.012424       -0.095523       -0.069590
         -0.037613       -0.091660        0.091406
         -0.002407       -0.051570        0.174999
          0.012588       -0.043897        0.120815
         -0.056953       -0.026319        0.049928
         -0.095925        0.050590        0.043790
         -0.000892        0.107374        0.025939
          0.130745        0.048970       -0.065785
          0.143403       -0.054006       -0.134185
          0.050800       -0.060551       -0.070120
         -0.022490        0.013844        0.052469
         -0.043302        0.038170        0.071828
         -0.064498       -0.001567       -0.021439
         -0.080724        0.002049       -0.082820
         -0.044166        0.060568       -0.035327
          0.011977        0.064092        0.042346
          0.008337       -0.007537        0.055058
         -0.042273       -0.041164        0.003459
         -0.050953       -0.001499       -0.056431
          0.010256        0.003056       -0.073221
          0.081311       -0.068728       -0.014730
          0.100774       -0.098828        0.096338
          0.053983       -0.020924        0.167001
         -0.026555        0.044684        0.132038
         -0.068151       -0.015517        0.048322
         -0.023378       -0.111843        0.004296
          0.049539       -0.078282       -0.029634
          0.045376        0.083679       -0.136803
         -0.041638        0.208146       -0.262319
         -0.110610        0.182670       -0.244225
         -0.091238        0.065882       -0.061714
         -0.014113       -0.022787        0.102333
          0.050184       -0.054296        0.109040
          0.067936       -0.079960        0.040476
          0.059847       -0.115297        0.042429
          0.059610       -0.115701        0.100800
          0.058020       -0.066979        0.092510
          0.018617       -0.016771       -0.003785
         -0.043753        0.009755       -0.077234
         -0.065160        0.047837       -0.057063
         -0.035249        0.107152       -0.001787
         -0.017386        0.119984        0.011941
         -0.039209        0.033352       -0.003302
         -0.050117       -0.091906        0.002245
         -0.015957       -0.133252        0.029929
          0.028288       -0.048506        0.054647
          0.045755        0.073772        0.073715
          0.045340        0.118811        0.079954
          0.042772        0.074106        0.038818
          0.030500        0.017282       -0.049828
          0.003290       -0.006815       -0.111631
         -0.022554       -0.029359       -0.082083
         -0.031274       -0.070231        0.000164
         -0.030584       -0.087877        0.043670
         -0.035870       -0.054292        0.024648
         -0.038460       -0.014587       -0.000998
         -0.013979       -0.020319        0.006945
          0.032647       -0.045759        0.024273
          0.060546       -0.023706        0.016830
          0.046029        0.054041       -0.005334
          0.013417        0.120673       -0.014462
         -0.002435        0.122923       -0.012793
          0.003286        0.085210       -0.019754
          0.014174        0.058101       -0.029995
          0.015582        0.032628       -0.019901
         -0.000839       -0.037631        0.006217
         -0.033070       -0.132143        0.007436
         -0.061592       -0.155412       -0.036816
         -0.064181       -0.067380       -0.076417
         -0.040328        0.042068       -0.036859
         -0.003760        0.063030        0.073490
          0.040509        0.007018        0.149107
          0.081338       -0.021430        0.114968
          0.079856        0.022858        0.025835
          0.015694        0.063333       -0.014715
         -0.055427        0.015463       -0.000357
         -0.058645       -0.080227       -0.014970
         -0.011845       -0.100809       -0.091168
         -0.000443       -0.011211       -0.155968
         -0.035012        0.083072       -0.135956
         -0.030633        0.081014       -0.051690
          0.044056        0.014692        0.023459
          0.099103       -0.015391        0.052251
          0.060758        0.019387        0.050193
         -0.012047        0.057788        0.042744
         -0.025015        0.042022        0.035060
          0.005972       -0.021401        0.019624
         -0.002939       -0.083681       -0.000297
         -0.056038       -0.101691       -0.008740
         -0.070173       -0.067549       -0.000414
         -0.012589       -0.012320        0.017150
          0.039771        0.024192        0.046741
          0.014587        0.037807        0.085269
         -0.042198        0.055155        0.086802
         -0.032418        0.076501        0.010170
          0.040906        0.065762       -0.092824
          0.072760        0.018539       -0.120747
          0.019810       -0.013877       -0.063992
         -0.031256        0.000572       -0.013571
         -0.005847        0.028655       -0.015352
          0.040725        0.025809       -0.011481
          0.023368       -0.015324        0.041293
         -0.032599       -0.079348        0.083674
         -0.046065       -0.135881        0.042803
         -0.018147       -0.137746       -0.048512
         -0.010690       -0.069236       -0.090058
         -0.021986        0.015428       -0.046341
          0.003222        0.053422        0.020872
          0.050602        0.053805        0.045198
          0.041268        0.068547        0.028662
         -0.025336        0.102756        0.013348
         -0.052301        0.104835        0.017488
         -0.005098        0.044855        0.023699
          0.029641       -0.039143        0.018508
          0.000366       -0.085896        0.014696
         -0.018904       -0.072299        0.023781
          0.027734       -0.018382        0.031214
          0.066916        0.038075        0.020044
          0.028160        0.059323       -0.002799
         -0.025505        0.029135       -0.025537
         -0.012381       -0.030726       -0.050609
          0.020010       -0.078355       -0.071090
         -0.016285       -0.084721       -0.059671
         -0.087308       -0.048943       -0.013126
         -0.086962        0.003224        0.022174
         -0.008612        0.038866        0.011789
          0.045055        0.050275       -0.003810
          0.018789        0.057639        0.033137
         -0.021538        0.068781        0.089875
          0.000457        0.056520        0.076090
          0.058793       -0.000240       -0.005782
          0.076849       -0.063065       -0.046783
          0.042795       -0.062402       -0.005376
          0.005054        0.000687        0.019311
         -0.015055        0.031386       -0.045073
         -0.032021       -0.026277       -0.115044
         -0.038646       -0.088782       -0.085605
         -0.015958       -0.051695       -0.003815
          0.009907        0.043309        0.009180
         -0.005339        0.069924       -0.044549
         -0.043732        0.007827       -0.047991
         -0.043068       -0.041597        0.037272
          0.004533       -0.011161        0.112389
          0.042002        0.058534        0.103675
          0.036896        0.097905        0.065610
          0.014048        0.084459        0.062626
         -0.001325        0.030698        0.056327
         -0.006889       -0.045423       -0.004963
          0.006514       -0.110812       -0.074960
          0.039579       -0.117565       -0.082437
          0.049361       -0.055110       -0.045290
          0.003514        0.017895       -0.024011
         -0.049916        0.037570       -0.019478
         -0.049670        0.014542        0.002501
         -0.022047        0.002281        0.033286
         -0.019996        0.008308        0.044623
         -0.019631        0.000433        0.049724
          0.012729       -0.016298        0.064499
          0.028063       -0.002400        0.043945
         -0.009460        0.040861       -0.054458
         -0.028286        0.063491       -0.167563
          0.021905        0.036818       -0.181964
          0.056572       -0.012318       -0.084442
          0.004040       -0.039916        0.029696
         -0.050527       -0.034212        0.089751
         -0.008235       -0.020369        0.106549
          0.069022       -0.017221        0.106499
          0.064021       -0.008401        0.092436
         -0.016451        0.016612        0.065324
         -0.086082        0.022598        0.021874
         -0.107852       -0.014931       -0.047165
         -0.084501       -0.042727       -0.111393
         -0.014183        0.006670       -0.109629
          0.072192        0.100209       -0.045621
          0.112687        0.128992        0.004241
          0.093849        0.050290        0.008856
          0.054321       -0.058967        0.011443
          0.009163       -0.106138        0.029386
         -0.044637       -0.086303        0.036544
         -0.070149       -0.051557        0.041747
         -0.036957       -0.023134        0.068314
          0.004488        0.013402        0.070898
         -0.003658        0.049910       -0.009989
         -0.023525        0.053354       -0.125258
          0.002863        0.019975       -0.155932
          0.039199       -0.015419       -0.068812
          0.028317       -0.024957        0.048653
          0.001158       -0.011551        0.103164
          0.002961        0.003759        0.081976
          0.003168        0.002527        0.030521
         -0.023174       -0.006092       -0.006001
         -0.030219        0.010638       -0.016659
         -0.000101        0.052677       -0.026403
          0.009439        0.067201       -0.058164
         -0.017299        0.022847       -0.086038
         -0.011204       -0.038441       -0.056085
          0.049896       -0.059760        0.031531
          0.082306       -0.037609        0.104378
          0.020937       -0.008343        0.108644
         -0.084163       -0.002010        0.069760
         -0.132125       -0.021328        0.030927
         -0.083112       -0.044287       -0.007590
          0.006916       -0.043423       -0.046573
          0.050387       -0.008199       -0.054400
          0.034128        0.045793       -0.026364
          0.032677        0.077516       -0.012522
          0.082268        0.048173       -0.038131
          0.105685       -0.019077       -0.057533
          0.033491       -0.041306       -0.029600
         -0.070470        0.010801        0.017376
         -0.097349        0.055284        0.033586
         -0.045995        0.025223        0.013333
          0.006348       -0.019689       -0.017210
          0.030233       -0.001679       -0.037267
          0.046567        0.035839       -0.029925
          0.048653        0.012686        0.019589
          0.013716       -0.038027        0.089684
         -0.036291       -0.029354        0.111813
         -0.061139        0.023049        0.039255
         -0.063316        0.024114       -0.075729
         -0.058318       -0.044869       -0.118037
         -0.022738       -0.094532       -0.041050
          0.052427       -0.057167        0.073624
          0.100462        0.024017        0.114020
          0.063247        0.062268        0.063723
         -0.004988        0.039466       -0.005755
         -0.016404        0.009722       -0.042217
          0.014033        0.009917       -0.060399
          0.010525        0.016435       -0.082819
         -0.035087       -0.000275       -0.086541
         -0.071547       -0.021702       -0.043427
         -0.074348       -0.011852        0.017078
         -0.045827        0.020650        0.037612
          0.012053        0.027409        0.018463
          0.066467       -0.010211        0.016966
          0.067666       -0.048694        0.056104
          0.031949       -0.043972        0.092551
          0.023053       -0.018985        0.086218
          0.037841       -0.024734        0.045123
          0.017122       -0.051141       -0.005177
         -0.034943       -0.037216       -0.044818
         -0.055299        0.032120       -0.054364
         -0.026571        0.098934       -0.030170
          0.018100        0.108265        0.002198
          0.052661        0.062820        0.012805
          0.053944       -0.003021       -0.011343
          0.008282       -0.061484       -0.064828
         -0.041688       -0.092314       -0.109251
         -0.045155       -0.077211       -0.087372
         -0.036676       -0.017160       -0.003926
         -0.070201        0.053707        0.048537
         -0.092866        0.090950        0.010317
         -0.024934        0.077375       -0.046278
          0.076716        0.030139       -0.015903
          0.092617       -0.021052        0.084612
          0.036779       -0.052641        0.143577
          0.012958       -0.052925        0.108846
          0.020216       -0.021549        0.037595
         -0.013631        0.029710        0.001591
         -0.051026        0.072207        0.001332
         -0.006107        0.071568       -0.014443
          0.057812        0.023518       -0.064220
          0.019577       -0.032883       -0.092627
         -0.059763       -0.058856       -0.048684
         -0.029888       -0.061246        0.011720
          0.067073       -0.071527       -0.009634
          0.057922       -0.086083       -0.081638
         -0.059661       -0.060972       -0.066735
         -0.118850        0.015288        0.050926
         -0.062392        0.079575        0.114093
          0.001932        0.071606        0.037946
          0.015883        0.024730       -0.049189
          0.041920        0.015438       -0.017318
          0.105353        0.042827        0.052774
          0.131548        0.034040        0.015826
          0.075140       -0.029794       -0.083795
         -0.010948       -0.069606       -0.085337
         -0.067448       -0.025777        0.019292
         -0.093661        0.042719        0.084889
         -0.096160        0.047308        0.058856
         -0.059798        0.010622        0.028420
          0.001250        0.012702        0.022861
          0.036803        0.032565       -0.025303
          0.031363       -0.015589       -0.098244
          0.020178       -0.105142       -0.076300
          0.020980       -0.116152        0.048717
          0.011263       -0.037085        0.130944
         -0.018233        0.011562        0.097370
         -0.042406       -0.018620        0.040830
         -0.036551       -0.025813        0.027705
         -0.000333        0.061673       -0.006209
          0.036934        0.155463       -0.091081
          0.034007        0.140879       -0.131136
          0.000980        0.043228       -0.073223
          0.005016       -0.033684       -0.008513
          0.046801       -0.055926       -0.009015
          0.024331       -0.050361       -0.012298
         -0.078686       -0.022291        0.035526
         -0.109971        0.020067        0.068340
          0.006329        0.030001        0.031154
          0.111359       -0.000947       -0.012366
          0.063949       -0.010578       -0.003484
         -0.028137        0.012588        0.003839
         -0.008836       -0.017437       -0.038418
          0.067269       -0.119175       -0.057657
          0.061619       -0.157764        0.016113
         -0.010896       -0.042903        0.097011
         -0.046682        0.106853        0.052902
         -0.038043        0.131692       -0.070298
         -0.040469        0.056656       -0.085659
         -0.048099        0.013770        0.052726
         -0.027068        0.028032        0.153105
         -0.000685        0.018766        0.056676
         -0.005989       -0.040202       -0.119490
         -0.021185       -0.083160       -0.149832
         -0.001876       -0.063495       -0.024642
          0.047998       -0.017486        0.067802
          0.076477        0.001346        0.040284
          0.040146        0.001555       -0.002670
         -0.039901        0.024309        0.022988
         -0.084886        0.056109        0.057066
         -0.050272        0.039079        0.029228
          0.015189       -0.021610       -0.021742
          0.047134       -0.043630       -0.025412
          0.050241        0.003308        0.013196
          0.050487        0.043895        0.037567
          0.035483        0.023764        0.017319
          0.000763       -0.007180       -0.031654
         -0.020076        0.002903       -0.068526
         -0.016926        0.024657       -0.053022
         -0.024231        0.025934        0.014581
         -0.052737        0.026451        0.067954
         -0.060595        0.024447        0.032812
         -0.014491       -0.020029       -0.068038
          0.054130       -0.092594       -0.114569
          0.073433       -0.123473       -0.035590
          0.016402       -0.093140        0.084077
         -0.049307       -0.039573        0.104503
         -0.036788        0.023687        0.016879
          0.033722        0.098126       -0.052309
          0.054167        0.142545       -0.026351
         -0.006810        0.117549        0.026193
         -0.052478        0.052563        0.014846
         -0.016383        0.000420       -0.040738
          0.030856       -0.031130       -0.056760
          0.005919       -0.055169       -0.005965
         -0.051040       -0.064248        0.054414
         -0.054921       -0.051381        0.052175
         -0.012980       -0.029056       -0.015601
          0.012801       -0.004472       -0.068495
          0.022274        0.026123       -0.041140
          0.057251        0.047894        0.019264
          0.100369        0.032782        0.023380
          0.088530       -0.011874       -0.011831
          0.015452       -0.037124        0.005129
         -0.056658       -0.017957        0.065243
         -0.083563        0.004511        0.053433
         -0.076839       -0.018066       -0.053690
         -0.061927       -0.058885       -0.123253
         -0.045559       -0.042740       -0.061553
         -0.020442        0.041605        0.042761
          0.019943        0.108595        0.055553
          0.060342        0.083437       -0.007339
          0.063695        0.001014       -0.020031
          0.022362       -0.049256        0.059692
         -0.011928       -0.049594        0.133822
          0.003527       -0.057499        0.106146
          0.032841       -0.088902        0.007570
          0.019674       -0.081380       -0.055713
         -0.017441       -0.001324       -0.039845
         -0.017794        0.088308       -0.002971
          0.018906        0.113532       -0.012994
          0.033340        0.083869       -0.058728
         -0.000197        0.050444       -0.079269
         -0.039761        0.016633       -0.054455
         -0.042561       -0.044241       -0.017923
         -0.028405       -0.103589        0.008348
         -0.047318       -0.087786        0.030034
         -0.088194        0.008604        0.033084
         -0.068012        0.088929       -0.004164
          0.044879        0.077024       -0.045661
          0.145808        0.016682       -0.028517
          0.118425       -0.009323        0.029189
          0.009053       -0.008467        0.042485
         -0.036953       -0.044954        0.001971
          0.007528       -0.104659        0.003213
          0.030991       -0.091252        0.089042
         -0.018126        0.024658        0.155591
         -0.055103        0.131309        0.088609
         -0.016129        0.105975       -0.072897
          0.036752       -0.018762       -0.184413
          0.026194       -0.090249       -0.161375
         -0.025246       -0.036664       -0.041363
         -0.050072        0.046867        0.074476
         -0.031853        0.045911        0.106221
         -0.000174       -0.020132        0.061609
          0.018205       -0.055622        0.022728
          0.017921       -0.034869        0.032658
          0.014640       -0.011606        0.038658
          0.023375       -0.015101       -0.003690
          0.026336       -0.010733       -0.046406
         -0.003459        0.029814       -0.040310
         -0.043245        0.066996       -0.030519
         -0.042130        0.039808       -0.076929
         -0.005752       -0.035409       -0.140225
          0.006770       -0.062106       -0.129287
         -0.020981        0.013185       -0.033172
         -0.033239        0.114647        0.058293
          0.014268        0.124498        0.068531
          0.086361        0.037527        0.032265
          0.107240       -0.034788        0.047664
          0.053343       -0.023769        0.131305
         -0.015544        0.001179        0.176077
         -0.036647       -0.055632        0.100199
         -0.030330       -0.158993       -0.019587
         -0.051464       -0.175526       -0.051821
         -0.079601       -0.058623       -0.004430
         -0.047626        0.075305        0.000303
          0.028090        0.094554       -0.071484
          0.051732        0.023213       -0.114444
         -0.003130       -0.008061       -0.058944
         -0.049964        0.040765        0.015669
         -0.025693        0.071565        0.004628
          0.023038        0.018316       -0.059698
          0.034863       -0.040148       -0.057655
          0.025204       -0.005785        0.030055
          0.024117        0.076506        0.086508
          0.010082        0.079454        0.038029
         -0.024711       -0.014893       -0.030681
         -0.028252       -0.087403       -0.014912
          0.021127       -0.057513        0.044289
          0.063472        0.009875        0.042587
          0.054431        0.017682       -0.008357
          0.021681       -0.026671       -0.016955
         -0.012442       -0.053126        0.020368
         -0.057708       -0.039837        0.027712
         -0.087102       -0.009539       -0.004152
         -0.056763        0.032233       -0.015763
          0.001993        0.084985       -0.000239
          0.020135        0.113999       -0.000567
          0.002169        0.079873       -0.011722
          0.000007       -0.007132       -0.005124
          0.014849       -0.089843       -0.013070
          0.016036       -0.113069       -0.067259
          0.008693       -0.066622       -0.103855
          0.009972        0.006225       -0.055710
          0.011331        0.042861        0.022321
          0.009602        0.018032        0.042058
          0.018114       -0.028669        0.021145
          0.029136       -0.036856        0.022996
          0.020455       -0.003882        0.043227
         -0.007464        0.015042        0.048208
         -0.042586        0.004175        0.041067
         -0.076796        0.018713        0.030708
         -0.084051        0.074636        0.017635
         -0.035803        0.096754        0.023918
          0.043966        0.045204        0.053067
          0.091192       -0.006027        0.048314
          0.076165        0.003136       -0.020881
          0.027583        0.014872       -0.085573
         -0.009391       -0.038115       -0.078390
         -0.012962       -0.112791       -0.041160
          0.000842       -0.126246       -0.046330
         -0.008821       -0.074312       -0.075554
         -0.053722       -0.012816       -0.062665
         -0.075880        0.026417       -0.013171
         -0.012561        0.049620        0.002345
          0.091415        0.065694       -0.036683
          0.113649        0.069149       -0.059387
          0.021889        0.042307        0.000187
         -0.078739       -0.027628        0.104588
         -0.100064       -0.114714        0.156894
         -0.068681       -0.149602        0.131427
         -0.033606       -0.079602        0.095123
          0.007389        0.061876        0.084650
          0.049534        0.166156        0.048868
          0.062589        0.152199       -0.037826
          0.059036        0.057628       -0.096837
          0.075367       -0.005884       -0.059797
          0.084781        0.005614        0.015254
          0.035418        0.024972        0.030115
         -0.047606       -0.008943       -0.016674
         -0.098879       -0.063353       -0.064658
         -0.103924       -0.080252       -0.098138
         -0.072823       -0.062276       -0.127489
         -0.003330       -0.040753       -0.121401
          0.064207       -0.016327       -0.049438
          0.059180        0.019590        0.048750
         -0.001705        0.046165        0.107134
         -0.021269        0.038704        0.108154
          0.020902        0.008331        0.074030
          0.034744       -0.013871        0.033197
         -0.024130       -0.017340        0.013501
         -0.075595       -0.016206        0.015793
         -0.044737       -0.022999        0.003062
          0.019489       -0.031452       -0.032025
          0.030347       -0.018278       -0.032946
         -0.000951        0.034991        0.024112
         -0.009882        0.098908        0.066977
         -0.000340        0.094316        0.036259
         -0.011951       -0.006038       -0.020201
         -0.020418       -0.097244       -0.041172
          0.016096       -0.062136       -0.053280
          0.065492        0.051506       -0.091083
          0.073561        0.099644       -0.103095
          0.045141        0.054676       -0.037002
          0.008958        0.001537        0.047902
         -0.020450       -0.032134        0.054351
         -0.018450       -0.078001       -0.003937
          0.018291       -0.104936       -0.021472
          0.027331       -0.052255        0.036974
         -0.029738        0.046445        0.082129
         -0.081903        0.093025        0.037947
         -0.059661        0.055090       -0.041379
         -0.012308       -0.010122       -0.053772
         -0.010372       -0.040928        0.000899
         -0.026953       -0.031400        0.029120
         -0.011076       -0.015180       -0.015099
          0.017691       -0.019448       -0.064420
          0.023345       -0.042551       -0.030433
          0.016317       -0.059863        0.073211
          0.015804       -0.038103        0.139916
          0.017081        0.035231        0.107125
          0.011112        0.118566        0.031607
         -0.003736        0.143037       -0.008908
         -0.011533        0.091388       -0.023207
          0.020558        0.009577       -0.051482
          0.075615       -0.068109       -0.077119
          0.063441       -0.138330       -0.074201
         -0.040524       -0.164088       -0.068831
         -0.110020       -0.087861       -0.079307
         -0.048948        0.055745       -0.073819
          0.042947        0.138988       -0.037363
          0.032054        0.105070        0.009368
         -0.034194        0.042807        0.070667
         -0.034688        0.039359        0.143737
          0.011259        0.051246        0.151310
          0.007136       -0.000354        0.045166
         -0.026048       -0.085882       -0.073101
          0.009647       -0.113747       -0.084872
          0.094361       -0.072599       -0.032424
          0.100038       -0.035055       -0.015161
          0.001037       -0.032994       -0.015720
         -0.073190       -0.012486        0.018734
         -0.042983        0.061624        0.048138
          0.000911        0.124653        0.035024
         -0.031978        0.099494        0.030298
         -0.068092        0.018044        0.047051
         -0.009004       -0.030365        0.008262
          0.068718       -0.033489       -0.081116
          0.024029       -0.040070       -0.088078
         -0.099838       -0.050973        0.024700
         -0.123659       -0.036041        0.104738
         -0.006878       -0.015593        0.045005
          0.106310       -0.018080       -0.042663
          0.116236       -0.007625       -0.014304
          0.075956        0.045853        0.064734
          0.054146        0.081367        0.022975
          0.036375        0.030540       -0.125571
         -0.005123       -0.059321       -0.174759
         -0.050308       -0.078325       -0.039363
         -0.071850       -0.007984        0.103989
         -0.071164        0.055541        0.082083
         -0.057425        0.034084       -0.029062
         -0.032928       -0.039179       -0.058203
         -0.004479       -0.085124       -0.002776
          0.019417       -0.087430        0.021795
          0.037996       -0.078790       -0.000621
          0.044344       -0.048144        0.014589
          0.023730        0.048048        0.085322
         -0.008047        0.172444        0.133608
         -0.001772        0.206285        0.109991
          0.050009        0.110504        0.045945
          0.079175       -0.003331       -0.013696
          0.031688       -0.030175       -0.060046
         -0.053148       -0.014463       -0.105274
         -0.097350       -0.047534       -0.155960
         -0.076481       -0.094488       -0.185706
         -0.024626       -0.042694       -0.134547
          0.015848        0.098777        0.009613
          0.024844        0.167282        0.140958
          0.006279        0.052746        0.137887
         -0.019954       -0.146138        0.033577
         -0.022029       -0.240639       -0.020256
          0.028816       -0.176653        0.032691
          0.107893       -0.056843        0.089701
          0.122258        0.028620        0.061928
          0.024750        0.086829       -0.006160
         -0.078910        0.133588       -0.037942
         -0.057107        0.126325       -0.043343
          0.030650        0.037973       -0.066588
          0.006207       -0.066709       -0.085993
         -0.132090       -0.097184       -0.045651
         -0.177856       -0.051220        0.043130
         -0.030081        0.001474        0.102497
          0.144300        0.028574        0.090901
          0.151676        0.054239        0.049751
          0.029952        0.079055        0.027519
         -0.050233        0.059255        0.009010
         -0.038514       -0.018657       -0.034017
         -0.021547       -0.093675       -0.067432
         -0.043214       -0.089858       -0.044885
         -0.053614       -0.008458       -0.004042
         -0.023635        0.067092       -0.018704
          0.018204        0.073177       -0.069050
          0.060198        0.041741       -0.070202
          0.107609        0.037326       -0.029716
          0.119805        0.053950       -0.043027
          0.052419        0.034277       -0.106935
         -0.046141       -0.029032       -0.090113
         -0.072389       -0.073528        0.048356
         -0.005665       -0.051681        0.164674
          0.059037        0.005486        0.147861
          0.033148        0.026093        0.086700
         -0.052030       -0.016515        0.099908
         -0.091089       -0.077533        0.130214
         -0.052674       -0.101211        0.057476
         -0.019122       -0.075029       -0.078655
         -0.048449       -0.013346       -0.134568
         -0.077290        0.061842       -0.088987
         -0.033487        0.103493       -0.053418
          0.036140        0.070374       -0.074053
          0.047761        0.000635       -0.072973
          0.014518       -0.021806       -0.005908
         -0.001972        0.011380        0.048659
          0.002620        0.035388        0.014206
          0.012884        0.034412       -0.057344
          0.050012        0.052564       -0.064268
          0.098456        0.087141       -0.009521
          0.079016        0.081115        0.025146
         -0.009519        0.018924        0.035101
         -0.045285       -0.060685        0.090761
          0.015028       -0.132467        0.173661
          0.037125       -0.187005        0.168266
         -0.061093       -0.186099        0.050360
         -0.142139       -0.095974       -0.069478
         -0.068422        0.035237       -0.119825
          0.063526        0.103531       -0.130096
          0.085723        0.073779       -0.110670
          0.022700        0.021935       -0.041898
          0.004314        0.020147        0.023141
          0.027446        0.038931        0.017299
          0.005128        0.022126       -0.004647
         -0.034168        0.001738        0.044904
         -0.004650        0.042803        0.112111
          0.043028        0.107800        0.084044
         -0.003028        0.091829       -0.011858
         -0.093787       -0.012774       -0.052882
         -0.087348       -0.102285       -0.020130
         -0.005516       -0.117755       -0.002874
          0.000885       -0.099771       -0.026478
         -0.071379       -0.076051       -0.015759
         -0.063895       -0.017893        0.053355
          0.065989        0.060937        0.089210
          0.167160        0.079890        0.031389
          0.132282        0.018637       -0.036164
          0.032257       -0.026883       -0.015159
         -0.024232        0.021649        0.039151
         -0.020296        0.106734        0.011643
         -0.002910        0.118651       -0.066342
         -0.025811        0.044615       -0.072500
         -0.092470       -0.039401       -0.017340
         -0.109321       -0.091114       -0.011585
          0.002218       -0.132086       -0.039560
          0.136360       -0.161859        0.004095
          0.117998       -0.128151        0.077058
         -0.019620       -0.015708        0.041474
         -0.085423        0.099261       -0.067474
         -0.035605        0.137693       -0.081280
          0.003802        0.116463        0.012750
         -0.014870        0.095750        0.062553
         -0.021464        0.071767        0.010860
         -0.002130        0.007287       -0.043950
         -0.008639       -0.065889       -0.025630
         -0.027788       -0.073301        0.035625
         -0.000518       -0.010501        0.071493
          0.062643        0.048116        0.043653
          0.090753        0.040348       -0.014188
          0.047861       -0.024811       -0.011056
         -0.029742       -0.078563        0.066696
         -0.072914       -0.060039        0.080524
         -0.055167        0.003882       -0.071858
         -0.026030        0.026479       -0.252564
         -0.030307       -0.007888       -0.235326
         -0.026094       -0.024297       -0.026711
          0.035331        0.003739        0.136685
          0.091849        0.012263        0.114074
          0.051544       -0.018718        0.023261
         -0.037015       -0.021552        0.028870
         -0.037121        0.020441        0.102756
          0.049082        0.028872        0.102387
          0.063944       -0.016503        0.007142
         -0.044570       -0.021572       -0.065210
         -0.115641        0.051556       -0.055259
         -0.037074        0.098618       -0.027636
          0.058494        0.046934       -0.026125
          0.021675       -0.023105       -0.011393
         -0.053764       -0.032738        0.022386
         -0.009750       -0.042852        0.020255
          0.082111       -0.110839       -0.001449
          0.051682       -0.137030        0.043061
         -0.055966       -0.016456        0.127409
         -0.057961        0.144934        0.109833
          0.047004        0.150136       -0.026388
          0.087091        0.007933       -0.112830
          0.010358       -0.077174       -0.061985
         -0.056487       -0.016036       -0.017221
         -0.039775        0.048585       -0.114427
         -0.011638       -0.010573       -0.237720
         -0.023055       -0.104899       -0.180297
         -0.015892       -0.079584        0.027224
          0.040157        0.048193        0.143828
          0.070247        0.128435        0.079225
          0.031378        0.102067        0.026223
         -0.003135        0.050920        0.140450
          0.021606        0.026193        0.274332
          0.041773       -0.031543        0.204762
         -0.012080       -0.143981       -0.012846
         -0.099760       -0.197402       -0.139552
         -0.130325       -0.100878       -0.113318
         -0.071989        0.055242       -0.077426
          0.024192        0.121712       -0.099989
          0.079678        0.096936       -0.101763
          0.068057        0.084066       -0.046697
          0.030830        0.098499        0.004482
         -0.002047        0.059190        0.027856
         -0.046112       -0.042213        0.054516
         -0.082880       -0.100097        0.067900
         -0.050278       -0.056491        0.024801
          0.038383        0.007147       -0.041024
          0.084875        0.001195       -0.053619
          0.056035       -0.042113       -0.010609
          0.022831       -0.049404        0.024039
          0.032235       -0.033147        0.016927
          0.054139       -0.042479       -0.006308
          0.053049       -0.055767       -0.008011
          0.022511       -0.019534        0.015526
         -0.027282        0.050873        0.026469
         -0.061005        0.085309       -0.002854
         -0.049513        0.053497       -0.031271
         -0.034140        0.009242       -0.001829
         -0.078987        0.030566        0.047713
         -0.150939        0.101735        0.028932
         -0.146785        0.098827       -0.034055
         -0.043239       -0.033202       -0.012981
          0.078303       -0.156288        0.123969
          0.149070       -0.119984        0.240732
          0.164619        0.005150        0.202208
          0.138969        0.038380        0.028643
          0.085469       -0.028839       -0.142405
          0.022963       -0.045536       -0.195595
         -0.040576        0.038867       -0.136995
         -0.095263        0.110507       -0.075594
         -0.102143        0.086119       -0.091127
         -0.046999        0.017490       -0.136935
          0.003276       -0.020219       -0.120740
         -0.011527       -0.031762       -0.046030
         -0.040561       -0.060741        0.007081
         -0.009617       -0.105034        0.016936
          0.040800       -0.106035        0.044712
          0.027746       -0.023444        0.121270
         -0.018827        0.090455        0.182359
         -0.008193        0.132603        0.146023
          0.050748        0.074930        0.027827
          0.072623       -0.010044       -0.056777
          0.034446       -0.061016       -0.027158
         -0.021164       -0.089451        0.052017
         -0.065567       -0.110299        0.056374
         -0.080634       -0.091325       -0.017360
         -0.051620       -0.008637       -0.056763
         -0.016786        0.097814       -0.026107
         -0.024590        0.156408       -0.017427
         -0.031143        0.132066       -0.068069
          0.026290        0.053451       -0.082863
          0.083606       -0.014807       -0.016487
          0.047314       -0.030137        0.025761
         -0.021118       -0.014707       -0.024109
         -0.009237       -0.025345       -0.059791
          0.043444       -0.064534        0.024713
          0.042433       -0.060014        0.155155
          0.022690        0.022677        0.191136
          0.043928        0.095930        0.109792
          0.045108        0.056501       -0.016455
         -0.015776       -0.057596       -0.121571
         -0.042991       -0.107507       -0.163062
          0.014480       -0.039291       -0.136525
          0.046093        0.052903       -0.100259
         -0.017697        0.057842       -0.094854
         -0.081940       -0.018767       -0.064295
         -0.075317       -0.076606        0.038619
         -0.058598       -0.049340        0.134343
         -0.061789        0.021881        0.128982
         -0.018134        0.051127        0.066396
          0.073879        0.017521        0.045094
          0.114920       -0.021845        0.067887
          0.073777       -0.018459        0.079308
          0.021103        0.013383        0.060779
         -0.011958        0.035348        0.009712
         -0.047975        0.035474       -0.074265
         -0.063022        0.020299       -0.133034
         -0.030811       -0.011033       -0.097281
         -0.016152       -0.054052       -0.016684
         -0.067550       -0.076755       -0.012273
         -0.089177       -0.047367       -0.084974
          0.013563        0.017002       -0.107686
          0.143081        0.067426       -0.019960
          0.144768        0.090039        0.095790
          0.051009        0.107677        0.143567
          0.001683        0.111333        0.113210
          0.007409        0.056092        0.044325
         -0.014268       -0.052571       -0.021901
         -0.058513       -0.134553       -0.048701
         -0.072857       -0.135162       -0.023838
         -0.075191       -0.094067        0.023436
         -0.079302       -0.069131        0.054575
         -0.029120       -0.046546        0.052012
          0.070266        0.008152        0.009971
          0.107621        0.062114       -0.056156
          0.049367        0.066757       -0.085911
          0.000416        0.053212       -0.030409
          0.009580        0.077006        0.051472
          0.000701        0.106263        0.038495
         -0.048841        0.065586       -0.076966
         -0.060813       -0.036627       -0.151646
         -0.025381       -0.110657       -0.088653
         -0.018304       -0.101486        0.027462
         -0.034098       -0.044275        0.077207
          0.003508       -0.007534        0.080686
          0.071882       -0.015456        0.112116
          0.074828       -0.036195        0.141957
          0.016377       -0.031439        0.095247
         -0.014517        0.004074       -0.010385
          0.000149        0.051382       -0.095228
          0.008144        0.088433       -0.122010
          0.000842        0.093421       -0.099503
          0.002309        0.054873       -0.051628
         -0.008425       -0.002706       -0.025625
         -0.051831       -0.029288       -0.053343
         -0.072331       -0.013623       -0.078351
         -0.014604       -0.007298       -0.009042
          0.069358       -0.043701        0.132049
          0.088947       -0.072695        0.204393
          0.045914       -0.038506        0.126248
          0.005147        0.016457       -0.025005
         -0.014131        0.005992       -0.116183
         -0.029168       -0.062382       -0.092792
         -0.030345       -0.083660        0.004936
         -0.009712        0.003376        0.091110
          0.002834        0.126757        0.085532
         -0.004182        0.162974       -0.017241
         -0.002500        0.084542       -0.118343
         -0.003228       -0.017825       -0.118080
         -0.052497       -0.063973       -0.046011
         -0.108639       -0.071512       -0.005948
         -0.065729       -0.075937       -0.006224
          0.052883       -0.041458        0.033360
          0.097847        0.062380        0.104855
          0.046760        0.152911        0.095586
          0.047591        0.112411       -0.015749
          0.133225       -0.043871       -0.097792
          0.127768       -0.164332       -0.061138
         -0.043491       -0.130383        0.017045
         -0.184628        0.013359        0.028031
         -0.129072        0.107776       -0.015766
          0.002242        0.061148       -0.025633
          0.026110       -0.034893        0.034554
         -0.012834       -0.033371        0.104252
          0.016261        0.041851        0.089019
          0.068551        0.032140       -0.016845
          0.026199       -0.078355       -0.081012
         -0.064092       -0.107736       -0.000960
         -0.064376        0.025525        0.100779
          0.022082        0.145873        0.032188
          0.056184        0.091802       -0.130350
         -0.029226       -0.037538       -0.129565
         -0.131021       -0.072860        0.032321
         -0.103345       -0.046594        0.079436
          0.049075       -0.072923       -0.056071
          0.159929       -0.095378       -0.115170
          0.117084        0.008279        0.023279
          0.013217        0.155003        0.132663
         -0.003411        0.138603        0.037990
          0.049904       -0.041134       -0.101523
          0.037638       -0.159867       -0.076855
         -0.071396       -0.097933        0.054839
         -0.150007        0.016025        0.105027
         -0.094242        0.040226        0.038355
          0.025336        0.015344       -0.022858
          0.063779        0.039692        0.004622
          0.015042        0.089805        0.071061
          0.002210        0.071907        0.083768
          0.051597       -0.021795        0.031751
          0.049690       -0.093970       -0.015017
         -0.032801       -0.063452       -0.018509
         -0.072331        0.032638       -0.025247
         -0.009883        0.078443       -0.078297
          0.056473        0.030603       -0.132981
          0.049707       -0.018593       -0.116196
          0.012573        0.009896       -0.043672
          0.000323        0.037850       -0.013730
          0.013334       -0.043845       -0.065489
          0.033843       -0.161032       -0.100495
          0.035488       -0.132213       -0.015503
         -0.007360        0.056270        0.124856
         -0.070934        0.208877        0.166303
         -0.102171        0.175163        0.101960
         -0.087519        0.022412        0.072805
         -0.034804       -0.086410        0.118343
          0.056961       -0.095951        0.112423
          0.135376       -0.068234       -0.005860
          0.101315       -0.041968       -0.117339
         -0.041910        0.007516       -0.108781
         -0.152926        0.064276       -0.031221
         -0.130398        0.052906       -0.000904
         -0.025965       -0.027609       -0.036708
          0.059138       -0.067979       -0.060651
          0.091745       -0.010694       -0.020146
          0.090786        0.056961        0.039480
          0.076742        0.036046        0.037404
          0.063378       -0.045243       -0.027359
          0.043537       -0.084847       -0.066474
         -0.016056       -0.040694       -0.020349
         -0.111537        0.036490        0.060794
         -0.163055        0.076042        0.083457
         -0.110701        0.056077        0.020882
         -0.007700        0.004253       -0.072032
          0.057710       -0.039892       -0.117680
          0.074443       -0.051775       -0.068982
          0.068632       -0.028800        0.051304
          0.034115        0.015898        0.147102
         -0.016405        0.062456        0.133788
         -0.021575        0.077906        0.036379
          0.026940        0.024523       -0.042574
          0.044643       -0.076607       -0.043475
         -0.012077       -0.120278        0.007955
         -0.066353       -0.038375        0.049700
         -0.041464        0.084568        0.033322
          0.029327        0.118715       -0.029162
          0.072425        0.072293       -0.050575
          0.069698        0.045311        0.018795
          0.035571        0.036716        0.074309
         -0.025353       -0.053743       -0.013031
         -0.094579       -0.221115       -0.168062
         -0.130113       -0.292049       -0.193466
         -0.107506       -0.139808       -0.071970
         -0.036684        0.120802        0.016148
          0.055407        0.255076       -0.013465
          0.124261        0.187765       -0.040193
          0.119032        0.051012        0.041659
          0.040099       -0.024990        0.163631
         -0.043443       -0.035084        0.200509
         -0.069596       -0.011916        0.131904
         -0.040626        0.035482        0.030303
          0.010597        0.063894       -0.043575
          0.052893        0.011745       -0.082684
          0.051100       -0.084304       -0.099017
         -0.001669       -0.107351       -0.086360
         -0.052007       -0.034339       -0.030345
         -0.048210        0.023066        0.048258
         -0.007053       -0.009100        0.086346
          0.025480       -0.067908        0.044075
          0.031150       -0.069883       -0.037060
          0.014877       -0.022258       -0.076985
         -0.002464        0.025944       -0.047490
          0.003352        0.059905        0.009159
          0.013811        0.088426        0.036852
         -0.010843        0.110540        0.015918
         -0.043858        0.109685       -0.029729
         -0.023404        0.061362       -0.058697
          0.028410       -0.030955       -0.047549
          0.037423       -0.104749       -0.000326
          0.003476       -0.102847        0.061657
         -0.022385       -0.061315        0.094026
         -0.032595       -0.046655        0.048967
         -0.037577       -0.033895       -0.041899
         -0.021618        0.032231       -0.058865
          0.014294        0.096590        0.041603
          0.044804        0.062660        0.126645
          0.059211       -0.036489        0.068641
          0.040237       -0.081170       -0.062619
         -0.027732       -0.039949       -0.121860
         -0.078368        0.019432       -0.093652
         -0.026073        0.051768       -0.041162
          0.063459        0.074137        0.023209
          0.047798        0.106772        0.085873
         -0.044958        0.118194        0.080327
         -0.055406        0.042132       -0.002531
          0.029327       -0.116576       -0.068897
          0.055454       -0.223284       -0.057337
         -0.033114       -0.164616       -0.015673
         -0.104167       -0.025280       -0.009690
         -0.047990        0.025902       -0.039490
          0.065201       -0.016284       -0.053581
          0.100429       -0.019076       -0.002288
          0.039564        0.057384        0.096829
         -0.026331        0.112881        0.145925
         -0.031457        0.071936        0.082404
          0.014723       -0.019751       -0.019502
          0.067165       -0.064628       -0.049026
          0.062474       -0.026239       -0.014595
         -0.036816        0.038220       -0.000097
         -0.147216        0.063128       -0.019150
         -0.124537        0.065152       -0.019411
          0.014927        0.087489        0.006773
          0.091105        0.093779        0.011604
          0.038560        0.026108       -0.023307
         -0.008348       -0.072466       -0.056301
          0.029433       -0.116997       -0.039934
          0.049001       -0.112231        0.022552
         -0.024896       -0.106350        0.072861
         -0.092365       -0.081502        0.047292
         -0.042161       -0.007801       -0.051876
          0.069610        0.063195       -0.136006
          0.108481        0.065109       -0.113207
          0.048998        0.017052       -0.004657
         -0.023422       -0.022036        0.064573
         -0.052214       -0.034442        0.029031
         -0.058218       -0.015301       -0.017495
         -0.064016        0.056439        0.035042
         -0.051794        0.148088        0.130161
         -0.007179        0.158411        0.133353
          0.048862        0.048264        0.056953
          0.086890       -0.089618        0.031704
          0.098308       -0.147193        0.072252
          0.087826       -0.113452        0.049932
          0.051179       -0.046309       -0.080046
         -0.024467       -0.007186       -0.185565
         -0.122399       -0.020366       -0.147420
         -0.168174       -0.041113       -0.026850
         -0.094991       -0.001725        0.027400
          0.039605        0.081432       -0.023174
          0.080777        0.121480       -0.072728
         -0.014993        0.090316       -0.025829
         -0.084593        0.038792        0.072129
          0.015709        0.000030        0.105070
          0.167591       -0.021576        0.056439
          0.142863        0.000365        0.020656
         -0.043919        0.055628        0.040865
         -0.146095        0.035754        0.050278
         -0.057407       -0.123196        0.009478
          0.056847       -0.272883       -0.024376
          0.056875       -0.200516       -0.022567
          0.018273        0.054469       -0.051021
          0.029272        0.214554       -0.132156
          0.030075        0.139024       -0.156453
         -0.025760        0.001428       -0.037961
         -0.061551        0.000246        0.119631
         -0.041817        0.067947        0.132576
         -0.046566        0.028147       -0.010360
         -0.089622       -0.085916       -0.120783
         -0.061993       -0.085236       -0.066539
          0.060860        0.048193        0.053373
          0.143202        0.113757        0.079358
          0.099277        0.007120        0.043717
          0.015988       -0.114981        0.093692
         -0.007776       -0.078524        0.206809
         -0.003678        0.051192        0.186269
         -0.037687        0.087524       -0.031610
         -0.083833        0.002403       -0.254220
         -0.081699       -0.059777       -0.287400
         -0.042998       -0.017297       -0.165360
         -0.015789        0.042991       -0.052618
          0.002753        0.022800       -0.031480
          0.038837       -0.043022       -0.051543
          0.076049       -0.067520       -0.013064
          0.088308       -0.049647        0.131129
          0.081922       -0.041417        0.302169
          0.048384       -0.037877        0.337809
         -0.037212        0.001488        0.173692
         -0.122159        0.059315       -0.051057
         -0.101661        0.081763       -0.146478
          0.014364        0.069038       -0.096785
          0.092406        0.062459       -0.048336
          0.063337        0.056648       -0.095975
         -0.009865        0.001174       -0.175107
         -0.049102       -0.099333       -0.174411
         -0.027376       -0.147114       -0.075766
          0.042038       -0.060932        0.047298
          0.087949        0.100188        0.116257
          0.032078        0.184688        0.105127
         -0.077551        0.122176        0.049578
         -0.100336       -0.008018        0.017616
         -0.014267       -0.087344        0.043563
          0.044540       -0.081894        0.085233
         -0.005371       -0.044397        0.073892
         -0.073013       -0.031301        0.005945
         -0.046610       -0.040619       -0.050455
          0.040371       -0.038262       -0.050778
          0.069822       -0.026321       -0.038082
          0.006962       -0.026101       -0.075247
         -0.069370       -0.002179       -0.137248
         -0.075949        0.088228       -0.131190
          0.000109        0.168724       -0.027982
          0.108279        0.112412        0.089604
          0.161185       -0.053557        0.132334
          0.097177       -0.168282        0.099098
         -0.033402       -0.159642        0.042875
         -0.106841       -0.091322        0.002985
         -0.090685       -0.011344       -0.006314
         -0.073763        0.084482        0.003856
         -0.094816        0.153893       -0.001726
         -0.076727        0.121082       -0.033496
          0.014164        0.003024       -0.048828
          0.090760       -0.077432       -0.018386
          0.089698       -0.038802        0.023761
          0.058190        0.052733        0.038173
          0.049151        0.071804        0.032109
          0.047488        0.001401        0.027176
          0.025479       -0.060128        0.028569
         -0.018555       -0.055176        0.027962
         -0.067833       -0.034649        0.002316
         -0.078537       -0.047055       -0.054670
         -0.018919       -0.056441       -0.088049
          0.058610       -0.015587       -0.043299
          0.075564        0.049295        0.030538
          0.043173        0.072580        0.036744
          0.010067        0.033080       -0.024057
         -0.035987       -0.021825       -0.063743
         -0.092761       -0.025850       -0.037064
         -0.087171        0.033172        0.021074
         -0.006566        0.092244        0.057026
          0.054630        0.084910        0.044184
          0.049840        0.023609        0.000587
          0.026930       -0.027327       -0.024292
          0.001954       -0.043236       -0.007294
         -0.049124       -0.047184        0.024810
         -0.086129       -0.045785        0.040657
         -0.047097       -0.026824        0.027091
          0.032526       -0.011586       -0.017752
          0.065708       -0.044355       -0.055028
          0.034071       -0.119081       -0.024102
         -0.019098       -0.151001        0.041979
         -0.043420       -0.052758        0.025992
          0.010003        0.143503       -0.069278
          0.125395        0.273707       -0.087741
          0.169457        0.209273        0.010574
          0.050275        0.010643        0.058799
         -0.109033       -0.150602       -0.016559
         -0.137630       -0.181335       -0.053085
         -0.081889       -0.108977        0.047152
         -0.083704        0.004787        0.134689
         -0.098901        0.103775        0.081213
          0.000416        0.135518       -0.015414
          0.145773        0.087475       -0.033270
          0.169297        0.004659       -0.010951
          0.081248       -0.061066       -0.014550
         -0.000781       -0.089061       -0.015590
         -0.072995       -0.072969        0.006978
         -0.158935       -0.014855        0.008110
         -0.158769        0.056989       -0.020203
         -0.017192        0.102573       -0.030832
          0.121040        0.096479       -0.028753
          0.126018        0.021794       -0.054845
          0.074074       -0.108387       -0.071420
          0.059545       -0.194608       -0.017107
          0.028665       -0.118914        0.050054
         -0.051809        0.068320        0.030207
         -0.088963        0.159572       -0.030392
         -0.046796        0.074550       -0.003581
         -0.011391       -0.023112        0.097985
         -0.009459       -0.000385        0.135301
          0.015343        0.039004        0.061345
          0.042153       -0.032429       -0.025701
          0.010470       -0.129510       -0.034648
         -0.025849       -0.105336        0.020984
          0.012556        0.009401        0.057613
          0.064513        0.084640        0.002261
          0.032040        0.091008       -0.118847
         -0.041807        0.081056       -0.176105
         -0.052861        0.066359       -0.098155
         -0.006672        0.026074        0.005596
          0.014853       -0.029439       -0.005409
         -0.011139       -0.073869       -0.093742
         -0.038275       -0.096414       -0.116245
         -0.028859       -0.091520       -0.038278
          0.015035       -0.054198        0.061477
          0.062477        0.010466        0.136426
          0.067312        0.081241        0.187762
          0.008511        0.107560        0.185194
         -0.066612        0.037335        0.095701
         -0.080457       -0.090037       -0.032423
         -0.023591       -0.136376       -0.105146
          0.025467       -0.028065       -0.088141
          0.003865        0.129972       -0.017492
         -0.048365        0.177724        0.065001
         -0.043389        0.085143        0.121284
          0.033018       -0.042878        0.094788
          0.100988       -0.095667       -0.029090
          0.087023       -0.045147       -0.151351
          0.006231        0.051095       -0.149731
         -0.064794        0.093281       -0.045168
         -0.067939        0.019859        0.022673
         -0.010558       -0.117133       -0.008383
          0.040317       -0.190803       -0.057531
          0.017890       -0.148207       -0.044774
         -0.053955       -0.066161        0.004797
         -0.061101       -0.017354        0.031221
          0.042900        0.030624        0.032069
          0.132988        0.114613        0.045403
          0.084796        0.176910        0.085297
         -0.012163        0.154712        0.117858
          0.007269        0.078482        0.087134
          0.087427        0.006373       -0.020668
          0.033981       -0.057101       -0.128107
         -0.134951       -0.117466       -0.132501
         -0.202391       -0.135630       -0.044780
         -0.118507       -0.074984        0.017203
         -0.046685        0.029935        0.012429
         -0.029199        0.099227        0.036515
          0.058344        0.098097        0.127678
          0.187624        0.059173        0.163615
          0.171403        0.012617        0.070228
          0.027749       -0.039531       -0.028325
         -0.016600       -0.070695       -0.022287
          0.056358       -0.044662       -0.010127
          0.017470        0.006287       -0.096469
         -0.162258        0.020186       -0.172808
         -0.218764        0.009283       -0.117106
         -0.046701        0.013390       -0.040538
          0.120474       -0.003395       -0.087455
          0.091230       -0.077583       -0.147710
         -0.035909       -0.130391       -0.044838
         -0.098553       -0.069946        0.125995
         -0.082225        0.048997        0.149358
         -0.033400        0.101261        0.067520
          0.031490        0.074028        0.086071
          0.084234        0.051314        0.184378
          0.096940        0.055865        0.156231
          0.093169        0.025098       -0.006317
          0.087400       -0.053767       -0.100175
          0.034757       -0.085692       -0.067083
         -0.067966       -0.002225       -0.057417
         -0.123620        0.106588       -0.135168
         -0.071338        0.093277       -0.184822
          0.011455       -0.031777       -0.126199
          0.029612       -0.108261       -0.016200
         -0.000156       -0.063585        0.067431
         -0.018296       -0.001657        0.101421
         -0.021675       -0.003554        0.096606
         -0.015033        0.010548        0.091625
          0.029830        0.114405        0.122705
          0.084387        0.194605        0.152755
          0.051963        0.097548        0.102470
         -0.063063       -0.105301       -0.015064
         -0.105829       -0.186482       -0.080250
         -0.001186       -0.088801       -0.032479
          0.102919        0.016482        0.035936
          0.059756        0.021706        0.013091
         -0.044242        0.010464       -0.080492
         -0.052689        0.031181       -0.147788
         -0.003865       -0.018838       -0.149799
         -0.027044       -0.167809       -0.098996
         -0.089582       -0.239669       -0.003650
         -0.069788       -0.097932        0.087761
          0.013238        0.138737        0.095148
          0.052457        0.263585        0.049162
          0.047560        0.236417        0.072144
          0.062005        0.143639        0.137947
          0.072850        0.025219        0.071962
          0.026073       -0.109488       -0.117050
         -0.037796       -0.181478       -0.180480
         -0.050382       -0.117955       -0.029948
         -0.031237        0.011058        0.091742
         -0.021622        0.067221       -0.008831
          0.007561        0.034219       -0.184281
          0.065805        0.015283       -0.197262
          0.068577        0.052399       -0.048716
         -0.015102        0.068944        0.097583
         -0.064615        0.012235        0.150947
         -0.003621       -0.052539        0.119766
          0.053349       -0.042265        0.032121
          0.002285        0.016177       -0.053970
         -0.078792        0.019272       -0.063258
         -0.098221       -0.068394       -0.013714
         -0.079387       -0.152287       -0.008551
         -0.023633       -0.121903       -0.050966
          0.098678       -0.001758       -0.012781
          0.178013        0.077184        0.130451
          0.085048        0.052056        0.214353
         -0.060620       -0.010381        0.142330
         -0.060436       -0.026441        0.031673
          0.019863        0.018016       -0.006552
          0.007014        0.082234       -0.026156
         -0.041032        0.097609       -0.084933
          0.013519        0.018818       -0.137288
          0.091695       -0.100311       -0.166559
          0.064304       -0.152807       -0.216403
          0.010378       -0.123330       -0.241954
          0.035867       -0.082579       -0.140074
          0.047886       -0.044386        0.042878
         -0.043315        0.028858        0.138324
         -0.111386        0.099163        0.104144
         -0.039613        0.098205        0.054762
          0.042167        0.072095        0.051673
         -0.021343        0.109799        0.050576
         -0.134040        0.167337        0.035912
         -0.117972        0.132601        0.033284
         -0.003555        0.017482        0.020424
          0.058388       -0.067731       -0.022315
          0.043161       -0.079785       -0.028697
          0.027109       -0.061091        0.048245
          0.022788       -0.050013        0.124251
         -0.004283       -0.058957        0.109126
         -0.027977       -0.086321        0.058992
          0.004284       -0.100782        0.071897
          0.069627       -0.067525        0.111245
          0.097536       -0.007121        0.073388
          0.081328        0.028814       -0.022207
          0.075314        0.037355       -0.060772
          0.083216        0.055617       -0.034861
          0.044130        0.084664       -0.056257
         -0.053864        0.095575       -0.138982
         -0.138368        0.099113       -0.147430
         -0.153795        0.129346       -0.029252
         -0.121600        0.165847        0.078101
         -0.085451        0.147415        0.065133
         -0.054937        0.057331        0.003565
         -0.011885       -0.061032       -0.012509
          0.060118       -0.156949       -0.011199
          0.152198       -0.199795       -0.031717
          0.225684       -0.182564       -0.024990
          0.236549       -0.141052        0.034439
          0.161518       -0.148150        0.069968
          0.006509       -0.235863        0.029995
         -0.180546       -0.316089       -0.020295
         -0.314772       -0.241066       -0.018001
         -0.344737        0.004992       -0.005932
         -0.306005        0.230378       -0.031973
         -0.242430        0.247373       -0.048111
         -0.117450        0.119419       -0.005326
          0.087947        0.067735        0.040476
          0.245348        0.158282        0.017006
          0.216457        0.247214       -0.044757
          0.087442        0.230298       -0.070312
          0.069722        0.154304       -0.047063
          0.187603        0.068933        0.010985
          0.271929       -0.030778        0.112200
          0.238380       -0.098349        0.210491
          0.152106       -0.069127        0.184628
          0.045848       -0.003668        0.010950
         -0.101954       -0.017122       -0.135089
         -0.235408       -0.089876       -0.085104
         -0.272271       -0.111341        0.076407
         -0.249545       -0.058917        0.114979
         -0.242982        0.008041       -0.034074
         -0.207285        0.060584       -0.201898
         -0.065551        0.093739       -0.252380
          0.115039        0.088306       -0.243468
          0.194283        0.059438       -0.258301
          0.142612        0.060034       -0.245659
          0.037169        0.083023       -0.148561
         -0.048429        0.047072       -0.045648
         -0.063771       -0.076988       -0.014606
          0.016217       -0.208656        0.030579
          0.141191       -0.273638        0.210173
          0.225741       -0.301404        0.466205
          0.264513       -0.342186        0.613340
          0.300857       -0.346874        0.550708
          0.289073       -0.221579        0.335031
          0.133246        0.017423        0.096379
         -0.131260        0.233512       -0.054310
         -0.343086        0.329171       -0.082653
         -0.418484        0.344736       -0.049351
         -0.419479        0.367778       -0.052422
         -0.405306        0.404806       -0.138016
         -0.337358        0.392050       -0.279737
         -0.165412        0.290855       -0.414568
          0.069601        0.121239       -0.463666
          0.254718       -0.068657       -0.365937
          0.305307       -0.228662       -0.157248
          0.242136       -0.335038        0.015021
          0.167320       -0.412824        0.026295
          0.149087       -0.478809       -0.088493
          0.149934       -0.456446       -0.180278
          0.105040       -0.245981       -0.142469
          0.035632        0.085108        0.025698
          0.004165        0.310570        0.267758
         -0.020120        0.327393        0.495033
         -0.125113        0.295065        0.576492
         -0.268369        0.369658        0.408986
         -0.281171        0.436316        0.052107
         -0.125275        0.287402       -0.258388
          0.024494       -0.032967       -0.305316
          0.056904       -0.277033       -0.111154
          0.094040       -0.344834        0.079465
          0.240901       -0.372420        0.069850
          0.363689       -0.450505       -0.074859
          0.300087       -0.455932       -0.140171
          0.113706       -0.257905       -0.048316
         -0.040105        0.049716        0.072111
         -0.137450        0.257941        0.100723
         -0.215367        0.305505        0.085485
         -0.238760        0.291940        0.128078
         -0.186384        0.276058        0.199830
         -0.137845        0.212908        0.177424
         -0.153460        0.088885        0.036921
         -0.165928       -0.008962       -0.104943
         -0.081676       -0.000453       -0.173191
          0.075570        0.068224       -0.234144
          0.189877        0.061419       -0.333960
          0.194932       -0.073540       -0.370444
          0.143282       -0.211462       -0.260466
          0.127315       -0.207854       -0.118677
          0.164268       -0.116746       -0.096025
          0.189887       -0.100907       -0.123944
          0.145094       -0.150206       -0.009228
          0.030626       -0.107240        0.259117
         -0.110400        0.023512        0.482335
         -0.228334        0.054156        0.524253
         -0.290343       -0.060191        0.441495
         -0.286418       -0.142780        0.323226
         -0.217183       -0.104519        0.170895
         -0.097813       -0.068327       -0.006278
          0.019849       -0.103582       -0.140872
          0.085373       -0.090087       -0.232841
          0.129916        0.043961       -0.355705
          0.226621        0.178603       -0.453760
          0.347499        0.221900       -0.346329
          0.373608        0.255919       -0.040231
          0.282856        0.322230        0.214206
          0.190381        0.283542        0.300278
          0.148329        0.084717        0.374989
          0.052886       -0.046464        0.499995
         -0.162705        0.111504        0.473032
         -0.370834        0.409345        0.200925
         -0.402519        0.472819       -0.096030
         -0.276002        0.171693       -0.239858
         -0.154708       -0.221033       -0.340515
         -0.127676       -0.361357       -0.509066
         -0.141788       -0.230403       -0.623679
         -0.119698       -0.113165       -0.560351
         -0.050899       -0.192721       -0.407194
          0.014826       -0.313784       -0.295707
          0.016455       -0.264544       -0.217574
         -0.041947       -0.139514       -0.111898
         -0.075224       -0.183395        0.033569
         -0.040505       -0.356451        0.222916
         -0.000344       -0.351408        0.452889
          0.025856       -0.061092        0.661765
          0.126098        0.242369        0.778751
          0.298942        0.276162        0.783879
          0.386334        0.084591        0.658734
          0.313150       -0.080098        0.382586
          0.177090       -0.052327        0.028702
          0.028951        0.144369       -0.262324
         -0.183915        0.358130       -0.435930
         -0.401639        0.418930       -0.529786
         -0.445246        0.289649       -0.548856
         -0.286187        0.125461       -0.473648
         -0.094730        0.096714       -0.349404
          0.021607        0.172349       -0.228901
          0.128077        0.167927       -0.082430
          0.277065       -0.025530        0.114444
          0.387706       -0.337019        0.273432
          0.369026       -0.591290        0.284039
          0.244027       -0.634422        0.156302
          0.091755       -0.450208        0.003098
         -0.047565       -0.184951       -0.069689
         -0.146852        0.015879       -0.032207
         -0.151219        0.170378        0.046711
         -0.048360        0.336460        0.047533
          0.069142        0.402030       -0.064350
          0.074144        0.226631       -0.175007
         -0.092552       -0.049315       -0.163789
         -0.375462       -0.116668       -0.069526
         -0.591170        0.064243       -0.026201
         -0.527080        0.205741       -0.061710
         -0.165821        0.124929       -0.068067
          0.254368       -0.010682        0.023011
          0.488728        0.025590        0.141497
          0.499371        0.166508        0.191869
          0.374574        0.156836        0.169415
          0.192869       -0.056698        0.108426
          0.025657       -0.227207       -0.002658
         -0.083555       -0.146527       -0.178388
         -0.189876        0.069344       -0.350810
         -0.359838        0.149837       -0.386709
         -0.504297        0.026542       -0.196463
         -0.436087       -0.119007        0.166420
         -0.112839       -0.122324        0.515311
          0.268493       -0.022383        0.681081
          0.446624        0.028146        0.646360
          0.342215       -0.050875        0.479180
          0.107971       -0.197514        0.197829
         -0.071199       -0.257577       -0.178108
         -0.156229       -0.088227       -0.511543
         -0.176286        0.287694       -0.649240
         -0.095357        0.598654       -0.597277
          0.106284        0.537618       -0.444897
          0.309380        0.122645       -0.185851
          0.365211       -0.299886        0.190860
          0.279514       -0.448533        0.489489
          0.174982       -0.333368        0.440537
          0.105536       -0.104175        0.083663
          0.002705        0.104219       -0.212850
         -0.188620        0.191302       -0.210239
         -0.383892        0.159552       -0.075503
         -0.421135        0.117681       -0.074033
         -0.250214        0.074878       -0.174761
         -0.009846       -0.117137       -0.137434
          0.109078       -0.457072        0.128103
          0.040606       -0.639177        0.452667
         -0.121045       -0.430012        0.597089
         -0.215895       -0.025251        0.456935
         -0.153656        0.210330        0.135692
          0.003301        0.216450       -0.138086
          0.113835        0.195269       -0.226243
          0.126485        0.212947       -0.219320
          0.110043        0.144032       -0.286560
          0.122021       -0.027524       -0.424434
          0.146210       -0.145586       -0.474887
          0.152910       -0.135673       -0.360956
          0.132343       -0.076423       -0.155686
          0.098091       -0.006572        0.066173
          0.098017        0.113865        0.280678
          0.137381        0.243174        0.419055
          0.104887        0.276117        0.401584
         -0.070428        0.243462        0.299165
         -0.238042        0.288064        0.278688
         -0.208717        0.395453        0.337957
         -0.050874        0.348413        0.291177
          0.024692        0.041122        0.089695
         -0.007119       -0.335566       -0.068383
         -0.010869       -0.526809       -0.075208
          0.041529       -0.472426       -0.123364
          0.057853       -0.252628       -0.372361
          0.007755        0.028067       -0.609622
         -0.073201        0.206246       -0.522158
         -0.183836        0.118527       -0.169572
         -0.305868       -0.176219        0.110163
         -0.339510       -0.395484        0.168996
         -0.223434       -0.357362        0.117446
         -0.033250       -0.162628        0.006402
          0.139206        0.021441       -0.217218
          0.289870        0.174406       -0.449359
          0.389692        0.288777       -0.448631
          0.328925        0.219840       -0.168628
          0.112235       -0.089637        0.177483
         -0.067417       -0.363321        0.410709
         -0.106483       -0.267243        0.515940
         -0.131058        0.122503        0.494330
         -0.197169        0.415742        0.358694
         -0.126395        0.427905        0.268186
          0.156441        0.313573        0.370441
          0.404416        0.224549        0.496466
          0.375349        0.138535        0.302705
          0.132210        0.027788       -0.246297
         -0.125710       -0.058243       -0.775244
         -0.294028       -0.096679       -0.917813
         -0.332417       -0.098011       -0.672759
         -0.225490       -0.032356       -0.317050
         -0.055442        0.090640       -0.086606
          0.042631        0.117689        0.001859
          0.040443       -0.085060        0.060616
          0.025065       -0.376093        0.148465
          0.048021       -0.431269        0.232083
          0.069113       -0.139718        0.283984
          0.048703        0.231321        0.320023
         -0.003789        0.331947        0.321335
         -0.073165        0.088204        0.207530
         -0.134508       -0.285277       -0.028936
         -0.121777       -0.515354       -0.200573
         -0.001891       -0.448535       -0.079576
          0.155821       -0.137000        0.276947
          0.273230        0.155977        0.509963
          0.333090        0.175498        0.379493
          0.271742       -0.003294        0.057497
         -0.011994       -0.039634       -0.144813
         -0.404767        0.198011       -0.186857
         -0.560516        0.447542       -0.236463
         -0.321910        0.459428       -0.335211
          0.037678        0.320781       -0.382828
          0.167247        0.210858       -0.378260
          0.054747        0.102960       -0.402855
         -0.057158       -0.073185       -0.392244
         -0.020182       -0.193630       -0.205942
          0.089759       -0.105927        0.061806
          0.126015        0.104473        0.129075
          0.075952        0.210166       -0.048050
          0.073982        0.121650       -0.172718
          0.182810       -0.050594       -0.042804
          0.261967       -0.143144        0.175739
          0.174903       -0.091292        0.269967
          0.001755       -0.005120        0.314147
         -0.114831       -0.090255        0.450523
         -0.180942       -0.396786        0.554157
         -0.235835       -0.682919        0.412065
         -0.211170       -0.657132        0.100657
         -0.083489       -0.329781       -0.112462
          0.020634        0.010305       -0.156600
          0.019560        0.156856       -0.168571
         -0.010382        0.191759       -0.199257
         -0.009645        0.311563       -0.199693
         -0.017426        0.545680       -0.212656
         -0.019662        0.693205       -0.266781
          0.070451        0.526955       -0.184915
          0.223148        0.059356        0.147661
          0.269872       -0.413814        0.439669
          0.134839       -0.571078        0.325754
         -0.044502       -0.352040       -0.047901
         -0.098896        0.028812       -0.189175
         -0.045239        0.292548        0.047520
         -0.036446        0.289123        0.328226
         -0.132472        0.077121        0.361162
         -0.228905       -0.121767        0.188857
         -0.219741       -0.127621       -0.046511
         -0.121424       -0.014289       -0.314049
         -0.005655       -0.019820       -0.583820
          0.085614       -0.195509       -0.711373
          0.124445       -0.289434       -0.568405
          0.097949       -0.108809       -0.221184
          0.056536        0.130960        0.120822
          0.078027        0.054978        0.322745
          0.171074       -0.300869        0.421253
          0.264673       -0.460066        0.506147
          0.265558       -0.142832        0.577633
          0.111978        0.350393        0.553427
         -0.147079        0.568960        0.387007
         -0.333844        0.460113        0.146551
         -0.317420        0.259163       -0.041400
         -0.178551        0.076971       -0.122679
         -0.086372       -0.114985       -0.152282
         -0.082112       -0.251859       -0.199714
         -0.094039       -0.220770       -0.281072
         -0.064563       -0.079933       -0.384009
          0.029411       -0.011938       -0.465888
          0.168895       -0.062606       -0.423560
          0.258113       -0.074450       -0.181682
          0.220166        0.091418        0.166758
          0.122218        0.352506        0.411707
          0.072686        0.474738        0.431382
          0.045575        0.321018        0.256311
         -0.038258       -0.011725       -0.038589
         -0.123846       -0.301697       -0.357769
         -0.102867       -0.402681       -0.522503
         -0.037786       -0.318980       -0.392250
         -0.088890       -0.133593       -0.093345
         -0.211338        0.073667        0.067471
         -0.177698        0.229997       -0.029578
          0.025064        0.251089       -0.222152
          0.116577        0.103286       -0.343159
         -0.014433       -0.095876       -0.349219
         -0.102068       -0.139863       -0.179637
          0.041153        0.014676        0.206724
          0.227448        0.141108        0.627118
          0.274896        0.012112        0.796491
          0.278117       -0.289788        0.666870
          0.281574       -0.469506        0.406343
          0.131070       -0.378244        0.113965
         -0.143544       -0.133106       -0.191446
         -0.253955        0.092213       -0.416032
         -0.140327        0.249966       -0.476732
         -0.101309        0.371445       -0.424676
         -0.287025        0.445900       -0.309583
         -0.443942        0.409541       -0.095997
         -0.314415        0.235856        0.163415
         -0.000837        0.008188        0.303160
          0.215675       -0.123517        0.295743
          0.230202       -0.086530        0.276355
          0.149113        0.024011        0.253806
          0.087370        0.034864        0.095684
          0.072604       -0.126953       -0.128615
          0.093258       -0.367098       -0.126781
          0.116239       -0.513998        0.174549
          0.092800       -0.457203        0.474206
          0.035314       -0.234226        0.502409
          0.016025        0.000027        0.299794
          0.023041        0.126374        0.016708
         -0.046894        0.176924       -0.254513
         -0.179770        0.244892       -0.387449
         -0.211827        0.313778       -0.296450
         -0.089320        0.274283       -0.165884
          0.042937        0.104509       -0.275095
          0.088801       -0.068246       -0.537877
          0.114734       -0.116923       -0.544975
          0.146647       -0.060024       -0.143416
          0.087146       -0.016121        0.328897
         -0.076893       -0.056706        0.491258
         -0.188307       -0.158010        0.345490
         -0.133275       -0.263825        0.134436
          0.010347       -0.313542        0.001478
          0.107318       -0.231178       -0.050273
          0.124661       -0.003126       -0.024474
          0.094762        0.230288        0.063424
          0.023419        0.293128        0.128500
         -0.083110        0.210520        0.091134
         -0.164792        0.185743       -0.041436
         -0.166982        0.289760       -0.219174
         -0.117476        0.336522       -0.385522
         -0.073818        0.175790       -0.456834
         -0.030025       -0.054862       -0.393094
          0.051907       -0.145730       -0.279422
          0.150572       -0.137211       -0.198928
          0.199415       -0.189828       -0.085744
          0.172921       -0.242948        0.129012
          0.100154       -0.101173        0.328393
          0.015435        0.174436        0.370023
         -0.050573        0.279940        0.324583
         -0.058402        0.121858        0.335469
         -0.000312       -0.040981        0.346857
          0.058930       -0.015648        0.206414
          0.034131        0.048847       -0.037882
         -0.079483       -0.032742       -0.183339
         -0.177600       -0.166429       -0.178777
         -0.135909       -0.179356       -0.153099
          0.047262       -0.101939       -0.146296
          0.204456       -0.033153       -0.059210
          0.160654        0.060591        0.089914
         -0.047556        0.204116        0.119915
         -0.210641        0.271620       -0.006906
         -0.220381        0.177489       -0.090554
         -0.162624        0.031030       -0.035604
         -0.106399       -0.053197       -0.020310
          0.002204       -0.120344       -0.157663
          0.160995       -0.218624       -0.258758
          0.232302       -0.265193       -0.139983
          0.150078       -0.206429        0.072177
          0.035845       -0.143072        0.156083
          0.010202       -0.157497        0.119616
          0.029566       -0.158273        0.111079
         -0.002887       -0.033206        0.159739
         -0.070548        0.146256        0.196934
         -0.074808        0.204759        0.235714
          0.011948        0.102567        0.341051
          0.090778       -0.002655        0.445744
          0.048493        0.060479        0.360822
         -0.093646        0.273574        0.023086
         -0.184958        0.426878       -0.370315
         -0.124295        0.324667       -0.550490
          0.009774       -0.004581       -0.435222
          0.067292       -0.319441       -0.136754
          0.030388       -0.413680        0.190016
          0.015343       -0.330103        0.398502
          0.080674       -0.260906        0.356575
          0.149261       -0.259450        0.071401
          0.147557       -0.188573       -0.246517
          0.103417        0.015639       -0.389101
          0.058189        0.201698       -0.358777
         -0.003127        0.223056       -0.258084
         -0.080810        0.146693       -0.108486
         -0.130386        0.109874        0.058655
         -0.148050        0.108816        0.096598
         -0.176523        0.091723       -0.052174
         -0.199453        0.128035       -0.189168
         -0.148142        0.270950       -0.117428
         -0.029705        0.351974        0.071059
          0.071309        0.168213        0.167654
          0.123661       -0.172859        0.153516
          0.161574       -0.358876        0.128062
          0.172840       -0.308639        0.085472
          0.101291       -0.231778       -0.016805
         -0.033055       -0.236974       -0.091749
         -0.121655       -0.173083       -0.042922
         -0.091170        0.052167        0.040758
          0.022497        0.260306        0.004691
          0.128151        0.260594       -0.135119
          0.167306        0.131094       -0.242392
          0.136625        0.075931       -0.261228
          0.048251        0.129172       -0.217880
         -0.085192        0.169465       -0.118815
         -0.213628        0.150631        0.016242
         -0.255641        0.133335        0.110956
         -0.180626        0.104506        0.130584
         -0.044872       -0.043207        0.136994
          0.078296       -0.295006        0.173925
          0.160437       -0.439151        0.194921
          0.191915       -0.317958        0.167451
          0.150066       -0.048150        0.153073
          0.038962        0.123892        0.212726
         -0.071845        0.115626        0.297113
         -0.100345        0.042237        0.298959
         -0.038395        0.005560        0.183397
          0.041982       -0.018197        0.015267
          0.063442       -0.074736       -0.127121
          0.018060       -0.133402       -0.216090
         -0.029965       -0.141392       -0.253269
         -0.031493       -0.098571       -0.241459
         -0.029080       -0.025318       -0.207367
         -0.090081        0.080650       -0.204794
         -0.173414        0.193442       -0.245165
         -0.151249        0.225525       -0.252104
          0.017569        0.131633       -0.135147
          0.209216       -0.002101        0.099201
          0.264532       -0.075702        0.339052
          0.160125       -0.126175        0.464339
          0.014739       -0.220767        0.443402
         -0.065073       -0.256518        0.341343
         -0.089010       -0.062385        0.232653
         -0.105351        0.299710        0.113145
         -0.102664        0.523963       -0.069400
         -0.062693        0.403456       -0.302919
         -0.025795        0.064118       -0.495177
         -0.017158       -0.192601       -0.588204
          0.007150       -0.199448       -0.604766
          0.066576       -0.025115       -0.530997
          0.097778        0.165495       -0.257762
          0.053668        0.250354        0.233261
         -0.016924        0.157791        0.691296
         -0.041255       -0.126562        0.788728
         -0.015305       -0.474542        0.497100
          0.018533       -0.638743        0.102025
          0.039542       -0.482446       -0.155670
          0.050292       -0.135146       -0.258430
          0.044242        0.163172       -0.247891
          0.014188        0.300185       -0.138430
         -0.030497        0.304965       -0.022329
         -0.079788        0.232909       -0.012272
         -0.126495        0.137330       -0.041727
         -0.147236        0.070352        0.047239
         -0.117136        0.022921        0.202679
         -0.034687       -0.071468        0.198126
          0.091241       -0.219000       -0.003451
          0.230285       -0.321008       -0.172526
          0.292278       -0.284991       -0.152850
          0.197300       -0.114170       -0.050301
          0.009143        0.129177       -0.017324
         -0.116239        0.369675       -0.045241
         -0.133904        0.516099       -0.044121
         -0.131421        0.501070        0.014230
         -0.142481        0.342441        0.096663
         -0.100127        0.104687        0.173476
         -0.000098       -0.171053        0.242287
          0.058649       -0.426514        0.292958
          0.045370       -0.550228        0.256194
          0.048037       -0.488975        0.056351
          0.093869       -0.321352       -0.237325
          0.086877       -0.125255       -0.414768
         -0.001119        0.118000       -0.360519
         -0.054422        0.376040       -0.184111
         -0.019166        0.465294       -0.053101
          0.000123        0.279186       -0.015456
         -0.049299        0.018078       -0.039385
         -0.056786       -0.024239       -0.092362
          0.036237        0.134808       -0.108975
          0.097891        0.198279        0.000627
          0.010531        0.029276        0.214134
         -0.147267       -0.177499        0.344215
         -0.233748       -0.220158        0.229190
         -0.213900       -0.159284       -0.055633
         -0.110796       -0.152071       -0.275238
          0.065618       -0.191964       -0.294596
          0.256190       -0.153365       -0.154622
          0.342791       -0.004015        0.060616
          0.273838        0.136231        0.275825
          0.118364        0.121878        0.377346
         -0.027531       -0.062911        0.295307
         -0.116130       -0.252975        0.130799
         -0.145273       -0.238354        0.050150
         -0.146690        0.005755        0.071096
         -0.141948        0.279395        0.086362
         -0.084019        0.379705        0.047571
          0.061748        0.286550       -0.021779
          0.176651        0.120106       -0.141065
          0.102356        0.012567       -0.336463
         -0.087912        0.015869       -0.519357
         -0.148641        0.051762       -0.551447
         -0.024043       -0.003757       -0.415624
          0.082559       -0.128942       -0.200679
          0.042242       -0.160795        0.034886
         -0.033086       -0.055671        0.249928
         -0.019576        0.019908        0.349290
          0.033712       -0.037586        0.293879
          0.031178       -0.083097        0.214204
         -0.013342        0.034297        0.249564
         -0.029418        0.190192        0.346272
         -0.004532        0.144287        0.362584
          0.019860       -0.101777        0.276543
          0.022053       -0.305572        0.144199
          0.022348       -0.307901       -0.032883
          0.038054       -0.172589       -0.244191
          0.047040       -0.011935       -0.385288
          0.015475        0.148857       -0.384338
         -0.047704        0.286145       -0.314596
         -0.087164        0.296152       -0.259116
         -0.061592        0.113379       -0.177831
          0.005935       -0.137947       -0.029397
          0.061105       -0.246094        0.099978
          0.089586       -0.188257        0.127606
          0.109302       -0.162160        0.125275
          0.104210       -0.266947        0.197848
          0.037185       -0.309223        0.300216
         -0.074838       -0.080674        0.313451
         -0.169802        0.287881        0.235890
         -0.212544        0.458710        0.160060
         -0.195015        0.329145        0.092169
         -0.102025        0.129405       -0.061476
          0.046041        0.076696       -0.297298
          0.152996        0.133405       -0.435864
          0.134424        0.144976       -0.345588
          0.030124        0.052297       -0.151639
         -0.038988       -0.077501       -0.069781
         -0.017915       -0.130445       -0.100440
          0.035439       -0.053517       -0.082458
          0.046358        0.056470        0.002537
          0.010544        0.027404        0.030266
         -0.025575       -0.159118        0.021083
         -0.026664       -0.294358        0.133143
          0.006050       -0.189646        0.329362
          0.040469        0.070227        0.353125
          0.039701        0.231702        0.121160
          0.007632        0.189687       -0.137426
         -0.008241        0.070070       -0.221279
          0.007928       -0.000479       -0.170173
          0.003146       -0.056298       -0.070058
         -0.048780       -0.165316        0.072952
         -0.068055       -0.269701        0.184003
          0.020768       -0.255005        0.122745
          0.143183       -0.100439       -0.065340
          0.157973        0.113793       -0.140732
          0.059340        0.271522       -0.006578
         -0.030136        0.250688        0.151283
         -0.051679        0.009578        0.141756
         -0.063440       -0.290229        0.010130
         -0.099301       -0.366796       -0.076550
         -0.103101       -0.113556       -0.054959
         -0.039444        0.259231       -0.004619
          0.031168        0.439373       -0.030971
          0.043586        0.320524       -0.149317
          0.017983        0.061353       -0.267189
         -0.003150       -0.116996       -0.281775
         -0.033283       -0.137549       -0.176415
         -0.080641       -0.065806        0.002995
         -0.085129        0.031636        0.200740
         -0.012168        0.132906        0.328309
          0.055527        0.185513        0.297896
          0.024539        0.119381        0.161937
         -0.055378       -0.032110        0.095538
         -0.050918       -0.137491        0.152505
          0.055245       -0.130253        0.173202
          0.132247       -0.080750        0.021972
          0.093027       -0.092278       -0.211245
          0.009733       -0.192586       -0.327693
         -0.024728       -0.311688       -0.241839
         -0.033444       -0.313141       -0.032223
         -0.054539       -0.103903        0.152550
         -0.027564        0.217020        0.195061
          0.084675        0.391700        0.069674
          0.173058        0.276973       -0.147268
          0.125538        0.027049       -0.327792
         -0.001075       -0.085485       -0.373107
         -0.077342        0.021685       -0.264305
         -0.072836        0.192670       -0.050279
         -0.027247        0.239412        0.193292
          0.041151        0.104688        0.375388
          0.098392       -0.141807        0.396160
          0.073954       -0.368356        0.226835
         -0.031261       -0.442290       -0.007244
         -0.114144       -0.310437       -0.122888
         -0.114143       -0.046973       -0.088782
         -0.084607        0.209731       -0.037082
         -0.071370        0.356372       -0.048705
         -0.043543        0.344303       -0.060878
          0.001111        0.177427       -0.010926
         -0.012110       -0.039037        0.076652
         -0.106481       -0.128870        0.167737
         -0.172758       -0.032305        0.236785
         -0.091872        0.093329        0.213152
          0.104594        0.071229        0.064573
          0.250020       -0.052474       -0.092844
          0.220075       -0.096457       -0.125284
          0.068287       -0.029540       -0.077296
         -0.045584        0.001660       -0.086347
         -0.044850       -0.062709       -0.157483
          0.010261       -0.080302       -0.173469
          0.046573        0.066818       -0.095284
          0.055971        0.255931       -0.019208
          0.035220        0.246749       -0.026806
         -0.042520       -0.025277       -0.074155
         -0.151645       -0.360872       -0.073401
         -0.197094       -0.491468       -0.024920
         -0.126042       -0.316483        0.003035
          0.001099        0.037007       -0.001877
          0.086768        0.337682        0.013935
          0.095352        0.423978        0.050224
          0.056641        0.302260        0.025579
          0.021511        0.115640       -0.081921
          0.034342        0.014972       -0.153826
          0.104757        0.029753       -0.078194
          0.184934        0.043432        0.072964
          0.203592       -0.085700        0.124406
          0.132475       -0.345820        0.047045
          0.001594       -0.541401        0.001540
         -0.136112       -0.500651        0.100908
         -0.226388       -0.273639        0.258100
         -0.227764       -0.039275        0.333522
         -0.148884        0.121843        0.306170
         -0.054082        0.234349        0.213768
          0.001251        0.278513        0.058796
          0.018467        0.214266       -0.114381
          0.021422        0.126182       -0.187190
          0.017232        0.153048       -0.146349
          0.013332        0.255995       -0.155539
          0.022466        0.231177       -0.297432
          0.023231        0.000541       -0.397637
         -0.024304       -0.258166       -0.283653
         -0.086143       -0.329241       -0.063306
         -0.052686       -0.182055        0.057770
          0.102205        0.066597        0.092078
          0.232171        0.277859        0.186559
          0.185880        0.330849        0.336177
          0.010390        0.181100        0.387340
         -0.121297       -0.053409        0.260549
         -0.141346       -0.178859        0.023531
         -0.122614       -0.142997       -0.198670
         -0.114987       -0.069127       -0.296385
         -0.085567       -0.073583       -0.235094
         -0.020914       -0.157619       -0.109323
          0.036654       -0.253575       -0.058104
          0.066274       -0.266718       -0.089242
          0.084061       -0.120851       -0.082993
          0.085340        0.130976        0.010207
          0.054384        0.307376        0.100193
          0.015202        0.299812        0.115082
          0.009600        0.191795        0.101219
          0.049088        0.110499        0.123763
          0.113461        0.062237        0.168594
          0.154143       -0.011337        0.172955
          0.111777       -0.100864        0.090077
         -0.008560       -0.134506       -0.068330
         -0.119384       -0.080575       -0.212469
         -0.163510        0.014559       -0.244618
         -0.170767        0.093728       -0.181874
         -0.158934        0.148627       -0.133867
         -0.088107        0.179259       -0.127957
          0.038497        0.137805       -0.057980
          0.137737       -0.011968        0.138601
          0.150086       -0.197066        0.347963
          0.093776       -0.285712        0.400540
          0.007789       -0.242474        0.260896
         -0.076367       -0.156280        0.030723
         -0.113753       -0.105463       -0.177084
         -0.083506       -0.067609       -0.290620
         -0.042140        0.020336       -0.266114
         -0.054314        0.163679       -0.136148
         -0.078815        0.284348       -0.041801
         -0.024360        0.279022       -0.086939
          0.084841        0.126279       -0.162993
          0.124036       -0.060924       -0.062918
          0.061700       -0.143531        0.209554
          0.002094       -0.116015        0.403116
          0.009066       -0.078894        0.338300
          0.029871       -0.062776        0.106935
          0.026385       -0.001546       -0.099697
          0.034907        0.107054       -0.196919
          0.056147        0.150603       -0.181784
          0.030773        0.056327       -0.074178
         -0.033891       -0.104484        0.034902
         -0.050934       -0.201876        0.019068
         -0.002895       -0.172479       -0.114656
          0.026144       -0.055695       -0.196444
         -0.010225        0.045780       -0.100925
         -0.067930        0.053459        0.097222
         -0.101541       -0.007069        0.234618
         -0.101017       -0.032794        0.255168
         -0.057144        0.033900        0.219220
          0.021333        0.131111        0.173175
          0.087432        0.142969        0.116074
          0.110814        0.031784        0.068638
          0.103132       -0.114459        0.051633
          0.065194       -0.177039        0.005107
         -0.011491       -0.124529       -0.134753
         -0.082252       -0.012657       -0.285496
         -0.087414        0.094708       -0.298651
         -0.054237        0.160018       -0.183195
         -0.051246        0.165893       -0.078432
         -0.048258        0.126979       -0.014151
          0.044585        0.081596        0.098184
          0.191140        0.037811        0.221537
          0.231519       -0.038292        0.172423
          0.104832       -0.155343       -0.082293
         -0.070286       -0.258328       -0.316548
         -0.176240       -0.286387       -0.342522
         -0.212555       -0.234572       -0.235740
         -0.190914       -0.128733       -0.138036
         -0.075223        0.021648       -0.017096
          0.105396        0.191642        0.203910
          0.221006        0.294910        0.423289
          0.190246        0.259745        0.469115
          0.067593        0.145833        0.341453
         -0.056375        0.081629        0.175391
         -0.143672        0.081029        0.041722
         -0.169056        0.044015       -0.066222
         -0.097623       -0.047667       -0.134091
          0.043630       -0.080640       -0.162131
          0.150169       -0.001439       -0.216749
          0.150838        0.075439       -0.311206
          0.079296        0.025995       -0.324876
          0.000591       -0.109679       -0.176900
         -0.067565       -0.190909        0.012720
         -0.121393       -0.156820        0.073966
         -0.127546       -0.067468        0.012876
         -0.068616        0.009437       -0.041908
          0.010014        0.076077       -0.031646
          0.045216        0.149267        0.021552
          0.027223        0.180154        0.118119
          0.000281        0.089119        0.259021
          0.004316       -0.111081        0.355948
          0.027858       -0.280404        0.284913
          0.022291       -0.291036        0.049950
         -0.029073       -0.171790       -0.179526
         -0.072726       -0.048411       -0.240813
         -0.048716        0.027989       -0.150648
          0.027428        0.100902       -0.052419
          0.094461        0.184213       -0.025085
          0.126743        0.233355       -0.026501
          0.124261        0.231606       -0.006990
          0.068728        0.200141        0.019778
         -0.027845        0.138572        0.026192
         -0.082388        0.047045        0.014290
         -0.041055       -0.029957        0.000349
          0.027559       -0.060989       -0.001139
          0.026736       -0.071074        0.013062
         -0.027020       -0.074154        0.023584
         -0.041550       -0.052203        0.016073
          0.006779       -0.037738        0.018683
          0.048228       -0.097447        0.064520
          0.025591       -0.197604        0.129682
         -0.045857       -0.211349        0.161809
         -0.124907       -0.102722        0.145086
         -0.185293        0.006162        0.086007
         -0.194683        0.002865       -0.021622
         -0.114548       -0.061666       -0.156137
          0.042537       -0.050675       -0.234556
          0.192813        0.069891       -0.185511
          0.250406        0.190647       -0.036969
          0.196623        0.199627        0.106134
          0.072576        0.098868        0.153012
         -0.060132       -0.028139        0.085772
         -0.134550       -0.102529       -0.033767
         -0.099765       -0.090003       -0.106930
          0.023385       -0.014843       -0.089428
          0.127138        0.050532       -0.039908
          0.116001        0.056003       -0.034459
          0.019422        0.035671       -0.056169
         -0.054981        0.058085       -0.037810
         -0.074129        0.124003        0.014444
         -0.098217        0.162073        0.033295
         -0.140926        0.123252        0.015217
         -0.124302        0.028107        0.040452
         -0.015595       -0.083598        0.153127
          0.095036       -0.184915        0.277484
          0.115284       -0.223252        0.276975
          0.066319       -0.134898        0.091635
          0.020292        0.045431       -0.186246
          0.000178        0.162069       -0.388858
         -0.001603        0.098078       -0.427982
          0.016930       -0.084507       -0.348790
          0.031326       -0.219318       -0.237002
         -0.004707       -0.220998       -0.119079
         -0.066856       -0.145700        0.030400
         -0.063961       -0.077051        0.203427
          0.019637       -0.016259        0.310100
          0.086545        0.073078        0.262989
          0.065808        0.165390        0.115867
         -0.015140        0.198696        0.027313
         -0.107798        0.168390        0.049918
         -0.175535        0.118097        0.079638
         -0.159073        0.073116        0.064734
         -0.035495        0.046700        0.095613
          0.101844        0.050975        0.201062
          0.136125        0.046722        0.236397
          0.074712       -0.028498        0.091137
          0.009878       -0.134473       -0.141163
         -0.018976       -0.147178       -0.297988
         -0.028775       -0.053742       -0.321966
         -0.009259        0.002266       -0.237113
          0.066895       -0.069134       -0.087725
          0.167782       -0.169301        0.042260
          0.199068       -0.146693        0.065673
          0.095067        0.021134       -0.011221
         -0.085878        0.214149       -0.109916
         -0.186233        0.274048       -0.182655
         -0.125575        0.133452       -0.202755
         -0.015042       -0.093664       -0.107498
          0.001197       -0.192917        0.114492
         -0.038110       -0.095194        0.322761
         -0.000345        0.022915        0.362930
          0.092449       -0.019292        0.277649
          0.089546       -0.139364        0.228026
         -0.037030       -0.106575        0.229699
         -0.146570        0.117661        0.139263
         -0.141200        0.313952       -0.088654
         -0.073166        0.287391       -0.296908
         -0.019069        0.080991       -0.325616
          0.025443       -0.121817       -0.198324
          0.080141       -0.203499       -0.058660
          0.110908       -0.183119        0.000997
          0.089294       -0.144118        0.000108
          0.045751       -0.129189       -0.005867
          0.005475       -0.106747       -0.017634
         -0.050832       -0.045773       -0.076745
         -0.110174        0.014313       -0.160644
         -0.107326        0.028303       -0.168566
         -0.033623        0.043512       -0.064122
          0.038863        0.137906        0.052732
          0.077727        0.270056        0.098273
          0.119288        0.293476        0.133336
          0.161217        0.144974        0.222524
          0.149402       -0.059986        0.260204
          0.078760       -0.158737        0.101699
         -0.000828       -0.113093       -0.176749
         -0.069106       -0.009408       -0.319347
         -0.134237        0.060524       -0.197599
         -0.167362        0.061226        0.061986
         -0.118411        0.003140        0.263833
          0.006546       -0.055624        0.319751
          0.128607       -0.035677        0.231241
          0.162813        0.060550        0.051224
          0.093056        0.115594       -0.100002
         -0.026739        0.041818       -0.121322
         -0.145267       -0.090912       -0.073725
         -0.246189       -0.145193       -0.115009
         -0.290552       -0.080326       -0.268695
         -0.212924        0.037062       -0.378599
         -0.030707        0.125569       -0.311616
          0.135576        0.128449       -0.097721
          0.207620        0.019611        0.134494
          0.215102       -0.158598        0.261729
          0.183845       -0.292079        0.223891
          0.087824       -0.277872        0.083569
         -0.046120       -0.108212        0.005538
         -0.110940        0.122053        0.084048
         -0.050865        0.270075        0.226746
          0.063498        0.241478        0.286868
          0.126126        0.082705        0.242516
          0.102439       -0.052102        0.159691
          0.029789       -0.068549        0.063222
         -0.034551       -0.022635       -0.046968
         -0.049533       -0.011518       -0.121134
         -0.020249       -0.046284       -0.115200
         -0.007920       -0.079952       -0.078295
         -0.067015       -0.083987       -0.088844
         -0.159941       -0.041428       -0.134966
         -0.186646        0.064044       -0.140609
         -0.113296        0.190756       -0.082845
         -0.011061        0.228702       -0.008830
          0.044678        0.113066        0.035481
          0.042629       -0.083108        0.024564
         -0.000449       -0.221299       -0.058215
         -0.052829       -0.238078       -0.175276
         -0.041329       -0.172339       -0.226562
          0.077821       -0.085541       -0.167360
          0.210622       -0.010034       -0.076896
          0.206463        0.039520       -0.032177
          0.065163        0.055440        0.008019
         -0.053998        0.042867        0.109085
         -0.050641        0.013613        0.236623
          0.003595       -0.019617        0.310666
          0.003956       -0.033310        0.306032
         -0.038206       -0.006117        0.236680
         -0.043764        0.042298        0.118025
          0.004463        0.069012       -0.012028
          0.047064        0.084309       -0.106527
          0.034337        0.143183       -0.165730
         -0.021952        0.225558       -0.212733
         -0.074422        0.213919       -0.214629
         -0.090863        0.059171       -0.114262
         -0.077484       -0.112703        0.045161
         -0.056553       -0.151011        0.114511
         -0.031868       -0.077329        0.007159
          0.002955       -0.035238       -0.178333
          0.034157       -0.082663       -0.260955
          0.045370       -0.132317       -0.184014
          0.053042       -0.091119       -0.066996
          0.075043        0.018920       -0.041952
          0.086584        0.097571       -0.083861
          0.068124        0.083241       -0.053945
          0.057549        0.004971        0.102771
          0.077315       -0.072618        0.283311
          0.064597       -0.115180        0.375202
         -0.030300       -0.104227        0.381546
         -0.136725       -0.015277        0.334056
         -0.158748        0.114832        0.192444
         -0.111919        0.156636       -0.052639
         -0.061230        0.041630       -0.265701
         -0.001143       -0.094173       -0.301986
          0.086852       -0.057763       -0.204832
          0.134801        0.132263       -0.128702
          0.073984        0.260008       -0.108570
         -0.033525        0.183306       -0.051488
         -0.066079       -0.033637        0.068349
         -0.014694       -0.247490        0.157573
          0.019599       -0.370922        0.154673
         -0.008690       -0.372706        0.106870
         -0.031234       -0.256564        0.072291
          0.002434       -0.077447        0.041741
          0.041503        0.087773       -0.013504
          0.036127        0.209813       -0.082880
          0.014459        0.305542       -0.130871
         -0.004383        0.369529       -0.130146
         -0.050107        0.360108       -0.073008
         -0.095786        0.262652        0.011671
         -0.058005        0.121940        0.055958
          0.045629       -0.006305        0.023687
          0.091517       -0.101953       -0.012963
          0.037793       -0.161601        0.053432
         -0.026329       -0.176909        0.193522
         -0.025199       -0.162763        0.237418
          0.033046       -0.157668        0.091311
          0.102002       -0.157082       -0.133631
          0.113467       -0.107113       -0.268577
          0.013387       -0.010642       -0.278896
         -0.138414        0.033965       -0.242039
         -0.193459       -0.036826       -0.203073
         -0.104438       -0.144772       -0.127951
          0.010844       -0.159311        0.023506
          0.046644       -0.052984        0.221342
          0.037754        0.088403        0.363192
          0.054307        0.181087        0.355214
          0.079641        0.211663        0.207780
          0.063431        0.202686        0.024865
          0.008686        0.169206       -0.113490
         -0.052837        0.118789       -0.206159
         -0.098538        0.052604       -0.252642
         -0.099577       -0.035821       -0.210673
         -0.047765       -0.129011       -0.089264
         -0.001270       -0.172161        0.007240
         -0.011404       -0.134975        0.015509
         -0.023928       -0.061244        0.018722
          0.034899       -0.012148        0.119641
          0.108440        0.010402        0.270884
          0.083410        0.038995        0.331065
         -0.017133        0.067935        0.245476
         -0.067600        0.054975        0.084388
         -0.045740       -0.014244       -0.061182
         -0.042118       -0.099661       -0.142989
         -0.071165       -0.143732       -0.144283
         -0.041682       -0.116152       -0.088830
          0.066090       -0.029369       -0.061255
          0.149343        0.071255       -0.141548
          0.142750        0.138161       -0.287733
          0.099774        0.157701       -0.341362
          0.081139        0.144936       -0.195116
          0.071134        0.098014        0.084415
          0.035019        0.004329        0.331350
         -0.023452       -0.090585        0.426650
         -0.082866       -0.105798        0.352718
         -0.127277       -0.059973        0.182125
         -0.142935       -0.071414        0.038454
         -0.125301       -0.159847       -0.011916
         -0.082663       -0.181120       -0.041316
         -0.020768       -0.045823       -0.148855
          0.051915        0.124669       -0.280796
          0.101376        0.155287       -0.279860
          0.090106        0.033400       -0.114437
          0.029034       -0.103280        0.060824
         -0.028836       -0.122818        0.094193
         -0.050607       -0.004208       -0.005005
         -0.046634        0.158940       -0.116984
         -0.029999        0.242219       -0.154125
          0.011343        0.200317       -0.130121
          0.080583        0.083625       -0.108054
          0.130195       -0.036884       -0.094938
          0.097768       -0.105805       -0.029756
         -0.003365       -0.080223        0.094584
         -0.077104        0.015439        0.172399
         -0.063475        0.062161        0.124839
         -0.015235       -0.023795        0.032252
         -0.009153       -0.161473        0.037167
         -0.040081       -0.196728        0.157040
         -0.062335       -0.089160        0.265497
         -0.069188        0.067895        0.240588
         -0.063873        0.169575        0.091536
         -0.019625        0.172993       -0.060351
          0.066485        0.091773       -0.114155
          0.138462       -0.016236       -0.081602
          0.143912       -0.074692       -0.034563
          0.081787       -0.047024       -0.008469
         -0.022204        0.029146       -0.004604
         -0.126600        0.075566       -0.032933
         -0.163789        0.042438       -0.081579
         -0.094185       -0.043385       -0.089853
          0.019461       -0.095865       -0.024902
          0.062842       -0.059502        0.053630
          0.012771        0.016798        0.067366
         -0.036849        0.028994        0.015457
         -0.011550       -0.061784       -0.051841
          0.050469       -0.194699       -0.099649
          0.074864       -0.277060       -0.101921
          0.060980       -0.242806       -0.036419
          0.063793       -0.081609        0.060241
          0.093401        0.122852        0.099137
          0.088778        0.222071        0.058757
          0.007203        0.152481        0.037581
         -0.099671        0.026559        0.115630
         -0.140707       -0.003369        0.205181
         -0.097267        0.067401        0.137234
         -0.033717        0.127141       -0.094208
         -0.008679        0.115839       -0.280855
         -0.023824        0.066450       -0.258933
         -0.048252        0.021171       -0.119929
         -0.045949        0.000128       -0.049019
          0.006623        0.022797       -0.043636
          0.088349        0.083062        0.037951
          0.137784        0.122814        0.199333
          0.119807        0.084300        0.276408
          0.059198       -0.023927        0.189252
         -0.009028       -0.139201        0.044449
         -0.076384       -0.203835       -0.043032
         -0.128780       -0.197993       -0.081499
         -0.126401       -0.136460       -0.124188
         -0.046776       -0.050220       -0.177497
          0.070428        0.035981       -0.216309
          0.139652        0.112399       -0.214234
          0.100743        0.165825       -0.153106
         -0.015071        0.160878       -0.050962
         -0.101735        0.066677        0.037226
         -0.080348       -0.080345        0.080540
          0.022199       -0.163435        0.105251
          0.106200       -0.088475        0.145664
          0.098734        0.083941        0.197431
          0.016034        0.169470        0.235976
         -0.061660        0.073069        0.242365
         -0.075621       -0.086320        0.192332
         -0.047919       -0.136077        0.060499
         -0.042579       -0.072668       -0.129565
         -0.074458       -0.022236       -0.281170
         -0.086946       -0.031982       -0.291797
         -0.029083       -0.031279       -0.158515
          0.068937        0.016675       -0.000896
          0.121504        0.053471        0.046259
          0.088991        0.036936       -0.032216
          0.024312        0.016813       -0.128239
         -0.005866        0.060352       -0.143018
         -0.012114        0.156782       -0.079213
         -0.041349        0.220354        0.008618
         -0.075905        0.160841        0.092820
         -0.054238       -0.037972        0.166847
          0.018284       -0.272170        0.210494
          0.063857       -0.374719        0.204498
          0.041575       -0.270943        0.155985
         -0.008912       -0.061680        0.086603
         -0.033593        0.086206        0.018495
         -0.011680        0.101695       -0.018533
          0.050982        0.028593       -0.002547
          0.111977       -0.060096        0.035546
          0.099823       -0.104772        0.016832
          0.003789       -0.065313       -0.093050
         -0.077495        0.039436       -0.212342
         -0.058481        0.123737       -0.222440
          0.006384        0.121906       -0.121928
          0.010108        0.058835       -0.030008
         -0.043389        0.007358       -0.018783
         -0.066852        0.018322       -0.031127
         -0.034814        0.097618       -0.002499
          0.003615        0.187279        0.035342
          0.020311        0.181700        0.034779
          0.023870        0.049951        0.028232
          0.013891       -0.080343        0.067402
         -0.006327       -0.065467        0.129742
         -0.009066        0.050558        0.157580
          0.013926        0.085630        0.148739
          0.030842       -0.040434        0.141823
          0.020104       -0.219170        0.128919
         -0.007557       -0.303904        0.045668
         -0.039073       -0.255702       -0.129723
         -0.062186       -0.125349       -0.303462
         -0.058205        0.031832       -0.339056
         -0.031460        0.173328       -0.206982
         -0.009664        0.238019       -0.026774
          0.005296        0.165211        0.055620
          0.032893       -0.028304        0.012087
          0.059367       -0.218344       -0.057031
          0.054903       -0.265846       -0.041757
          0.035120       -0.154468        0.062657
          0.038157       -0.002465        0.165569
          0.055341        0.086919        0.197270
          0.039401        0.133358        0.178946
         -0.029590        0.188173        0.155874
         -0.114015        0.213749        0.115350
         -0.146376        0.152528        0.032517
         -0.092568        0.052531       -0.049319
          0.001324        0.008210       -0.071479
          0.052864        0.017050       -0.061753
          0.043647        0.000816       -0.091688
          0.030973       -0.055350       -0.157855
          0.048803       -0.075572       -0.197034
          0.057350       -0.003738       -0.197144
          0.020353        0.117923       -0.203199
         -0.023087        0.193970       -0.218209
         -0.017056        0.171029       -0.169645
          0.015168        0.072038        0.001129
          0.007478       -0.048998        0.233292
         -0.028195       -0.157420        0.360669
         -0.012599       -0.239696        0.275557
          0.056628       -0.282314        0.076037
          0.081656       -0.265701       -0.019293
          0.020531       -0.180414        0.079207
         -0.043174       -0.059342        0.240999
         -0.034095        0.020062        0.291271
          0.009548        0.013075        0.194616
          0.014471       -0.019042        0.034148
         -0.024593        0.019449       -0.110264
         -0.067200        0.115661       -0.209307
         -0.087683        0.158936       -0.253720
         -0.072123        0.106639       -0.231198
         -0.010325        0.054753       -0.146310
          0.068019        0.102179       -0.049294
          0.094746        0.198409       -0.005988
          0.043509        0.187020       -0.014057
         -0.023642        0.001279        0.001289
         -0.030234       -0.230297        0.058232
          0.015951       -0.312428        0.055588
          0.041188       -0.198804       -0.068551
          0.016809       -0.029100       -0.187219
         -0.000382        0.046844       -0.131310
          0.032688        0.020985        0.057590
          0.054924       -0.011386        0.177978
         -0.017894        0.018808        0.155230
         -0.140892        0.092817        0.110998
         -0.165378        0.132929        0.136653
         -0.039275        0.081491        0.167489
          0.108150       -0.018381        0.123733
          0.134705       -0.043578        0.027041
          0.061757        0.057954       -0.074508
          0.005231        0.175452       -0.168321
         -0.006487        0.167397       -0.216168
         -0.035926        0.048846       -0.151843
         -0.089529       -0.042344        0.000168
         -0.093376       -0.042308        0.099911
         -0.021884       -0.022914        0.050673
          0.059940       -0.054537       -0.084081
          0.098534       -0.107761       -0.176430
          0.101853       -0.127658       -0.188097
          0.078077       -0.122904       -0.166120
          0.012063       -0.120714       -0.126648
         -0.083064       -0.095731       -0.028182
         -0.153642       -0.022146        0.129748
         -0.152740        0.046937        0.254572
         -0.073002        0.045438        0.260860
          0.045509        0.013931        0.183721
          0.127249        0.046558        0.125952
          0.123095        0.126480        0.110631
          0.067104        0.136017        0.061994
          0.028152        0.049064       -0.062947
          0.018075       -0.010971       -0.194903
         -0.000936        0.046283       -0.229400
         -0.040028        0.141020       -0.139744
         -0.065277        0.134159        0.006650
         -0.038944        0.005297        0.116013
          0.039590       -0.145522        0.136436
          0.111101       -0.229943        0.077748
          0.097077       -0.239568       -0.009134
          0.003688       -0.199122       -0.060800
         -0.068821       -0.113309       -0.032363
         -0.070815        0.021202        0.058367
         -0.069848        0.173560        0.121777
         -0.110529        0.265504        0.081842
         -0.123129        0.221052       -0.024692
         -0.054562        0.056335       -0.086448
          0.027647       -0.101708       -0.058568
          0.051246       -0.137520       -0.010942
          0.048840       -0.070624       -0.029198
          0.068462       -0.001141       -0.115056
          0.075066        0.035927       -0.191415
          0.024194        0.080375       -0.177269
         -0.039132        0.132562       -0.062682
         -0.033464        0.124242        0.076276
          0.040383        0.015362        0.154230
          0.096701       -0.142525        0.165950
          0.080186       -0.252806        0.163058
          0.030553       -0.252560        0.154912
          0.005059       -0.149907        0.100142
         -0.012164       -0.006990       -0.000858
         -0.065223        0.114342       -0.083578
         -0.129632        0.189584       -0.109512
         -0.137007        0.213802       -0.108314
         -0.080584        0.180351       -0.109734
         -0.025294        0.102338       -0.101855
         -0.013310        0.022774       -0.075608
         -0.014507       -0.024491       -0.040891
          0.018239       -0.041439        0.018257
          0.078300       -0.046232        0.126922
          0.112971       -0.054258        0.236232
          0.098238       -0.076141        0.243554
          0.075117       -0.108976        0.132605
          0.078630       -0.131242        0.008709
          0.061103       -0.115437       -0.051411
         -0.040643       -0.048832       -0.095472
         -0.174073        0.038392       -0.179033
         -0.203829        0.070827       -0.243710
         -0.090189        0.006647       -0.201645
          0.054226       -0.080122       -0.078104
          0.107215       -0.073066        0.021777
          0.063289        0.022658        0.053068
          0.000156        0.085475        0.063428
         -0.022315        0.063722        0.104123
         -0.009021        0.040840        0.164875
         -0.003196        0.072946        0.193911
         -0.025977        0.083994        0.149807
         -0.048116       -0.002501        0.034752
         -0.032125       -0.126107       -0.100888
          0.016131       -0.166193       -0.182877
          0.061363       -0.087980       -0.159476
          0.080362        0.047285       -0.043372
          0.066154        0.156058        0.088130
          0.024767        0.175101        0.147887
         -0.010774        0.094826        0.103690
         -0.006453       -0.013568       -0.012133
          0.018277       -0.058064       -0.141439
          0.013272       -0.031188       -0.226200
         -0.023193       -0.000434       -0.224110
         -0.047532        0.007760       -0.149468
         -0.042558        0.039454       -0.076729
         -0.023141        0.114174       -0.045162
          0.007876        0.169096        0.008614
          0.046282        0.136491        0.147692
          0.057414        0.029561        0.299004
          0.020479       -0.079852        0.321682
         -0.026731       -0.142534        0.202222
         -0.037997       -0.168615        0.076276
         -0.023114       -0.195608        0.039653
         -0.019631       -0.234525        0.038803
         -0.031635       -0.248945       -0.013935
         -0.036170       -0.189092       -0.114302
         -0.027581       -0.047678       -0.210217
         -0.021334        0.126032       -0.277302
         -0.020750        0.268603       -0.282276
         -0.004376        0.342886       -0.168793
          0.040476        0.335209        0.027690
          0.082439        0.245469        0.139085
          0.074986        0.102985        0.055742
          0.023001       -0.032510       -0.100972
         -0.019337       -0.114313       -0.117666
         -0.022028       -0.139104        0.036398
         -0.001904       -0.121692        0.192821
          0.028375       -0.075142        0.221856
          0.069605       -0.035079        0.162491
          0.089625       -0.049168        0.108225
          0.041397       -0.103761        0.082394
         -0.054720       -0.117448        0.066488
         -0.112271       -0.054950        0.063047
         -0.084603        0.011301        0.082074
         -0.017779        0.006013        0.114499
          0.019797       -0.042792        0.136286
          0.014793       -0.060290        0.101699
         -0.004278       -0.030282       -0.039402
         -0.021630        0.016403       -0.251709
         -0.045825        0.067634       -0.383871
         -0.074590        0.120719       -0.324618
         -0.069131        0.143706       -0.162142
          0.011684        0.104215       -0.082230
          0.135283        0.020960       -0.122379
          0.187195       -0.050419       -0.139346
          0.095934       -0.072891       -0.026680
         -0.055572       -0.051362        0.146780
         -0.121890       -0.012299        0.249677
         -0.082341        0.028773        0.249552
         -0.042620        0.077009        0.206324
         -0.062198        0.123410        0.160085
         -0.084957        0.113771        0.093878
         -0.044390        0.007723        0.000322
          0.048727       -0.123791       -0.077645
          0.130529       -0.141919       -0.106666
          0.145707       -0.023822       -0.118365
          0.093285        0.078429       -0.149168
          0.029533        0.033755       -0.164276
         -0.000031       -0.084865       -0.117447
         -0.020138       -0.109849       -0.051078
         -0.069725       -0.020327       -0.041103
         -0.116706        0.045341       -0.064992
         -0.099903        0.004493       -0.028816
         -0.028748       -0.065299        0.080865
          0.032303       -0.064755        0.170559
          0.053595       -0.011708        0.168320
          0.049971        0.017987        0.095695
          0.030549        0.012567        0.012491
         -0.002136        0.011008       -0.035244
         -0.029251        0.015433       -0.018284
         -0.036819       -0.004421        0.053310
         -0.033374       -0.044380        0.114573
         -0.019350       -0.064140        0.109209
          0.021959       -0.032319        0.060439
          0.075261        0.055548        0.037435
          0.082201        0.161991        0.068551
          0.020049        0.201386        0.119542
         -0.052221        0.118024        0.136683
         -0.075796       -0.022867        0.085814
         -0.073086       -0.099488       -0.031389
         -0.083674       -0.086629       -0.172968
         -0.071149       -0.061957       -0.271893
          0.018680       -0.068225       -0.273717
          0.141048       -0.060031       -0.175190
          0.184982        0.003014       -0.037482
          0.112872        0.082406        0.043917
         -0.001033        0.105203        0.009213
         -0.067571        0.047827       -0.105523
         -0.066974       -0.043639       -0.188711
         -0.036463       -0.104259       -0.155328
         -0.015488       -0.105620       -0.030188
         -0.016731       -0.058164        0.084863
         -0.029549        0.021126        0.127956
         -0.036977        0.111611        0.137915
         -0.031496        0.163381        0.180268
         -0.013222        0.121359        0.239865
          0.023209        0.004362        0.236081
          0.076359       -0.086436        0.140606
          0.110466       -0.083001        0.020231
          0.081869       -0.035686       -0.057971
          0.005582       -0.034976       -0.109147
         -0.053148       -0.085489       -0.180797
         -0.066454       -0.110901       -0.259679
         -0.067380       -0.058264       -0.274604
         -0.076711        0.046892       -0.184408
         -0.069150        0.132827       -0.039392
         -0.025217        0.143022        0.054955
          0.036178        0.081888        0.048334
          0.082195        0.009896        0.014262
          0.085616       -0.023080        0.066920
          0.036379       -0.031709        0.201953
         -0.032896       -0.055780        0.283447
         -0.063536       -0.084345        0.219314
         -0.040525       -0.065134        0.079436
         -0.005884        0.012232       -0.011349
          0.014014        0.086353       -0.029200
          0.040427        0.089275       -0.029807
          0.081373        0.014241       -0.028810
          0.095278       -0.087487        0.005286
          0.051651       -0.151117        0.060942
         -0.009628       -0.136948        0.070726
         -0.026882       -0.057194        0.003630
         -0.008888        0.027255       -0.081811
         -0.021827        0.064425       -0.109763
         -0.080551        0.065359       -0.089078
         -0.120817        0.070269       -0.094301
         -0.101577        0.076224       -0.141579
         -0.060797        0.051367       -0.150817
         -0.034758        0.013228       -0.070241
          0.001690        0.023983        0.031687
          0.068262        0.089353        0.065301
          0.122215        0.125317        0.047531
          0.118851        0.066373        0.048255
          0.074363       -0.040203        0.062733
          0.028125       -0.099477        0.033264
         -0.007321       -0.091482       -0.032492
         -0.027403       -0.070335       -0.056895
         -0.018704       -0.067405       -0.003374
          0.007485       -0.055209        0.075616
          0.011142       -0.000688        0.113732
         -0.018816        0.081247        0.107145
         -0.045495        0.127154        0.089882
         -0.046526        0.079205        0.064568
         -0.049460       -0.042756        0.005860
         -0.074515       -0.140113       -0.074979
         -0.086751       -0.137396       -0.125353
         -0.048099       -0.066276       -0.120452
          0.016357       -0.011901       -0.088782
          0.053534        0.001350       -0.063628
          0.059169        0.018955       -0.053284
          0.065349        0.063634       -0.055428
          0.073959        0.097891       -0.058262
          0.064560        0.088527       -0.034410
          0.046570        0.048721        0.031572
          0.036755       -0.001260        0.116043
          0.009554       -0.055852        0.174019
         -0.059328       -0.086620        0.171599
         -0.124007       -0.047406        0.099144
         -0.114233        0.050902       -0.018011
         -0.035130        0.125975       -0.115183
          0.038237        0.120608       -0.133563
          0.057852        0.070957       -0.092700
          0.046337        0.041221       -0.081695
          0.041634        0.023211       -0.140785
          0.036656       -0.048396       -0.183253
         -0.002604       -0.182621       -0.092578
         -0.072240       -0.282195        0.111800
         -0.115214       -0.240016        0.267556
         -0.083044       -0.066143        0.248445
          0.007840        0.116619        0.106258
          0.096091        0.196180       -0.001610
          0.133904        0.156936        0.001786
          0.114159        0.051647        0.050882
          0.062864       -0.061662        0.054761
          0.020409       -0.137998        0.012366
          0.008852       -0.141670       -0.019520
          0.003795       -0.061411       -0.028938
         -0.037952        0.073637       -0.064765
         -0.110616        0.201871       -0.149416
         -0.150365        0.255197       -0.219833
         -0.114219        0.198432       -0.192075
         -0.038853        0.064744       -0.069593
          0.007220       -0.063297        0.057769
          0.008874       -0.128918        0.123021
          0.007281       -0.143479        0.142324
          0.029001       -0.141366        0.156862
          0.058189       -0.120958        0.163600
          0.081876       -0.059468        0.129081
          0.104061        0.031769        0.044636
          0.101160        0.104380       -0.053680
          0.037652        0.125607       -0.112067
         -0.050801        0.103198       -0.098835
         -0.075620        0.054623       -0.025782
         -0.024516       -0.011865        0.055707
          0.018131       -0.074612        0.077992
          0.003999       -0.100691        0.003454
         -0.022064       -0.092682       -0.124242
         -0.020586       -0.091321       -0.191823
         -0.018766       -0.110223       -0.120131
         -0.044581       -0.114690        0.043828
         -0.072549       -0.085360        0.174975
         -0.063020       -0.047607        0.210675
         -0.015732       -0.013774        0.194755
          0.032047        0.041991        0.171810
          0.049322        0.118332        0.110684
          0.046226        0.157932       -0.016912
          0.052377        0.127222       -0.148153
          0.063378        0.073698       -0.200098
          0.044604        0.060582       -0.187182
         -0.005925        0.086452       -0.182444
         -0.044068        0.109371       -0.190180
         -0.041695        0.112996       -0.147927
         -0.020887        0.104498       -0.043454
         -0.014884        0.073744        0.057782
         -0.027832        0.005308        0.104521
         -0.039719       -0.076297        0.106227
         -0.031087       -0.121004        0.088142
         -0.004175       -0.118449        0.065215
          0.016610       -0.106993        0.056672
          0.019424       -0.108468        0.070113
          0.028873       -0.099326        0.079666
          0.062444       -0.064112        0.059956
          0.080619       -0.029498        0.020597
          0.033015       -0.016696       -0.020752
         -0.055612       -0.005257       -0.066727
         -0.106623        0.020124       -0.118453
         -0.093196        0.027804       -0.155603
         -0.060226       -0.011586       -0.152697
         -0.035329       -0.061060       -0.098303
          0.007035       -0.048820       -0.006236
          0.074856        0.039379        0.078258
          0.122416        0.131311        0.110812
          0.114888        0.142506        0.102546
          0.074127        0.064602        0.103962
          0.033780       -0.032160        0.122019
         -0.004324       -0.073228        0.108379
         -0.044820       -0.040412        0.046821
         -0.069023        0.029342       -0.013607
         -0.058822        0.080064       -0.037685
         -0.029650        0.075593       -0.051096
         -0.015495        0.025046       -0.080290
         -0.026109       -0.029680       -0.107459
         -0.033632       -0.059840       -0.116335
         -0.004642       -0.068612       -0.124062
          0.056378       -0.056681       -0.130915
          0.095983       -0.006133       -0.091452
          0.054791        0.069477        0.018171
         -0.061301        0.097801        0.140394
         -0.159384        0.028632        0.188938
         -0.141499       -0.078456        0.144133
         -0.018577       -0.112048        0.065005
          0.092747       -0.048317        0.018687
          0.107112        0.027235        0.022325
          0.060958        0.035314        0.047456
          0.035193       -0.015368        0.056344
          0.043074       -0.062475        0.028400
          0.044994       -0.058244       -0.029586
          0.020902       -0.001140       -0.084067
         -0.024268        0.066131       -0.093913
         -0.074661        0.094328       -0.044749
         -0.087156        0.085220        0.030580
         -0.029135        0.090015        0.070074
          0.045062        0.124750        0.033860
          0.042522        0.122685       -0.052459
         -0.029097        0.020420       -0.119241
         -0.070751       -0.131721       -0.129115
         -0.044845       -0.210917       -0.102416
         -0.007415       -0.174181       -0.050898
          0.010077       -0.101121        0.051102
          0.031802       -0.067662        0.180320
          0.052584       -0.054161        0.222628
          0.036019       -0.017120        0.105548
         -0.004664        0.029199       -0.076105
         -0.019431        0.060068       -0.160214
         -0.003725        0.091011       -0.109312
          0.007510        0.116996       -0.016758
          0.004793        0.080431        0.040269
          0.003774       -0.026934        0.057064
          0.006265       -0.104000        0.041354
          0.003894       -0.062287       -0.000548
          0.000836        0.048218       -0.029931
          0.008820        0.107805       -0.011555
          0.027521        0.079108        0.026350
          0.039618        0.028621        0.025684
          0.030255        0.027677       -0.027009
          0.007132        0.080094       -0.093248
         -0.015641        0.125602       -0.117101
         -0.043867        0.089204       -0.056937
         -0.081317       -0.044282        0.063654
         -0.095954       -0.194223        0.139936
         -0.054477       -0.255264        0.093357
          0.017046       -0.201514       -0.014089
          0.055667       -0.094894       -0.056599
          0.047607       -0.017762       -0.018035
          0.044844       -0.015479        0.011981
          0.076720       -0.054563       -0.002087
          0.092633       -0.030980       -0.003737
          0.039059        0.109298        0.033289
         -0.046508        0.266694        0.059822
         -0.084576        0.291771        0.045694
         -0.062864        0.174843        0.024340
         -0.025667        0.041009        0.023779
          0.005202       -0.021333        0.029290
          0.025874       -0.038158        0.028016
          0.016511       -0.071192        0.025862
         -0.018943       -0.134925        0.012278
         -0.033276       -0.191889       -0.032982
         -0.008150       -0.191073       -0.089447
          0.016391       -0.115324       -0.101074
          0.014969       -0.008342       -0.043244
          0.006578        0.061677        0.046067
         -0.002777        0.077705        0.106426
         -0.027820        0.085360        0.105803
         -0.050869        0.113202        0.053095
         -0.038396        0.124765       -0.020193
         -0.004709        0.082037       -0.082861
          0.011769        0.008535       -0.118131
          0.017537       -0.056236       -0.131914
          0.039125       -0.115805       -0.151194
          0.054439       -0.172904       -0.192578
          0.025019       -0.172924       -0.221230
         -0.022538       -0.067027       -0.172243
         -0.025167        0.088319       -0.035182
          0.016036        0.170220        0.115554
          0.038309        0.134530        0.200692
          0.017420        0.061578        0.212596
         -0.006042        0.039029        0.189492
         -0.002738        0.056066        0.156994
          0.008105        0.050099        0.124373
          0.002771        0.009997        0.096004
         -0.017379       -0.021939        0.059433
         -0.042374       -0.022113        0.003027
         -0.060759       -0.005805       -0.044317
         -0.053855        0.004216       -0.046557
         -0.013804       -0.015459       -0.033062
          0.036185       -0.082376       -0.062738
          0.062273       -0.161309       -0.113257
          0.056943       -0.164395       -0.091772
          0.037457       -0.054399        0.027322
          0.014485        0.088716        0.150502
         -0.013802        0.156953        0.173451
         -0.040121        0.135264        0.085222
         -0.048492        0.086966       -0.049202
         -0.037087        0.052174       -0.155555
         -0.016333        0.011240       -0.182837
          0.012401       -0.060960       -0.122560
          0.050484       -0.141372       -0.025171
          0.079335       -0.174036        0.034772
          0.073365       -0.133493        0.027559
          0.037221       -0.056028       -0.018430
          0.002434        0.006174       -0.063999
         -0.018370        0.045184       -0.083538
         -0.042388        0.083515       -0.054463
         -0.069738        0.116281        0.030119
         -0.065045        0.111491        0.134046
         -0.014291        0.063350        0.196325
          0.035720       -0.000218        0.186059
          0.033165       -0.059150        0.124915
         -0.011175       -0.102492        0.052817
         -0.050186       -0.098319       -0.013951
         -0.066326       -0.022758       -0.078025
         -0.069570        0.083736       -0.125877
         -0.055338        0.147224       -0.132521
         -0.009112        0.144260       -0.110581
          0.060005        0.103853       -0.109430
          0.117129        0.045173       -0.138453
          0.124045       -0.022462       -0.139139
          0.065940       -0.060485       -0.066912
         -0.023708       -0.039434        0.049974
         -0.081288       -0.001069        0.162720
         -0.078186       -0.008791        0.253365
         -0.044087       -0.055108        0.303274
         -0.015238       -0.086425        0.271222
          0.003187       -0.089507        0.143225
          0.015908       -0.084308       -0.027804
          0.019114       -0.066536       -0.156564
          0.015398       -0.025752       -0.191654
          0.020231        0.012656       -0.149825
          0.041173        0.022914       -0.089931
          0.062807        0.024195       -0.048277
          0.062660        0.041974       -0.012682
          0.038351        0.057715        0.025115
          0.007986        0.041735        0.027407
         -0.016433        0.006426       -0.032686
         -0.040386       -0.013618       -0.102750
         -0.066037       -0.008877       -0.103568
         -0.077725        0.009660       -0.033554
         -0.060226        0.031004        0.039149
         -0.019004        0.031750        0.069204
          0.026307       -0.014432        0.060168
          0.055698       -0.082964        0.023123
          0.053736       -0.102688       -0.029664
          0.022374       -0.047998       -0.066597
         -0.008316        0.022992       -0.058352
         -0.009849        0.051667       -0.005967
          0.001562        0.048041        0.067121
         -0.014074        0.049826        0.122578
         -0.052782        0.062168        0.111757
         -0.063009        0.064370        0.023870
         -0.022833        0.041188       -0.074466
          0.024073       -0.005143       -0.102584
          0.033630       -0.050007       -0.062997
          0.021160       -0.062731       -0.024098
          0.022699       -0.049436       -0.018612
          0.032631       -0.049351       -0.015165
          0.021789       -0.063439        0.014805
         -0.008653       -0.037013        0.054467
         -0.032908        0.045715        0.074485
         -0.041444        0.105633        0.073396
         -0.042389        0.067438        0.068632
         -0.036897       -0.027501        0.062132
         -0.016989       -0.073218        0.037083
          0.019579       -0.037487       -0.002519
          0.057894        0.018215       -0.012872
          0.066504        0.042443        0.033440
          0.027319        0.047067        0.084660
         -0.028483        0.051057        0.055739
         -0.047455        0.038359       -0.056992
         -0.025958        0.002351       -0.158440
         -0.011436       -0.017466       -0.168907
         -0.020581        0.010888       -0.110326
         -0.012040        0.049226       -0.054823
          0.034656        0.032497       -0.029969
          0.069638       -0.033480       -0.015643
          0.045250       -0.073994       -0.003776
         -0.004796       -0.054889       -0.003437
         -0.013607       -0.029835        0.001988
          0.017017       -0.047823        0.039415
          0.025460       -0.072263        0.085962
         -0.006409       -0.045018        0.087053
         -0.027107        0.014788        0.041967
         -0.005394        0.040603        0.009485
          0.018919        0.017818        0.017946
          0.001971       -0.009715        0.028233
         -0.038960       -0.013421       -0.000584
         -0.058263       -0.003012       -0.057210
         -0.041856        0.011402       -0.099943
         -0.009047        0.029599       -0.097022
          0.018991        0.039334       -0.045910
          0.034217        0.023897        0.018161
          0.039733       -0.008789        0.043770
          0.042704       -0.030079        0.022219
          0.044324       -0.023327        0.007422
          0.037415       -0.000006        0.046166
          0.017831        0.013462        0.108860
         -0.006744        0.001845        0.124682
         -0.024689       -0.018112        0.069443
         -0.032787       -0.007347       -0.014818
         -0.035450        0.050115       -0.074556
         -0.034650        0.117273       -0.088746
         -0.026250        0.139260       -0.068798
         -0.007524        0.103905       -0.041659
          0.012736        0.047954       -0.028980
          0.015111        0.008551       -0.028855
         -0.010431       -0.011244       -0.025243
         -0.041497       -0.032309       -0.014867
         -0.036234       -0.074008       -0.001671
          0.012208       -0.137460        0.029462
          0.050268       -0.196577        0.089597
          0.027911       -0.208163        0.134634
         -0.024889       -0.153566        0.097760
         -0.037417       -0.067995       -0.005054
         -0.005473        0.000965       -0.063572
          0.009514        0.057829       -0.008260
         -0.011430        0.138399        0.091913
         -0.015779        0.227650        0.112294
          0.030221        0.254700        0.017162
          0.090910        0.182186       -0.117124
          0.111982        0.055627       -0.190184
          0.074446       -0.048112       -0.153977
          0.003985       -0.089363       -0.032975
         -0.043666       -0.081648        0.093038
         -0.034093       -0.067371        0.141257
         -0.004794       -0.076097        0.091111
         -0.015457       -0.091807       -0.000955
         -0.052049       -0.072292       -0.059752
         -0.055964       -0.005784       -0.061487
         -0.034131        0.072820       -0.042471
         -0.042297        0.120032       -0.044867
         -0.072768        0.110252       -0.068298
         -0.062507        0.036971       -0.081661
         -0.002865       -0.068146       -0.066967
          0.050869       -0.126769       -0.033255
          0.068739       -0.082617        0.004460
          0.070963        0.013365        0.041754
          0.074571        0.042770        0.080946
          0.069564       -0.033123        0.117942
          0.042697       -0.115395        0.134414
         -0.003520       -0.091466        0.111596
         -0.050073        0.024517        0.058318
         -0.071982        0.124443        0.011013
         -0.060494        0.146844       -0.005122
         -0.037730        0.116623       -0.000748
         -0.038079        0.061643       -0.001056
         -0.067018       -0.022185       -0.016647
         -0.085055       -0.109800       -0.040644
         -0.049809       -0.136594       -0.060768
          0.026552       -0.084304       -0.072910
          0.086450       -0.013819       -0.086024
          0.095023        0.017361       -0.103981
          0.069151        0.014552       -0.110999
          0.037965        0.000771       -0.098369
          0.009807       -0.027376       -0.084868
         -0.015144       -0.065780       -0.071109
         -0.028223       -0.073109       -0.005972
         -0.020144       -0.016003        0.136707
          0.004124        0.080155        0.272084
          0.025008        0.157626        0.275030
          0.028048        0.187939        0.137937
          0.020631        0.176706       -0.009560
          0.013565        0.122053       -0.052321
         -0.002183        0.015741       -0.011261
         -0.027955       -0.110966        0.008123
         -0.030960       -0.191160       -0.044622
          0.002463       -0.186524       -0.112574
          0.023359       -0.113696       -0.115615
         -0.003529       -0.011830       -0.048360
         -0.030271        0.072327        0.028807
         -0.008288        0.083944        0.063242
          0.022383        0.006562        0.042866
          0.007569       -0.094580       -0.010865
         -0.023311       -0.127571       -0.051021
         -0.014158       -0.072612       -0.040686
          0.020786        0.007532       -0.000624
          0.027222        0.048386        0.016915
         -0.004081        0.046530        0.002215
         -0.036838        0.042341       -0.015666
         -0.047790        0.061138       -0.031746
         -0.046927        0.088568       -0.055966
         -0.049051        0.102265       -0.060506
         -0.049192        0.097571       -0.016208
         -0.031337        0.064344        0.035441
          0.005506       -0.021290        0.031916
          0.040773       -0.141002       -0.002639
          0.056984       -0.207429        0.012199
          0.059570       -0.152147        0.082446
          0.060790       -0.020044        0.128484
          0.057306        0.080064        0.107192
          0.041298        0.101961        0.061618
          0.019650        0.082475        0.036846
          0.000398        0.055678        0.020518
         -0.023360        0.020531       -0.012589
         -0.050750       -0.009656       -0.054894
         -0.054891       -0.003760       -0.087843
         -0.018219        0.025422       -0.110920
          0.033774        0.020394       -0.129103
          0.062450       -0.040141       -0.130300
          0.056368       -0.106747       -0.090811
          0.021479       -0.116551       -0.006842
         -0.031375       -0.050446        0.082511
         -0.067431        0.061038        0.119692
         -0.043781        0.153572        0.085482
          0.026559        0.164219        0.018170
          0.068771        0.088801       -0.030516
          0.032826       -0.005586       -0.043327
         -0.047234       -0.053540       -0.036641
         -0.099637       -0.061026       -0.028271
         -0.089782       -0.075887       -0.015455
         -0.033082       -0.110440        0.018230
          0.038681       -0.130482        0.073246
          0.099346       -0.110237        0.116821
          0.126549       -0.058283        0.114876
          0.103420        0.012366        0.080125
          0.036438        0.100538        0.055820
         -0.036800        0.188797        0.046829
         -0.074711        0.232866        0.010842
         -0.068386        0.205305       -0.068400
         -0.043290        0.128814       -0.149980
         -0.028225        0.043933       -0.198437
         -0.031063       -0.032432       -0.221547
         -0.040302       -0.092460       -0.218218
         -0.039491       -0.114598       -0.153115
         -0.019868       -0.093235       -0.028790
          0.011639       -0.063753        0.076314
          0.034380       -0.057606        0.101110
          0.034447       -0.057166        0.086946
          0.025936       -0.034641        0.110289
          0.035361       -0.009774        0.171325
          0.059825       -0.023783        0.209953
          0.063499       -0.072238        0.196219
          0.025151       -0.106079        0.141670
         -0.034359       -0.093289        0.051557
         -0.080763       -0.047752       -0.065137
         -0.098662       -0.001569       -0.156938
         -0.088746        0.025339       -0.171480
         -0.057718        0.031420       -0.128725
         -0.019028        0.030206       -0.089034
          0.014956        0.039992       -0.058920
          0.044742        0.064293       -0.000284
          0.072683        0.085665        0.075670
          0.085102        0.085804        0.109496
          0.066504        0.062990        0.094897
          0.027952        0.022866        0.093165
         -0.002621       -0.032009        0.126081
         -0.017965       -0.088058        0.132402
         -0.034951       -0.111120        0.062484
         -0.058063       -0.075738       -0.046130
         -0.065327       -0.002732       -0.122873
         -0.040718        0.053511       -0.148878
         -0.001370        0.065240       -0.154716
          0.019798        0.064219       -0.164654
          0.009461        0.092542       -0.173031
         -0.012864        0.128741       -0.158859
         -0.012995        0.104750       -0.103753
          0.020101        0.010164       -0.007850
          0.053775       -0.070660        0.099946
          0.050146       -0.066722        0.179635
          0.024071       -0.024415        0.213855
          0.021069       -0.041023        0.211304
          0.034624       -0.115550        0.179545
          0.009777       -0.143423        0.118229
         -0.053598       -0.070375        0.042120
         -0.078358        0.024436       -0.016722
         -0.025444        0.038568       -0.043253
          0.044327       -0.019540       -0.056965
          0.065691       -0.059218       -0.081577
          0.052479       -0.030977       -0.111936
          0.040665        0.031614       -0.122956
          0.019982        0.072932       -0.099437
         -0.025291        0.075425       -0.049053
         -0.064995        0.062102        0.002320
         -0.061938        0.060270        0.025262
         -0.025183        0.065619        0.012248
          0.006929        0.046763       -0.010501
          0.012115       -0.005660       -0.012530
         -0.002811       -0.051418        0.004303
         -0.018111       -0.047668        0.018687
         -0.023110       -0.008900        0.028717
         -0.024204        0.013934        0.047858
         -0.029286        0.004528        0.066395
         -0.033433       -0.007191        0.049632
         -0.031050       -0.001337       -0.015993
         -0.029735        0.006861       -0.094669
         -0.034376        0.005779       -0.132478
         -0.026080        0.008396       -0.109179
          0.018969        0.015406       -0.046717
          0.084743       -0.003585        0.025350
          0.116138       -0.061509        0.087303
          0.087910       -0.115741        0.114496
          0.047497       -0.113651        0.088642
          0.048129       -0.057974        0.041297
          0.064232        0.005084        0.039989
          0.034600        0.046661        0.097751
         -0.027720        0.067873        0.135908
         -0.046101        0.063162        0.079350
         -0.001829        0.020047       -0.039897
          0.032841       -0.035336       -0.121195
          0.001952       -0.041609       -0.120083
         -0.061176        0.022212       -0.084666
         -0.097207        0.105040       -0.072541
         -0.097599        0.153702       -0.084071
         -0.079354        0.167225       -0.089361
         -0.036291        0.153268       -0.074503
          0.031805        0.092640       -0.038184
          0.078484       -0.007597        0.019598
          0.055224       -0.085319        0.074964
         -0.018773       -0.102287        0.078308
         -0.071927       -0.102139        0.018570
         -0.060203       -0.134480       -0.031589
         -0.008813       -0.165652        0.007240
          0.025873       -0.130134        0.103365
          0.024089       -0.044068        0.137708
          0.017526        0.005618        0.054643
          0.031165       -0.012745       -0.074215
          0.039047       -0.028504       -0.150502
          0.008206        0.026415       -0.151547
         -0.037453        0.119115       -0.113390
         -0.040200        0.159823       -0.063585
          0.012723        0.109338        0.000898
          0.071056        0.009549        0.088050
          0.084981       -0.069016        0.176216
          0.057927       -0.085642        0.211256
          0.026983       -0.053083        0.157253
          0.013798       -0.018334        0.050103
          0.011205       -0.010096       -0.029548
          0.004162       -0.009642       -0.044852
         -0.013979        0.007118       -0.032183
         -0.041190        0.017519       -0.031930
         -0.069651       -0.015089       -0.033270
         -0.087215       -0.068297       -0.014550
         -0.082851       -0.075228        0.004396
         -0.055765       -0.013075       -0.006914
         -0.016257        0.070729       -0.034138
          0.025376        0.118767       -0.035722
          0.062679        0.108263       -0.003347
          0.083603        0.048073        0.028203
          0.074888       -0.024837        0.030181
          0.042631       -0.060662        0.014178
          0.008980       -0.048176        0.006388
         -0.016862       -0.031579        0.003990
         -0.042233       -0.043264       -0.019193
         -0.062276       -0.052069       -0.065614
         -0.055129       -0.018479       -0.096584
         -0.018292        0.033232       -0.073343
          0.013278        0.048495       -0.008712
          0.007305        0.023552        0.032027
         -0.020325        0.001013       -0.005504
         -0.026071        0.000516       -0.094936
          0.000482        0.005040       -0.141679
          0.025272        0.006138       -0.083531
          0.020633        0.014897        0.038480
         -0.003346        0.033966        0.132369
         -0.026786        0.054458        0.158158
         -0.046230        0.067658        0.145529
         -0.053534        0.057081        0.126762
         -0.022123        0.009850        0.099709
          0.050574       -0.043420        0.055579
          0.112491       -0.044707        0.000130
          0.111937        0.009809       -0.055089
          0.064930        0.048687       -0.090646
          0.025001        0.012676       -0.080592
          0.007477       -0.071656       -0.029898
         -0.010171       -0.124858        0.010522
         -0.036173       -0.095807        0.000885
         -0.059014       -0.005572       -0.039903
         -0.071364        0.067480       -0.069034
         -0.064816        0.057399       -0.068050
         -0.030987       -0.010977       -0.036630
          0.010773       -0.041552        0.021036
          0.028361        0.007211        0.081041
          0.028739        0.066303        0.099786
          0.041675        0.068057        0.047772
          0.053104        0.044438       -0.060198
          0.021219        0.046521       -0.162416
         -0.041306        0.037308       -0.184123
         -0.069570       -0.043619       -0.102987
         -0.035825       -0.156688        0.019382
          0.017902       -0.196291        0.101117
          0.039024       -0.129218        0.128894
          0.017742       -0.028412        0.150401
         -0.018500        0.025727        0.190585
         -0.040961        0.024351        0.216414
         -0.044883        0.007406        0.182983
         -0.039483        0.005476        0.083495
         -0.022788        0.022463       -0.047560
          0.011065        0.049142       -0.159982
          0.046939        0.068791       -0.213663
          0.061949        0.058820       -0.194605
          0.056269        0.009080       -0.120063
          0.044704       -0.056471       -0.030037
          0.033208       -0.088019        0.036390
          0.024649       -0.053289        0.062692
          0.024055        0.025171        0.052640
          0.021372        0.088000        0.019011
         -0.002991        0.098965       -0.011354
         -0.043104        0.072434       -0.003175
         -0.067382        0.039789        0.042200
         -0.061654        0.016380        0.063797
         -0.043345        0.010314        0.005951
         -0.027489        0.030128       -0.104616
         -0.007999        0.065213       -0.186044
          0.018545        0.083265       -0.187782
          0.035046        0.062186       -0.113616
          0.025374        0.010756        0.004543
          0.000771       -0.043325        0.105983
         -0.012984       -0.072663        0.116203
         -0.009033       -0.064139        0.025845
          0.000184       -0.029751       -0.072762
          0.009997       -0.001842       -0.081758
          0.023362       -0.007503       -0.007835
          0.029635       -0.042634        0.066149
          0.015345       -0.070034        0.091476
         -0.010348       -0.050428        0.086454
         -0.028782        0.014559        0.077014
         -0.037097        0.076252        0.058014
         -0.037214        0.086696        0.018087
         -0.020543        0.044927       -0.034404
          0.011916       -0.013603       -0.078778
          0.032859       -0.059746       -0.093033
          0.017507       -0.086589       -0.060444
         -0.017630       -0.092824        0.009202
         -0.026875       -0.073514        0.069899
          0.008452       -0.034756        0.081262
          0.054624       -0.002469        0.059432
          0.069629        0.003360        0.053881
          0.053042        0.001955        0.071906
          0.031513        0.033042        0.068412
          0.015570        0.093030        0.024182
         -0.002850        0.120799       -0.013683
         -0.026194        0.074376        0.002197
         -0.047970       -0.006348        0.055324
         -0.062173       -0.048637        0.097742
         -0.062081       -0.034606        0.106047
         -0.042830       -0.004324        0.076804
         -0.015567        0.004968        0.010320
         -0.004655       -0.013944       -0.069038
         -0.017719       -0.052163       -0.116335
         -0.029705       -0.090974       -0.120545
         -0.014500       -0.105513       -0.122970
          0.013620       -0.086726       -0.158049
          0.015244       -0.050903       -0.203937
         -0.013832       -0.013261       -0.210128
         -0.028526        0.032628       -0.153736
          0.003334        0.093656       -0.057435
          0.057130        0.152292        0.033562
          0.094012        0.181225        0.086480
          0.110619        0.168116        0.103769
          0.112002        0.112417        0.113357
          0.076948        0.021341        0.128425
          0.000154       -0.074637        0.122320
         -0.067645       -0.130367        0.061361
         -0.076854       -0.128977       -0.037814
         -0.046380       -0.093510       -0.107200
         -0.025166       -0.049522       -0.093837
         -0.020996       -0.005412       -0.010872
         -0.017234        0.028161        0.084960
         -0.023063        0.032989        0.147109
         -0.049840        0.006414        0.160006
         -0.067932       -0.029322        0.129820
         -0.045744       -0.045870        0.078351
         -0.007384       -0.032689        0.035592
          0.003855       -0.006702        0.015713
         -0.004915        0.004299        0.000733
          0.001980       -0.004903       -0.037999
          0.021270       -0.011713       -0.101024
          0.021281       -0.004519       -0.153950
          0.003146       -0.003201       -0.163739
         -0.000319       -0.019950       -0.132538
          0.020440       -0.030153       -0.083058
          0.039069       -0.014695       -0.018741
          0.035533        0.001500        0.072757
          0.021499       -0.007128        0.171652
          0.016376       -0.018256        0.218418
          0.016480        0.000852        0.175503
          0.005663        0.038683        0.070313
         -0.008313        0.061908       -0.039918
          0.003273        0.063566       -0.118904
          0.039401        0.055656       -0.154943
          0.057739        0.041020       -0.147714
          0.038714        0.020766       -0.110979
          0.018319        0.006542       -0.064185
          0.021578        0.003857       -0.008705
          0.015201        0.001959        0.063941
         -0.023957       -0.006309        0.132218
         -0.049347       -0.011392        0.142537
         -0.018136       -0.001881        0.066655
          0.026915        0.018941       -0.053900
          0.020703        0.033148       -0.139531
         -0.023503        0.021245       -0.149958
         -0.049261       -0.015399       -0.120151
         -0.052185       -0.043646       -0.108075
         -0.065504       -0.027955       -0.113582
         -0.083809        0.024172       -0.078697
         -0.074881        0.064698        0.025042
         -0.045649        0.062046        0.147428
         -0.031119        0.040561        0.214927
         -0.031660        0.048489        0.199118
         -0.016144        0.091155        0.117328
          0.022085        0.112324        0.010679
          0.057489        0.053086       -0.061491
          0.073149       -0.074682       -0.054225
          0.073277       -0.187054        0.010175
          0.062022       -0.208359        0.058215
          0.039227       -0.146308        0.052027
          0.012478       -0.074015        0.024255
         -0.006586       -0.041671        0.012020
         -0.013594       -0.031595        0.000719
         -0.011051       -0.007490       -0.035688
         -0.006095        0.026259       -0.074477
         -0.008972        0.040503       -0.068184
         -0.019428        0.030549       -0.014379
         -0.019313        0.016179        0.037580
          0.003648        0.008237        0.048670
          0.032616        0.007011        0.029189
          0.041092        0.022046        0.009419
          0.026601        0.060649       -0.004179
          0.008265        0.100964       -0.026064
          0.000886        0.104776       -0.057242
          0.005042        0.057963       -0.076237
          0.013067       -0.020115       -0.066771
          0.014002       -0.100078       -0.039332
         -0.000335       -0.152533       -0.018095
         -0.026092       -0.145809       -0.012131
         -0.046875       -0.070686       -0.004846
         -0.047287        0.028549        0.024193
         -0.027216        0.079632        0.064902
         -0.001059        0.051077        0.076506
          0.015036       -0.019582        0.038615
          0.012422       -0.066864       -0.009810
         -0.007215       -0.054955       -0.013406
         -0.029838       -0.000565        0.023261
         -0.035216        0.049322        0.041142
         -0.016021        0.064309        0.011526
          0.011350        0.057356       -0.026267
          0.024275        0.060405       -0.025175
          0.020948        0.078628        0.008932
          0.020247        0.083113        0.037873
          0.032697        0.052047        0.044277
          0.042364        0.004989        0.038449
          0.027319       -0.019203        0.027562
         -0.007864       -0.014913        0.004445
         -0.033557       -0.019598       -0.030977
         -0.029547       -0.062114       -0.056827
         -0.006209       -0.116917       -0.050902
          0.011983       -0.126020       -0.022550
          0.013189       -0.065251       -0.003121
          0.001444        0.021732       -0.001990
         -0.017143        0.065586        0.003280
         -0.037183        0.046550        0.025684
         -0.045335        0.009446        0.046806
         -0.026309       -0.003342        0.048337
          0.015433       -0.004614        0.037330
          0.052662       -0.026421        0.025647
          0.062798       -0.061618        0.007871
          0.049261       -0.074917       -0.023673
          0.029356       -0.051519       -0.053533
          0.012562       -0.004052       -0.049065
         -0.000461        0.050942        0.000885
         -0.010222        0.097252        0.060054
         -0.022252        0.117067        0.077845
         -0.044796        0.108680        0.049904
         -0.067670        0.094354        0.017752
         -0.061050        0.092492        0.003985
         -0.016822        0.089357       -0.013759
          0.025650        0.053415       -0.053809
          0.022156       -0.021063       -0.098891
         -0.017570       -0.094176       -0.131075
         -0.039514       -0.114657       -0.156850
         -0.010674       -0.074790       -0.175461
          0.045714       -0.018755       -0.158919
          0.079650        0.007804       -0.091431
          0.065979       -0.002048       -0.005157
          0.027775       -0.033215        0.050968
          0.009749       -0.072816        0.068110
          0.020977       -0.096429        0.079573
          0.019397       -0.067611        0.107388
         -0.023898        0.011160        0.130852
         -0.073339        0.077864        0.117424
         -0.080273        0.082710        0.063921
         -0.050820        0.051636       -0.005850
         -0.019234        0.035023       -0.064063
          0.004502        0.026054       -0.086802
          0.020712       -0.012770       -0.062789
          0.021408       -0.063980       -0.011095
          0.015652       -0.062970        0.027976
          0.024290        0.006149        0.033502
          0.035833        0.078685        0.022424
          0.019503        0.089717        0.021149
         -0.016011        0.045982        0.034748
         -0.028614       -0.000920        0.051617
         -0.007501       -0.020796        0.061340
          0.010339       -0.021434        0.055330
         -0.009145       -0.020153        0.024824
         -0.055046       -0.023256       -0.023601
         -0.083610       -0.028482       -0.059728
         -0.063303       -0.033368       -0.056763
         -0.005587       -0.037559       -0.024433
          0.050732       -0.038476        0.001436
          0.082314       -0.030680        0.003837
          0.096100       -0.016903        0.004944
          0.101116       -0.012477        0.033608
          0.084958       -0.025656        0.080082
          0.031364       -0.041146        0.097555
         -0.046478       -0.037892        0.054971
         -0.102064       -0.014603       -0.021997
         -0.091336        0.014954       -0.077594
         -0.018276        0.038103       -0.090112
          0.057075        0.041238       -0.087262
          0.070995        0.011673       -0.089998
          0.021160       -0.037384       -0.070729
         -0.036210       -0.061924        0.002268
         -0.055541       -0.033039        0.100277
         -0.043387        0.025228        0.158597
         -0.027349        0.066634        0.156285
         -0.016892        0.075493        0.124538
         -0.008052        0.064865        0.083407
          0.000553        0.042687        0.025214
          0.009124        0.013464       -0.039196
          0.015555       -0.000160       -0.073038
          0.010732        0.022734       -0.062594
         -0.008599        0.058881       -0.036083
         -0.026630        0.053134       -0.029281
         -0.023326       -0.012585       -0.053084
          0.000610       -0.085517       -0.086273
          0.022214       -0.098371       -0.089703
          0.021241       -0.048053       -0.047370
          0.005577        0.007112        0.002048
          0.002973        0.024645        0.000095
          0.023278        0.017515       -0.061293
          0.045809        0.009195       -0.124123
          0.049212       -0.006872       -0.119804
          0.030792       -0.037405       -0.034293
         -0.002842       -0.057458        0.073667
         -0.035798       -0.042405        0.122644
         -0.042068       -0.006793        0.090934
         -0.015658        0.015201        0.037738
          0.011588        0.010843        0.027521
          0.008830       -0.005825        0.056017
         -0.014449       -0.016071        0.071975
         -0.028004       -0.011636        0.046654
         -0.019960        0.008122       -0.003665
         -0.001172        0.044737       -0.044638
          0.012283        0.094058       -0.050568
          0.009321        0.129727       -0.017838
         -0.011969        0.115417        0.029714
         -0.040615        0.051008        0.053930
         -0.056860       -0.009499        0.031926
         -0.046933       -0.010706       -0.021110
         -0.015027        0.035736       -0.052934
          0.023119        0.055852       -0.011435
          0.057170       -0.004738        0.090319
          0.084825       -0.115974        0.157232
          0.098759       -0.192685        0.106929
          0.085495       -0.179310       -0.025040
          0.044107       -0.093131       -0.128648
         -0.005265        0.002211       -0.154708
         -0.039344        0.048979       -0.138698
         -0.048769        0.037119       -0.107177
         -0.035397        0.011089       -0.051214
         -0.010552        0.020580        0.003958
          0.002128        0.060911       -0.004343
         -0.013409        0.088222       -0.078512
         -0.040210        0.086880       -0.128686
         -0.046942        0.078010       -0.082265
         -0.027376        0.066551        0.020282
          0.001876        0.034063        0.087326
          0.027042       -0.014216        0.099680
          0.036961       -0.047377        0.110164
          0.020530       -0.057645        0.138202
         -0.014863       -0.065647        0.141073
         -0.045440       -0.075734        0.096459
         -0.058515       -0.066916        0.041513
         -0.053989       -0.030317        0.008275
         -0.029218        0.015307       -0.020387
          0.007857        0.043854       -0.064382
          0.029159        0.036753       -0.102305
          0.019473       -0.009224       -0.100967
         -0.000462       -0.065113       -0.059483
         -0.003391       -0.078641       -0.003918
          0.013556       -0.031441        0.042347
          0.037007        0.026784        0.068678
          0.053773        0.034821        0.071874
          0.055148       -0.002402        0.056368
          0.041734       -0.029035        0.037146
          0.023039       -0.019356        0.031099
          0.005998       -0.002100        0.040897
         -0.008220       -0.006660        0.052646
         -0.018423       -0.023649        0.052207
         -0.025718       -0.026225        0.037434
         -0.032631       -0.003839        0.012033
         -0.033338        0.034629       -0.022973
         -0.023094        0.074283       -0.065061
         -0.015944        0.100086       -0.104092
         -0.024104        0.096873       -0.128936
         -0.028979        0.055777       -0.139555
         -0.010187       -0.010756       -0.144916
          0.013349       -0.060549       -0.144154
          0.015624       -0.045767       -0.117215
          0.014611        0.032115       -0.049202
          0.041347        0.098474        0.035502
          0.080099        0.070033        0.084959
          0.088622       -0.049569        0.078499
          0.057948       -0.165206        0.053576
          0.009788       -0.185575        0.052810
         -0.041814       -0.101712        0.066232
         -0.086100        0.020689        0.060423
         -0.097007        0.099197        0.044887
         -0.060920        0.095466        0.057185
         -0.009016        0.044286        0.087360
          0.013032        0.012594        0.076726
          0.000307        0.020225        0.005304
         -0.013011        0.026584       -0.070416
         -0.006007        0.000158       -0.087604
          0.002156       -0.038243       -0.046383
         -0.015871       -0.051206        0.007661
         -0.049847       -0.026268        0.036581
         -0.055002        0.025263        0.030635
         -0.008189        0.077950        0.004880
          0.055442        0.097690       -0.008406
          0.083855        0.063879        0.014958
          0.072156       -0.012898        0.057243
          0.053306       -0.105034        0.064795
          0.038374       -0.182084        0.005601
          0.010316       -0.202391       -0.085287
         -0.027210       -0.129163       -0.134520
         -0.042828        0.011940       -0.103703
         -0.025340        0.121179       -0.020131
          0.002149        0.118156        0.061566
          0.022017        0.036422        0.105892
          0.037151       -0.016833        0.102776
          0.040775        0.012660        0.059787
          0.014020        0.081490        0.008612
         -0.033264        0.120294       -0.007146
         -0.058054        0.102284        0.018889
         -0.037942        0.043393        0.038555
          0.000496       -0.018987        0.012178
          0.020028       -0.041729       -0.034659
          0.014776       -0.007894       -0.054391
          0.005230        0.045896       -0.050501
          0.008912        0.058633       -0.062689
          0.020570        0.011425       -0.101096
          0.015977       -0.053163       -0.137234
         -0.018574       -0.084770       -0.143952
         -0.061654       -0.077009       -0.114241
         -0.076753       -0.056231       -0.055630
         -0.054369       -0.042305        0.014953
         -0.015972       -0.035602        0.080710
          0.018614       -0.025898        0.132195
          0.045935       -0.003793        0.157733
          0.063615        0.024474        0.142235
          0.061609        0.034651        0.091454
          0.034349        0.014492        0.039087
         -0.007329       -0.008781        0.011163
         -0.040884        0.004338       -0.000378
         -0.048642        0.051089       -0.013483
         -0.031057        0.084236       -0.026011
         -0.005801        0.069104       -0.029367
          0.006264        0.021366       -0.030501
         -0.000315       -0.017629       -0.033725
         -0.008208       -0.024718       -0.019075
          0.002399       -0.008926        0.028370
          0.023935        0.003359        0.079475
          0.028567       -0.007773        0.086078
          0.007998       -0.039078        0.040879
         -0.016073       -0.070910       -0.017659
         -0.022230       -0.089207       -0.056119
         -0.004862       -0.089545       -0.070517
          0.034190       -0.065262       -0.060933
          0.077656       -0.017554       -0.017921
          0.087510        0.024425        0.050223
          0.044699        0.027055        0.098653
         -0.016429       -0.001309        0.077481
         -0.047764       -0.020757       -0.014583
         -0.047761       -0.016528       -0.114577
         -0.048132       -0.007424       -0.143681
         -0.054190        0.000427       -0.080933
         -0.039536        0.021721        0.014200
         -0.002075        0.049872        0.061115
          0.015733        0.056284        0.034446
         -0.013732        0.042422       -0.026892
         -0.054086        0.045344       -0.072560
         -0.052409        0.076529       -0.080281
         -0.015846        0.097797       -0.049992
          0.003578        0.075058        0.006877
         -0.009798        0.020438        0.058736
         -0.015692       -0.034414        0.066642
          0.018022       -0.074402        0.034675
          0.069903       -0.092261        0.019433
          0.096778       -0.072491        0.052179
          0.086182       -0.011178        0.082709
          0.056505        0.062183        0.048682
          0.018773        0.107598       -0.030031
         -0.029516        0.114135       -0.082191
         -0.071671        0.099187       -0.085489
         -0.073739        0.075352       -0.077400
         -0.036336        0.036599       -0.078946
         -0.005322       -0.024111       -0.064150
         -0.006947       -0.096241       -0.011398
         -0.011093       -0.152906        0.058386
          0.013733       -0.167331        0.113567
          0.048100       -0.130933        0.151338
          0.055683       -0.062376        0.178778
          0.035077       -0.001436        0.175100
          0.008180        0.015584        0.108953
         -0.012874       -0.012994       -0.008852
         -0.022572       -0.048871       -0.120527
         -0.013838       -0.048038       -0.177246
          0.005513       -0.000002       -0.178423
          0.011405        0.065771       -0.147037
         -0.004546        0.101962       -0.093022
         -0.021601        0.075605       -0.025482
         -0.021122       -0.001223        0.021188
         -0.011991       -0.069606        0.013901
         -0.012511       -0.070253       -0.031994
         -0.022983        0.000880       -0.068732
         -0.026956        0.087979       -0.074976
         -0.009271        0.125830       -0.063332
          0.029354        0.095192       -0.039815
          0.065547        0.032066       -0.000885
          0.067495       -0.017448        0.037817
          0.029587       -0.042913        0.059931
         -0.016122       -0.056816        0.086265
         -0.035613       -0.053606        0.138962
         -0.028973       -0.018753        0.181991
         -0.020475        0.027292        0.165455
         -0.024519        0.039167        0.116986
         -0.032168        0.009057        0.108823
         -0.027114       -0.017947        0.137171
         -0.008401       -0.004303        0.121823
          0.008702        0.031764        0.037176
          0.016562        0.042013       -0.043390
          0.025840        0.003941       -0.061724
          0.040908       -0.057933       -0.055221
          0.042950       -0.095504       -0.082237
          0.018136       -0.081457       -0.132771
         -0.012213       -0.037689       -0.161729
         -0.014336       -0.011341       -0.159273
          0.011324       -0.016855       -0.139918
          0.028624       -0.018411       -0.103440
          0.011606        0.019959       -0.049739
         -0.027250        0.083549        0.001782
         -0.058625        0.121036        0.040558
         -0.066925        0.101061        0.079636
         -0.052844        0.041970        0.117914
         -0.024839       -0.012345        0.122387
          0.003067       -0.034301        0.073002
          0.018877       -0.028262       -0.001348
          0.023792       -0.016574       -0.053249
          0.028341       -0.016765       -0.065656
          0.037264       -0.024488       -0.055666
          0.043496       -0.016466       -0.044514
          0.038500        0.019607       -0.037288
          0.025960        0.061263       -0.023375
          0.017033        0.075193        0.008393
          0.010367        0.060133        0.045397
         -0.006857        0.039065        0.049693
         -0.032172        0.014014        0.003570
         -0.044183       -0.030523       -0.054832
         -0.034064       -0.077132       -0.071982
         -0.017167       -0.080890       -0.039572
         -0.006889       -0.041234        0.016062
         -0.002235       -0.016604        0.075399
         -0.004427       -0.044930        0.116770
         -0.017458       -0.097668        0.103669
         -0.030434       -0.132094        0.033876
         -0.028863       -0.137080       -0.029523
         -0.020801       -0.108523       -0.029219
         -0.018748       -0.038268        0.010503
         -0.005414        0.046174        0.027729
          0.038284        0.087082        0.013194
          0.082018        0.073869        0.002239
          0.077412        0.066243        0.001513
          0.033323        0.106712       -0.014981
          0.002584        0.155044       -0.045774
          0.001749        0.149375       -0.053687
          0.002436        0.095390       -0.022444
         -0.007211        0.049677        0.018886
         -0.010187        0.038081        0.035690
         -0.002017        0.033088        0.022672
          0.002984        0.000858       -0.008889
         -0.000799       -0.061509       -0.052627
         -0.007976       -0.128654       -0.098001
         -0.015303       -0.163490       -0.116993
         -0.019478       -0.138348       -0.089333
         -0.016926       -0.062409       -0.038790
         -0.011980        0.013083       -0.010584
         -0.009538        0.037101       -0.004837
         -0.003688        0.011283        0.028742
          0.009053       -0.014561        0.110671
          0.015084       -0.002974        0.184726
          0.001277        0.031962        0.181704
         -0.022365        0.053120        0.102642
         -0.034576        0.050236        0.007698
         -0.029274        0.044823       -0.056360
         -0.016351        0.053657       -0.083789
         -0.002899        0.066946       -0.080744
          0.013083        0.065108       -0.052006
          0.031253        0.039619       -0.019191
          0.041347       -0.009767       -0.011585
          0.033302       -0.077916       -0.024347
          0.012608       -0.139504       -0.018167
         -0.002151       -0.152534        0.022988
          0.000395       -0.100268        0.062152
          0.012586       -0.016616        0.055602
          0.018621        0.047861        0.006501
          0.011664        0.069950       -0.044091
         -0.001707        0.053844       -0.063177
         -0.010460        0.015942       -0.050684
         -0.011615       -0.014108       -0.030845
         -0.012345       -0.008708       -0.027045
         -0.016995        0.021285       -0.040104
         -0.018482        0.034221       -0.051667
         -0.009801        0.017426       -0.049140
          0.003785        0.006828       -0.036353
          0.011839        0.029571       -0.019445
          0.009288        0.059690        0.000789
         -0.003960        0.054072        0.021802
         -0.021051        0.010582        0.042076
         -0.024879       -0.030787        0.068074
         -0.004893       -0.036352        0.102177
          0.021361       -0.017378        0.134148
          0.024418       -0.017330        0.158958
          0.003630       -0.056224        0.180001
         -0.010230       -0.096856        0.178282
          0.000404       -0.087015        0.117360
          0.014048       -0.027543        0.007814
          0.002881        0.031210       -0.077122
         -0.023935        0.054017       -0.091041
         -0.031321        0.045913       -0.079807
         -0.008295        0.019339       -0.111378
          0.018274       -0.018422       -0.174439
          0.024673       -0.044016       -0.198263
          0.017689       -0.032564       -0.150492
          0.009290       -0.000687       -0.065391
         -0.006512        0.011800        0.011662
         -0.033196        0.009140        0.061601
         -0.053993        0.035921        0.078357
         -0.051408        0.095442        0.060093
         -0.023136        0.128074        0.022306
          0.025535        0.093129       -0.007367
          0.077623        0.023755       -0.017867
          0.098575       -0.026880       -0.021371
          0.071461       -0.052588       -0.024926
          0.029350       -0.074461       -0.015160
          0.013341       -0.087098        0.016257
          0.012850       -0.064760        0.051367
         -0.009417       -0.006443        0.069161
         -0.049814        0.056586        0.073430
         -0.068276        0.092039        0.075730
         -0.051468        0.088846        0.066269
         -0.029502        0.058382        0.026987
         -0.029706        0.023204       -0.035459
         -0.043706       -0.005628       -0.090695
         -0.045530       -0.039636       -0.114416
         -0.024837       -0.086456       -0.105834
          0.005640       -0.120087       -0.081212
          0.028168       -0.103983       -0.056156
          0.035451       -0.043226       -0.029557
          0.028973        0.014829        0.011962
          0.016032        0.038545        0.064940
          0.012249        0.042754        0.096009
          0.028932        0.049872        0.077555
          0.051266        0.051366        0.026430
          0.049312        0.031519       -0.016546
          0.017048        0.002731       -0.035262
         -0.019601       -0.013875       -0.038725
         -0.036564       -0.023830       -0.024117
         -0.033564       -0.045087        0.022861
         -0.021134       -0.072327        0.089595
         -0.004623       -0.080604        0.131802
          0.013320       -0.055803        0.115797
          0.025217       -0.008654        0.046668
          0.022472        0.031889       -0.042091
          0.005986        0.039893       -0.106234
         -0.013272        0.021154       -0.110344
         -0.025687        0.008298       -0.060683
         -0.029188        0.010706       -0.011494
         -0.026029       -0.000981       -0.009930
         -0.021611       -0.033504       -0.042040
         -0.021563       -0.037633       -0.058824
         -0.022359        0.017230       -0.042431
         -0.013553        0.074625       -0.013362
          0.006085        0.057969        0.017641
          0.026268       -0.016802        0.059222
          0.038172       -0.057288        0.093960
          0.037583       -0.018262        0.074249
          0.024500        0.044935       -0.005285
          0.012189        0.055400       -0.073771
          0.018222        0.005925       -0.067681
          0.033242       -0.044621       -0.016518
          0.024751       -0.042324        0.004500
         -0.012570        0.006785       -0.019083
         -0.039990        0.045133       -0.035676
         -0.026441        0.028361       -0.011657
          0.009361       -0.019818        0.032232
          0.026082       -0.035532        0.063315
          0.008249        0.005198        0.072447
         -0.025434        0.063964        0.063827
         -0.045554        0.095993        0.040071
         -0.035607        0.092151        0.007393
         -0.005882        0.063193       -0.017981
          0.012489        0.020451       -0.018572
         -0.000250       -0.018454        0.005933
         -0.025637       -0.034418        0.030000
         -0.026461       -0.029250        0.023581
          0.005032       -0.025670       -0.009081
          0.035444       -0.039714       -0.025115
          0.036427       -0.067176        0.007657
          0.025155       -0.096141        0.068807
          0.035916       -0.114132        0.107635
          0.061958       -0.103955        0.094015
          0.060054       -0.054933        0.032610
          0.015016        0.018272       -0.055291
         -0.037389        0.084763       -0.142353
         -0.061437        0.124122       -0.199555
         -0.058091        0.131471       -0.211905
         -0.039592        0.108277       -0.186739
         -0.009459        0.067450       -0.137141
          0.015961        0.034304       -0.069855
          0.009177        0.019590        0.000540
         -0.024282        0.002202        0.048082
         -0.042331       -0.038447        0.067048
         -0.024942       -0.083024        0.087786
          0.002042       -0.092608        0.134245
          0.014321       -0.064435        0.176962
          0.017313       -0.037644        0.157418
          0.014767       -0.037771        0.062819
         -0.004488       -0.041816       -0.046416
         -0.031891       -0.013869       -0.099053
         -0.033773        0.040307       -0.085379
         -0.000398        0.074933       -0.043307
          0.032799        0.059875        0.005861
          0.031460        0.016858        0.061575
          0.005436       -0.010028        0.097645
         -0.010491       -0.006004        0.075575
         -0.002029        0.009182        0.011534
          0.014944        0.017050       -0.027814
          0.022334        0.019294       -0.010046
          0.020543        0.023423        0.030397
          0.017903        0.027211        0.052353
          0.013606        0.020403        0.053143
          0.003694       -0.004924        0.044894
         -0.004892       -0.045609        0.029147
         -0.002652       -0.086705        0.007837
          0.005233       -0.110467       -0.009300
          0.005970       -0.106173       -0.015719
         -0.000882       -0.072780       -0.012080
         -0.005361       -0.019234       -0.004351
         -0.005814        0.033389       -0.005381
         -0.012155        0.059069       -0.024105
         -0.028115        0.049856       -0.049648
         -0.038782        0.029079       -0.063220
         -0.025742        0.026558       -0.062850
          0.005290        0.042324       -0.058636
          0.026173        0.049576       -0.053450
          0.021373        0.027367       -0.046687
          0.005305       -0.023629       -0.043597
         -0.001347       -0.081875       -0.043487
          0.004421       -0.106067       -0.032236
          0.011103       -0.063096       -0.001868
          0.005796        0.022428        0.033563
         -0.013044        0.075729        0.054418
         -0.028648        0.052914        0.058828
         -0.023563       -0.011076        0.057683
         -0.004076       -0.051469        0.054808
          0.012146       -0.042958        0.047095
          0.025032       -0.007517        0.038214
          0.043473        0.020989        0.035187
          0.057600        0.027722        0.034363
          0.046478        0.027610        0.025412
          0.009947        0.048628        0.006412
         -0.025685        0.094772       -0.016039
         -0.036085        0.131746       -0.037896
         -0.025127        0.121858       -0.061057
         -0.016894        0.067250       -0.088588
         -0.023655        0.006895       -0.118541
         -0.032735       -0.024547       -0.138378
         -0.028339       -0.024486       -0.127848
         -0.013499       -0.013997       -0.076293
         -0.002702       -0.014793        0.000429
         -0.001668       -0.034180        0.065962
         -0.002554       -0.060648        0.091331
          0.004562       -0.072573        0.077032
          0.021751       -0.061270        0.047242
          0.042079       -0.043947        0.026230
          0.050681       -0.041130        0.024093
          0.031772       -0.046670        0.039422
         -0.010582       -0.040572        0.062495
         -0.043841       -0.026137        0.072630
         -0.040899       -0.024380        0.047558
         -0.016612       -0.030292       -0.010281
         -0.003532       -0.009703       -0.065262
         -0.001502        0.047505       -0.082669
          0.012671        0.100647       -0.065087
          0.034855        0.105493       -0.038879
          0.035112        0.070876       -0.015026
          0.006388        0.046069        0.013664
         -0.026305        0.057378        0.044607
         -0.042975        0.077960        0.062233
         -0.043030        0.065655        0.062992
         -0.028242        0.014601        0.061014
         -0.000396       -0.041999        0.063599
          0.028045       -0.069956        0.057660
          0.041374       -0.063304        0.029818
          0.035673       -0.042733       -0.010914
          0.019204       -0.035260       -0.043396
          0.005418       -0.052715       -0.060486
          0.004515       -0.084436       -0.068590
          0.011620       -0.108574       -0.066653
          0.009373       -0.107655       -0.047743
         -0.007359       -0.077501       -0.019487
         -0.019706       -0.031129        0.002157
         -0.009926        0.008926        0.020059
          0.012266        0.031108        0.050156
          0.022659        0.041724        0.084204
          0.013553        0.047046        0.085628
         -0.003657        0.043127        0.036961
         -0.020726        0.029452       -0.026007
         -0.038262        0.017097       -0.046746
         -0.049915        0.016824       -0.011069
         -0.042006        0.027373        0.037204
         -0.015711        0.035066        0.045474
          0.008570        0.023540        0.003579
          0.018466       -0.005689       -0.058330
          0.024481       -0.024418       -0.104664
          0.036120       -0.008410       -0.114080
          0.039460        0.026176       -0.081202
          0.015404        0.042032       -0.019807
         -0.028650        0.034638        0.040217
         -0.062554        0.036285        0.072309
         -0.066944        0.060605        0.070064
         -0.048853        0.074500        0.044022
         -0.023682        0.043661        0.007462
          0.002897       -0.015397       -0.032486
          0.030567       -0.053291       -0.070317
          0.055295       -0.047546       -0.091194
          0.070272       -0.020625       -0.077324
          0.068440       -0.004307       -0.033734
          0.046036       -0.011425        0.009160
          0.011780       -0.039529        0.033079
         -0.014416       -0.074847        0.052726
         -0.021432       -0.092134        0.083079
         -0.017081       -0.075558        0.109202
         -0.011583       -0.039382        0.108925
         -0.005040       -0.008146        0.084340
          0.000569        0.015078        0.050716
         -0.004954        0.039067        0.013197
         -0.021559        0.056651       -0.026574
         -0.030453        0.053665       -0.057924
         -0.018204        0.036912       -0.074075
          0.004175        0.026677       -0.082683
          0.018138        0.025230       -0.085496
          0.020722        0.017920       -0.063331
          0.020577        0.006194       -0.004275
          0.022594        0.012684        0.063682
          0.025517        0.042859        0.092829
          0.026164        0.064049        0.066684
          0.019675        0.042231        0.013167
          0.002696       -0.011023       -0.030806
         -0.018545       -0.048596       -0.050204
         -0.030569       -0.044079       -0.047621
         -0.029549       -0.019749       -0.030248
         -0.027814       -0.011057       -0.012471
         -0.034173       -0.019655       -0.014833
         -0.038491       -0.017872       -0.042111
         -0.030236        0.009680       -0.069747
         -0.018905        0.047615       -0.069813
         -0.014976        0.070942       -0.048368
         -0.005372        0.070104       -0.038531
          0.023727        0.051336       -0.051653
          0.052412        0.020570       -0.055213
          0.049150       -0.024433       -0.015524
          0.020118       -0.084829        0.053515
          0.002373       -0.149797        0.109951
          0.010073       -0.197381        0.141356
          0.019724       -0.202060        0.168115
          0.011355       -0.147440        0.190562
         -0.005160       -0.046849        0.174359
         -0.012960        0.050771        0.103715
         -0.013268        0.095550        0.014476
         -0.015741        0.084000       -0.047747
         -0.020803        0.060339       -0.075069
         -0.022919        0.067133       -0.082318
         -0.020231        0.104042       -0.074475
         -0.012803        0.136983       -0.056425
          0.000718        0.135780       -0.047609
          0.018537        0.095578       -0.053714
          0.031665        0.031426       -0.045662
          0.030028       -0.033813       -0.002445
          0.015502       -0.076761        0.042388
          0.004181       -0.082863        0.035954
          0.006161       -0.057465       -0.021616
          0.009160       -0.023383       -0.077119
         -0.001212       -0.002579       -0.090940
         -0.014137       -0.003509       -0.067876
         -0.010086       -0.024837       -0.026548
          0.006254       -0.057362        0.021760
          0.015361       -0.077922        0.058268
          0.012708       -0.060698        0.053774
          0.005576       -0.008727       -0.002981
         -0.005506        0.040099       -0.083395
         -0.021609        0.053702       -0.133320
         -0.035096        0.042141       -0.114155
         -0.038595        0.039660       -0.036250
         -0.031873        0.058252        0.050470
         -0.014152        0.073501        0.104180
          0.014095        0.056943        0.123885
          0.038350        0.012701        0.130802
          0.037365       -0.025180        0.131346
          0.008616       -0.030566        0.114381
         -0.026889       -0.013272        0.078611
         -0.046555       -0.005259        0.042562
         -0.041541       -0.023635        0.021031
         -0.014439       -0.054246        0.004690
          0.022010       -0.070554       -0.026158
          0.045401       -0.061234       -0.074092
          0.039597       -0.036701       -0.119990
          0.013860       -0.014214       -0.140286
         -0.004237       -0.002335       -0.122161
          0.000802        0.001485       -0.072512
          0.014843        0.005395       -0.022574
          0.013414        0.018917       -0.010240
         -0.004032        0.047164       -0.039740
         -0.013811        0.081185       -0.066569
         -0.005963        0.099013       -0.040074
          0.001298        0.085926        0.041976
         -0.003371        0.050419        0.131238
         -0.004645        0.011927        0.173591
          0.007945       -0.021901        0.150192
          0.018918       -0.055759        0.087959
          0.012329       -0.089301        0.034540
         -0.008224       -0.109731        0.008546
         -0.031758       -0.100875       -0.019943
         -0.047131       -0.056207       -0.076947
         -0.040410        0.011745       -0.130437
         -0.011387        0.073303       -0.129971
          0.013826        0.100736       -0.084349
          0.013210        0.087745       -0.045238
          0.001821        0.047728       -0.022452
          0.006634       -0.000623        0.021371
          0.022202       -0.042351        0.088599
          0.024204       -0.071823        0.123841
          0.014365       -0.093534        0.091109
          0.015547       -0.107531        0.020991
          0.030086       -0.097307       -0.037387
          0.036358       -0.048162       -0.064627
          0.023231        0.025998       -0.056293
          0.003111        0.090868       -0.009584
         -0.007223        0.122535        0.051308
         -0.004258        0.116854        0.076222
          0.000778        0.079673        0.042405
         -0.007527        0.027129       -0.017669
         -0.031634       -0.012606       -0.057886
         -0.054446       -0.017523       -0.063602
         -0.056115        0.008791       -0.045057
         -0.034878        0.041835       -0.017599
         -0.005908        0.053325       -0.004267
          0.014618        0.025361       -0.025455
          0.018811       -0.034411       -0.065198
          0.008450       -0.089054       -0.076564
         -0.005279       -0.101467       -0.039859
         -0.007957       -0.070955        0.013639
          0.005974       -0.027869        0.052442
          0.026398        0.004804        0.082463
          0.033952        0.027007        0.110133
          0.017290        0.041177        0.109235
         -0.013515        0.038120        0.064189
         -0.035864        0.013193        0.015202
         -0.037778       -0.015336        0.014272
         -0.023001       -0.020980        0.053343
          0.004211       -0.005726        0.075795
          0.039924       -0.005403        0.048960
          0.064563       -0.040804       -0.005476
          0.052922       -0.077257       -0.046374
          0.011831       -0.063264       -0.056126
         -0.017424       -0.002456       -0.050657
         -0.010118        0.049445       -0.056694
          0.012430        0.058366       -0.080388
          0.020091        0.044492       -0.102761
          0.013323        0.037946       -0.106824
          0.006145        0.039542       -0.092628
         -0.002587        0.036377       -0.059874
         -0.017041        0.027652       -0.002117
         -0.026093        0.020777        0.066386
         -0.021315        0.017054        0.106437
         -0.015587        0.010733        0.099912
         -0.021532       -0.003252        0.076574
         -0.027490       -0.022620        0.071589
         -0.016843       -0.037827        0.078554
          0.002882       -0.042257        0.069792
          0.010270       -0.039978        0.042807
         -0.002217       -0.035562        0.015852
         -0.024582       -0.022464       -0.011721
         -0.040988        0.004000       -0.060655
         -0.037047        0.028160       -0.127938
         -0.009556        0.027894       -0.169116
          0.024535        0.005113       -0.143287
          0.039949       -0.016553       -0.063063
          0.029105       -0.023732        0.018437
          0.010372       -0.022373        0.062038
          0.006999       -0.013885        0.065534
          0.021967        0.011026        0.042950
          0.038809        0.044650        0.009865
          0.042859        0.055609       -0.012160
          0.031754        0.028198       -0.007356
          0.010200       -0.012696        0.011624
         -0.010297       -0.032671        0.017114
         -0.012749       -0.025221        0.006661
          0.005084       -0.006317        0.006234
          0.019134        0.008635        0.028130
          0.007993        0.012027        0.048165
         -0.017392        0.004381        0.035166
         -0.034605       -0.005461       -0.011010
         -0.044271       -0.010228       -0.059153
         -0.057304       -0.012552       -0.073853
         -0.064730       -0.014090       -0.040143
         -0.049995       -0.005099        0.023094
         -0.018235        0.020325        0.071148
          0.012097        0.045745        0.075030
          0.033791        0.045668        0.056501
          0.047117        0.014991        0.055311
          0.046778       -0.026329        0.064755
          0.030460       -0.054656        0.041254
          0.008221       -0.059155       -0.019280
         -0.007220       -0.042370       -0.065829
         -0.008886       -0.017490       -0.066476
          0.004831       -0.004561       -0.047742
          0.023390       -0.015365       -0.040871
          0.024731       -0.036042       -0.037825
          0.001663       -0.036879       -0.024922
         -0.024414       -0.008576       -0.014660
         -0.034015        0.024671       -0.014779
         -0.035071        0.040049       -0.005066
         -0.038948        0.045756        0.022607
         -0.034112        0.057477        0.034915
         -0.007764        0.066558        0.005011
          0.024894        0.058640       -0.036467
          0.038517        0.045188       -0.041405
          0.033268        0.044114       -0.017822
          0.029129        0.043860       -0.013952
          0.031551        0.021046       -0.035795
          0.026046       -0.017770       -0.036760
          0.005218       -0.045382        0.002054
         -0.019649       -0.054639        0.036378
         -0.034304       -0.058513        0.026260
         -0.032347       -0.058916       -0.005514
         -0.013817       -0.044670       -0.011850
          0.011415       -0.015109        0.012663
          0.025421        0.016624        0.033247
          0.021994        0.039583        0.025127
          0.015198        0.049218       -0.000458
          0.015707        0.043441       -0.013516
          0.013393        0.028114        0.003854
         -0.001355        0.016510        0.040656
         -0.015856        0.010054        0.065574
         -0.014762       -0.007024        0.054307
         -0.006745       -0.038717        0.012582
         -0.009032       -0.059917       -0.025483
         -0.017453       -0.048901       -0.026509
         -0.015103       -0.022977        0.005630
         -0.001018       -0.018465        0.027159
          0.011071       -0.043026        0.002825
          0.014013       -0.068405       -0.048485
          0.009663       -0.066780       -0.075262
         -0.001029       -0.036814       -0.054561
         -0.014644        0.005966       -0.010689
         -0.019278        0.047634        0.021556
         -0.006065        0.076696        0.030450
          0.016298        0.078428        0.026998
          0.027632        0.046759        0.028814
          0.015639        0.003702        0.043182
         -0.013186       -0.012638        0.057735
         -0.038433        0.008247        0.054949
         -0.043296        0.033555        0.037818
         -0.031202        0.029583        0.024259
         -0.017294        0.003169        0.014747
         -0.002222       -0.015579       -0.008793
          0.024182       -0.014497       -0.046275
          0.049564       -0.004522       -0.070372
          0.044079        0.002021       -0.065189
          0.008666        0.001078       -0.048747
         -0.020937       -0.005403       -0.043142
         -0.027215       -0.010900       -0.041677
         -0.025209       -0.011291       -0.022480
         -0.020400       -0.011513        0.013433
         -0.000204       -0.014787        0.035071
          0.028960       -0.011881        0.020358
          0.040935        0.002371       -0.007335
          0.029422        0.011169       -0.001344
          0.012804       -0.003105        0.046825
          0.001198       -0.025689        0.090319
         -0.010437       -0.022479        0.082268
         -0.019703        0.011925        0.029544
         -0.015784        0.041915       -0.022739
         -0.000496        0.035976       -0.045441
          0.012513        0.006217       -0.046769
          0.017756       -0.012117       -0.047046
          0.017787       -0.007321       -0.052298
          0.009436        0.003102       -0.057694
         -0.008880        0.006832       -0.061767
         -0.023535        0.013016       -0.064222
         -0.020321        0.030169       -0.055570
         -0.005170        0.045940       -0.022210
          0.007738        0.039380        0.033818
          0.017223        0.005931        0.085111
          0.025663       -0.037629        0.098023
          0.022657       -0.069306        0.067492
          0.001788       -0.076319        0.027946
         -0.019062       -0.058096        0.020991
         -0.020603       -0.026025        0.052341
         -0.012956        0.000376        0.084925
         -0.015265        0.008638        0.075040
         -0.019991        0.006106        0.016342
         -0.011347        0.007721       -0.051211
         -0.002910        0.013449       -0.080616
         -0.017052        0.012231       -0.065347
         -0.038937        0.005383       -0.038007
         -0.031826        0.005531       -0.024760
          0.006871        0.011406       -0.020053
          0.039994        0.007268       -0.007469
          0.041241       -0.006637        0.015084
          0.023961       -0.006941        0.035113
          0.014136        0.018494        0.037047
          0.014482        0.050154        0.015489
          0.008694        0.064099       -0.016182
         -0.007399        0.060087       -0.039816
         -0.017981        0.047636       -0.055860
         -0.012704        0.025644       -0.074457
         -0.000800       -0.002600       -0.086541
          0.006968       -0.015242       -0.072067
          0.011867       -0.002930       -0.036352
          0.014881        0.003070       -0.006742
          0.008316       -0.028315        0.007873
         -0.010259       -0.070848        0.022879
         -0.026877       -0.069686        0.043988
         -0.023911       -0.023568        0.060266
         -0.001214        0.009953        0.069796
          0.021363       -0.003544        0.078845
          0.024447       -0.035140        0.076848
          0.008927       -0.045339        0.046043
         -0.008923       -0.031773       -0.002579
         -0.018554       -0.007032       -0.032870
         -0.022400        0.028376       -0.025677
         -0.023738        0.065485        0.005943
         -0.020290        0.073600        0.040486
         -0.012610        0.036758        0.061271
         -0.005936       -0.017810        0.051007
          0.001172       -0.050088        0.005329
          0.017771       -0.050890       -0.046146
          0.043514       -0.039301       -0.061655
          0.061271       -0.028722       -0.035935
          0.054689       -0.011724       -0.005901
          0.027087        0.020080       -0.006138
         -0.002002        0.050217       -0.035199
         -0.015409        0.046061       -0.063725
         -0.012404        0.000241       -0.063053
         -0.007284       -0.050271       -0.030646
         -0.012686       -0.061209        0.005800
         -0.023615       -0.030179        0.018973
         -0.024080        0.004395        0.016211
         -0.010683        0.010375        0.023029
          0.000873       -0.004496        0.035651
         -0.002366       -0.010072        0.024786
         -0.013180        0.005527       -0.008163
         -0.017075        0.026023       -0.020303
         -0.013747        0.033568        0.009790
         -0.014253        0.026515        0.045404
         -0.021809        0.009204        0.043292
         -0.027382       -0.014297        0.013303
         -0.022282       -0.028852       -0.003412
         -0.005556       -0.011547        0.002972
          0.017672        0.039759        0.003607
          0.037281        0.093065       -0.018635
          0.043474        0.109752       -0.043060
          0.037175        0.081379       -0.045035
          0.027577        0.033062       -0.032751
          0.017860       -0.005496       -0.030793
          0.004918       -0.024942       -0.040634
         -0.007919       -0.032447       -0.042449
         -0.012796       -0.032907       -0.030047
         -0.010933       -0.025402       -0.015705
         -0.009893       -0.016664       -0.001762
         -0.009204       -0.021422        0.021498
         -0.002556       -0.040052        0.047160
          0.008394       -0.050048        0.053789
          0.015260       -0.034782        0.043278
          0.013537       -0.009826        0.043721
          0.001181       -0.002827        0.062258
         -0.023071       -0.015848        0.067025
         -0.046837       -0.027393        0.034918
         -0.044164       -0.025267       -0.011121
         -0.006180       -0.015417       -0.035883
          0.040351       -0.000524       -0.037815
          0.060725        0.026770       -0.034912
          0.047577        0.062799       -0.027593
          0.017156        0.081588       -0.006289
         -0.015714        0.057502        0.019399
         -0.044153       -0.002419        0.028283
         -0.059665       -0.056044        0.016994
         -0.052744       -0.063320        0.000955
         -0.024784       -0.027758       -0.008433
          0.009552        0.006498       -0.011884
          0.034273        0.003778       -0.011198
          0.041318       -0.025697       -0.003265
          0.030219       -0.044783        0.013453
          0.008259       -0.034701        0.034426
         -0.010090       -0.007636        0.054235
         -0.014744        0.018202        0.069815
         -0.010374        0.037327        0.073076
         -0.007383        0.049173        0.048170
         -0.008383        0.047068       -0.011550
         -0.010974        0.023817       -0.086062
         -0.013471       -0.016479       -0.139305
         -0.010924       -0.056291       -0.147855
          0.001810       -0.073121       -0.115069
          0.018771       -0.053521       -0.063338
          0.028450       -0.007273       -0.017315
          0.030733        0.031705        0.014224
          0.033756        0.030546        0.044438
          0.036997       -0.007029        0.086602
          0.032138       -0.037804        0.125346
          0.017578       -0.023810        0.125797
          0.000555        0.024832        0.077484
         -0.013337        0.063240        0.013676
         -0.026367        0.061801       -0.024601
         -0.043767        0.031669       -0.032942
         -0.061765        0.008302       -0.037452
         -0.062840        0.019643       -0.052974
         -0.033142        0.061188       -0.068407
          0.013166        0.094910       -0.071598
          0.040837        0.082823       -0.065783
          0.031828        0.025395       -0.057505
          0.003988       -0.042405       -0.046676
         -0.015229       -0.088395       -0.030393
         -0.018181       -0.101916       -0.002843
         -0.010921       -0.084531        0.040444
          0.004595       -0.045950        0.082011
          0.026848       -0.007340        0.083978
          0.045136        0.012949        0.035596
          0.048013        0.018053       -0.019271
          0.034969        0.021699       -0.032427
          0.011514        0.023177       -0.011174
         -0.018434        0.011604        0.004053
         -0.045940       -0.007569        0.002511
         -0.052528       -0.011177        0.006012
         -0.028058        0.010320        0.022442
          0.009259        0.034868        0.034247
          0.026658        0.033571        0.028133
          0.013485        0.005657        0.007312
         -0.008490       -0.023691       -0.019777
         -0.014070       -0.034599       -0.039040
         -0.001322       -0.026765       -0.028369
          0.014279       -0.008389        0.019474
          0.019563        0.009728        0.077515
          0.011098        0.012058        0.107316
         -0.006386       -0.009231        0.094305
         -0.020411       -0.038544        0.049460
         -0.017352       -0.048790       -0.006392
          0.001604       -0.030217       -0.045483
          0.016478        0.002290       -0.044314
          0.010880        0.027996       -0.015174
         -0.006538        0.036403       -0.006677
         -0.015604        0.027600       -0.047461
         -0.013824        0.009455       -0.104246
         -0.014574       -0.003779       -0.120016
         -0.020421       -0.001045       -0.081658
         -0.019101        0.013437       -0.025832
         -0.005156        0.024775        0.012729
          0.012239        0.024742        0.031602
          0.021418        0.018043        0.039801
          0.016142        0.013420        0.033721
         -0.001046        0.014991        0.008822
         -0.014013        0.019046       -0.020041
         -0.004660        0.014464       -0.031011
          0.021646       -0.008285       -0.024355
          0.038564       -0.043214       -0.019677
          0.035119       -0.068488       -0.023048
          0.028888       -0.065063       -0.016990
          0.031816       -0.033771        0.011364
          0.027799        0.007694        0.050791
          0.002844        0.040941        0.081595
         -0.025864        0.057334        0.093329
         -0.034715        0.056141        0.082141
         -0.028609        0.038825        0.050756
         -0.027322        0.008972        0.016670
         -0.032618       -0.023600       -0.000385
         -0.031540       -0.045013       -0.003239
         -0.020159       -0.048107       -0.008858
         -0.004706       -0.038432       -0.017378
          0.011294       -0.027314       -0.017301
          0.026220       -0.022606       -0.017749
          0.034165       -0.024993       -0.038708
          0.028517       -0.024965       -0.067318
          0.007938       -0.006124       -0.063348
         -0.019667        0.034362       -0.015746
         -0.035616        0.070324        0.042133
         -0.024824        0.070324        0.080082
          0.001951        0.036886        0.097801
          0.016278        0.001050        0.098088
          0.007992       -0.020448        0.072162
         -0.005377       -0.035047        0.025839
         -0.008482       -0.042597       -0.011606
         -0.006967       -0.029358       -0.022994
         -0.011098       -0.000981       -0.026453
         -0.018803        0.011972       -0.047281
         -0.023786       -0.005808       -0.082031
         -0.027351       -0.032784       -0.104979
         -0.030059       -0.038635       -0.098950
         -0.020153       -0.016007       -0.066918
          0.012639        0.020442       -0.023598
          0.053796        0.050685        0.011015
          0.073772        0.059833        0.019474
          0.064156        0.042839        0.003423
          0.044589        0.006093       -0.013369
          0.028752       -0.034111       -0.010315
          0.006596       -0.055194        0.006730
         -0.028155       -0.040728        0.016697
         -0.055457       -0.000547        0.012256
         -0.053195        0.031459        0.007449
         -0.028671        0.034664        0.016164
         -0.004817        0.024320        0.029835
          0.013808        0.021212        0.025424
          0.036646        0.020231       -0.000666
          0.055946        0.011343       -0.019117
          0.049811        0.005081       -0.003472
          0.017040        0.008129        0.031071
         -0.019329        0.000890        0.046545
         -0.044642       -0.027129        0.031477
         -0.061092       -0.044500        0.005570
         -0.064508       -0.016213       -0.018333
         -0.043172        0.043327       -0.046158
         -0.002570        0.087238       -0.074781
          0.033910        0.091725       -0.082701
          0.052313        0.068332       -0.060538
          0.057979        0.033556       -0.027250
          0.057022       -0.008116        0.001008
          0.044676       -0.053421        0.038223
          0.018429       -0.088880        0.099575
         -0.009344       -0.097603        0.156251
         -0.024071       -0.079917        0.151358
         -0.028863       -0.061139        0.068641
         -0.038228       -0.063039       -0.038067
         -0.053744       -0.068848       -0.100588
         -0.059417       -0.041030       -0.105712
         -0.043357        0.021453       -0.086902
         -0.015026        0.073608       -0.061571
          0.003574        0.083656       -0.014947
          0.002243        0.068973        0.051886
         -0.005388        0.054610        0.099749
          0.001357        0.031940        0.096341
          0.023520       -0.012390        0.055058
          0.042525       -0.057661        0.011270
          0.046736       -0.073435       -0.016986
          0.043214       -0.060229       -0.030752
          0.039499       -0.037126       -0.036126
          0.031183       -0.009831       -0.042705
          0.015734        0.022902       -0.055526
          0.001840        0.049486       -0.058578
         -0.005670        0.056408       -0.030205
         -0.014916        0.047418        0.014911
         -0.030033        0.036079        0.028483
         -0.039855        0.029422       -0.008440
         -0.034540        0.027210       -0.051646
         -0.020335        0.023964       -0.046280
         -0.008761        0.007798        0.006764
         -0.002862       -0.024449        0.059354
         -0.000264       -0.049535        0.074086
          0.000390       -0.040272        0.052119
         -0.000184       -0.007796        0.017573
         -0.001757        0.008452       -0.003785
         -0.005002       -0.003932        0.001369
         -0.008279       -0.018394        0.023708
         -0.006575       -0.016675        0.039528
          0.002794       -0.010385        0.037496
          0.014885       -0.006670        0.027712
          0.020465        0.009352        0.018915
          0.015717        0.040895        0.003415
          0.006263        0.059677       -0.024560
         -0.001131        0.042165       -0.051921
         -0.007140        0.005496       -0.063027
         -0.015444       -0.014348       -0.062115
         -0.024126       -0.008895       -0.065740
         -0.027583       -0.002468       -0.077841
         -0.023384       -0.015609       -0.081438
         -0.012019       -0.040659       -0.056161
          0.006672       -0.056527       -0.003451
          0.030933       -0.053618        0.048695
          0.051755       -0.036003        0.073358
          0.056417       -0.009805        0.074464
          0.042057        0.017788        0.076117
          0.022025        0.033993        0.083629
          0.011013        0.029290        0.073898
          0.006520        0.011311        0.030708
         -0.005004        0.000050       -0.026621
         -0.026003        0.005181       -0.061454
         -0.043221        0.011355       -0.058471
         -0.044615       -0.007333       -0.032981
         -0.032779       -0.051301       -0.005366
         -0.022661       -0.078886        0.019814
         -0.027683       -0.044373        0.043711
         -0.042268        0.041476        0.055961
         -0.041029        0.108862        0.043917
         -0.007430        0.101852        0.013650
          0.039759        0.039469       -0.014597
          0.063787       -0.012725       -0.029081
          0.052346       -0.019417       -0.031162
          0.027867       -0.002326       -0.023299
          0.015172        0.002172       -0.007887
          0.014470       -0.015132        0.006396
          0.013257       -0.040681        0.011076
          0.011192       -0.059191        0.008543
          0.016127       -0.058177        0.006797
          0.021386       -0.030883        0.005327
          0.010470        0.010476       -0.006914
         -0.012723        0.038581       -0.037653
         -0.023739        0.041252       -0.076849
         -0.015961        0.035560       -0.099889
         -0.012130        0.039926       -0.089574
         -0.024029        0.044695       -0.053184
         -0.029123        0.027460       -0.014107
         -0.007994       -0.007258        0.009736
          0.019965       -0.024252        0.016586
          0.023199       -0.002857        0.017213
          0.001912        0.029982        0.024061
         -0.018356        0.031475        0.037875
         -0.024111       -0.000603        0.045844
         -0.023951       -0.026573        0.039893
         -0.027730       -0.016995        0.030221
         -0.032271        0.016075        0.028958
         -0.029076        0.039635        0.028183
         -0.016662        0.033498        0.010595
          0.000256        0.003488       -0.020427
          0.018658       -0.027629       -0.036843
          0.036120       -0.043834       -0.016622
          0.045355       -0.052268        0.029641
          0.039871       -0.066857        0.068398
          0.024121       -0.078906        0.075538
          0.010345       -0.063864        0.053765
          0.005555       -0.018808        0.021094
          0.005963        0.028468       -0.009009
          0.004124        0.052391       -0.033852
         -0.001287        0.051976       -0.054124
         -0.005665        0.036674       -0.065715
         -0.008207        0.011578       -0.060103
         -0.014608       -0.015400       -0.032952
         -0.025557       -0.030292        0.007818
         -0.031081       -0.027141        0.044053
         -0.024616       -0.012299        0.059299
         -0.013473        0.010498        0.050085
         -0.005010        0.043163        0.026822
          0.006558        0.074984        0.003785
          0.026600        0.079957       -0.013299
          0.044804        0.045049       -0.028639
          0.047933       -0.010343       -0.042609
          0.037209       -0.053147       -0.042596
          0.019907       -0.067129       -0.019268
         -0.003639       -0.059429        0.011334
         -0.030767       -0.044436        0.019056
         -0.047279       -0.027339       -0.004412
         -0.041862       -0.004061       -0.034752
         -0.019923        0.021799       -0.041700
          0.005028        0.029547       -0.015336
          0.021724        0.004533        0.030484
          0.019756       -0.031733        0.067743
         -0.004324       -0.037883        0.072433
         -0.034644       -0.004702        0.046011
         -0.046186        0.031984        0.013878
         -0.030905        0.038760       -0.003944
         -0.001255        0.022953       -0.009118
          0.028365        0.013679       -0.008870
          0.048744        0.024610       -0.004412
          0.050956        0.045433       -0.003373
          0.031358        0.054475       -0.020728
         -0.000827        0.034694       -0.053438
         -0.030458       -0.007268       -0.072301
         -0.046903       -0.036967       -0.054650
         -0.044787       -0.025356       -0.013437
         -0.024144        0.012063        0.019233
          0.005598        0.027273        0.027880
          0.029160       -0.005514        0.020680
          0.037298       -0.062476        0.010600
          0.032862       -0.100717        0.006148
          0.023695       -0.099458        0.014507
          0.011616       -0.064556        0.032947
         -0.006363       -0.012444        0.038059
         -0.024402        0.033215        0.006668
         -0.026375        0.044929       -0.047972
         -0.007043        0.016919       -0.082299
          0.016143       -0.017878       -0.070673
          0.022977       -0.019343       -0.028497
          0.011860        0.011242        0.015379
         -0.005047        0.034686        0.047535
         -0.014233        0.029262        0.066863
         -0.005932        0.019424        0.073460
          0.015820        0.034966        0.068689
          0.028270        0.062618        0.053737
          0.014473        0.065155        0.025001
         -0.009774        0.036332       -0.018922
         -0.015330        0.004623       -0.066255
         -0.002602       -0.012669       -0.098622
          0.000294       -0.024860       -0.107859
         -0.018225       -0.036047       -0.098152
         -0.037421       -0.031967       -0.075958
         -0.037168       -0.009130       -0.046958
         -0.022407        0.010416       -0.017214
         -0.006432        0.009111        0.011904
          0.009879       -0.000010        0.044335
          0.030060        0.006523        0.079338
          0.046929        0.028392        0.108157
          0.048812        0.043320        0.122109
          0.035008        0.036469        0.115154
          0.014653        0.013242        0.082280
         -0.006557       -0.014492        0.028537
         -0.028061       -0.040834       -0.024638
         -0.043891       -0.063116       -0.056161
         -0.043177       -0.077648       -0.064931
         -0.025596       -0.080978       -0.061661
         -0.005333       -0.069666       -0.048384
          0.006144       -0.041142       -0.021317
          0.010770       -0.001070        0.010247
          0.012405        0.035158        0.026369
          0.008053        0.055459        0.021774
         -0.001660        0.061105        0.013965
         -0.005873        0.059411        0.017745
          0.002814        0.052945        0.023122
          0.016882        0.040190        0.010178
          0.023209        0.020905       -0.021876
          0.016665       -0.002774       -0.053593
          0.001916       -0.025853       -0.069034
         -0.010070       -0.039131       -0.067846
         -0.008228       -0.033399       -0.055026
          0.005923       -0.008587       -0.031556
          0.014842        0.022559        0.000521
          0.005116        0.041706        0.032196
         -0.013648        0.037550        0.053851
         -0.022114        0.015043        0.064815
         -0.017750       -0.006622        0.070774
         -0.013876       -0.010844        0.072243
         -0.016413       -0.002021        0.061094
         -0.017121       -0.000940        0.031150
         -0.009985       -0.018189       -0.009133
         -0.001381       -0.040730       -0.038145
          0.000069       -0.049039       -0.040589
         -0.003404       -0.038000       -0.024727
         -0.001119       -0.017313       -0.010843
          0.012640       -0.000750       -0.003654
          0.032265        0.002857        0.007379
          0.046639       -0.003970        0.020654
          0.046186       -0.010383        0.019402
          0.027799       -0.011291        0.000233
          0.000685       -0.011316       -0.019749
         -0.017754       -0.009820       -0.028708
         -0.020971        0.003951       -0.029364
         -0.020656        0.030675       -0.021586
         -0.025647        0.050852       -0.002379
         -0.026451        0.048789        0.014533
         -0.015114        0.034254        0.006562
         -0.005024        0.025598       -0.023440
         -0.010522        0.022375       -0.042716
         -0.020790        0.011690       -0.026825
         -0.016686       -0.005835        0.012439
         -0.000902       -0.015191        0.043313
          0.010452       -0.009887        0.046957
          0.013156        0.000335        0.028522
          0.011740        0.004210        0.004343
          0.005233       -0.000976       -0.013858
         -0.005206       -0.012058       -0.025748
         -0.007380       -0.022756       -0.039710
          0.006497       -0.026385       -0.060334
          0.025078       -0.021965       -0.075066
          0.031189       -0.014396       -0.063396
          0.022508       -0.008028       -0.027160
          0.009339       -0.006491        0.003234
         -0.002024       -0.015278        0.007034
         -0.012915       -0.032606        0.001642
         -0.021232       -0.040908        0.014711
         -0.019069       -0.022986        0.043203
         -0.006249        0.012994        0.060986
          0.003915        0.038914        0.055274
          0.001113        0.038197        0.036784
         -0.006711        0.019510        0.022459
         -0.003824       -0.000421        0.021733
          0.012397       -0.013174        0.031995
          0.029118       -0.015086        0.038739
          0.033143       -0.001632        0.027979
          0.021925        0.025452        0.003255
          0.001837        0.051928       -0.018312
         -0.018521        0.060083       -0.028484
         -0.032084        0.043755       -0.035302
         -0.034156        0.013673       -0.045709
         -0.024254       -0.010337       -0.051954
         -0.008341       -0.016145       -0.040399
          0.004126       -0.012906       -0.007797
          0.007544       -0.021860        0.033948
          0.003466       -0.047927        0.066343
         -0.002213       -0.069063        0.078502
         -0.003136       -0.060725        0.074608
          0.003358       -0.023071        0.063826
          0.012855        0.020063        0.043466
          0.017608        0.041631        0.002972
          0.014835        0.031691       -0.050922
          0.007925        0.006115       -0.086562
          0.000969       -0.007440       -0.077929
         -0.004378        0.001606       -0.036514
         -0.009477        0.017792       -0.000483
         -0.016176        0.022650        0.004001
         -0.019041        0.014733       -0.020346
         -0.007098        0.001077       -0.056679
          0.017053       -0.016287       -0.086505
          0.032166       -0.033984       -0.088173
          0.025996       -0.039802       -0.046969
          0.012655       -0.025134        0.021620
          0.007636        0.003473        0.074833
          0.004405        0.035084        0.082836
         -0.007626        0.064328        0.057987
         -0.021191        0.079747        0.035871
         -0.024805        0.060995        0.035847
         -0.021546        0.008576        0.047863
         -0.018213       -0.038745        0.049644
         -0.010145       -0.043448        0.027139
          0.008055       -0.018868       -0.016135
          0.026659       -0.011820       -0.058571
          0.028388       -0.037165       -0.072357
          0.008561       -0.057448       -0.048775
         -0.017102       -0.036079       -0.010146
         -0.024190        0.011252        0.016529
         -0.003330        0.036743        0.031527
          0.025497        0.022582        0.048187
          0.032051       -0.000966        0.057356
          0.012270       -0.004292        0.038709
         -0.008685        0.000916        0.001690
         -0.012759       -0.010117       -0.023220
         -0.008742       -0.028705       -0.032180
         -0.010056       -0.025581       -0.047434
         -0.014307        0.002661       -0.069975
         -0.013984        0.032168       -0.073477
         -0.009556        0.049674       -0.049187
         -0.003596        0.061650       -0.020954
          0.004323        0.068379       -0.008222
          0.012199        0.055786       -0.001385
          0.015927        0.017615        0.017279
          0.015242       -0.030885        0.045885
          0.010481       -0.066679        0.065066
         -0.001352       -0.078827        0.060200
         -0.017968       -0.072959        0.036400
         -0.027414       -0.061087        0.013348
         -0.022020       -0.049181        0.005941
         -0.008713       -0.033056        0.008951
          0.001044       -0.005200        0.003156
          0.002993        0.034238       -0.020423
         -0.000399        0.073252       -0.045950
         -0.002803        0.095194       -0.049106
          0.001455        0.090829       -0.027141
          0.007743        0.065510       -0.004064
          0.004307        0.036556       -0.002011
         -0.007621        0.020180       -0.014996
         -0.011195        0.015231       -0.019087
          0.000518        0.002634       -0.004088
          0.013392       -0.030978        0.015283
          0.015087       -0.072159        0.019859
          0.011312       -0.093924        0.009178
          0.010182       -0.087455        0.000983
          0.007536       -0.067662        0.011371
         -0.000910       -0.048704        0.038464
         -0.007215       -0.028371        0.065416
         -0.003945        0.001172        0.076733
          0.001473        0.038113        0.068554
         -0.001629        0.068977        0.044782
         -0.009258        0.076186        0.010447
         -0.009568        0.050638       -0.027014
         -0.001302        0.004150       -0.054994
          0.007100       -0.034379       -0.062085
          0.011638       -0.043665       -0.048991
          0.014651       -0.029074       -0.029243
          0.017035       -0.010903       -0.015791
          0.017859        0.001707       -0.008085
          0.017316        0.014497        0.003058
          0.013333        0.027530        0.017520
          0.001189        0.026866        0.021455
         -0.017740        0.005406        0.006558
         -0.033007       -0.019502       -0.015297
         -0.035755       -0.023025       -0.026162
         -0.027953       -0.002988       -0.023567
         -0.018546        0.018485       -0.018919
         -0.013477        0.021544       -0.020805
         -0.010902        0.007527       -0.027208
         -0.005717       -0.007611       -0.029481
          0.002334       -0.010692       -0.020717
          0.008303       -0.000825       -0.004081
          0.010140        0.013005        0.008894
          0.011867        0.019828        0.012830
          0.016510        0.013526        0.015488
          0.020762       -0.002660        0.024327
          0.019736       -0.016180        0.034474
          0.013559       -0.015854        0.037926
          0.006452       -0.006353        0.036597
          0.001872       -0.004610        0.037551
          0.001001       -0.017733        0.040978
          0.003311       -0.033940        0.039906
          0.005061       -0.038914        0.028607
         -0.000048       -0.028610        0.007844
         -0.012786       -0.002802       -0.015249
         -0.022819        0.036448       -0.031084
         -0.019415        0.072285       -0.034112
         -0.005912        0.077339       -0.026577
          0.006795        0.044751       -0.016647
          0.016965        0.002559       -0.014310
          0.027273       -0.017198       -0.025626
          0.028958       -0.013053       -0.045718
          0.011153       -0.003675       -0.060202
         -0.016450        0.003390       -0.058509
         -0.031034        0.012010       -0.042322
         -0.026469        0.017148       -0.018114
         -0.017378        0.008309        0.010399
         -0.013990       -0.010046        0.036829
         -0.010333       -0.021005        0.049281
          0.001026       -0.017317        0.043305
          0.016321       -0.007580        0.031226
          0.025786       -0.003141        0.026982
          0.023952       -0.010040        0.024960
          0.013302       -0.029409        0.007273
          0.001454       -0.053122       -0.026435
         -0.004782       -0.061289       -0.050942
         -0.004424       -0.038097       -0.045001
         -0.002845        0.005658       -0.017668
         -0.006758        0.035751        0.005161
         -0.016312        0.028344        0.012508
         -0.023282       -0.003580        0.015950
         -0.020831       -0.024589        0.029696
         -0.012026       -0.014289        0.052471
         -0.003099        0.016496        0.069663
          0.005876        0.042265        0.068130
          0.015087        0.046473        0.047113
          0.017507        0.032289        0.017215
          0.009002        0.017947       -0.009397
         -0.000723        0.018243       -0.028238
          0.000473        0.027070       -0.042084
          0.009939        0.025653       -0.051493
          0.015396        0.009339       -0.050347
          0.012806       -0.007265       -0.036263
          0.008676       -0.014685       -0.020526
          0.007604       -0.020930       -0.015834
          0.007160       -0.032837       -0.015966
          0.004364       -0.042112       -0.003610
          0.000065       -0.040323        0.020610
         -0.003534       -0.034514        0.035796
         -0.005749       -0.035482        0.029746
         -0.007409       -0.038128        0.009971
         -0.009478       -0.025408       -0.014653
         -0.011723        0.009686       -0.039547
         -0.012252        0.052562       -0.052184
         -0.008297        0.076506       -0.040808
          0.001543        0.063351       -0.016831
          0.014068        0.021999       -0.003407
          0.020406       -0.012817       -0.001334
          0.011226       -0.011880        0.008753
         -0.012879        0.015601        0.030880
         -0.036526        0.033790        0.047471
         -0.041493        0.026460        0.050034
         -0.025919        0.011656        0.048578
         -0.005027        0.005205        0.046470
          0.007799       -0.003845        0.032861
          0.011790       -0.025574        0.006941
          0.012649       -0.041888       -0.014515
          0.016164       -0.031525       -0.022502
          0.024155       -0.005505       -0.029016
          0.028804        0.007508       -0.045167
          0.019651       -0.000550       -0.060347
          0.002041       -0.015213       -0.054267
         -0.005456       -0.023921       -0.022738
          0.002146       -0.021876        0.017439
          0.009046       -0.005063        0.045019
          0.004242        0.021856        0.047803
         -0.004837        0.038596        0.025155
         -0.011166        0.028613       -0.009747
         -0.019251        0.001544       -0.030936
         -0.028152       -0.017698       -0.017975
         -0.025273       -0.019295        0.019847
         -0.009040       -0.015078        0.047410
          0.002387       -0.016227        0.040578
         -0.002344       -0.019018        0.012266
         -0.011025       -0.016208       -0.007979
         -0.009869       -0.009097       -0.012043
         -0.003734       -0.001186       -0.014710
         -0.000372        0.008815       -0.023301
          0.007604        0.019087       -0.028506
          0.027019        0.019947       -0.026291
          0.043789        0.007580       -0.026026
          0.037353       -0.005207       -0.030378
          0.008433       -0.003448       -0.025752
         -0.021600        0.010083       -0.000878
         -0.033713        0.020595        0.037078
         -0.025000        0.021410        0.068567
         -0.006822        0.015375        0.076063
          0.004343        0.001795        0.056724
          0.001723       -0.020842        0.028859
         -0.002740       -0.041353        0.016103
          0.006616       -0.043903        0.017323
          0.024681       -0.031812        0.007563
          0.029395       -0.026097       -0.023106
          0.011865       -0.034997       -0.053281
         -0.012010       -0.040316       -0.063757
         -0.022914       -0.022550       -0.062278
         -0.017506        0.013246       -0.059906
         -0.004770        0.047516       -0.049199
          0.004346        0.070410       -0.025051
          0.003329        0.081681       -0.002491
         -0.004261        0.077265        0.006480
         -0.008143        0.055762        0.011402
         -0.005022        0.031693        0.022053
         -0.000626        0.020509        0.032063
          0.003637        0.013987        0.036870
          0.011969       -0.006871        0.042112
          0.020285       -0.036837        0.042680
          0.017893       -0.049781        0.021094
          0.006502       -0.038342       -0.019751
          0.000871       -0.023908       -0.046976
          0.005586       -0.021401       -0.037068
          0.007209       -0.019786       -0.007345
         -0.003335       -0.007271        0.008079
         -0.015528        0.007228        0.002114
         -0.016455        0.010066       -0.003147
         -0.010447        0.001966        0.007068
         -0.009273       -0.010027        0.021036
         -0.012392       -0.023896        0.021695
         -0.009764       -0.035088        0.011142
          0.001794       -0.030997        0.005212
          0.015264       -0.005833        0.012659
          0.021678        0.026022        0.026051
          0.015696        0.041699        0.027647
         -0.000362        0.032468        0.004059
         -0.013978        0.010009       -0.036046
         -0.012795       -0.006760       -0.061171
         -0.001044       -0.008074       -0.047948
          0.004546        0.000950       -0.012531
         -0.002338        0.008602        0.005353
         -0.011228        0.009762       -0.008254
         -0.013322        0.008924       -0.025396
         -0.011151        0.010376       -0.013801
         -0.007127        0.009724        0.025652
          0.001268       -0.000724        0.064840
          0.011339       -0.018317        0.078048
          0.015362       -0.027812        0.060012
          0.013338       -0.019422        0.023948
          0.011583       -0.004589       -0.013470
          0.008290       -0.001608       -0.046102
         -0.004135       -0.008126       -0.074045
         -0.020926       -0.004730       -0.089052
         -0.024853        0.013164       -0.078715
         -0.009015        0.025786       -0.046498
          0.012476        0.016635       -0.012012
          0.022207       -0.006488        0.012104
          0.019058       -0.024821        0.030490
          0.014735       -0.030344        0.050699
          0.016642       -0.026904        0.071057
          0.020047       -0.018244        0.084183
          0.016276       -0.002862        0.082134
          0.004664        0.020181        0.058398
         -0.006810        0.043492        0.014664
         -0.012422        0.053160       -0.034470
         -0.015603        0.043586       -0.070704
         -0.022218        0.029320       -0.084816
         -0.030718        0.031679       -0.077221
         -0.032831        0.048787       -0.052342
         -0.022741        0.051289       -0.018856
         -0.004775        0.019657        0.009035
          0.007371       -0.025988        0.018759
          0.003650       -0.051281        0.010952
         -0.007086       -0.052988        0.002173
         -0.003880       -0.056294        0.011036
          0.018271       -0.072913        0.038415
          0.038506       -0.086019        0.065448
          0.035812       -0.076215        0.073731
          0.012948       -0.043721        0.060495
         -0.011259       -0.004235        0.031734
         -0.021586        0.024718       -0.006459
         -0.015133        0.034407       -0.042839
         -0.001607        0.030356       -0.060874
          0.004628        0.025404       -0.053703
          0.000651        0.023712       -0.031464
         -0.002295        0.017751       -0.009496
          0.001491        0.004467        0.003877
          0.001694       -0.006222        0.008937
         -0.009103       -0.006862        0.011977
         -0.019187       -0.004827        0.018766
         -0.013960       -0.007508        0.026239
          0.001582       -0.007512        0.026913
          0.011427        0.001921        0.022506
          0.011908        0.011227        0.021091
          0.010120        0.014692        0.019511
          0.005676        0.029597        0.004698
         -0.006213        0.067298       -0.023851
         -0.017607        0.098866       -0.049746
         -0.014922        0.082257       -0.062809
         -0.001335        0.019318       -0.069475
          0.007425       -0.041102       -0.074825
          0.007763       -0.057313       -0.071863
          0.010285       -0.035001       -0.054768
          0.018370       -0.013910       -0.025810
          0.021535       -0.024589        0.014616
          0.012100       -0.057721        0.064032
         -0.003607       -0.074962        0.100440
         -0.013988       -0.053501        0.096461
         -0.015115       -0.012237        0.060563
         -0.011379        0.016391        0.034659
         -0.006856        0.026780        0.036872
         -0.001533        0.033302        0.037938
          0.002594        0.037355        0.011553
         -0.001204        0.027898       -0.025499
         -0.013117        0.007652       -0.045861
         -0.018709       -0.006103       -0.051965
         -0.005430       -0.004859       -0.056732
          0.015918        0.004750       -0.050498
          0.023205        0.014609       -0.017204
          0.015430        0.020294        0.031784
          0.012433        0.016977        0.064467
          0.020424        0.005462        0.062145
          0.021775       -0.000496        0.033107
          0.005271        0.011001       -0.001037
         -0.016216        0.027914       -0.023580
         -0.025768        0.023419       -0.031082
         -0.020955       -0.008916       -0.029741
         -0.007930       -0.043720       -0.026178
          0.005685       -0.054090       -0.023069
          0.010862       -0.041491       -0.020280
          0.005285       -0.027751       -0.015855
         -0.000624       -0.026127       -0.008573
          0.002299       -0.028996       -0.000880
          0.008439       -0.020749        0.005689
          0.007986        0.003026        0.014579
          0.001593        0.029592        0.024520
         -0.004719        0.041481        0.023373
         -0.009173        0.034018        0.005498
         -0.010818        0.017853       -0.013779
         -0.006447        0.005063       -0.016739
          0.001708       -0.000723       -0.007140
          0.004136        0.000053       -0.001481
         -0.002814        0.006772       -0.006227
         -0.009366        0.013046       -0.015685
         -0.005064        0.007603       -0.023084
          0.006497       -0.009565       -0.023608
          0.012468       -0.019500       -0.013695
          0.006883       -0.005029        0.003785
         -0.003003        0.024261        0.017315
         -0.005167        0.040178        0.018151
          0.003865        0.028869        0.014363
          0.013739        0.003982        0.023359
          0.011087       -0.015252        0.044595
         -0.003358       -0.026843        0.052496
         -0.014879       -0.039111        0.029631
         -0.014574       -0.050026       -0.006071
         -0.010028       -0.046506       -0.025138
         -0.011041       -0.023604       -0.024112
         -0.013841        0.006768       -0.017911
         -0.007871        0.030062       -0.009576
          0.007141        0.043385        0.006124
          0.019377        0.049643        0.021764
          0.019103        0.045492        0.027251
          0.008268        0.025155        0.029300
         -0.004830       -0.007139        0.035128
         -0.013910       -0.037187        0.029847
         -0.015045       -0.052124       -0.001989
         -0.007210       -0.047648       -0.042972
          0.001871       -0.028497       -0.059098
          0.000517       -0.006720       -0.044375
         -0.009121        0.004442       -0.026147
         -0.010780        0.000838       -0.027910
         -0.000155       -0.007670       -0.044243
          0.004942       -0.004973       -0.052439
         -0.006803        0.015093       -0.036255
         -0.017694        0.039278        0.003783
         -0.004905        0.046318        0.054879
          0.023819        0.030701        0.099941
          0.037670        0.008899        0.121776
          0.022824       -0.002507        0.108111
         -0.002046       -0.006274        0.062874
         -0.012826       -0.013643        0.010714
         -0.007579       -0.023306       -0.021869
          0.001131       -0.025292       -0.032023
          0.008215       -0.020425       -0.037454
          0.014965       -0.019792       -0.048578
          0.015123       -0.026082       -0.056810
          0.001874       -0.029237       -0.051419
         -0.015251       -0.020378       -0.033923
         -0.019351        0.000217       -0.012223
         -0.009112        0.026291        0.007218
          0.003291        0.047771        0.017055
          0.011356        0.054095        0.010122
          0.015460        0.044396       -0.010993
          0.012621        0.031171       -0.032325
          0.001065        0.026385       -0.040823
         -0.011372        0.026866       -0.034599
         -0.015680        0.021091       -0.021052
         -0.011955        0.008594       -0.008902
         -0.004023        0.002251       -0.001033
          0.006675        0.008065        0.006047
          0.016197        0.012993        0.012547
          0.017334        0.001192        0.009448
          0.008641       -0.023938       -0.007989
         -0.003862       -0.043071       -0.025778
         -0.015242       -0.044155       -0.024619
         -0.023390       -0.034927       -0.005144
         -0.023836       -0.031061        0.013382
         -0.013984       -0.036753        0.017574
         -0.001707       -0.040801        0.013023
          0.001587       -0.030082        0.014748
         -0.003338       -0.003666        0.030338
         -0.004507        0.024902        0.050672
          0.004503        0.037590        0.057121
          0.017020        0.027393        0.041732
          0.023027        0.005563        0.016710
          0.019856       -0.009510       -0.001642
          0.011383       -0.009496       -0.011936
          0.001561        0.001235       -0.022232
         -0.007675        0.015250       -0.031882
         -0.015069        0.026793       -0.030002
         -0.020384        0.030858       -0.010132
         -0.023348        0.026493        0.021634
         -0.019771        0.018908        0.050736
         -0.004665        0.011122        0.060277
          0.017229       -0.001616        0.039787
          0.031334       -0.020373       -0.001467
          0.027623       -0.033494       -0.035454
          0.009565       -0.032034       -0.042113
         -0.010770       -0.024941       -0.031115
         -0.019995       -0.021985       -0.025501
         -0.010313       -0.013376       -0.029528
          0.011094        0.010080       -0.026909
          0.023590        0.029083       -0.007785
          0.013973        0.019016        0.016814
         -0.007203       -0.008824        0.029220
         -0.018701       -0.022962        0.024519
         -0.013892       -0.019101        0.012353
         -0.003328       -0.015799        0.003963
          0.003948       -0.013588        0.000360
          0.009047        0.000822       -0.007076
          0.012962        0.017056       -0.023664
          0.010170        0.010915       -0.040205
         -0.001660       -0.009970       -0.040830
         -0.013780       -0.011632       -0.023507
         -0.016380        0.012192       -0.003920
         -0.011726        0.029615        0.004028
         -0.007721        0.021151        0.001482
         -0.002528        0.006467       -0.003262
          0.010360        0.008809       -0.003219
          0.023623        0.020366        0.007737
          0.021107        0.019035        0.029143
          0.003810        0.001277        0.045851
         -0.007943       -0.018098        0.039708
         -0.003148       -0.028242        0.012583
          0.006875       -0.029405       -0.012877
          0.008946       -0.022810       -0.018989
          0.003883       -0.007689       -0.012400
         -0.003441        0.009703       -0.012480
         -0.012945        0.014854       -0.022794
         -0.021841        0.000632       -0.023482
         -0.022293       -0.019489        0.000706
         -0.012546       -0.023202        0.034571
          0.000072       -0.006506        0.051895
          0.010342        0.010602        0.053383
          0.019673        0.012061        0.059626
          0.027178        0.008196        0.068860
          0.025022        0.017841        0.053681
          0.007263        0.038737        0.006216
         -0.018885        0.053156       -0.043366
         -0.033416        0.054996       -0.065595
         -0.020544        0.051389       -0.065822
          0.010286        0.042293       -0.066392
          0.028150        0.019513       -0.071277
          0.015208       -0.013981       -0.062903
         -0.010904       -0.041344       -0.028410
         -0.022093       -0.050545        0.020481
         -0.016671       -0.043663        0.054992
         -0.012998       -0.028772        0.053960
         -0.015404       -0.014360        0.020228
         -0.009482       -0.010172       -0.024002
          0.010226       -0.021903       -0.053527
          0.028155       -0.043573       -0.054352
          0.027433       -0.060736       -0.029875
          0.009205       -0.060426        0.003366
         -0.011319       -0.036975        0.028363
         -0.020763        0.004481        0.038198
         -0.017753        0.045772        0.036391
         -0.011651        0.065013        0.030550
         -0.011334        0.055709        0.026112
         -0.013244        0.032437        0.023823
         -0.004401        0.013199        0.022857
          0.018488        0.002645        0.024822
          0.038304       -0.001901        0.029784
          0.035135        0.002351        0.029675
          0.012893        0.017383        0.014819
         -0.003354        0.030912       -0.011286
          0.000396        0.026881       -0.032914
          0.009904        0.010401       -0.040817
          0.005207        0.003581       -0.041990
         -0.011548        0.010788       -0.047060
         -0.022609        0.008482       -0.053454
         -0.020405       -0.017721       -0.046084
         -0.013264       -0.045233       -0.015989
         -0.009056       -0.043996        0.023503
         -0.005187       -0.020947        0.046272
          0.003525       -0.011228        0.042348
          0.014045       -0.029496        0.026979
          0.017138       -0.052732        0.014663
          0.009668       -0.053833        0.000636
         -0.000139       -0.032516       -0.018694
         -0.003667       -0.005567       -0.026088
         -0.003729        0.016989       -0.006461
         -0.008691        0.034035        0.023459
         -0.018350        0.043269        0.032277
         -0.023924        0.042686        0.014882
         -0.020287        0.036732       -0.003211
         -0.010699        0.031159       -0.000107
         -0.000106        0.025281        0.018981
          0.010031        0.014871        0.032333
          0.019094       -0.000958        0.024304
          0.023583       -0.018011       -0.004516
          0.019823       -0.028586       -0.040348
          0.010388       -0.025400       -0.063559
          0.003174       -0.007807       -0.058295
          0.001782        0.015955       -0.024586
          0.002349        0.033330        0.016930
          0.002310        0.034143        0.040052
          0.003846        0.017206        0.038042
          0.004942       -0.005805        0.028138
         -0.002142       -0.017517        0.026408
         -0.016775       -0.011893        0.026308
         -0.024213       -0.001755        0.011910
         -0.012535       -0.003568       -0.014613
          0.011285       -0.017073       -0.033912
          0.029795       -0.027989       -0.036394
          0.034130       -0.029038       -0.032358
          0.027066       -0.026221       -0.032880
          0.012570       -0.023792       -0.035346
         -0.006587       -0.017980       -0.032589
         -0.022936       -0.008874       -0.024231
         -0.028422       -0.003238       -0.013697
         -0.025255       -0.000983       -0.001550
         -0.021724        0.007421        0.014343
         -0.017921        0.025884        0.033790
         -0.008414        0.045726        0.049457
          0.002525        0.055814        0.050362
          0.004240        0.051877        0.035173
         -0.001718        0.036044        0.016939
         -0.002690        0.014004        0.007186
          0.004392       -0.006378        0.001977
          0.009813       -0.017269       -0.007128
          0.010140       -0.015018       -0.015698
          0.013092       -0.004986       -0.011625
          0.019350       -0.000405        0.006180
          0.017154       -0.009546        0.023601
          0.002755       -0.023933        0.024097
         -0.009797       -0.027340        0.001897
         -0.009641       -0.016361       -0.032398
         -0.005322       -0.002668       -0.056663
         -0.007941        0.004437       -0.055112
         -0.011809        0.006556       -0.034411
         -0.006208        0.007335       -0.015050
          0.004735        0.006626       -0.006589
          0.009050        0.004756       -0.001320
          0.006142        0.002771        0.008417
          0.005183       -0.002194        0.020092
          0.008781       -0.013104        0.029256
          0.010127       -0.025281        0.034756
          0.005145       -0.030688        0.034524
         -0.001472       -0.028356        0.028639
         -0.003308       -0.022396        0.026071
          0.000591       -0.011351        0.034272
          0.007355        0.010540        0.041501
          0.014115        0.038858        0.024855
          0.016748        0.054523       -0.019468
          0.010116        0.042732       -0.066790
         -0.004545        0.014179       -0.091230
         -0.017681       -0.003092       -0.090545
         -0.023003        0.003637       -0.075138
         -0.023868        0.017227       -0.045831
         -0.022537        0.015315       -0.000133
         -0.014407       -0.001588        0.046191
         -0.000431       -0.017615        0.066031
          0.007747       -0.026120        0.052597
          0.004064       -0.030925        0.026687
         -0.002488       -0.031152        0.008817
         -0.002576       -0.022382        0.001623
          0.000993       -0.009185        0.002979
          0.002647       -0.002424        0.015506
          0.004336       -0.006149        0.034895
          0.008250       -0.014897        0.045825
          0.008519       -0.019073        0.038513
         -0.000730       -0.009345        0.018858
         -0.014069        0.014973       -0.002066
         -0.019443        0.038527       -0.019515
         -0.012521        0.041879       -0.033185
         -0.000573        0.024017       -0.041095
          0.007975        0.001901       -0.039485
          0.012854       -0.012701       -0.026393
          0.018458       -0.021584       -0.003155
          0.024445       -0.025933        0.026191
          0.024340       -0.021851        0.053839
          0.013626       -0.012282        0.067111
         -0.003662       -0.006626        0.055490
         -0.017664       -0.005455        0.023619
         -0.021604        0.000517       -0.008436
         -0.017417        0.014614       -0.024649
         -0.011493        0.029285       -0.028953
         -0.006267        0.037622       -0.035894
         -0.000354        0.038853       -0.049187
          0.004412        0.031990       -0.056817
          0.003431        0.015333       -0.047631
         -0.003197       -0.005210       -0.026401
         -0.009927       -0.017289       -0.007148
         -0.011198       -0.015581        0.004792
         -0.003488       -0.006945        0.014489
          0.012837       -0.000509        0.022139
          0.028894       -0.000124        0.019629
          0.031107       -0.006586        0.006108
          0.015619       -0.017821       -0.006957
         -0.005562       -0.025610       -0.012755
         -0.017055       -0.021022       -0.017608
         -0.015394       -0.005479       -0.024350
         -0.008706        0.009997       -0.020971
         -0.004544        0.017322        0.001958
         -0.003408        0.017007        0.032027
         -0.003588        0.012293        0.046069
         -0.005387        0.006099        0.036188
         -0.008008        0.003563        0.014965
         -0.008284        0.007463       -0.002278
         -0.004908        0.009881       -0.011219
          0.001456       -0.000902       -0.014655
          0.011012       -0.022893       -0.013419
          0.020114       -0.039813       -0.005792
          0.018519       -0.040350        0.007848
          0.003006       -0.029266        0.024348
         -0.011798       -0.017535        0.040048
         -0.010202       -0.009348        0.050252
          0.001703       -0.001814        0.048611
          0.004539        0.007645        0.031836
         -0.006169        0.018082        0.005077
         -0.014718        0.028580       -0.020152
         -0.008346        0.040250       -0.033853
          0.006898        0.050712       -0.033601
          0.017235        0.050884       -0.025387
          0.018619        0.035211       -0.019361
          0.016206        0.012668       -0.021782
          0.012147       -0.001627       -0.029199
          0.003660       -0.004171       -0.031864
         -0.007519       -0.003231       -0.023492
         -0.013367       -0.003680       -0.007048
         -0.009524       -0.002919        0.007295
         -0.000057       -0.001551        0.008296
          0.008260       -0.006469       -0.008378
          0.010585       -0.019647       -0.033471
          0.005794       -0.031542       -0.047741
         -0.000862       -0.030182       -0.037727
         -0.002682       -0.013459       -0.008060
         -0.002198        0.009468        0.024414
         -0.006766        0.025624        0.046721
         -0.013199        0.025710        0.056415
         -0.012154        0.008488        0.054891
         -0.006554       -0.017771        0.042449
         -0.006533       -0.038708        0.024025
         -0.008851       -0.043192        0.011544
         -0.003068       -0.032764        0.009631
          0.006355       -0.021007        0.004177
          0.007420       -0.019795       -0.019365
          0.003418       -0.025151       -0.048510
          0.004424       -0.021162       -0.053223
          0.005300       -0.001377       -0.024052
         -0.002870        0.019735        0.016798
         -0.010291        0.025439        0.042193
         -0.002976        0.021512        0.040323
          0.010223        0.027571        0.012639
          0.009229        0.045168       -0.027135
         -0.006186        0.052243       -0.054878
         -0.017248        0.032958       -0.055897
         -0.012630       -0.001600       -0.039834
          0.001535       -0.026631       -0.023920
          0.013547       -0.027500       -0.011203
          0.016367       -0.009611        0.003570
          0.009828        0.007818        0.019570
          0.000603        0.008466        0.033046
         -0.003496       -0.006117        0.043230
         -0.002609       -0.020328        0.046500
         -0.003246       -0.023023        0.036617
         -0.007262       -0.015884        0.017986
         -0.009539       -0.005195        0.006697
         -0.006632        0.004215        0.010405
         -0.001349        0.007212        0.016247
          0.001319        0.002045        0.006388
         -0.000201       -0.003653       -0.018733
         -0.001351       -0.001354       -0.037992
          0.004526        0.004325       -0.031794
          0.016195        0.001449       -0.006879
          0.022962       -0.009893        0.006819
          0.018218       -0.016155       -0.008728
          0.008418       -0.008984       -0.035397
          0.002573        0.005563       -0.042528
         -0.000271        0.017467       -0.025523
         -0.005696        0.022754       -0.002653
         -0.012226        0.022542        0.017062
         -0.014005        0.020249        0.038894
         -0.012197        0.019162        0.060174
         -0.014145        0.016948        0.066636
         -0.020172        0.006412        0.051852
         -0.019942       -0.012424        0.025572
         -0.006460       -0.026567        0.003882
          0.012940       -0.023354       -0.002391
          0.025577       -0.006052        0.003023
          0.028187        0.009054        0.001737
          0.025979        0.009584       -0.018033
          0.021110       -0.001068       -0.041947
          0.010431       -0.007565       -0.047722
         -0.005560        0.001690       -0.037325
         -0.018391        0.021084       -0.029528
         -0.019625        0.030773       -0.027170
         -0.010619        0.015640       -0.018029
         -0.000929       -0.018268       -0.003993
          0.002517       -0.047813       -0.001383
          0.001163       -0.054259       -0.011398
         -0.000931       -0.039766       -0.014417
         -0.003787       -0.021454        0.002511
         -0.008749       -0.011399        0.030366
         -0.013310       -0.006828        0.052745
         -0.014640        0.000044        0.061460
         -0.015414        0.009230        0.056216
         -0.018996        0.015288        0.040888
         -0.020428        0.018143        0.022367
         -0.010738        0.023256        0.005277
          0.008433        0.031334       -0.012586
          0.022498        0.035709       -0.033585
          0.020532        0.031376       -0.050469
          0.008697        0.020642       -0.050749
          0.001722        0.008817       -0.032117
          0.004467       -0.000529       -0.007693
          0.008187       -0.005198        0.006507
          0.004783       -0.004011        0.005581
         -0.001351        0.000450       -0.003808
          0.000246        0.001234       -0.012074
          0.010756       -0.007052       -0.013237
          0.019439       -0.021518       -0.006951
          0.017073       -0.032851        0.000984
          0.006031       -0.033918        0.000339
         -0.005188       -0.024580       -0.015348
         -0.011437       -0.009614       -0.036904
         -0.011715        0.005346       -0.040744
         -0.006275        0.017084       -0.013419
          0.002427        0.025195        0.026129
          0.009155        0.028404        0.043425
          0.010033        0.023449        0.030216
          0.005827        0.010889        0.013841
         -0.000672       -0.002010        0.019584
         -0.008063       -0.008859        0.040004
         -0.014415       -0.011235        0.050782
         -0.015311       -0.013911        0.041554
         -0.009396       -0.015984        0.017797
         -0.003331       -0.011842       -0.014664
         -0.004063       -0.000446       -0.049102
         -0.007779        0.011077       -0.069579
         -0.003915        0.014886       -0.062167
          0.010118        0.010451       -0.033627
          0.023709        0.003683       -0.006022
          0.023716        0.000752        0.006274
          0.008636        0.003120        0.005979
         -0.009174        0.005855        0.003314
         -0.016378        0.002155        0.005248
         -0.011765       -0.007274        0.012678
         -0.003942       -0.013270        0.022679
          0.000421       -0.011583        0.031673
          0.001105       -0.011430        0.036533
          0.000256       -0.022549        0.034505
         -0.000477       -0.038455        0.025003
          0.000142       -0.041890        0.010829
          0.001633       -0.023831       -0.005161
          0.001179        0.009619       -0.023365
         -0.002267        0.043407       -0.043743
         -0.004776        0.060219       -0.059895
         -0.002807        0.050171       -0.062117
          0.000618        0.022627       -0.047288
          0.001892        0.000766       -0.021156
          0.005135       -0.002630        0.009039
          0.013798        0.003110        0.037523
          0.018411        0.002886        0.055966
          0.007857       -0.005279        0.056115
         -0.010015       -0.012854        0.039066
         -0.016307       -0.014293        0.014663
         -0.008342       -0.010330       -0.008886
         -0.001823       -0.001786       -0.026933
         -0.006045        0.011203       -0.031348
         -0.013312        0.022810       -0.014129
         -0.014179        0.022399        0.017755
         -0.008844        0.007276        0.041903
         -0.000753       -0.010402        0.042842
          0.009155       -0.016257        0.028551
          0.017633       -0.011321        0.017729
          0.018035       -0.011182        0.016262
          0.009773       -0.026693        0.013651
          0.002150       -0.048209       -0.001297
          0.002672       -0.052351       -0.026729
          0.007050       -0.028023       -0.046556
          0.007326        0.006455       -0.043123
          0.004237        0.020694       -0.018065
          0.003402        0.007652        0.003173
          0.004147       -0.008317       -0.000417
          0.001152       -0.001697       -0.017791
         -0.006116        0.025275       -0.021528
         -0.013246        0.047386       -0.004595
         -0.016914        0.043298        0.016500
         -0.015696        0.015649        0.028710
         -0.009507       -0.011981        0.032200
         -0.002177       -0.018787        0.026907
          0.000949       -0.007745        0.010079
          0.000020        0.001901       -0.011759
         -0.000615        0.000768       -0.025175
          0.000634       -0.003356       -0.026970
          0.003870       -0.003723       -0.026484
          0.011101       -0.004244       -0.029607
          0.019605       -0.006139       -0.031763
          0.018766       -0.000278       -0.027088
          0.004062        0.017712       -0.014699
         -0.012460        0.035051        0.003118
         -0.016151        0.034896        0.020726
         -0.008180        0.016784        0.030142
         -0.000972       -0.004046        0.029454
         -0.001692       -0.015055        0.025647
         -0.008046       -0.017104        0.022400
         -0.013659       -0.017071        0.012074
         -0.011572       -0.016465       -0.010038
         -0.000113       -0.011316       -0.029355
          0.011560       -0.000425       -0.024399
          0.013252        0.011011        0.004090
          0.008816        0.015931        0.029776
          0.009343        0.010807        0.030462
          0.014220       -0.002650        0.010791
          0.013475       -0.018080       -0.009605
          0.005235       -0.027422       -0.021079
         -0.003485       -0.025729       -0.028167
         -0.008974       -0.012574       -0.033042
         -0.011716        0.010367       -0.027094
         -0.010910        0.037704       -0.005710
         -0.007527        0.056366        0.016239
         -0.006582        0.052611        0.017527
         -0.009893        0.027535       -0.000751
         -0.012266       -0.001308       -0.014129
         -0.007933       -0.018056       -0.006428
          0.003432       -0.022868        0.012073
          0.016588       -0.025394        0.024097
          0.023535       -0.030850        0.027213
          0.019135       -0.037531        0.026661
          0.006155       -0.042533        0.020957
         -0.007614       -0.042511        0.007976
         -0.016683       -0.031251       -0.003665
         -0.019554       -0.005495       -0.002438
         -0.015673        0.024901        0.010276
         -0.005345        0.040889        0.021396
          0.007960        0.033634        0.021302
          0.018237        0.014661        0.010635
          0.019981        0.002042       -0.006039
          0.011043        0.001729       -0.025031
         -0.003966        0.006599       -0.041228
         -0.013343        0.008482       -0.048449
         -0.008360        0.006404       -0.045256
          0.004370        0.004868       -0.035548
          0.008758        0.006067       -0.021175
          0.000477        0.005939       -0.000191
         -0.006930        0.000998        0.023840
         -0.001763       -0.004862        0.039177
          0.009384       -0.006899        0.040273
          0.011819       -0.007293        0.036989
          0.002344       -0.008134        0.039070
         -0.009266       -0.004853        0.038452
         -0.014024        0.002805        0.020461
         -0.011348        0.002791       -0.010901
         -0.005427       -0.013197       -0.033760
         -0.001063       -0.033632       -0.036522
         -0.002072       -0.039510       -0.031840
         -0.007768       -0.025893       -0.036083
         -0.011335       -0.001739       -0.046643
         -0.006728        0.022018       -0.049332
          0.003104        0.034891       -0.038083
          0.009509        0.029931       -0.016538
          0.009716        0.016181        0.009478
          0.010164        0.015290        0.029863
          0.016395        0.033142        0.032625
          0.023709        0.048128        0.020955
          0.022304        0.040243        0.016247
          0.010752        0.016727        0.031060
         -0.000870       -0.005347        0.049886
         -0.003674       -0.025541        0.049563
         -0.001161       -0.050684        0.028938
         -0.003062       -0.071452        0.006008
         -0.011903       -0.069207       -0.005441
         -0.021598       -0.042954       -0.004467
         -0.026194       -0.013872        0.003965
         -0.024263       -0.001216        0.012329
         -0.017463       -0.002656        0.011378
         -0.008934       -0.001900       -0.001425
         -0.000831        0.008816       -0.014909
          0.007142        0.020126       -0.013986
          0.014198        0.021127        0.001675
          0.016725        0.016260        0.015213
          0.014170        0.017515        0.012517
          0.011818        0.024546       -0.001103
          0.012598        0.026323       -0.009939
          0.010833        0.020624       -0.008714
          0.000488        0.015472       -0.006428
         -0.013577        0.011365       -0.011704
         -0.020513        0.000745       -0.022740
         -0.018264       -0.013034       -0.032652
         -0.013483       -0.015691       -0.037823
         -0.007190       -0.005040       -0.037888
          0.005790        0.003618       -0.031766
          0.021672        0.000620       -0.017658
          0.027536       -0.003754        0.003286
          0.019349        0.004806        0.024096
          0.006602        0.022453        0.034315
         -0.002275        0.028571        0.028920
         -0.007369        0.010317        0.014530
         -0.010780       -0.018337        0.001825
         -0.011906       -0.029414       -0.006567
         -0.008916       -0.013385       -0.013817
         -0.001625        0.010879       -0.018104
          0.005435        0.021403       -0.014866
          0.005104        0.016757       -0.007903
         -0.003088        0.008944       -0.005948
         -0.010325        0.004225       -0.008229
         -0.009624       -0.000039       -0.006337
         -0.003724       -0.006409       -0.001655
          0.001204       -0.013776       -0.005718
          0.002773       -0.020062       -0.018221
          0.001534       -0.022803       -0.020640
         -0.000096       -0.018670       -0.001153
          0.002097       -0.007368        0.027517
          0.009099        0.004398        0.045243
          0.015626        0.007415        0.047170
          0.016505       -0.000526        0.039213
          0.011700       -0.012119        0.023669
          0.002482       -0.017376        0.002433
         -0.009848       -0.011407       -0.014678
         -0.019102        0.002670       -0.018990
         -0.017206        0.016312       -0.015840
         -0.005310        0.022250       -0.016509
          0.005658        0.019268       -0.020575
          0.007919        0.009896       -0.017929
          0.003973       -0.003761       -0.006670
         -0.000473       -0.018778        0.003376
         -0.003600       -0.028784        0.006498
         -0.004453       -0.027618        0.008954
          0.000176       -0.016289        0.015902
          0.009592       -0.003587        0.019519
          0.015152        0.001957        0.008954
          0.010285        0.000603       -0.011404
          0.000370        0.001595       -0.023559
         -0.005307        0.014101       -0.018112
         -0.006098        0.035840       -0.005859
         -0.006407        0.050121       -0.000567
         -0.006959        0.038530        0.001344
         -0.007803        0.001097        0.011901
         -0.011119       -0.038505        0.027953
         -0.014141       -0.052995        0.032786
         -0.009702       -0.036781        0.022155
          0.001537       -0.008795        0.013155
          0.010706        0.008176        0.021027
          0.014027        0.007274        0.038299
          0.014408       -0.001782        0.044624
          0.011311       -0.005576        0.030005
          0.002126        0.001396        0.001692
         -0.008813        0.012982       -0.026002
         -0.014566        0.016516       -0.042643
         -0.015635        0.005473       -0.046417
         -0.015810       -0.011618       -0.042283
         -0.013295       -0.018925       -0.034397
         -0.005426       -0.010143       -0.021710
          0.003553        0.006900       -0.003759
          0.008321        0.021058        0.013283
          0.010505        0.027243        0.021615
          0.013681        0.026490        0.020370
          0.016446        0.023685        0.014978
          0.016044        0.024239        0.009408
          0.012263        0.026043        0.001885
          0.004611        0.016940       -0.011372
         -0.006360       -0.010250       -0.029053
         -0.014115       -0.041524       -0.043230
         -0.012330       -0.052229       -0.046296
         -0.005220       -0.035197       -0.037680
         -0.001239       -0.007861       -0.022490
          0.000474        0.009950       -0.006349
          0.005747        0.014507        0.007406
          0.011860        0.012106        0.018417
          0.010986        0.005296        0.026981
          0.003616       -0.007500        0.029087
         -0.002601       -0.022450        0.018373
         -0.004220       -0.027810       -0.002501
         -0.003305       -0.015315       -0.018636
         -0.000984        0.007597       -0.017260
          0.002316        0.023617        0.000081
          0.002882        0.025684        0.023200
         -0.002562        0.023701        0.042401
         -0.010050        0.027052        0.048804
         -0.012126        0.030002        0.037680
         -0.008677        0.022466        0.017155
         -0.006702        0.006416        0.003137
         -0.008246       -0.008474        0.000777
         -0.007467       -0.018369       -0.000255
         -0.001606       -0.024658       -0.009736
          0.005154       -0.026032       -0.024691
          0.011025       -0.020623       -0.034641
          0.018684       -0.012016       -0.031918
          0.025209       -0.005559       -0.016553
          0.021615       -0.001184        0.002790
          0.007045        0.004234        0.012866
         -0.006885        0.009115        0.006048
         -0.011581        0.007718       -0.013077
         -0.012053       -0.001378       -0.032639
         -0.015182       -0.012503       -0.042411
         -0.016665       -0.019744       -0.038110
         -0.009521       -0.022187       -0.022731
          0.001994       -0.021026       -0.004549
          0.008271       -0.015361        0.010949
          0.007840       -0.003869        0.025417
          0.004690        0.009603        0.039102
          0.000189        0.015339        0.043739
         -0.002401        0.007873        0.032721
          0.003640       -0.003371        0.013818
          0.015023       -0.001901        0.002614
          0.016245        0.014382        0.005845
          0.001161        0.028489        0.017757
         -0.016493        0.025634        0.029325
         -0.022486        0.010531        0.034327
         -0.018476       -0.001831        0.028864
         -0.013138       -0.004588        0.012357
         -0.010255       -0.001698       -0.008991
         -0.009550        0.001538       -0.023620
         -0.008520        0.002560       -0.023451
         -0.002825       -0.001073       -0.012186
          0.007170       -0.010061       -0.002922
          0.013772       -0.018624       -0.005406
          0.012262       -0.018678       -0.015967
          0.007392       -0.009867       -0.022018
          0.004496        0.001530       -0.016431
          0.002516        0.012775       -0.005193
          0.000351        0.023623       -0.000284
          0.000975        0.026770       -0.006625
          0.005072        0.014025       -0.016680
          0.008665       -0.006512       -0.018269
          0.009789       -0.014888       -0.009090
          0.010361       -0.005511       -0.000799
          0.010687        0.004671       -0.003380
          0.009093        0.000486       -0.010173
          0.006593       -0.010564       -0.009501
          0.005146       -0.010794       -0.006114
          0.002710        0.001978       -0.013496
         -0.003284        0.012502       -0.026522
         -0.009970        0.009583       -0.023007
         -0.012969       -0.001187        0.003464
         -0.012866       -0.007282        0.031323
         -0.012176       -0.002685        0.038404
         -0.010353        0.010208        0.026436
         -0.006246        0.023357        0.011625
         -0.000409        0.025704        0.003592
          0.007267        0.011267        0.001282
          0.016075       -0.012614        0.001105
          0.020429       -0.030654        0.002005
          0.014771       -0.034110        0.005734
          0.002234       -0.025793        0.014027
         -0.008672       -0.012763        0.023238
         -0.014581       -0.000171        0.024941
         -0.017340        0.009122        0.016379
         -0.015804        0.014997        0.005292
         -0.006558        0.019850       -0.001455
          0.006584        0.023875       -0.007748
          0.012465        0.022620       -0.019342
          0.006311        0.013356       -0.031007
         -0.002531        0.000966       -0.031704
         -0.002784       -0.007137       -0.019713
          0.003149       -0.009292       -0.004114
          0.003614       -0.008940        0.008111
         -0.004754       -0.009219        0.018128
         -0.012872       -0.011983        0.026917
         -0.012674       -0.017964        0.029663
         -0.006565       -0.023470        0.023570
         -0.001366       -0.021241        0.013568
          0.000633       -0.010068        0.002973
          0.001316        0.000412       -0.013516
          0.002292        0.001358       -0.036441
          0.004386       -0.002167       -0.049111
          0.007973        0.001312       -0.035569
          0.010861        0.011390       -0.007355
          0.009144        0.016744        0.007314
          0.002159        0.013963        0.000939
         -0.006308        0.011344       -0.006653
         -0.011575        0.011816        0.000220
         -0.009734        0.006957        0.015903
          0.001460       -0.007080        0.029575
          0.018450       -0.020565        0.038403
          0.030870       -0.022845        0.041479
          0.029567       -0.014391        0.037027
          0.015687       -0.002825        0.027675
         -0.000452        0.004401        0.017069
         -0.009719        0.002068        0.003006
         -0.012054       -0.008364       -0.016781
         -0.013225       -0.014710       -0.035757
         -0.016176       -0.003788       -0.043968
         -0.018826        0.022150       -0.040052
         -0.018166        0.045581       -0.032109
         -0.012882        0.051874       -0.027681
         -0.004719        0.041809       -0.026875
          0.000449        0.025850       -0.025639
         -0.002035        0.012163       -0.022424
         -0.007671        0.001936       -0.018927
         -0.006763       -0.008070       -0.015680
          0.002746       -0.020697       -0.009942
          0.013205       -0.034580        0.001398
          0.018007       -0.045033        0.017638
          0.017080       -0.049088        0.032922
          0.011456       -0.046735        0.039559
          0.000570       -0.036324        0.034180
         -0.012213       -0.014603        0.020770
         -0.018279        0.014783        0.006661
         -0.013074        0.038328       -0.002812
         -0.002691        0.044073       -0.003630
          0.003551        0.033458        0.008202
          0.004316        0.017761        0.030098
          0.005658        0.005031        0.048224
          0.010671       -0.005522        0.048616
          0.014039       -0.016812        0.031854
          0.008852       -0.025421        0.009565
         -0.002802       -0.023951       -0.010071
         -0.010280       -0.012363       -0.025300
         -0.007108       -0.000068       -0.034116
          0.001437        0.008682       -0.035016
          0.006526        0.022280       -0.032694
          0.005917        0.043434       -0.033642
          0.001984        0.053262       -0.035263
         -0.003986        0.031915       -0.027234
         -0.010559       -0.009927       -0.007501
         -0.014217       -0.039393        0.009692
         -0.012826       -0.039769        0.010020
         -0.007794       -0.023351       -0.000603
         -0.001036       -0.007981       -0.003990
          0.006375        0.000538        0.003840
          0.011504        0.002041        0.010124
          0.010758       -0.003381        0.009874
          0.006081       -0.009717        0.013325
          0.004002       -0.007750        0.023875
          0.005307        0.002498        0.027998
          0.002921        0.011773        0.016062
         -0.005640        0.014639       -0.002078
         -0.012024        0.013305       -0.011785
         -0.008761        0.009911       -0.012585
          0.000602        0.005107       -0.013518
          0.008480        0.002817       -0.017361
          0.013110        0.005964       -0.017523
          0.015894        0.008194       -0.007341
          0.014835       -0.000076        0.011705
          0.007249       -0.016998        0.029342
         -0.003661       -0.028888        0.033751
         -0.011066       -0.025119        0.022245
         -0.012665       -0.008247        0.004684
         -0.010984        0.009214       -0.005525
         -0.006685        0.014264       -0.003393
          0.000550        0.003426        0.004977
          0.005540       -0.012754        0.010003
          0.002482       -0.018904        0.007478
         -0.004371       -0.010708       -0.000177
         -0.006368        0.002742       -0.009262
         -0.004780        0.012284       -0.017203
         -0.007075        0.017505       -0.019755
         -0.012217        0.021025       -0.012724
         -0.012293        0.020738        0.000100
         -0.005394        0.012088        0.007334
          0.003682       -0.003828        0.003595
          0.011706       -0.017880       -0.002660
          0.018050       -0.020572       -0.000624
          0.021031       -0.011699        0.008012
          0.018674       -0.000387        0.012119
          0.011488        0.004928        0.005949
          0.002694        0.004370       -0.005778
         -0.003990        0.003551       -0.015591
         -0.008000        0.005643       -0.019318
         -0.012544        0.009536       -0.016217
         -0.017922        0.013277       -0.010244
         -0.016212        0.014331       -0.009264
         -0.000263        0.008452       -0.015793
          0.021691       -0.004917       -0.021634
          0.030173       -0.017410       -0.018737
          0.017839       -0.019683       -0.010491
         -0.000089       -0.013323       -0.005113
         -0.005704       -0.005988       -0.004025
         -0.000625        0.003468       -0.004056
          0.000666        0.022623       -0.004620
         -0.007328        0.046419       -0.005710
         -0.016667        0.054151       -0.004952
         -0.019500        0.033336       -0.002566
         -0.016466       -0.002669       -0.002658
         -0.012425       -0.029600       -0.004116
         -0.010138       -0.038113        0.002355
         -0.008772       -0.036877        0.021533
         -0.005932       -0.036234        0.044333
         -0.000808       -0.037744        0.057514
          0.004126       -0.037149        0.057742
          0.005306       -0.030566        0.050737
          0.002578       -0.017074        0.040913
          0.000049        0.001941        0.026982
          0.000721        0.023994        0.006099
          0.002005        0.044699       -0.020119
         -0.000023        0.056938       -0.043398
         -0.003265        0.054621       -0.054050
         -0.001277        0.038699       -0.050231
          0.007743        0.017444       -0.039289
          0.017825       -0.000426       -0.027416
          0.021632       -0.012387       -0.012703
          0.017510       -0.022252        0.006803
          0.010007       -0.034632        0.023817
          0.004646       -0.048905        0.029076
          0.002374       -0.057682        0.024699
          0.000000       -0.052352        0.020868
         -0.003763       -0.032814        0.020215
         -0.006157       -0.010856        0.015056
         -0.006005        0.001277        0.001043
         -0.006259        0.006155       -0.015231
         -0.007782        0.017487       -0.024503
         -0.006824        0.038322       -0.023333
         -0.002290        0.052735       -0.012401
          0.001582        0.046921        0.005467
          0.002612        0.029460        0.021717
          0.002613        0.018779        0.024412
          0.000668        0.016803        0.010690
         -0.005775        0.009389       -0.007626
         -0.012271       -0.009101       -0.016570
         -0.010172       -0.025944       -0.014974
          0.000471       -0.027760       -0.011836
          0.009413       -0.017677       -0.011702
          0.009249       -0.009157       -0.009552
          0.003277       -0.008681       -0.001005
         -0.001436       -0.011210        0.009043
         -0.003190       -0.010840        0.012707
         -0.004548       -0.008675        0.009529
         -0.006421       -0.007654        0.003951
         -0.008036       -0.004961       -0.003774
         -0.009807        0.005016       -0.014884
         -0.011041        0.021443       -0.022907
         -0.007391        0.034791       -0.018555
          0.003894        0.034970       -0.003639
          0.018180        0.020865        0.010425
          0.027202        0.001021        0.017841
          0.026486       -0.014946        0.022118
          0.017085       -0.023439        0.025094
          0.003867       -0.024425        0.022924
         -0.006598       -0.016825        0.014145
         -0.010661       -0.002273        0.002538
         -0.010788        0.009823       -0.009728
         -0.011276        0.010015       -0.023596
         -0.012330        0.001887       -0.035816
         -0.011488       -0.000820       -0.038328
         -0.008305        0.008309       -0.028623
         -0.003801        0.020880       -0.014140
          0.001974        0.025678       -0.002940
          0.007462        0.021661        0.004003
          0.007793        0.015538        0.009130
          0.001184        0.011234        0.014097
         -0.005586        0.007079        0.020989
         -0.004916        0.001457        0.030116
          0.000702       -0.004476        0.035655
          0.003043       -0.010097        0.030967
          0.001253       -0.016825        0.017861
          0.001544       -0.025078        0.003925
          0.005017       -0.032151       -0.006865
          0.006227       -0.034178       -0.014868
          0.004345       -0.030134       -0.020619
          0.004832       -0.023244       -0.025873
          0.008177       -0.015780       -0.033934
          0.007728       -0.003727       -0.043597
          0.001724        0.016107       -0.046996
         -0.002182        0.034397       -0.037590
          0.001360        0.036396       -0.017132
          0.006818        0.022191        0.007087
          0.006102        0.007262        0.028425
          0.000008        0.001556        0.043574
         -0.004943        0.001168        0.052632
         -0.007452        0.001107        0.056937
         -0.011380        0.001863        0.054886
         -0.016086        0.001877        0.041988
         -0.015446       -0.002836        0.017736
         -0.007619       -0.009234       -0.010661
          0.001414       -0.009448       -0.034826
          0.005353       -0.004814       -0.051674
          0.003335       -0.006191       -0.058982
         -0.001416       -0.016754       -0.049946
         -0.004377       -0.024749       -0.021899
         -0.002800       -0.018461        0.010134
          0.001232       -0.000992        0.021059
          0.003583        0.015096        0.004822
          0.004491        0.023210       -0.012930
          0.007918        0.026939       -0.003924
          0.014638        0.029698        0.026109
          0.020199        0.026743        0.045217
          0.019392        0.012492        0.037050
          0.010450       -0.007988        0.016932
         -0.003193       -0.023025        0.005145
         -0.013967       -0.028670        0.003379
         -0.016278       -0.029537        0.003515
         -0.012679       -0.025799        0.002824
         -0.010420       -0.011787        0.001566
         -0.011706        0.009940       -0.001926
         -0.012343        0.025695       -0.005709
         -0.010041        0.026651       -0.003979
         -0.007225        0.018040        0.001303
         -0.004340        0.008962       -0.001395
          0.001987        0.001367       -0.016703
          0.011556       -0.007931       -0.033275
          0.018297       -0.020011       -0.038514
          0.017878       -0.030367       -0.034716
          0.012052       -0.031105       -0.032268
          0.004869       -0.019342       -0.031913
         -0.000025       -0.004068       -0.022899
          0.000411        0.002105        0.001662
          0.005161       -0.000228        0.033818
          0.007520        0.001892        0.057103
          0.002216        0.012685        0.061449
         -0.007719        0.019174        0.050275
         -0.015133        0.011045        0.033779
         -0.017041       -0.002572        0.018444
         -0.015257       -0.006517        0.005610
         -0.011864       -0.000199       -0.002895
         -0.007669        0.006908       -0.004571
         -0.002819        0.012076       -0.002054
          0.003362        0.017870       -0.002149
          0.010379        0.019535       -0.006284
          0.013489        0.008892       -0.007784
          0.007501       -0.009876       -0.002460
         -0.004703       -0.020601        0.003088
         -0.012527       -0.013659       -0.000965
         -0.009035        0.002879       -0.014903
          0.001602        0.012570       -0.030035
          0.009727        0.007749       -0.040508
          0.010279       -0.003720       -0.047763
          0.005618       -0.007734       -0.051978
          0.001105        0.001200       -0.046428
          0.000328        0.015334       -0.026328
          0.003127        0.022626        0.000740
          0.005829        0.017641        0.020758
          0.003933        0.004211        0.028803
         -0.003529       -0.009365        0.031709
         -0.011918       -0.017223        0.034920
         -0.014209       -0.019700        0.034424
         -0.007515       -0.020122        0.024857
          0.003037       -0.018288        0.009328
          0.008346       -0.010727       -0.003650
          0.005107        0.001586       -0.009506
          0.000333        0.010915       -0.009667
          0.003111        0.011739       -0.006051
          0.012397        0.008168        0.002132
          0.017174        0.007821        0.014421
          0.009909        0.010693        0.024316
         -0.004083        0.009696        0.023126
         -0.013456        0.002173        0.010555
         -0.013988       -0.005253       -0.002440
         -0.010491       -0.005867       -0.005289
         -0.006708       -0.001562        0.000342
          0.000004        0.001459        0.004757
          0.010534        0.000962        0.003276
          0.017043       -0.001831       -0.001503
          0.011671       -0.006825       -0.008091
         -0.001552       -0.013455       -0.017193
         -0.011574       -0.016966       -0.024174
         -0.014085       -0.012647       -0.021049
         -0.012531       -0.003695       -0.009320
         -0.009197        0.001512       -0.001889
         -0.003997        0.001300       -0.007353
          0.001150        0.002695       -0.018775
          0.004774        0.009038       -0.022620
          0.009376        0.013956       -0.014480
          0.015808        0.011738       -0.002169
          0.018525        0.005463        0.004165
          0.012798        0.000286        0.002709
          0.002215       -0.003552        0.001891
         -0.006181       -0.006897        0.010891
         -0.009298       -0.007940        0.027027
         -0.006979       -0.005664        0.036370
          0.000027       -0.001118        0.029801
          0.007318        0.005889        0.013551
          0.007781        0.014862        0.000187
         -0.001504        0.019965       -0.005063
         -0.016266        0.015439       -0.004421
         -0.028263        0.005325       -0.000347
         -0.029009       -0.000294        0.004828
         -0.015031        0.002211        0.005912
          0.006115        0.008873       -0.001225
          0.020599        0.016643       -0.013540
          0.023356        0.023974       -0.023314
          0.021565        0.025358       -0.026167
          0.020177        0.015133       -0.023882
          0.014507       -0.003396       -0.020676
          0.002199       -0.020209       -0.018806
         -0.008883       -0.029975       -0.016748
         -0.011429       -0.035159       -0.010403
         -0.008085       -0.038006        0.002963
         -0.004958       -0.035353        0.020754
         -0.003414       -0.023692        0.035199
         -0.001359       -0.006786        0.039479
          0.002790        0.004883        0.035558
          0.007815        0.004347        0.033534
          0.008725       -0.002835        0.039144
          0.001537       -0.003922        0.044552
         -0.009661        0.005789        0.037754
         -0.016228        0.018652        0.018411
         -0.015842        0.026668       -0.003754
         -0.012990        0.029094       -0.023605
         -0.009778        0.025193       -0.042984
         -0.004770        0.011046       -0.058898
         -0.000048       -0.009451       -0.061045
          0.000124       -0.021707       -0.045651
         -0.001606       -0.018383       -0.023450
          0.002843       -0.011404       -0.007425
          0.014682       -0.015794        0.002119
          0.026017       -0.028023        0.012851
          0.031121       -0.030777        0.024679
          0.030447       -0.016186        0.028690
          0.022966        0.004606        0.021713
          0.006587        0.015686        0.012028
         -0.012054        0.013877        0.007834
         -0.021216        0.008734        0.008082
         -0.020334        0.008793        0.007581
         -0.020503        0.013010        0.003643
         -0.026071        0.015063       -0.005038
         -0.027717        0.011539       -0.018309
         -0.017612        0.004972       -0.029998
         -0.001826        0.000752       -0.030866
          0.007281        0.001180       -0.020491
          0.005949        0.003075       -0.009864
          0.001916        0.002730       -0.007372
          0.003282        0.000993       -0.008113
          0.008162        0.000761       -0.002811
          0.008605        0.002738        0.008001
          0.003088        0.006272        0.015988
         -0.000505        0.009819        0.017991
          0.003888        0.008974        0.019311
          0.010854        0.000744        0.024246
          0.009704       -0.009288        0.029097
         -0.000903       -0.012389        0.026274
         -0.010524       -0.009903        0.013242
         -0.010706       -0.011236       -0.003106
         -0.004530       -0.017286       -0.010831
          0.001026       -0.016850       -0.003765
          0.005011       -0.004000        0.011168
          0.009804        0.010275        0.019569
          0.014436        0.010964        0.012779
          0.015390       -0.001414       -0.006520
          0.010698       -0.011020       -0.029510
          0.001200       -0.004998       -0.046799
         -0.009343        0.013218       -0.050562
         -0.015058        0.028582       -0.038245
         -0.012036        0.028765       -0.015703
         -0.002449        0.013960        0.006904
          0.006973       -0.003931        0.022636
          0.010588       -0.011139        0.029284
          0.007267       -0.003901        0.025573
         -0.000352        0.008305        0.010655
         -0.008134        0.012113       -0.011066
         -0.012939        0.002460       -0.027777
         -0.014683       -0.013990       -0.027567
         -0.015190       -0.025563       -0.009645
         -0.014154       -0.026301        0.013778
         -0.008579       -0.021378        0.028149
          0.001614       -0.020038        0.027582
          0.009923       -0.022932        0.015666
          0.009386       -0.021114       -0.000336
          0.001831       -0.009129       -0.013807
         -0.003444        0.006732       -0.020313
         -0.000812        0.017158       -0.018479
          0.006553        0.022324       -0.010079
          0.013264        0.029365        0.000955
          0.017486        0.038203        0.009810
          0.018634        0.037078        0.013113
          0.014816        0.016689        0.012466
          0.004797       -0.014538        0.013476
         -0.009515       -0.035282        0.017093
         -0.022459       -0.032450        0.015488
         -0.027380       -0.013917        0.003792
         -0.022999        0.001944       -0.008913
         -0.014785        0.006620       -0.011985
         -0.006647        0.006950       -0.012315
          0.003392        0.011453       -0.025304
          0.014893        0.018802       -0.047552
          0.020219        0.022950       -0.055061
          0.014866        0.022164       -0.032514
          0.006013        0.017334        0.008138
          0.003714        0.007592        0.042813
          0.008135       -0.005998        0.059180
          0.011325       -0.017142        0.060258
          0.008506       -0.020831        0.052080
          0.002820       -0.020325        0.036129
          0.000115       -0.022440        0.012985
          0.001851       -0.027068       -0.012226
          0.003364       -0.026266       -0.030857
         -0.000804       -0.014810       -0.036603
         -0.009790        0.002041       -0.029275
         -0.016554        0.014118       -0.013255
         -0.016208        0.018106        0.005630
         -0.011287        0.020380        0.020940
         -0.006692        0.026968        0.026745
         -0.002929        0.033713        0.021954
          0.001768        0.030983        0.012242
          0.005403        0.017322        0.003462
          0.004388        0.002113       -0.006039
          0.001055       -0.006678       -0.021529
          0.001760       -0.010661       -0.040498
          0.006355       -0.014523       -0.051427
          0.007774       -0.018333       -0.046364
          0.004303       -0.020263       -0.029807
          0.003074       -0.021045       -0.011645
          0.008196       -0.021068        0.004749
          0.014366       -0.017460        0.022269
          0.015387       -0.008727        0.039648
          0.011055        0.000792        0.047588
          0.003504        0.005494        0.038081
         -0.005977        0.005838        0.014962
         -0.014732        0.007005       -0.007547
         -0.019230        0.010220       -0.016866
         -0.019142        0.009322       -0.012124
         -0.017184       -0.000799       -0.002463
         -0.015087       -0.014140        0.003113
         -0.012651       -0.017337        0.001779
         -0.009291       -0.004949       -0.005549
         -0.003656        0.013619       -0.015917
          0.005688        0.024720       -0.021716
          0.015735        0.023786       -0.013898
          0.018784        0.015712        0.006591
          0.011557        0.006833        0.024749
          0.001182        0.000936        0.024864
         -0.003223       -0.000194        0.008159
         -0.001294        0.001973       -0.006448
          0.001645        0.001841       -0.002424
          0.003807       -0.004927        0.014403
          0.006334       -0.014941        0.021365
          0.007211       -0.019999        0.006096
          0.003104       -0.016521       -0.019113
         -0.004167       -0.008091       -0.033933
         -0.008394        0.001101       -0.032425
         -0.006022        0.009910       -0.022399
          0.000311        0.016473       -0.010685
          0.004881        0.016919        0.001475
          0.004434        0.010275        0.012321
          0.001060        0.000043        0.017877
         -0.000817       -0.009826        0.017464
         -0.000444       -0.015415        0.016279
         -0.001340       -0.011252        0.019296
         -0.004772        0.002736        0.023477
         -0.006667        0.013768        0.019768
         -0.003915        0.007275        0.004661
          0.000708       -0.012631       -0.013759
          0.003776       -0.024649       -0.024291
          0.006098       -0.015474       -0.024082
          0.007498        0.006215       -0.018452
          0.003206        0.023847       -0.012493
         -0.007322        0.030143       -0.007131
         -0.013969        0.025534       -0.001857
         -0.007595        0.011046        0.003039
          0.005788       -0.008417        0.007439
          0.012043       -0.022096        0.011839
          0.007453       -0.024674        0.015874
          0.000644       -0.024108        0.018299
         -0.001733       -0.029042        0.019344
         -0.001141       -0.033587        0.020844
         -0.000530       -0.025438        0.022197
         -0.000941       -0.005967        0.018554
         -0.003400        0.009809        0.006394
         -0.006819        0.013263       -0.010306
         -0.006703        0.010925       -0.023069
         -0.001991        0.011577       -0.027346
          0.001303        0.015462       -0.024631
         -0.000960        0.019849       -0.018119
         -0.003995        0.025358       -0.011588
         -0.001963        0.031390       -0.010985
          0.002940        0.032449       -0.019393
          0.005197        0.024361       -0.029252
          0.004284        0.010243       -0.026977
          0.002919       -0.002738       -0.008579
          0.001917       -0.010147        0.014479
          0.001062       -0.013116        0.027279
          0.001047       -0.016680        0.024570
          0.001463       -0.024598        0.011119
          0.000080       -0.033240       -0.004662
         -0.003598       -0.032815       -0.015082
         -0.006194       -0.019257       -0.016221
         -0.003933       -0.002398       -0.009898
          0.002434        0.004576       -0.001397
          0.007628        0.002018        0.005290
          0.007051        0.000962        0.009665
          0.001365        0.004407        0.013614
         -0.004366        0.003688        0.018725
         -0.005974       -0.004375        0.023038
         -0.004237       -0.009477        0.020602
         -0.002696       -0.002240        0.007379
         -0.002133        0.012847       -0.011638
         -0.000571        0.023893       -0.024576
          0.001348        0.024514       -0.023470
          0.000524        0.017422       -0.010242
         -0.002118        0.010363        0.008352
         -0.001858        0.009686        0.026999
          0.001928        0.013532        0.040793
          0.004944        0.012255        0.042829
          0.005467        0.000694        0.028752
          0.005621       -0.012487        0.004056
          0.005791       -0.014503       -0.017275
          0.004481       -0.004700       -0.024620
          0.002078        0.006594       -0.020225
         -0.000575        0.011853       -0.014490
         -0.003800        0.009990       -0.013217
         -0.005562        0.000147       -0.013243
         -0.002805       -0.016672       -0.009660
          0.000851       -0.031173       -0.002682
         -0.002011       -0.032385        0.003451
         -0.009089       -0.022029        0.005456
         -0.008789       -0.013250        0.004076
          0.001847       -0.013470        0.003176
          0.010938       -0.016249        0.005208
          0.008945       -0.012244        0.007485
          0.001922       -0.001438        0.005104
          0.000497        0.009048       -0.002093
          0.003557        0.014855       -0.008488
          0.001852        0.018070       -0.009733
         -0.006422        0.022793       -0.007580
         -0.012966        0.029790       -0.005637
         -0.011555        0.035087       -0.003333
         -0.005119        0.032857        0.001817
          0.000472        0.020534        0.006943
          0.003738        0.001663        0.004471
          0.006403       -0.016529       -0.006843
          0.008937       -0.027645       -0.016251
          0.010324       -0.028837       -0.012566
          0.010361       -0.022458        0.001431
          0.009281       -0.015558        0.013074
          0.005810       -0.013283        0.015570
         -0.001230       -0.011896        0.011603
         -0.009134       -0.003281        0.004153
         -0.012663        0.012973       -0.006287
         -0.010324        0.027889       -0.016032
         -0.005820        0.034345       -0.018573
         -0.002347        0.033510       -0.011817
          0.000132        0.028784       -0.000507
          0.001263        0.020501        0.007750
         -0.000029        0.009136        0.007225
         -0.001201       -0.002733       -0.000995
          0.001674       -0.014015       -0.007334
          0.006515       -0.024912       -0.002604
          0.007208       -0.032252        0.010098
          0.002978       -0.031489        0.018004
         -0.000966       -0.024224        0.013777
         -0.000859       -0.017625        0.002784
          0.002962       -0.015239       -0.004696
          0.007725       -0.013416       -0.004290
          0.008627       -0.007696       -0.000447
          0.002306        0.001525       -0.000351
         -0.007451        0.010576       -0.004998
         -0.012788        0.016238       -0.007913
         -0.011441        0.017131       -0.004720
         -0.007527        0.013807       -0.000614
         -0.003764        0.007645       -0.003441
          0.000048       -0.000950       -0.011920
          0.002334       -0.010851       -0.017152
          0.000986       -0.016374       -0.014948
         -0.001992       -0.010507       -0.009714
         -0.002961        0.005424       -0.005035
         -0.001305        0.020343        0.002978
          0.002386        0.025027        0.018532
          0.007788        0.020977        0.035557
          0.011144        0.014548        0.041004
          0.007239        0.006814        0.031208
         -0.001499       -0.005026        0.018570
         -0.005872       -0.018262        0.015182
         -0.002912       -0.024198        0.015722
          0.000300       -0.019024        0.007170
         -0.001578       -0.008947       -0.009488
         -0.004809       -0.001207       -0.020690
         -0.004041        0.004038       -0.020517
         -0.000412        0.008806       -0.015628
          0.001116        0.010616       -0.011587
         -0.000978        0.006636       -0.007576
         -0.002397       -0.000102       -0.004247
          0.002291       -0.004136       -0.004717
          0.012173       -0.004047       -0.007046
          0.019038       -0.002152       -0.005211
          0.016638       -0.001494        0.001443
          0.007872       -0.005131        0.006234
         -0.001058       -0.013600        0.003152
         -0.008563       -0.021430       -0.006718
         -0.014584       -0.021348       -0.016265
         -0.016154       -0.013504       -0.018089
         -0.012504       -0.005172       -0.010326
         -0.008441        0.000190        0.001681
         -0.006873        0.007573        0.009239
         -0.004180        0.021118        0.006792
          0.002178        0.035157       -0.002540
          0.007818        0.039142       -0.007357
          0.007657        0.029529        0.000884
          0.002528        0.013255        0.014999
         -0.003747        0.000164        0.017334
         -0.008865       -0.005299        0.001874
         -0.011309       -0.005174       -0.016584
         -0.009877       -0.003555       -0.020736
         -0.005769       -0.002160       -0.010965
         -0.001571        0.000413       -0.000901
          0.001948        0.004943        0.001176
          0.005209        0.007777       -0.000629
          0.007614        0.003711        0.001704
          0.008377       -0.006952        0.010584
          0.007759       -0.018039        0.021468
          0.006711       -0.024848        0.027977
          0.006937       -0.027756        0.027619
          0.009651       -0.028275        0.022612
          0.012574       -0.025915        0.015700
          0.011548       -0.019489        0.007687
          0.006502       -0.008855        0.000010
          0.001620        0.004143       -0.004165
         -0.000935        0.015464       -0.004203
         -0.003083        0.022002       -0.004020
         -0.006609        0.025399       -0.006934
         -0.010191        0.029428       -0.011233
         -0.010507        0.033095       -0.012598
         -0.005487        0.029829       -0.008473
          0.002397        0.015115       -0.000522
          0.007279       -0.006577        0.004248
          0.006263       -0.024220       -0.002007
          0.002253       -0.030145       -0.017194
         -0.001176       -0.026037       -0.027181
         -0.003836       -0.017825       -0.021360
         -0.006105       -0.008315       -0.006814
         -0.006796        0.001276        0.000235
         -0.005853        0.007182       -0.005864
         -0.004952        0.007092       -0.016316
         -0.004042        0.005348       -0.021301
         -0.001297        0.008178       -0.019033
          0.002655        0.015605       -0.011392
          0.004350        0.021933        0.001308
          0.002378        0.022240        0.017582
         -0.000911        0.016134        0.032407
         -0.003636        0.007132        0.042000
         -0.006351       -0.000621        0.046898
         -0.008384       -0.006117        0.046625
         -0.006923       -0.010908        0.036890
         -0.001578       -0.014147        0.017714
          0.005127       -0.012206       -0.001326
          0.012483       -0.005594       -0.011769
          0.020305       -0.001652       -0.017735
          0.023252       -0.006397       -0.027776
          0.015207       -0.016632       -0.039441
          0.000284       -0.023322       -0.043156
         -0.009653       -0.020998       -0.038743
         -0.010443       -0.012017       -0.035281
         -0.009621       -0.002883       -0.034820
         -0.011835        0.002068       -0.028403
         -0.010709        0.003168       -0.010046
         -0.001982        0.003024        0.014152
          0.005624        0.003953        0.032436
          0.003102        0.007343        0.037779
         -0.004129        0.012107        0.031869
         -0.005852        0.013975        0.021857
         -0.003129        0.010796        0.013369
         -0.002938        0.008255        0.006726
         -0.004490        0.013807        0.000075
         -0.002321        0.023510       -0.006354
          0.003035        0.022942       -0.010551
          0.006598        0.006273       -0.011290
          0.006323       -0.012593       -0.009324
          0.002932       -0.016024       -0.006472
         -0.002644       -0.005524       -0.002905
         -0.007286        0.001006        0.003754
         -0.006079       -0.006135        0.013910
          0.000984       -0.016681        0.022242
          0.006481       -0.016563        0.022753
          0.004283       -0.007550        0.016066
         -0.001658       -0.003408        0.007599
         -0.002225       -0.010380        0.001004
          0.004357       -0.020071       -0.002299
          0.010479       -0.022001       -0.000523
          0.009764       -0.015728        0.006064
          0.004102       -0.007476        0.012195
         -0.001368       -0.000320        0.011681
         -0.004982        0.007389        0.003719
         -0.007185        0.016154       -0.006741
         -0.006629        0.022508       -0.012998
         -0.002199        0.022592       -0.010434
          0.003006        0.016044       -0.000350
          0.004357        0.005734        0.008213
          0.002058       -0.003764        0.004894
          0.001132       -0.006415       -0.009912
          0.004568        0.002040       -0.022530
          0.009296        0.016752       -0.020858
          0.010330        0.023471       -0.009778
          0.006990        0.012540       -0.004673
          0.002392       -0.007955       -0.010411
         -0.002086       -0.019716       -0.016374
         -0.007335       -0.015217       -0.013890
         -0.011921       -0.004599       -0.007815
         -0.013140        0.000066       -0.006665
         -0.012594       -0.000092       -0.010684
         -0.013435        0.003094       -0.014553
         -0.012849        0.009561       -0.014626
         -0.005833        0.011006       -0.009232
          0.004767        0.003993        0.002985
          0.010824       -0.005715        0.020937
          0.009961       -0.011785        0.038696
          0.006028       -0.012897        0.047315
          0.001111       -0.009474        0.041278
         -0.004820       -0.001797        0.025046
         -0.008425        0.006788        0.010998
         -0.005382        0.010114        0.007089
          0.002213        0.005843        0.007988
          0.007687       -0.000926        0.002200
          0.008695       -0.003609       -0.013749
          0.008038       -0.001666       -0.032296
          0.006718        0.000664       -0.043494
          0.003356        0.000846       -0.041218
         -0.000465       -0.000362       -0.023824
         -0.001504       -0.001707        0.002928
         -0.000600       -0.002223        0.024524
         -0.000990       -0.001014        0.028576
         -0.002541        0.001170        0.018597
         -0.002762        0.002063        0.009435
         -0.001258        0.000747        0.008419
          0.000724       -0.001727        0.009293
          0.002483       -0.004286        0.005734
          0.003156       -0.006029        0.001000
          0.002121       -0.005745        0.000241
          0.001236       -0.003703        0.001807
          0.002533       -0.002311        0.002109
          0.003426       -0.002924        0.002511
         -0.000393       -0.004121        0.004803
         -0.006700       -0.004531        0.005275
         -0.007764       -0.004282        0.000806
         -0.001586       -0.002598       -0.003571
          0.004075        0.001898       -0.001539
          0.002409        0.007192        0.003110
         -0.002945        0.008814        0.000696
         -0.003998        0.006455       -0.009900
          0.000049        0.005582       -0.019319
          0.003465        0.010402       -0.021153
          0.003703        0.017956       -0.020254
          0.003529        0.021137       -0.024539
          0.004246        0.016810       -0.033104
          0.003630        0.009521       -0.036822
          0.001278        0.005774       -0.029118
          0.000109        0.005233       -0.012452
          0.000817        0.001327        0.005589
         -0.000521       -0.008108        0.019108
         -0.006586       -0.015910        0.025806
         -0.013497       -0.015284        0.025424
         -0.014411       -0.009747        0.019639
         -0.007348       -0.007534        0.012918
          0.002709       -0.009450        0.010155
          0.008899       -0.009576        0.011543
          0.008241       -0.006528        0.011634
          0.003017       -0.005879        0.006407
         -0.001875       -0.009920       -0.000178
         -0.002643       -0.011787       -0.001254
          0.000804       -0.003828        0.002349
          0.004629        0.011657        0.003544
          0.004631        0.023702        0.001478
          0.001480        0.023301        0.003685
          0.000134        0.010697        0.013123
          0.002088       -0.005758        0.022445
          0.002204       -0.015558        0.025281
         -0.003345       -0.013257        0.023821
         -0.010450       -0.003581        0.020398
         -0.012630        0.001707        0.011775
         -0.009147       -0.004189       -0.001855
         -0.003648       -0.014945       -0.012312
          0.001091       -0.019123       -0.015656
          0.003271       -0.014921       -0.019725
          0.001203       -0.009895       -0.031058
         -0.003385       -0.006368       -0.042564
         -0.004697        0.002180       -0.042680
          0.000538        0.016494       -0.029983
          0.008706        0.025033       -0.011623
          0.014442        0.019773        0.005679
          0.016814        0.008578        0.016500
          0.017546        0.003031        0.016303
          0.016523        0.003014        0.007714
          0.012557        0.002241        0.000866
          0.006470        0.000139        0.000402
          0.000303       -0.001139       -0.001914
         -0.005524       -0.003438       -0.014155
         -0.011862       -0.007687       -0.029344
         -0.017939       -0.009575       -0.032177
         -0.020644       -0.007615       -0.017184
         -0.017568       -0.008029        0.007472
         -0.010329       -0.014175        0.030756
         -0.003811       -0.018305        0.045463
         -0.001746       -0.011948        0.047805
         -0.003782        0.001433        0.039111
         -0.006860        0.012536        0.026553
         -0.008093        0.019793        0.016080
         -0.006101        0.027247        0.006609
         -0.001096        0.032368       -0.004510
          0.005284        0.027479       -0.014193
          0.010532        0.013793       -0.017136
          0.012584        0.003141       -0.014016
          0.011552        0.001690       -0.011045
          0.009789        0.000937       -0.012302
          0.008828       -0.008677       -0.016189
          0.006846       -0.022024       -0.018890
          0.001306       -0.025636       -0.018100
         -0.006341       -0.016283       -0.013211
         -0.011082       -0.004737       -0.004454
         -0.009668       -0.001519        0.006697
         -0.004144       -0.005553        0.016899
          0.000080       -0.007961        0.022161
         -0.000099       -0.002655        0.021095
         -0.001402        0.008125        0.016391
          0.002047        0.016269        0.011082
          0.009806        0.015051        0.004541
          0.014286        0.005198       -0.004278
          0.011214       -0.006154       -0.011370
          0.005220       -0.012411       -0.011301
          0.001716       -0.011853       -0.005856
         -0.000009       -0.005473       -0.002903
         -0.001551        0.005655       -0.006099
         -0.000753        0.018421       -0.011122
          0.002639        0.025568       -0.012595
          0.003470        0.019758       -0.009569
         -0.001436        0.001657       -0.003414
         -0.007793       -0.017176        0.004672
         -0.010131       -0.022773        0.012192
         -0.008959       -0.012459        0.015157
         -0.007851        0.001566        0.011717
         -0.007322        0.005087        0.003862
         -0.005668       -0.003088       -0.005599
         -0.003675       -0.011672       -0.015193
         -0.004271       -0.010577       -0.022773
         -0.007206       -0.000561       -0.024703
         -0.007299        0.009702       -0.019829
         -0.000511        0.012985       -0.012120
          0.009611        0.009340       -0.006103
          0.014947        0.003630       -0.000899
          0.012516       -0.001274        0.007576
          0.007864       -0.006146        0.019051
          0.007473       -0.009952        0.027726
          0.010841       -0.007605        0.029260
          0.012354        0.002702        0.025071
          0.008649        0.013251        0.019098
          0.001385        0.014052        0.014341
         -0.005918        0.005630        0.013032
         -0.011374       -0.001544        0.015090
         -0.015095       -0.001189        0.015108
         -0.016801        0.001306        0.006248
         -0.014029       -0.002068       -0.010422
         -0.005293       -0.010494       -0.025048
          0.004965       -0.015678       -0.029562
          0.009212       -0.012191       -0.024765
          0.005779       -0.003497       -0.015615
          0.000332        0.001743       -0.005525
         -0.001969       -0.001797        0.002030
         -0.000558       -0.010609        0.002734
          0.003654       -0.014939       -0.003049
          0.009432       -0.008332       -0.007855
          0.013334        0.004632       -0.004338
          0.011877        0.012397        0.006563
          0.005974        0.009600        0.016691
         -0.000120        0.002878        0.019400
         -0.004232        0.001071        0.015593
         -0.007879        0.003786        0.009717
         -0.011928        0.004170        0.002124
         -0.013351       -0.000282       -0.008776
         -0.008955       -0.005197       -0.017686
         -0.001293       -0.005829       -0.015313
          0.003114       -0.001076       -0.002697
          0.002108        0.007894        0.006900
         -0.000035        0.018099        0.004646
         -0.000307        0.024069       -0.004083
         -0.001044        0.021374       -0.010664
         -0.003221        0.011693       -0.014119
         -0.002272        0.001486       -0.014975
          0.003787       -0.004534       -0.008142
          0.008348       -0.006661        0.008536
          0.006052       -0.008094        0.024884
          0.002769       -0.011641        0.027132
          0.005959       -0.017425        0.013432
          0.010421       -0.022263       -0.005634
          0.005535       -0.021969       -0.019375
         -0.007221       -0.014948       -0.024857
         -0.016428       -0.003565       -0.024811
         -0.017206        0.007482       -0.022353
         -0.013823        0.014248       -0.018136
         -0.009218        0.016076       -0.011306
         -0.003040        0.015036       -0.002480
          0.002534        0.012594        0.005664
          0.004143        0.008277        0.011140
          0.002593        0.002329        0.014075
          0.001171       -0.002424        0.014990
          0.000723       -0.003341        0.014038
         -0.000038       -0.001882        0.012362
         -0.001252       -0.002773        0.011853
         -0.001323       -0.008764        0.012997
          0.000910       -0.017445        0.014020
          0.004292       -0.023484        0.011644
          0.006228       -0.022493        0.003125
          0.005787       -0.013322       -0.009365
          0.004938        0.000615       -0.016476
          0.005624        0.012725       -0.008979
          0.006569        0.018600        0.010340
          0.004614        0.018923        0.026035
         -0.000792        0.015686        0.024277
         -0.006061        0.009465        0.005912
         -0.007430        0.002754       -0.016289
         -0.004967        0.000706       -0.030838
         -0.000578        0.004935       -0.035051
          0.005959        0.010704       -0.031319
          0.014811        0.012751       -0.021114
          0.021404        0.010336       -0.005039
          0.019433        0.005604        0.013660
          0.008547        0.000927        0.028597
         -0.005080       -0.001529        0.033719
         -0.014944       -0.000974        0.027308
         -0.018007        0.001013        0.013537
         -0.014825        0.002393        0.000216
         -0.009120        0.002244       -0.006365
         -0.005534       -0.000604       -0.005558
         -0.006021       -0.007377       -0.001738
         -0.008953       -0.015981        0.000199
         -0.010971       -0.021101       -0.001339
         -0.009012       -0.019931       -0.004729
         -0.002430       -0.015365       -0.008080
          0.005856       -0.011603       -0.011068
          0.011745       -0.008566       -0.013651
          0.013774       -0.003148       -0.014343
          0.013355        0.004280       -0.011056
          0.011783        0.007924       -0.003427
          0.009094        0.004456        0.006062
          0.005864        0.000574        0.013009
          0.003490        0.005747        0.013892
          0.001700        0.017095        0.009502
         -0.001586        0.020457        0.005413
         -0.006628        0.009519        0.006911
         -0.010785       -0.005501        0.012468
         -0.012248       -0.012668        0.014012
         -0.012116       -0.012000        0.005413
         -0.011543       -0.008830       -0.010581
         -0.009328       -0.003676       -0.025375
         -0.004102        0.003478       -0.032344
          0.002520        0.007242       -0.029640
          0.007182        0.004109       -0.018558
          0.009003        0.000118       -0.003146
          0.010147        0.003010        0.010396
          0.011573        0.010328        0.017827
          0.011252        0.012908        0.019735
          0.008165        0.008103        0.018162
          0.004808        0.002228        0.012363
          0.003296        0.000215        0.001354
          0.001592       -0.000469       -0.010777
         -0.003600       -0.003852       -0.017094
         -0.011335       -0.008063       -0.016165
         -0.016195       -0.006970       -0.013154
         -0.014304        0.001394       -0.010479
         -0.008340        0.009671       -0.003430
         -0.004277        0.006796        0.010158
         -0.003296       -0.009607        0.021687
         -0.001018       -0.028537        0.020878
          0.004047       -0.035961        0.009929
          0.007088       -0.028409        0.000986
          0.005385       -0.014176        0.001056
          0.003755       -0.002758        0.006442
          0.006312        0.004149        0.011278
          0.008909        0.011147        0.014318
          0.006345        0.020354        0.015936
          0.001461        0.026541        0.014299
         -0.000191        0.023274        0.008079
          0.000024        0.012671        0.000632
         -0.003123        0.004868       -0.002201
         -0.009259        0.006908        0.000611
         -0.012514        0.015154        0.002805
         -0.009800        0.019419       -0.001597
         -0.003912        0.012523       -0.010487
          0.001802       -0.003983       -0.017805
          0.007410       -0.021113       -0.022760
          0.013127       -0.029044       -0.027764
          0.015796       -0.024225       -0.028906
          0.012282       -0.011790       -0.018395
          0.004295       -0.001643        0.001618
         -0.003366       -0.000790        0.017121
         -0.008109       -0.007345        0.018800
         -0.010861       -0.012231        0.013176
         -0.012818       -0.008287        0.011671
         -0.012540        0.002423        0.014758
         -0.007448        0.010988        0.013873
          0.001351        0.010994        0.005283
          0.007782        0.005418       -0.005011
          0.006977        0.003378       -0.009353
          0.001280        0.008668       -0.006422
         -0.002999        0.014006       -0.000822
         -0.003440        0.010810        0.002010
         -0.002328        0.002001       -0.000855
         -0.001031       -0.001409       -0.009673
          0.001367        0.004643       -0.022219
          0.004041        0.012424       -0.032906
          0.004542        0.013275       -0.034042
          0.003505        0.007620       -0.021950
          0.003734        0.001990       -0.002684
          0.004260        0.000040        0.011424
          0.001409       -0.000561        0.013251
         -0.004120       -0.004260        0.007464
         -0.007691       -0.012428        0.004178
         -0.007782       -0.020526        0.008044
         -0.006308       -0.020588        0.015461
         -0.003202       -0.010005        0.020049
          0.003165        0.002483        0.018167
          0.011261        0.004949        0.010995
          0.016485       -0.002856        0.003422
          0.015111       -0.009046       -0.000752
          0.006928       -0.005399       -0.002975
         -0.003615        0.003492       -0.006830
         -0.009047        0.009313       -0.011791
         -0.005477        0.010615       -0.013988
          0.002153        0.010137       -0.011944
          0.004939        0.008206       -0.007242
          0.000561        0.003955       -0.000831
         -0.004805       -0.001260        0.007162
         -0.006029       -0.005861        0.015195
         -0.005317       -0.010115        0.021628
         -0.005911       -0.013274        0.026975
         -0.005228       -0.012303        0.031175
         -0.000072       -0.006466        0.029884
          0.005974        0.000602        0.017868
          0.007153        0.006389       -0.003688
          0.004010        0.012646       -0.026551
          0.001001        0.019473       -0.042192
         -0.000993        0.021430       -0.046789
         -0.003714        0.014602       -0.040947
         -0.006166        0.003481       -0.028402
         -0.006030       -0.004242       -0.014659
         -0.004194       -0.006602       -0.003243
         -0.002699       -0.006619        0.006700
         -0.000339       -0.005702        0.016505
          0.004389       -0.003152        0.023467
          0.007997       -0.001137        0.024617
          0.005794       -0.004581        0.023305
         -0.000021       -0.014038        0.025373
         -0.002135       -0.022450        0.028809
          0.001494       -0.022186        0.024790
          0.004367       -0.012978        0.010554
          0.000798       -0.000148       -0.006391
         -0.005433        0.011819       -0.018577
         -0.006048        0.020298       -0.024709
         -0.000225        0.022891       -0.023864
          0.003833        0.019666       -0.013773
          0.000073        0.014145        0.001251
         -0.007564        0.007936        0.010276
         -0.010553       -0.001788        0.009049
         -0.005533       -0.015280        0.005458
          0.003286       -0.025767        0.006519
          0.009094       -0.027417        0.007991
          0.008611       -0.023136        0.003413
          0.004467       -0.018990       -0.004371
          0.001729       -0.015275       -0.008805
          0.001620       -0.008561       -0.010161
          0.000057        0.001224       -0.011781
         -0.006292        0.010885       -0.011415
         -0.014277        0.018295       -0.005452
         -0.017102        0.022633        0.002161
         -0.012038        0.022852        0.003727
         -0.002727        0.019492       -0.001677
          0.005603        0.016099       -0.007976
          0.010442        0.015062       -0.010372
          0.011967        0.012404       -0.008643
          0.011593        0.001000       -0.004273
          0.010735       -0.018657        0.000719
          0.009254       -0.034787        0.003559
          0.005350       -0.036051        0.003584
         -0.001566       -0.024035        0.004105
         -0.008199       -0.008967        0.007601
         -0.009483        0.003233        0.010866
         -0.004425        0.012972        0.009457
          0.001647        0.019964        0.005444
          0.002769        0.022456        0.005258
         -0.000631        0.021539        0.009677
         -0.002969        0.019432        0.011381
         -0.001016        0.015449        0.004899
          0.003065        0.009031       -0.005046
          0.005996        0.003622       -0.009423
          0.007203        0.002083       -0.007084
          0.007456        0.001681       -0.005454
          0.006344       -0.001010       -0.008823
          0.002975       -0.003916       -0.012159
         -0.001599       -0.003667       -0.009032
         -0.004436       -0.002620       -0.000344
         -0.004185       -0.005985        0.008039
         -0.003315       -0.013668        0.011697
         -0.004848       -0.019083        0.008639
         -0.007492       -0.015707       -0.001359
         -0.006563       -0.003667       -0.014080
         -0.000225        0.009260       -0.020581
          0.006965        0.013435       -0.014299
          0.008355        0.005606        0.001532
          0.003068       -0.008502        0.015741
         -0.002561       -0.019558        0.019067
         -0.003016       -0.021292        0.011835
         -0.000574       -0.012628        0.002265
         -0.001040        0.003104       -0.002226
         -0.004839        0.018874       -0.001455
         -0.006672        0.026280        0.000077
         -0.003105        0.021417        0.000628
          0.003169        0.009307        0.002620
          0.006598       -0.000345        0.006052
          0.004289       -0.003197        0.005855
         -0.001594       -0.003630       -0.000225
         -0.006141       -0.006936       -0.005842
         -0.006583       -0.011771       -0.003925
         -0.004634       -0.013086        0.003098
         -0.003608       -0.009176        0.006797
         -0.004262       -0.002100        0.003807
         -0.004381        0.006361       -0.002056
         -0.001620        0.014876       -0.006561
          0.003907        0.020074       -0.008923
          0.009227        0.018161       -0.010217
          0.010497        0.009309       -0.011836
          0.006348       -0.002236       -0.014856
         -0.000056       -0.012336       -0.018400
         -0.002910       -0.018945       -0.019253
          0.000684       -0.020532       -0.014751
          0.006638       -0.015841       -0.005954
          0.007515       -0.006235        0.002786
          0.001441        0.003837        0.007863
         -0.005442        0.010121        0.009896
         -0.007091        0.011487        0.012288
         -0.004576        0.009572        0.016271
         -0.002841        0.006782        0.018996
         -0.003907        0.004272        0.017198
         -0.005462        0.000798        0.011671
         -0.004114       -0.005194        0.007300
          0.000633       -0.011616        0.007779
          0.004772       -0.013702        0.009715
          0.003928       -0.010009        0.004724
         -0.000316       -0.004276       -0.009310
         -0.001675       -0.000629       -0.022128
          0.002547       -0.000087       -0.021835
          0.008249       -0.001491       -0.009627
          0.009841       -0.002420        0.002241
          0.005650        0.000001        0.005546
         -0.001232        0.005743        0.003343
         -0.005859        0.010330        0.003281
         -0.006759        0.009655        0.008580
         -0.007218        0.005023        0.015805
         -0.008648        0.000639        0.019685
         -0.007159       -0.002387        0.019729
         -0.000989       -0.006377        0.020185
          0.004821       -0.012384        0.022352
          0.005859       -0.018111        0.021071
          0.004102       -0.019976        0.011665
          0.002979       -0.015107       -0.003758
          0.002770       -0.002688       -0.019424
          0.002450        0.013930       -0.031128
          0.001270        0.027636       -0.036643
         -0.001119        0.032681       -0.035404
         -0.002839        0.028499       -0.029350
         -0.000646        0.017242       -0.020765
          0.004777        0.000649       -0.009720
          0.007743       -0.017775        0.002849
          0.004302       -0.030900        0.011758
         -0.002581       -0.033007        0.012374
         -0.006626       -0.025425        0.007145
         -0.005285       -0.014041        0.002641
         -0.001492       -0.002971        0.001871
          0.000588        0.006737        0.003499
         -0.000362        0.014636        0.006165
         -0.003008        0.020045        0.009139
         -0.005434        0.022233        0.010388
         -0.005628        0.019952        0.007992
         -0.001850        0.012914        0.003054
          0.004770        0.004730       -0.001469
          0.009167        0.001329       -0.004673
          0.007361        0.004466       -0.008150
          0.002248        0.009407       -0.012189
          0.000613        0.011007       -0.014237
          0.003855        0.009368       -0.012756
          0.005733        0.007546       -0.009943
          0.001216        0.006737       -0.008195
         -0.005882        0.006195       -0.006324
         -0.007398        0.005426       -0.002059
         -0.001264        0.003979        0.003743
          0.006122        0.000478        0.007734
          0.007891       -0.006119        0.007475
          0.003812       -0.014540        0.003292
         -0.001653       -0.021604       -0.001835
         -0.005419       -0.024940       -0.004610
         -0.007629       -0.024889       -0.004906
         -0.009119       -0.023435       -0.004977
         -0.009655       -0.021936       -0.003901
         -0.008869       -0.020199        0.003349
         -0.007400       -0.016751        0.018388
         -0.005880       -0.009994        0.034201
         -0.003238       -0.000730        0.040839
          0.002052        0.006920        0.034790
          0.008559        0.009795        0.021061
          0.012086        0.010496        0.007744
          0.010586        0.014442       -0.000077
          0.006738        0.021838       -0.002737
          0.004109        0.026072       -0.004352
          0.002810        0.021378       -0.008994
          0.001004        0.009983       -0.017642
         -0.001070        0.000423       -0.027793
         -0.001676       -0.000440       -0.035076
         -0.001355        0.006469       -0.035398
         -0.002289        0.013643       -0.026913
         -0.003863        0.014197       -0.011539
         -0.003284        0.008075        0.005118
         -0.000782        0.000552        0.016926
          0.000809       -0.005018        0.021646
          0.001349       -0.010217        0.020860
          0.002528       -0.016182        0.015121
          0.002651       -0.019190        0.003199
         -0.001285       -0.015366       -0.012100
         -0.007118       -0.007072       -0.023063
         -0.009124       -0.000423       -0.025375
         -0.005418        0.002193       -0.021746
          0.000863        0.003448       -0.014717
          0.006371        0.005179       -0.003194
          0.009401        0.004409        0.010626
          0.008725       -0.002686        0.018786
          0.005043       -0.013716        0.016601
          0.002208       -0.020017        0.008528
          0.002396       -0.015503        0.002213
          0.001620       -0.003682        0.001690
         -0.004425        0.006649        0.007253
         -0.011766        0.011068        0.015697
         -0.012432        0.011914        0.019802
         -0.006219        0.012286        0.014162
         -0.000601        0.011756        0.003036
          0.000540        0.008789       -0.002946
          0.000510        0.004060        0.001089
          0.002249       -0.000741        0.009732
          0.004408       -0.005679        0.014871
          0.005667       -0.012095        0.013458
          0.006524       -0.019661        0.007317
          0.005626       -0.024946       -0.000956
          0.000512       -0.023474       -0.009729
         -0.006167       -0.013945       -0.017221
         -0.007251       -0.000249       -0.021110
         -0.000795        0.011903       -0.020252
          0.006010        0.019692       -0.015545
          0.005965        0.022754       -0.008389
          0.000630        0.020278       -0.000352
         -0.003325        0.012816        0.004626
         -0.002611        0.005560        0.001507
          0.001394        0.004138       -0.008790
          0.006328        0.006941       -0.016739
          0.009782        0.006820       -0.013836
          0.009187        0.001048       -0.003292
          0.004481       -0.005419        0.004042
         -0.000758       -0.007753        0.003517
         -0.003171       -0.007162        0.001538
         -0.003288       -0.006796        0.006700
         -0.004093       -0.006597        0.019796
         -0.006705       -0.005884        0.032768
         -0.008624       -0.007017        0.035425
         -0.007642       -0.011488        0.023806
         -0.006658       -0.015248        0.003793
         -0.010162       -0.013373       -0.013701
         -0.015504       -0.007164       -0.021877
         -0.014290       -0.001344       -0.022189
         -0.004458        0.003310       -0.019989
          0.006010        0.009163       -0.017992
          0.010069        0.015813       -0.014602
          0.009653        0.020057       -0.007120
          0.009853        0.020277        0.004293
          0.011086        0.017250        0.015301
          0.010871        0.012098        0.020340
          0.009107        0.006522        0.017604
          0.007384        0.003480        0.010292
          0.005284        0.003851        0.002570
          0.001100        0.003302       -0.004160
         -0.004387       -0.002680       -0.010829
         -0.007810       -0.010346       -0.018316
         -0.007416       -0.010186       -0.025395
         -0.005278        0.000233       -0.027869
         -0.004114        0.011743       -0.020989
         -0.003500        0.014430       -0.004704
         -0.001499        0.007708        0.014068
          0.000949       -0.002642        0.026432
          0.000836       -0.012001        0.029309
         -0.001519       -0.018646        0.026492
         -0.002064       -0.022071        0.021362
          0.001021       -0.022466        0.012548
          0.005193       -0.020303       -0.000016
          0.008074       -0.015581       -0.009799
          0.009406       -0.008464       -0.011062
          0.007966       -0.000369       -0.007968
          0.001961        0.006549       -0.008882
         -0.006261        0.010680       -0.014077
         -0.010709        0.011585       -0.016343
         -0.008770        0.010402       -0.011830
         -0.004186        0.010006       -0.003621
         -0.001420        0.013371        0.003831
         -0.000393        0.020104        0.008137
          0.000820        0.024728        0.008572
          0.001152        0.020457        0.006949
         -0.001710        0.006417        0.006900
         -0.006477       -0.009731        0.008902
         -0.009306       -0.018540        0.008871
         -0.008815       -0.017942        0.004106
         -0.006315       -0.013571       -0.003413
         -0.002211       -0.010866       -0.010891
          0.003646       -0.010589       -0.016304
          0.008999       -0.011735       -0.015768
          0.010859       -0.013606       -0.007023
          0.009872       -0.013627        0.003627
          0.009259       -0.007803        0.006380
          0.009448        0.004014        0.001447
          0.007283        0.015862       -0.000838
          0.001166        0.020625        0.004721
         -0.005848        0.016480        0.010742
         -0.009206        0.008079        0.007800
         -0.007509        0.002010       -0.004081
         -0.003131        0.001109       -0.017399
          0.000890        0.002876       -0.025471
          0.003511        0.002985       -0.025505
          0.004947       -0.000539       -0.017052
          0.004620       -0.006590       -0.001711
          0.002269       -0.012844        0.015913
          0.000553       -0.017350        0.029914
          0.002356       -0.018769        0.037065
          0.005043       -0.015875        0.037797
          0.002927       -0.007747        0.032858
         -0.003381        0.004020        0.021905
         -0.006964        0.013623        0.007227
         -0.005766        0.015295       -0.004728
         -0.005417        0.010790       -0.009741
         -0.007983        0.008180       -0.011758
         -0.007488        0.010650       -0.017722
         -0.001357        0.012148       -0.026828
          0.003557        0.007643       -0.029690
          0.002380        0.001017       -0.020083
          0.000246       -0.002147       -0.004182
          0.002455       -0.003191        0.005690
          0.005463       -0.006103        0.005507
          0.004534       -0.009710        0.002873
          0.002667       -0.010049        0.005082
          0.004727       -0.007330        0.010254
          0.008342       -0.005141        0.013612
          0.007531       -0.004243        0.015233
          0.001913       -0.002008        0.015878
         -0.003706        0.002068        0.012115
         -0.006922        0.004891        0.002341
         -0.009415        0.005008       -0.008403
         -0.011786        0.005127       -0.015537
         -0.011582        0.007222       -0.020377
         -0.006989        0.008452       -0.023071
          0.000661        0.004662       -0.018004
          0.008086       -0.003778       -0.003596
          0.011735       -0.011463        0.010085
          0.009393       -0.012656        0.011989
          0.002373       -0.006370        0.003923
         -0.004576        0.002378       -0.003601
         -0.007229        0.007041       -0.005372
         -0.005646        0.006262       -0.004625
         -0.003309        0.004459       -0.005454
         -0.002650        0.004592       -0.007978
         -0.002479        0.003807       -0.009163
         -0.000699       -0.000889       -0.005293
          0.001940       -0.006399        0.004298
          0.003013       -0.007220        0.014873
          0.002086       -0.002801        0.020326
          0.000519        0.002653        0.019240
         -0.000994        0.005733        0.013952
         -0.001797        0.006254        0.005544
          0.000016        0.006169       -0.005718
          0.004806        0.008293       -0.016715
          0.008932        0.013635       -0.022879
          0.008679        0.018288       -0.022155
          0.005286        0.016143       -0.014888
          0.002615        0.006482       -0.002999
          0.001323       -0.004771        0.007974
         -0.000922       -0.012885        0.010822
         -0.004452       -0.018755        0.004830
         -0.006438       -0.023711       -0.002090
         -0.004857       -0.025585       -0.003034
         -0.001247       -0.022943        0.000321
          0.001436       -0.018002        0.003127
          0.002390       -0.012064        0.005462
          0.002527       -0.002969        0.010130
          0.001356        0.009280        0.015797
         -0.002160        0.018832        0.017798
         -0.005841        0.020226        0.014429
         -0.005921        0.015098        0.007890
         -0.002597        0.009124        0.000212
          0.000283        0.005221       -0.007047
          0.000787        0.002974       -0.010499
          0.000684        0.001900       -0.008108
          0.002428        0.001758       -0.003666
          0.006513        0.001339       -0.001929
          0.010779       -0.000197       -0.000584
          0.011524       -0.001879        0.005589
          0.006436       -0.002862        0.013521
         -0.003301       -0.004371        0.013786
         -0.013630       -0.007386        0.004889
         -0.019604       -0.009638       -0.003198
         -0.017910       -0.008017       -0.002990
         -0.009451       -0.003622        0.000868
          0.000677       -0.001298        0.000565
          0.006610       -0.003690       -0.003108
          0.005561       -0.008222       -0.004482
         -0.000328       -0.010336       -0.003740
         -0.005442       -0.007325       -0.006033
         -0.005626        0.001224       -0.011272
         -0.001885        0.013956       -0.012290
          0.002253        0.027041       -0.005183
          0.005333        0.034164        0.003829
          0.007165        0.029610        0.005398
          0.006173        0.013502       -0.002055
          0.001911       -0.006057       -0.011597
         -0.002161       -0.018296       -0.015602
         -0.002582       -0.018220       -0.011520
         -0.000046       -0.009193       -0.002060
          0.003130        0.001474        0.007415
          0.005757        0.007654        0.012618
          0.006117        0.007306        0.012828
          0.002912        0.003346        0.009517
         -0.000712        0.000469        0.003884
          0.000211       -0.000389       -0.002666
          0.005122       -0.002309       -0.007545
          0.008527       -0.006613       -0.009197
          0.007259       -0.010702       -0.009242
          0.002480       -0.012658       -0.010296
         -0.003408       -0.013610       -0.012066
         -0.007500       -0.013881       -0.011398
         -0.006744       -0.011204       -0.006752
         -0.001231       -0.005195       -0.001234
          0.004882        0.000470        0.000990
          0.007250        0.003574        0.000567
          0.004458        0.007262        0.001574
         -0.002044        0.013788        0.004563
         -0.008754        0.017454        0.006529
         -0.012083        0.010646        0.008161
         -0.011340       -0.003656        0.013686
         -0.008239       -0.012848        0.021519
         -0.003295       -0.010042        0.023229
          0.003783       -0.001935        0.015608
          0.009823        0.001596        0.006515
          0.009276       -0.000287        0.004017
          0.001679       -0.001796        0.005709
         -0.005899       -0.000405        0.004170
         -0.006637        0.001127       -0.001560
         -0.001628        0.000613       -0.006302
          0.002952       -0.000394       -0.008263
          0.004226        0.000421       -0.011280
          0.004418        0.002789       -0.016918
          0.005434        0.004667       -0.020698
          0.006345        0.005355       -0.018780
          0.006579        0.006566       -0.013126
          0.006909        0.009891       -0.007141
          0.006258        0.013533       -0.001215
          0.002200        0.012578        0.004530
         -0.003956        0.003758        0.008047
         -0.007233       -0.009546        0.008572
         -0.006039       -0.018282        0.007690
         -0.004587       -0.015845        0.005604
         -0.005696       -0.005506        0.000914
         -0.005911        0.002460       -0.004713
         -0.002019        0.001976       -0.006220
          0.001723       -0.003020       -0.001151
         -0.000971       -0.005516        0.007142
         -0.008057       -0.004733        0.013350
         -0.010952       -0.004813        0.015324
         -0.005990       -0.006658        0.015083
          0.002112       -0.006086        0.015832
          0.007785       -0.000256        0.017570
          0.009436        0.007785        0.015969
          0.007252        0.012236        0.007853
          0.002454        0.010407       -0.003079
         -0.001326        0.004770       -0.010377
         -0.001248        0.000370       -0.013959
          0.000521        0.000583       -0.018781
         -0.000173        0.004362       -0.024491
         -0.003718        0.006986       -0.024276
         -0.007202        0.004134       -0.015686
         -0.008113       -0.003973       -0.005107
         -0.005336       -0.012387        0.001124
          0.000086       -0.015802        0.003785
          0.003907       -0.013557        0.006387
          0.002826       -0.010007        0.009121
         -0.000033       -0.009049        0.009819
          0.000932       -0.008789        0.007227
          0.005106       -0.003792        0.001666
          0.007007        0.007053       -0.004845
          0.005260        0.017475       -0.008678
          0.003712        0.020200       -0.007131
          0.004233        0.014767       -0.000586
          0.004445        0.007058        0.009039
          0.002797        0.001878        0.019690
          0.001152       -0.001510        0.027392
          0.001411       -0.006098        0.026921
          0.002292       -0.011537        0.017500
          0.000643       -0.013314        0.004639
         -0.004692       -0.007334       -0.006424
         -0.011007        0.004802       -0.015201
         -0.014434        0.015465       -0.021492
         -0.013881        0.017611       -0.022274
         -0.010700        0.012011       -0.017343
         -0.005851        0.005899       -0.012703
         -0.000373        0.004552       -0.013285
          0.003292        0.007039       -0.016263
          0.004314        0.009826       -0.015632
          0.005461        0.010458       -0.010081
          0.008177        0.007242       -0.003207
          0.009109       -0.000299        0.001339
          0.005655       -0.008934        0.002293
          0.001024       -0.013218        0.000260
         -0.000352       -0.011528       -0.002561
          0.001097       -0.008005       -0.002372
          0.001955       -0.006898        0.004004
          0.000911       -0.007840        0.015303
         -0.000484       -0.008227        0.025525
         -0.000530       -0.007010        0.029365
          0.000439       -0.004317        0.027142
          0.000490       -0.000735        0.022491
         -0.001027        0.001250        0.016175
         -0.001874       -0.001314        0.005419
          0.000076       -0.007072       -0.009743
          0.003145       -0.010126       -0.022496
          0.003484       -0.006126       -0.024681
          0.000122        0.003449       -0.015682
         -0.003464        0.013103       -0.003338
         -0.003161        0.017383        0.004487
          0.000884        0.014040        0.007161
          0.003709        0.005521        0.008699
          0.001097       -0.003061        0.009522
         -0.004731       -0.008592        0.004474
         -0.007627       -0.011665       -0.009124
         -0.005466       -0.013100       -0.024602
         -0.001730       -0.010986       -0.031669
          0.000613       -0.003677       -0.028147
          0.002320        0.005170       -0.021078
          0.004709        0.008688       -0.015850
          0.007258        0.005789       -0.009961
          0.008738        0.003946       -0.000050
          0.008335        0.009062        0.010425
          0.005757        0.016415        0.015687
          0.001532        0.016927        0.016512
         -0.002730        0.009120        0.018340
         -0.004634       -0.000968        0.021424
         -0.002724       -0.008705        0.019249
          0.000824       -0.013402        0.008520
          0.001488       -0.014317       -0.004282
         -0.001356       -0.010643       -0.009893
         -0.003184       -0.004894       -0.006800
         -0.002257       -0.001461       -0.000708
         -0.003107       -0.001725        0.004347
         -0.007968       -0.003547        0.008854
         -0.011214       -0.004913        0.012455
         -0.007560       -0.005274        0.012122
          0.000003       -0.003627        0.007426
          0.005531        0.001346        0.002664
          0.008267        0.007800        0.001536
          0.010487        0.010469        0.002937
          0.011133        0.006804        0.003202
          0.007028        0.001065        0.000205
         -0.000873       -0.001045       -0.005021
         -0.007210        0.000237       -0.008998
         -0.008941        0.000443       -0.008578
         -0.008639       -0.001497       -0.004329
         -0.009283       -0.001494       -0.000721
         -0.009262        0.003288       -0.002045
         -0.005616        0.009037       -0.007857
          0.000433        0.008592       -0.012569
          0.004602        0.000168       -0.010605
          0.004446       -0.009461       -0.002658
          0.000993       -0.012605        0.004995
         -0.002384       -0.009840        0.008611
         -0.001679       -0.007881        0.011201
          0.004015       -0.009194        0.015991
          0.009903       -0.008780        0.019757
          0.010361       -0.002212        0.017248
          0.006308        0.007855        0.008920
          0.003453        0.015147       -0.000900
          0.003806        0.016377       -0.010372
          0.003812        0.012779       -0.018864
          0.000682        0.007724       -0.022352
         -0.003569        0.004082       -0.017298
         -0.004796        0.002129       -0.007599
         -0.001434       -0.000468       -0.000743
          0.003758       -0.005403        0.002064
          0.006673       -0.011067        0.005524
          0.006030       -0.014597        0.010980
          0.002611       -0.015196        0.014072
         -0.003891       -0.013253        0.011507
         -0.012450       -0.007802        0.004736
         -0.017113        0.001955       -0.003392
         -0.012796        0.013406       -0.011432
         -0.003488        0.021832       -0.018236
          0.002019        0.024691       -0.022050
          0.001222        0.022254       -0.022059
         -0.001267        0.015062       -0.019523
         -0.002005        0.004378       -0.015800
         -0.001990       -0.005076       -0.009566
         -0.002614       -0.007553        0.001305
         -0.002710       -0.003567        0.014138
         -0.000052       -0.001231        0.021774
          0.005384       -0.006893        0.021353
          0.009823       -0.016382        0.018345
          0.008714       -0.019678        0.018130
          0.002413       -0.013746        0.018675
         -0.003300       -0.005563        0.015925
         -0.004116       -0.000966        0.010776
         -0.002186        0.003206        0.005242
         -0.001918        0.011004       -0.003091
         -0.003303        0.016970       -0.016391
         -0.003002        0.011982       -0.029641
         -0.000520       -0.002499       -0.034626
          0.001049       -0.014169       -0.029720
          0.000394       -0.014389       -0.020400
          0.000054       -0.006325       -0.010286
          0.002092        0.002423        0.002529
          0.004918        0.008475        0.018191
          0.006009        0.011100        0.029863
          0.005509        0.008401        0.030815
          0.005190        0.000571        0.023354
          0.005263       -0.006502        0.015347
          0.004499       -0.006651        0.010108
          0.003016       -0.001524        0.004982
          0.002470        0.001174       -0.001845
          0.002942       -0.002311       -0.008526
          0.001930       -0.007344       -0.012910
         -0.002075       -0.007970       -0.014638
         -0.006801       -0.004775       -0.014081
         -0.009029       -0.001937       -0.011763
         -0.008758        0.000851       -0.008695
         -0.007947        0.007157       -0.005979
         -0.006215        0.014794       -0.003785
         -0.001640        0.015870       -0.000711
          0.004022        0.008568        0.004880
          0.005373        0.001414        0.011472
          0.000746        0.001125        0.014151
         -0.004155        0.003060        0.010958
         -0.003113       -0.000320        0.007347
          0.002630       -0.007516        0.009119
          0.006586       -0.011297        0.012445
          0.005517       -0.009384        0.007676
          0.002094       -0.005408       -0.006619
         -0.000266       -0.002602       -0.020050
         -0.001301       -0.002103       -0.022867
         -0.001965       -0.004822       -0.016596
         -0.002241       -0.009666       -0.009274
         -0.002513       -0.011344       -0.004531
         -0.004020       -0.005027        0.000062
         -0.006072        0.006379        0.006324
         -0.005676        0.013694        0.012252
         -0.001884        0.011956        0.015288
          0.002163        0.006395        0.014980
          0.003522        0.005378        0.012150
          0.003244        0.009713        0.008110
          0.003810        0.012140        0.004417
          0.005129        0.006406        0.001360
          0.005495       -0.005513       -0.001971
          0.004873       -0.014761       -0.004484
          0.004735       -0.013582       -0.003131
          0.005334       -0.003439        0.001301
          0.005042        0.005294        0.002601
          0.002262        0.004509       -0.002725
         -0.002781       -0.001908       -0.009422
         -0.007723       -0.003897       -0.009931
         -0.009325        0.000637       -0.004039
         -0.006249        0.004191        0.002098
         -0.000980        0.002274        0.004476
          0.002317       -0.000138        0.004313
          0.002297        0.002645        0.002998
          0.001268        0.007917       -0.001272
          0.001078        0.007913       -0.009087
          0.000738       -0.000664       -0.015289
         -0.000397       -0.012900       -0.013858
         -0.000217       -0.020569       -0.006943
          0.002589       -0.019757       -0.003799
          0.005342       -0.013329       -0.008792
          0.005008       -0.006264       -0.014500
          0.002753       -0.000506       -0.010470
          0.001737        0.004755        0.003011
          0.001970        0.010146        0.014515
          0.000316        0.015311        0.015450
         -0.004613        0.019187        0.009736
         -0.009947        0.019500        0.006625
         -0.012134        0.014084        0.007890
         -0.011376        0.004517        0.007034
         -0.010115       -0.003544       -0.000658
         -0.008432       -0.005824       -0.012085
         -0.004458       -0.003910       -0.020249
          0.001268       -0.002694       -0.020867
          0.005483       -0.004663       -0.014821
          0.006292       -0.008175       -0.006086
          0.004859       -0.010286        0.002370
          0.003063       -0.009686        0.010943
          0.001698       -0.006752        0.020686
          0.001151       -0.001966        0.028822
          0.001962        0.004137        0.029930
          0.003703        0.009121        0.022281
          0.004451        0.008850        0.010175
          0.002888        0.001892       -0.001113
          0.000424       -0.006718       -0.010248
         -0.000404       -0.008896       -0.017706
          0.000641       -0.002054       -0.020391
          0.001657        0.007472       -0.012791
          0.001925        0.011103        0.003971
          0.002610        0.006646        0.018201
          0.003975       -0.000941        0.018724
          0.004332       -0.004954        0.008235
          0.002320       -0.001771       -0.000739
         -0.001580        0.006408       -0.002123
         -0.005799        0.012085       -0.001551
         -0.008415        0.009322       -0.005552
         -0.007824        0.001258       -0.012647
         -0.004322       -0.003251       -0.016908
         -0.000186       -0.001179       -0.015065
          0.002912        0.001165       -0.008034
          0.005383       -0.002715        0.001140
          0.007888       -0.011476        0.009125
          0.009376       -0.018621        0.013721
          0.007838       -0.019260        0.014155
          0.002705       -0.012539        0.010206
         -0.003787       -0.001023        0.002847
         -0.008081        0.010021       -0.004224
         -0.008631        0.015140       -0.006744
         -0.007119        0.012812       -0.004555
         -0.005892        0.006215       -0.001755
         -0.005374       -0.000640       -0.001822
         -0.004692       -0.005904       -0.004548
         -0.003368       -0.008944       -0.007344
         -0.001339       -0.009167       -0.007681
          0.001397       -0.006857       -0.005147
          0.004270       -0.003191       -0.002633
          0.006222        0.001005       -0.003798
          0.006828        0.004742       -0.008060
          0.006752        0.006001       -0.010420
          0.006690        0.004066       -0.007434
          0.005764        0.001654       -0.000725
          0.001814        0.001779        0.006269
         -0.005144        0.003548        0.011772
         -0.010698        0.003493        0.014825
         -0.010200        0.000007        0.014436
         -0.004538       -0.005154        0.011360
          0.001399       -0.008613        0.008103
          0.005075       -0.007856        0.005650
          0.007641       -0.002933        0.002614
          0.009773        0.004148       -0.001250
          0.009684        0.011356       -0.003410
          0.005740        0.016607       -0.001785
         -0.000813        0.016976        0.002455
         -0.006697        0.011211        0.005751
         -0.009725        0.002685        0.004015
         -0.010068       -0.003455       -0.004823
         -0.008434       -0.005835       -0.016884
         -0.004899       -0.006825       -0.022991
         -0.000314       -0.007777       -0.017959
          0.003235       -0.007365       -0.007965
          0.004424       -0.004585       -0.003822
          0.003485       -0.000976       -0.007604
          0.001052        0.000795       -0.010976
         -0.001854       -0.000491       -0.006914
         -0.003447       -0.003500        0.002006
         -0.002945       -0.005225        0.008732
         -0.001658       -0.003782        0.011032
         -0.000737       -0.001170        0.012531
          0.000388       -0.001621        0.016266
          0.001939       -0.005645        0.020240
          0.002392       -0.007937        0.020173
          0.000799       -0.003803        0.015658
         -0.001300        0.004224        0.011704
         -0.001714        0.009011        0.012578
         -0.000132        0.006904        0.015415
          0.002164        0.001124        0.012943
          0.004022       -0.002230        0.002335
          0.004912       -0.000579       -0.011545
          0.004485        0.002732       -0.021304
          0.002696        0.003221       -0.022712
          0.000202        0.002104       -0.016147
         -0.001842        0.004925       -0.005571
         -0.002517        0.012295        0.003875
         -0.001833        0.016561        0.008998
         -0.000846        0.011013        0.009133
         -0.000745       -0.001010        0.003985
         -0.001552       -0.010228       -0.006085
         -0.001958       -0.012402       -0.016870
         -0.000595       -0.010826       -0.021944
          0.002485       -0.008977       -0.020487
          0.005521       -0.005697       -0.019419
          0.006443        0.001227       -0.023273
          0.004873        0.010165       -0.025481
          0.002427        0.016126       -0.016066
          0.000742        0.014955        0.003814
         -0.000371        0.007024        0.022174
         -0.002355       -0.002267        0.030817
         -0.005697       -0.006646        0.032073
         -0.008593       -0.005084        0.029961
         -0.008229       -0.002642        0.022861
         -0.003706       -0.004043        0.008787
          0.002731       -0.008199       -0.007998
          0.007627       -0.010608       -0.020059
          0.008649       -0.008904       -0.023580
          0.005203       -0.004064       -0.019779
         -0.001245        0.001733       -0.012096
         -0.007158        0.006278       -0.004170
         -0.009362        0.008067        0.000908
         -0.008008        0.007515        0.001888
         -0.005631        0.005976        0.000642
         -0.003656        0.002778        0.000831
         -0.001540       -0.004483        0.004116
          0.001363       -0.015301        0.008498
          0.004797       -0.023928        0.011084
          0.007705       -0.023888        0.011003
          0.008475       -0.014353        0.009163
          0.006496       -0.000858        0.007330
          0.003654        0.009967        0.007309
          0.002203        0.015545        0.008000
          0.001444        0.017383        0.004778
         -0.000902        0.017177       -0.003500
         -0.004625        0.014615       -0.009349
         -0.007153        0.009765       -0.005453
         -0.007010        0.005467        0.003588
         -0.004592        0.004637        0.006721
         -0.000645        0.006027        0.002141
          0.003633        0.005573       -0.001650
          0.006456        0.001804        0.000034
          0.007472       -0.002941        0.002569
          0.007940       -0.006846        0.001936
          0.007345       -0.011039        0.000864
          0.003206       -0.016300        0.001665
         -0.003476       -0.019905        0.000665
         -0.006964       -0.018206       -0.005299
         -0.004528       -0.011112       -0.012274
         -0.000994       -0.001952       -0.014214
         -0.001121        0.005939       -0.011298
         -0.001954        0.010398       -0.008882
          0.001578        0.009676       -0.009851
          0.007266        0.003786       -0.011114
          0.008314       -0.003330       -0.007688
          0.003252       -0.005848        0.000809
         -0.002896       -0.001741        0.008571
         -0.006373        0.004749        0.009873
         -0.008149        0.007464        0.006273
         -0.009729        0.004769        0.004330
         -0.010242        0.000659        0.006365
         -0.008597       -0.000373        0.008402
         -0.005295        0.001876        0.008130
         -0.001504        0.004323        0.008698
          0.001694        0.004661        0.011908
          0.003418        0.002650        0.013691
          0.003561       -0.000991        0.010248
          0.002829       -0.004502        0.003600
          0.002288       -0.005390       -0.002584
          0.003318       -0.003696       -0.007684
          0.006271       -0.003091       -0.011504
          0.008496       -0.005408       -0.012249
          0.006493       -0.006574       -0.010282
          0.000832       -0.002275       -0.008978
         -0.004115        0.004895       -0.008887
         -0.005821        0.008959       -0.005674
         -0.005784        0.009117        0.003048
         -0.005847        0.009217        0.012668
         -0.005586        0.009945        0.016550
         -0.004097        0.007212        0.013289
         -0.001859       -0.001154        0.006475
          0.000200       -0.011097       -0.000040
          0.001920       -0.015901       -0.004014
          0.003345       -0.012373       -0.004321
          0.004106       -0.003277       -0.001424
          0.004055        0.005522        0.002264
          0.003412        0.010395        0.003386
          0.001952        0.012179       -0.000949
         -0.000409        0.012869       -0.010756
         -0.002108        0.012027       -0.020689
         -0.001067        0.008158       -0.022853
          0.002456        0.001678       -0.014969
          0.006124       -0.005468       -0.003833
          0.008406       -0.011614        0.001501
          0.009009       -0.015401       -0.001800
          0.007197       -0.015730       -0.009518
          0.002682       -0.012950       -0.015086
         -0.002088       -0.008769       -0.013963
         -0.003866       -0.004313       -0.006241
         -0.003213        0.000608        0.003417
         -0.004003        0.006289        0.010104
         -0.007638        0.012555        0.013432
         -0.010753        0.018951        0.016321
         -0.009712        0.023560        0.019638
         -0.004853        0.022368        0.020824
          0.000589        0.012937        0.017620
          0.003652       -0.001256        0.010170
          0.003251       -0.013211       -0.000123
          0.000509       -0.019291       -0.010399
         -0.002168       -0.020774       -0.015951
         -0.003257       -0.019418       -0.014406
         -0.002903       -0.015721       -0.009576
         -0.001402       -0.011206       -0.006835
          0.001315       -0.007587       -0.005925
          0.004268       -0.003325       -0.002735
          0.005739        0.004218        0.003587
          0.005759        0.012400        0.010126
          0.006266        0.013881        0.015301
          0.007895        0.005623        0.019595
          0.008296       -0.006252        0.021713
          0.004841       -0.012814        0.018381
         -0.001901       -0.010879        0.008926
         -0.008372       -0.003463       -0.002568
         -0.010992        0.005225       -0.010795
         -0.008284        0.012254       -0.013654
         -0.001577        0.015537       -0.012769
          0.004954        0.014296       -0.010720
          0.006741        0.009865       -0.008145
          0.003362        0.004890       -0.003487
         -0.000952        0.002057        0.003872
         -0.002736        0.002926        0.011157
         -0.002631        0.006141        0.014818
         -0.002150        0.007434        0.014354
         -0.000894        0.003734        0.010891
          0.000980       -0.002760        0.004076
          0.001085       -0.006560       -0.005725
         -0.001919       -0.005418       -0.014330
         -0.005617       -0.003404       -0.017369
         -0.006391       -0.005984       -0.015626
         -0.003520       -0.012698       -0.013061
          0.000553       -0.017142       -0.011202
          0.003245       -0.014555       -0.008946
          0.003826       -0.006685       -0.005982
          0.002862        0.001703       -0.002671
          0.001427        0.008156        0.002030
          0.000885        0.012523        0.008625
          0.001827        0.013939        0.013821
          0.003121        0.010801        0.013326
          0.003157        0.003940        0.008312
          0.001517       -0.002227        0.004984
         -0.001228       -0.003531        0.006285
         -0.003906       -0.000511        0.007950
         -0.004592        0.002792        0.005102
         -0.002381        0.004074       -0.001074
          0.000485        0.004361       -0.006340
          0.001015        0.004450       -0.009298
         -0.000150        0.002914       -0.010314
          0.000063       -0.001450       -0.007986
          0.001791       -0.007818       -0.001500
          0.001624       -0.014672        0.005869
         -0.001861       -0.020286        0.010145
         -0.004883       -0.021544        0.011564
         -0.002875       -0.015691        0.012126
          0.003144       -0.004390        0.010672
          0.007286        0.006749        0.004726
          0.006088        0.013434       -0.004674
          0.002151        0.015035       -0.013695
         -0.000688        0.012155       -0.019562
         -0.002306        0.005846       -0.021303
         -0.003931       -0.000309       -0.018970
         -0.004388       -0.001506       -0.013815
         -0.002390        0.003105       -0.007005
         -0.000058        0.009075        0.001953
         -0.000427        0.011657        0.012496
         -0.002789        0.009990        0.019969
         -0.003504        0.005569        0.020001
         -0.001010       -0.000530        0.015080
          0.002175       -0.006963        0.011487
          0.002884       -0.011105        0.009915
          0.001188       -0.011483        0.004705
         -0.000312       -0.009962       -0.006431
         -0.000101       -0.009093       -0.017040
          0.000945       -0.007897       -0.019083
          0.001517       -0.002759       -0.012309
          0.001558        0.006612       -0.003384
          0.001597        0.014054        0.002443
          0.001373        0.012523        0.005261
          0.000189        0.002517        0.006611
         -0.001480       -0.008028        0.005443
         -0.002016       -0.012381        0.000027
         -0.000804       -0.010402       -0.007559
          0.000810       -0.005421       -0.011642
          0.001357        0.000289       -0.009057
          0.001010        0.005846       -0.003305
          0.000918        0.010428        0.000207
          0.001658        0.013085        0.001850
          0.002789        0.013143        0.006275
          0.003375        0.010576        0.013391
          0.002724        0.006158        0.016347
          0.000861        0.001157        0.010546
         -0.001661       -0.002906        0.000367
         -0.004144       -0.004208       -0.006208
         -0.005634       -0.001568       -0.007239
         -0.005017        0.003414       -0.007592
         -0.002045        0.005969       -0.010545
          0.001849        0.001849       -0.012527
          0.004355       -0.008049       -0.008698
          0.004154       -0.018158       -0.000941
          0.001787       -0.023936        0.004184
         -0.001231       -0.025246        0.004325
         -0.003381       -0.023412        0.003375
         -0.003314       -0.018127        0.004874
         -0.000800       -0.009510        0.007713
          0.002032       -0.000430        0.008509
          0.002535        0.006056        0.005277
          0.000897        0.009875       -0.000705
         -0.000790        0.012732       -0.004973
         -0.002131        0.015439       -0.003654
         -0.003546        0.017703        0.001645
         -0.003077        0.018845        0.005219
          0.001050        0.017564        0.004260
          0.005657        0.012444        0.001379
          0.005690        0.004234       -0.000581
          0.001624       -0.003041       -0.002568
         -0.001187       -0.004904       -0.006220
         -0.000291       -0.000811       -0.009487
          0.001387        0.005096       -0.008400
          0.001105        0.007799       -0.002949
         -0.000075        0.005623        0.001170
         -0.000493        0.001020       -0.001581
         -0.001133       -0.002077       -0.009632
         -0.003206       -0.001628       -0.015362
         -0.004825        0.001298       -0.013282
         -0.003251        0.003778       -0.004779
          0.000401        0.003083        0.005643
          0.001946       -0.001153        0.015483
         -0.000206       -0.005789        0.023803
         -0.003082       -0.007047        0.028662
         -0.003656       -0.005615        0.028024
         -0.002555       -0.005985        0.022480
         -0.001706       -0.009474        0.014996
         -0.000625       -0.011936        0.007518
          0.002358       -0.010281       -0.001188
          0.006202       -0.006896       -0.012896
          0.007308       -0.005191       -0.024872
          0.004159       -0.004659       -0.029910
         -0.000171       -0.002842       -0.023991
         -0.001611        0.000873       -0.012305
         -0.000085        0.005654       -0.004208
          0.001113        0.011111       -0.002808
          0.000411        0.016304       -0.002841
         -0.000501        0.018083        0.001211
         -0.000664        0.013394        0.008050
         -0.001827        0.003851        0.011619
         -0.004646       -0.004688        0.008566
         -0.006325       -0.008664        0.002464
         -0.004632       -0.010536        0.000523
         -0.001390       -0.014269        0.006165
          0.000541       -0.019467        0.014983
          0.000900       -0.021788        0.018332
          0.000479       -0.017371        0.011239
         -0.000770       -0.005751       -0.003044
         -0.001778        0.009809       -0.016586
          0.000073        0.023553       -0.024372
          0.004808        0.030071       -0.026765
          0.008314        0.027988       -0.025067
          0.007413        0.021183       -0.018924
          0.003788        0.014946       -0.009946
          0.000799        0.010428       -0.003387
         -0.000897        0.004434       -0.002134
         -0.002442       -0.004907       -0.001867
         -0.003930       -0.014523        0.003269
         -0.004592       -0.019675        0.011984
         -0.004260       -0.019202        0.017705
         -0.003268       -0.015980        0.018141
         -0.001979       -0.012869        0.017308
         -0.000837       -0.009719        0.017731
          0.000249       -0.005123        0.016625
          0.002202       -0.000079        0.011851
          0.004933        0.002652        0.006603
          0.006121        0.003320        0.004959
          0.004112        0.005789        0.005964
          0.001043        0.011182        0.005368
          0.000102        0.014667        0.001547
          0.000628        0.012136       -0.003246
         -0.000521        0.006659       -0.006773
         -0.003323        0.003715       -0.009000
         -0.004212        0.002726       -0.010111
         -0.001408       -0.001062       -0.009003
          0.002779       -0.007544       -0.005139
          0.005271       -0.011008       -0.000463
          0.005077       -0.009318        0.002144
          0.002719       -0.007552        0.001985
         -0.000558       -0.009395        0.001023
         -0.002575       -0.010350        0.001148
         -0.001558       -0.004428        0.002005
          0.001297        0.005867        0.001951
          0.002329        0.011516        0.000047
         -0.000318        0.007682       -0.003465
         -0.004373       -0.001502       -0.007367
         -0.006753       -0.008325       -0.009498
         -0.007288       -0.008672       -0.008157
         -0.007071       -0.003974       -0.004414
         -0.005367        0.001379       -0.001665
         -0.001219        0.003708       -0.002021
          0.003748        0.002581       -0.004038
          0.007106        0.000623       -0.004710
          0.008310        0.000559       -0.002874
          0.007361        0.002480        0.000347
          0.003568        0.004196        0.003981
         -0.001865        0.003579        0.008087
         -0.005012        0.000209        0.011289
         -0.003713       -0.004313        0.009903
         -0.000626       -0.007165        0.002400
          0.000359       -0.006235       -0.006640
         -0.001175       -0.001907       -0.010256
         -0.002702        0.003162       -0.006401
         -0.002404        0.006104        0.000874
         -0.000742        0.006139        0.006663
          0.000722        0.005319        0.009050
          0.000845        0.006321        0.008488
         -0.000367        0.008803        0.006323
         -0.001648        0.009049        0.004203
         -0.001244        0.004387        0.002911
          0.001473       -0.002948        0.001494
          0.005027       -0.007758       -0.001099
          0.006876       -0.007355       -0.004127
          0.005695       -0.003908       -0.006327
          0.002629       -0.001006       -0.007870
          0.000122        0.000849       -0.009237
         -0.000610        0.003739       -0.009813
         -0.000689        0.007946       -0.009626
         -0.001889        0.010436       -0.010532
         -0.004194        0.007942       -0.013182
         -0.005560       -0.000084       -0.014325
         -0.004105       -0.011073       -0.009510
         -0.000242       -0.019829        0.001868
          0.003344       -0.020517        0.015088
          0.003901       -0.011675        0.023063
          0.001225        0.000210        0.021289
         -0.001863        0.005425        0.011758
         -0.002295        0.001237        0.001914
         -0.000096       -0.004893       -0.002006
          0.001795       -0.004348       -0.000394
          0.001113        0.002623        0.002021
         -0.001050        0.008551        0.002463
         -0.001363        0.008544        0.001987
          0.002156        0.005218        0.002172
          0.007600        0.004490        0.002489
          0.010591        0.008963        0.001209
          0.008769        0.015576       -0.002524
          0.003980        0.018533       -0.008041
         -0.000835        0.014594       -0.013833
         -0.005106        0.005932       -0.018038
         -0.009193       -0.002451       -0.018412
         -0.011541       -0.007491       -0.013342
         -0.010205       -0.009349       -0.004194
         -0.006128       -0.009315        0.004450
         -0.002259       -0.008491        0.009034
         -0.000122       -0.007844        0.010904
          0.000678       -0.007885        0.013502
          0.000360       -0.008461        0.016350
         -0.001434       -0.009023        0.015249
         -0.004129       -0.008480        0.008731
         -0.006073       -0.005532        0.000753
         -0.006186       -0.000563       -0.004111
         -0.004579        0.003515       -0.005247
         -0.001531        0.003898       -0.004736
          0.002693        0.001353       -0.004448
          0.006730       -0.000019       -0.005552
          0.008513        0.002745       -0.008052
          0.007655        0.007279       -0.009660
          0.006049        0.007550       -0.007827
          0.005192        0.000876       -0.003444
          0.004295       -0.008101        0.000461
          0.002092       -0.012389        0.003369
         -0.000955       -0.010339        0.006871
         -0.003393       -0.005940        0.010315
         -0.004451       -0.002551        0.011128
         -0.004174        0.000379        0.009145
         -0.002940        0.004260        0.006909
         -0.001285        0.008072        0.006188
          0.000509        0.009519        0.006927
          0.002601        0.007930        0.008341
          0.004905        0.004786        0.008425
          0.006427        0.002222        0.004238
          0.005684        0.001753       -0.004307
          0.002151        0.003671       -0.012202
         -0.002556        0.006826       -0.013742
         -0.005630        0.009168       -0.008614
         -0.005721        0.008908       -0.001648
         -0.003995        0.005509        0.002586
         -0.002459        0.000044        0.002773
         -0.002193       -0.005281       -0.000470
         -0.002993       -0.008448       -0.005620
         -0.003472       -0.008991       -0.009520
         -0.002142       -0.008171       -0.008595
          0.000635       -0.007771       -0.002451
          0.003031       -0.008496        0.004947
          0.004505       -0.008994        0.008515
          0.006006       -0.006460        0.005876
          0.007452        0.000590       -0.001258
          0.007840        0.009748       -0.007784
          0.007403        0.016575       -0.008321
          0.006536        0.019406       -0.002268
          0.003659        0.019890        0.004524
         -0.002261        0.018263        0.005404
         -0.008153        0.011730        0.000181
         -0.009634       -0.000464       -0.004946
         -0.006877       -0.013410       -0.004573
         -0.004147       -0.020928        0.000346
         -0.003352       -0.022023        0.004600
         -0.001653       -0.020332        0.005165
          0.003035       -0.018166        0.004153
          0.007399       -0.014344        0.005470
          0.006645       -0.008102        0.009803
          0.001287       -0.001823        0.013377
         -0.003408        0.001756        0.011448
         -0.004148        0.002823        0.003340
         -0.002739        0.003366       -0.006257
         -0.002437        0.004286       -0.012041
         -0.003776        0.005058       -0.013455
         -0.004836        0.005429       -0.013465
         -0.004123        0.006211       -0.012994
         -0.002042        0.008049       -0.009743
          0.000156        0.009856       -0.002609
          0.002098        0.009272        0.005629
          0.004458        0.005198        0.010749
          0.007388       -0.000333        0.010558
          0.009422       -0.003549        0.006078
          0.008644       -0.002672        0.000870
          0.004841        0.000230       -0.001348
         -0.000157        0.001930        0.000095
         -0.004177        0.001906        0.002261
         -0.006171        0.001915        0.001839
         -0.006342        0.002162       -0.001668
         -0.005737        0.000417       -0.005958
         -0.005568       -0.004155       -0.008031
         -0.005913       -0.008518       -0.006327
         -0.005122       -0.008962       -0.001937
         -0.001678       -0.005247        0.002152
          0.003292        0.000367        0.003744
          0.006768        0.006245        0.003544
          0.007351        0.010912        0.004159
          0.006354        0.011707        0.006669
          0.004949        0.007571        0.008676
          0.002507        0.001769        0.006922
         -0.000869       -0.001417        0.001618
         -0.002477       -0.001682       -0.003719
         -0.000190       -0.001858       -0.006927
          0.003770       -0.003038       -0.009262
          0.004851       -0.002839       -0.012115
          0.001635        0.001208       -0.014143
         -0.002877        0.007509       -0.013125
         -0.005296        0.010799       -0.008957
         -0.005066        0.007711       -0.003270
         -0.003375        0.000953        0.002757
         -0.001175       -0.004241        0.008526
          0.000536       -0.006707        0.012823
          0.000473       -0.009010        0.014408
         -0.001118       -0.011577        0.013518
         -0.002082       -0.011884        0.010986
         -0.001511       -0.009470        0.006214
         -0.001306       -0.006833       -0.001763
         -0.002643       -0.004881       -0.010884
         -0.003222       -0.002504       -0.016109
         -0.000581       -0.000977       -0.014277
          0.003663       -0.003071       -0.007811
          0.005373       -0.007011       -0.002374
          0.002872       -0.007264       -0.001256
         -0.001313       -0.002656       -0.002611
         -0.003490        0.002007       -0.001814
         -0.002464        0.003702        0.003700
          0.000317        0.004666        0.011756
          0.003255        0.006277        0.017793
          0.005582        0.005597        0.019449
          0.006302        0.001419        0.017329
          0.004500       -0.001546        0.011920
          0.000995        0.000817        0.003002
         -0.002296        0.005340       -0.007285
         -0.004713        0.006446       -0.014423
         -0.006712        0.004470       -0.016293
         -0.007638        0.003773       -0.015242
         -0.005779        0.005311       -0.013880
         -0.001134        0.006431       -0.011444
          0.003323        0.005739       -0.005982
          0.004301        0.003383        0.002124
          0.001796       -0.001229        0.010502
         -0.001227       -0.007816        0.016672
         -0.002737       -0.013235        0.018175
         -0.003333       -0.014123        0.013190
         -0.003844       -0.009886        0.003272
         -0.003934       -0.002041       -0.006169
         -0.003558        0.006617       -0.010708
         -0.002706        0.011794       -0.011328
          0.000389        0.010627       -0.011452
          0.006837        0.005818       -0.010615
          0.012921        0.003012       -0.004871
          0.013050        0.003232        0.006122
          0.007325        0.002244        0.016243
          0.001624       -0.001543        0.019019
         -0.000270       -0.003725        0.014683
         -0.000322       -0.000943        0.009576
         -0.001472        0.003510        0.008930
         -0.003215        0.004580        0.010869
         -0.003342        0.002151        0.008565
         -0.001511       -0.000727       -0.001106
          0.000490       -0.003025       -0.013164
          0.001013       -0.005224       -0.020681
         -0.000111       -0.005929       -0.022421
         -0.002215       -0.003010       -0.021121
         -0.004630        0.002533       -0.017647
         -0.006420        0.006839       -0.011623
         -0.006419        0.007438       -0.005131
         -0.004546        0.005533       -0.000714
         -0.002228        0.003895        0.002401
         -0.000549        0.003551        0.005920
          0.000978        0.002930        0.008458
          0.002988       -0.000058        0.007766
          0.004925       -0.005340        0.005036
          0.005987       -0.010052        0.003440
          0.006093       -0.010833        0.003684
          0.005336       -0.007008        0.003872
          0.003718       -0.001313        0.003048
          0.001920        0.002707        0.002456
          0.001122        0.003440        0.003239
          0.001479        0.001128        0.004691
          0.001588       -0.003298        0.005313
          0.000282       -0.007548        0.004342
         -0.001601       -0.007653        0.001880
         -0.002475       -0.001667       -0.001291
         -0.002711        0.006097       -0.004036
         -0.004067        0.007898       -0.006249
         -0.006169        0.001217       -0.009115
         -0.006210       -0.007641       -0.012380
         -0.003143       -0.010265       -0.012648
          0.000462       -0.005122       -0.006792
          0.002088        0.001635        0.003545
          0.002408        0.003652        0.012686
          0.003347        0.001099        0.015913
          0.004939       -0.000728        0.012733
          0.005332        0.001646        0.005867
          0.002827        0.006422       -0.001474
         -0.002431        0.010018       -0.007021
         -0.007742        0.011214       -0.009598
         -0.009274        0.010509       -0.009319
         -0.005662        0.007893       -0.007602
          0.000082        0.003436       -0.006033
          0.003550       -0.001392       -0.004988
          0.003550       -0.004898       -0.003752
          0.002523       -0.006889       -0.001682
          0.002810       -0.007850        0.001453
          0.003921       -0.007396        0.005873
          0.003694       -0.005070        0.011138
          0.001341       -0.001967        0.014830
         -0.001209        0.000051        0.013732
         -0.001325        0.000334        0.008024
          0.001067       -0.000504        0.002791
          0.003033       -0.001874        0.002637
          0.001958       -0.003522        0.005719
         -0.001358       -0.005148        0.006474
         -0.003825       -0.006280        0.003745
         -0.004091       -0.005928        0.001696
         -0.004009       -0.002847        0.001975
         -0.005229        0.002256        0.000297
         -0.006016        0.005654       -0.006374
         -0.003643        0.004475       -0.013707
          0.001103        0.000989       -0.015148
          0.004615       -0.000209       -0.010367
          0.005241        0.001439       -0.004560
          0.004479        0.002713       -0.001183
          0.003551        0.002573        0.000795
          0.001984        0.003296        0.003201
         -0.000117        0.005153        0.005691
         -0.001707        0.004316        0.006728
         -0.003249       -0.001654        0.005092
         -0.006149       -0.009056        0.000077
         -0.009092       -0.011787       -0.007673
         -0.008470       -0.008293       -0.015051
         -0.003615       -0.001700       -0.018049
          0.001545        0.005279       -0.015370
          0.003594        0.011329       -0.009450
          0.003908        0.013748       -0.003495
          0.005865        0.010101        0.001465
          0.009189        0.003009        0.006021
          0.009770       -0.001446        0.009933
          0.005592       -0.001162        0.011688
          0.000390       -0.000251        0.010547
         -0.000757       -0.002744        0.007876
          0.002043       -0.006951        0.005962
          0.004008       -0.007793        0.005954
          0.002054       -0.003298        0.006928
         -0.001901        0.002931        0.006710
         -0.003991        0.005884        0.004092
         -0.002745        0.004804        0.000333
          0.000049        0.003205       -0.002295
          0.001580        0.003423       -0.003102
          0.000560        0.003930       -0.002969
         -0.002130        0.003345       -0.002581
         -0.005074        0.003491       -0.002311
         -0.007933        0.005387       -0.002955
         -0.010462        0.005320       -0.004839
         -0.010714       -0.000766       -0.006966
         -0.006621       -0.010746       -0.008317
          0.000378       -0.017938       -0.008953
          0.005823       -0.018198       -0.008942
          0.007258       -0.012655       -0.007441
          0.006604       -0.004508       -0.003683
          0.006643        0.004199        0.002056
          0.007386        0.012496        0.008584
          0.007088        0.018758        0.014028
          0.004794        0.020226        0.016604
          0.000762        0.015008        0.016533
         -0.003841        0.004760        0.016068
         -0.006905       -0.005477        0.015678
         -0.006792       -0.011164        0.011863
         -0.004254       -0.012159        0.002088
         -0.001440       -0.011969       -0.009127
          0.000849       -0.012657       -0.013428
          0.003305       -0.011938       -0.008610
          0.005869       -0.007239       -0.001588
          0.006958       -0.001134        0.000208
          0.005064        0.000831       -0.002806
          0.000557       -0.002551       -0.004948
         -0.003947       -0.006636       -0.003899
         -0.005246       -0.006827       -0.003393
         -0.002601       -0.002556       -0.007496
          0.001113        0.004536       -0.014875
          0.002508        0.012494       -0.020152
          0.001577        0.018276       -0.019739
          0.000855        0.018446       -0.014598
          0.001127        0.012601       -0.007602
          0.000542        0.004541       -0.000209
         -0.001615       -0.001402        0.007464
         -0.003026       -0.004399        0.014800
         -0.001701       -0.006655        0.020161
          0.000682       -0.009669        0.021703
          0.000510       -0.012062        0.018427
         -0.003512       -0.011120        0.011257
         -0.008853       -0.005869        0.003240
         -0.011532        0.001654       -0.002444
         -0.009569        0.008029       -0.005253
         -0.004451        0.011046       -0.007260
          0.000502        0.010718       -0.009746
          0.003245        0.008293       -0.010749
          0.004407        0.005033       -0.007471
          0.005604        0.002115       -0.000993
          0.006965        0.001015        0.003393
          0.007078        0.002909        0.001819
          0.005322        0.007044       -0.003422
          0.003246        0.010022       -0.006505
          0.002732        0.007916       -0.004804
          0.003271        0.000298       -0.001101
          0.002414       -0.008178        0.000847
         -0.000865       -0.011893        0.000811
         -0.004515       -0.010280        0.001207
         -0.005733       -0.007876        0.003227
         -0.003985       -0.007877        0.005486
         -0.001119       -0.008226        0.006142
          0.000761       -0.005654        0.005300
          0.000866       -0.001101        0.005061
         -0.000237        0.001473        0.007106
         -0.001277        0.000318        0.009994
         -0.001106       -0.002481        0.009889
          0.000224       -0.004051        0.005283
          0.001154       -0.003429       -0.000194
          0.000448       -0.001235       -0.001870
         -0.000725        0.001658       -0.000028
         -0.000181        0.004214        0.000803
          0.001798        0.004827       -0.001951
          0.002587        0.002305       -0.006256
          0.001122       -0.002372       -0.009180
         -0.000807       -0.006202       -0.010459
         -0.001733       -0.006551       -0.011098
         -0.002483       -0.002945       -0.010659
         -0.004003        0.003067       -0.008163
         -0.005276        0.008569       -0.004532
         -0.004789        0.010298       -0.001602
         -0.003022        0.007061        0.000550
         -0.001915        0.001402        0.002488
         -0.001847       -0.002750        0.002694
         -0.000824       -0.004322       -0.000040
          0.002436       -0.005305       -0.002399
          0.006191       -0.006602        0.000205
          0.007899       -0.006200        0.006459
          0.007276       -0.002634        0.010479
          0.005645        0.002276        0.010083
          0.003711        0.005855        0.008413
          0.001574        0.007711        0.007412
         -0.000115        0.009178        0.005322
         -0.000462        0.011345        0.001682
          0.000309        0.013898       -0.000015
          0.000539        0.014346        0.003046
         -0.001275        0.009574        0.008278
         -0.004495        0.000228        0.009755
         -0.006588       -0.008204        0.004387
         -0.005730       -0.010930       -0.005017
         -0.002427       -0.008743       -0.012587
          0.001713       -0.005734       -0.014346
          0.005424       -0.004278       -0.010273
          0.007500       -0.004190       -0.003127
          0.006939       -0.005048        0.003338
          0.004440       -0.007041        0.006227
          0.002103       -0.009864        0.005509
          0.000826       -0.012185        0.003689
         -0.000311       -0.012280        0.002527
         -0.001848       -0.008882        0.001410
         -0.003241       -0.002138       -0.000215
         -0.004346        0.005682       -0.001116
         -0.005320        0.011368       -0.000766
         -0.005392        0.013440       -0.001551
         -0.003964        0.012847       -0.006142
         -0.002161        0.011019       -0.013319
         -0.001125        0.008800       -0.017983
          0.000090        0.006905       -0.015561
          0.002673        0.005166       -0.006144
          0.005357        0.001968        0.005465
          0.005903       -0.003241        0.013574
          0.004426       -0.008193        0.015544
          0.002909       -0.010740        0.012606
          0.001968       -0.011214        0.007815
          0.000362       -0.009717        0.003463
         -0.002424       -0.004573       -0.000208
         -0.005362        0.003617       -0.004040
         -0.007693        0.009928       -0.007529
         -0.009365        0.010516       -0.008489
         -0.009386        0.007508       -0.006408
         -0.006045        0.005521       -0.004360
          0.000156        0.005363       -0.005012
          0.005409        0.004024       -0.006345
          0.006229       -0.000528       -0.004737
          0.003620       -0.007021       -0.000891
          0.001662       -0.012341        0.001314
          0.002030       -0.013402        0.001092
          0.002452       -0.008999        0.001363
          0.001194       -0.001998        0.002925
         -0.000169        0.001909        0.002625
         -0.000028        0.000314       -0.001052
          0.000446       -0.002378       -0.004645
          0.000079       -0.000405       -0.004668
          0.000251        0.005662       -0.002685
          0.001997        0.010143       -0.002126
          0.003438        0.010103       -0.002488
          0.002856        0.007858       -0.000623
          0.001489        0.006034        0.003301
          0.000800        0.004413        0.005193
          0.000025        0.002164        0.003189
         -0.001365       -0.000342        0.000970
         -0.001901       -0.002700        0.002636
         -0.000948       -0.004910        0.006756
         -0.000483       -0.006283        0.008664
         -0.002011       -0.005853        0.006695
         -0.003874       -0.004205        0.002780
         -0.003581       -0.003559       -0.001073
         -0.001352       -0.005622       -0.003315
          0.000544       -0.009663       -0.002175
          0.001135       -0.012586        0.001731
          0.001434       -0.011051        0.004164
          0.002046       -0.004440        0.002223
          0.002095        0.003930       -0.001359
          0.000790        0.009461       -0.002153
         -0.001423        0.010403       -0.000091
         -0.003308        0.008290        0.002009
         -0.003520        0.004670        0.003527
         -0.001508       -0.000190        0.005431
          0.001623       -0.005008        0.006857
          0.004137       -0.006864        0.006801
          0.005541       -0.004423        0.006960
          0.005923        0.000114        0.008603
          0.004201        0.003882        0.009122
         -0.000533        0.006893        0.005751
         -0.006226        0.010785       -0.000010
         -0.008849        0.014725       -0.005236
         -0.006604        0.015246       -0.009649
         -0.001894        0.010796       -0.013386
          0.001212        0.003848       -0.014147
          0.000940       -0.002737       -0.010445
         -0.001045       -0.008681       -0.005015
         -0.002130       -0.013744       -0.001450
         -0.001322       -0.014987        0.000593
          0.000968       -0.009815        0.003867
          0.003966       -0.000711        0.008712
          0.006334        0.006074        0.012533
          0.006628        0.006736        0.013399
          0.004894        0.002861        0.011504
          0.002355       -0.001794        0.006906
         -0.000368       -0.005186       -0.001074
         -0.002892       -0.007003       -0.010481
         -0.003815       -0.006928       -0.015940
         -0.002453       -0.004841       -0.014652
         -0.000984       -0.002187       -0.010624
         -0.002082       -0.001157       -0.008902
         -0.005032       -0.001913       -0.008281
         -0.006776       -0.002252       -0.004639
         -0.006109       -0.000662        0.000859
         -0.004238        0.002180        0.002547
         -0.001832        0.005356       -0.001563
          0.001669        0.008529       -0.007167
          0.005859        0.010230       -0.009211
          0.008752        0.008417       -0.006711
          0.008728        0.003771       -0.002067
          0.005879       -0.000138        0.001745
          0.001605       -0.000772        0.002870
         -0.002218        0.001207        0.001264
         -0.003995        0.003630       -0.001531
         -0.003256        0.004803       -0.003794
         -0.001041        0.004103       -0.004907
          0.000737        0.002030       -0.004908
          0.000962       -0.000539       -0.003103
          0.000522       -0.003315        0.001791
          0.000825       -0.005991        0.009451
          0.001165       -0.007429        0.016717
         -0.000299       -0.007247        0.019933
         -0.002839       -0.007225        0.018135
         -0.003532       -0.008756        0.012853
         -0.001944       -0.009658        0.006021
         -0.000863       -0.006241       -0.000151
         -0.001416        0.001366       -0.003059
         -0.001078        0.008318       -0.002305
          0.002023        0.010216       -0.000983
