INSTITUTO GEOFISICO DEL PERU
CENTRO NACIONAL DE MONITOREO SISMICO
Calle Calatrava 216 - La Molina 15023
http://www.igp.gob.pe

1. ESTACION SISMICA
NOMBRE  : Isla San Lorenzo, Callao
CODIGO  : SLN1
LATITUD : -12.076
LONGITUD: -77.235

2. SISMO
FECHA LOCAL     : 2024/03/04
HORA LOCAL      : 09:59:27
LATITUD         : -12.070
LONGITUD        : -76.830
PROFUNDIDAD     : 83.0 km
MAGNITUD        : M4.5
DIST. EPICENTRAL: 43.9 km

3. REGISTRO DE ACELERACION
TIEMPO DE INICIO           : 2024/03/04 14:59:33 UTC
NUMERO DE MUESTRAS         : 8348
MUESTREO                   : 100.0 muestras/segundo
REGISTROS                  : Formato corregido por instrumento
CORRECCION POR LINEA BASE  : Si
UNIDADES                   : cm/s2
REGISTROS POR COMPONENTE   : Z: Vertical  N: Norte-Sur  E: Este-Oeste
PGA                        :    1.7815         5.4176        4.6113

              Z              N              E
         -0.000426       -0.000039        0.000544
          0.000004       -0.000500        0.000596
         -0.000034       -0.000720        0.000008
         -0.000303       -0.000684       -0.000539
         -0.000163       -0.000500       -0.000459
          0.000297       -0.000283        0.000071
          0.000510       -0.000176        0.000435
          0.000427       -0.000196        0.000376
          0.000426       -0.000169        0.000199
          0.000480       -0.000029        0.000175
          0.000239        0.000052        0.000111
         -0.000164        0.000025       -0.000200
         -0.000201        0.000088       -0.000440
          0.000165        0.000281       -0.000174
          0.000420        0.000348        0.000368
          0.000347        0.000196        0.000575
          0.000249        0.000056        0.000402
          0.000305        0.000038        0.000357
          0.000362       -0.000048        0.000552
          0.000355       -0.000260        0.000532
          0.000360       -0.000344        0.000213
          0.000281       -0.000158        0.000155
         -0.000000        0.000105        0.000552
         -0.000260        0.000249        0.000756
         -0.000179        0.000287        0.000321
          0.000159        0.000243       -0.000229
          0.000412        0.000105       -0.000328
          0.000453        0.000052       -0.000319
          0.000309        0.000294       -0.000702
         -0.000038        0.000628       -0.001134
         -0.000406        0.000614       -0.001041
         -0.000401        0.000224       -0.000620
         -0.000054       -0.000151       -0.000484
          0.000099       -0.000292       -0.000734
         -0.000160       -0.000264       -0.000945
         -0.000432       -0.000068       -0.000778
         -0.000383        0.000276       -0.000261
         -0.000142        0.000474        0.000314
          0.000024        0.000318        0.000581
          0.000011        0.000097        0.000387
         -0.000112        0.000175        0.000027
         -0.000143        0.000430       -0.000084
          0.000056        0.000538       -0.000015
          0.000243        0.000474       -0.000174
          0.000002        0.000313       -0.000514
         -0.000527       -0.000075       -0.000510
         -0.000648       -0.000631       -0.000091
         -0.000160       -0.000811        0.000167
          0.000264       -0.000285        0.000008
          0.000101        0.000408       -0.000111
         -0.000289        0.000495        0.000114
         -0.000329       -0.000019        0.000327
         -0.000071       -0.000517        0.000151
          0.000028       -0.000656       -0.000247
         -0.000151       -0.000556       -0.000450
         -0.000215       -0.000357       -0.000309
          0.000110       -0.000047       -0.000062
          0.000467        0.000330       -0.000003
          0.000345        0.000597       -0.000046
         -0.000128        0.000571        0.000148
         -0.000362        0.000248        0.000566
         -0.000160       -0.000114        0.000774
          0.000099       -0.000233        0.000545
          0.000099       -0.000169        0.000129
         -0.000055       -0.000211       -0.000150
         -0.000124       -0.000374       -0.000246
         -0.000051       -0.000394       -0.000266
          0.000075       -0.000223       -0.000236
          0.000204       -0.000104       -0.000094
          0.000285       -0.000103        0.000123
          0.000218       -0.000003        0.000202
          0.000073        0.000213        0.000048
          0.000184        0.000149       -0.000096
          0.000623       -0.000429       -0.000035
          0.000826       -0.000977       -0.000023
          0.000306       -0.000689       -0.000307
         -0.000508        0.000338       -0.000548
         -0.000736        0.001039       -0.000294
         -0.000251        0.000723        0.000192
          0.000186       -0.000075        0.000215
          0.000009       -0.000402       -0.000311
         -0.000496       -0.000043       -0.000699
         -0.000733        0.000441       -0.000469
         -0.000553        0.000515       -0.000006
         -0.000214        0.000206        0.000072
          0.000070       -0.000068       -0.000155
          0.000260       -0.000046       -0.000110
          0.000316        0.000133        0.000349
          0.000167        0.000237        0.000733
         -0.000079        0.000267        0.000665
         -0.000112        0.000291        0.000349
          0.000179        0.000164        0.000204
          0.000425       -0.000228        0.000307
          0.000234       -0.000593        0.000350
         -0.000198       -0.000512        0.000075
         -0.000354       -0.000054       -0.000382
         -0.000173        0.000256       -0.000636
         -0.000016        0.000106       -0.000505
          0.000022       -0.000269       -0.000183
          0.000151       -0.000461        0.000042
          0.000286       -0.000411        0.000108
          0.000122       -0.000389        0.000092
         -0.000165       -0.000515       -0.000004
         -0.000064       -0.000550       -0.000151
          0.000350       -0.000343       -0.000131
          0.000442       -0.000122        0.000190
          0.000113       -0.000062        0.000515
          0.000010        0.000040        0.000485
          0.000373        0.000324        0.000307
          0.000575        0.000537        0.000476
          0.000238        0.000445        0.000930
         -0.000143        0.000208        0.001103
         -0.000173        0.000128        0.000742
         -0.000229        0.000266        0.000133
         -0.000565        0.000428       -0.000343
         -0.000698        0.000396       -0.000457
         -0.000327        0.000121       -0.000209
          0.000046       -0.000228        0.000077
          0.000032       -0.000420        0.000085
         -0.000022       -0.000391       -0.000008
          0.000196       -0.000227        0.000147
          0.000432        0.000016        0.000429
          0.000505        0.000256        0.000493
          0.000590        0.000248        0.000347
          0.000628       -0.000102        0.000150
          0.000269       -0.000377       -0.000184
         -0.000387       -0.000131       -0.000642
         -0.000693        0.000358       -0.000812
         -0.000377        0.000433       -0.000427
         -0.000011        0.000089        0.000110
         -0.000181       -0.000078        0.000202
         -0.000555        0.000098       -0.000077
         -0.000397        0.000203       -0.000102
          0.000204        0.000094        0.000265
          0.000448        0.000048        0.000377
          0.000125        0.000087       -0.000154
         -0.000138       -0.000044       -0.000758
         -0.000014       -0.000242       -0.000764
          0.000095       -0.000122       -0.000368
         -0.000038        0.000232       -0.000137
         -0.000043        0.000274       -0.000035
          0.000241       -0.000138        0.000306
          0.000340       -0.000467        0.000691
         -0.000084       -0.000298        0.000549
         -0.000647        0.000058       -0.000071
         -0.000758        0.000074       -0.000475
         -0.000307       -0.000194       -0.000372
          0.000324       -0.000231       -0.000251
          0.000619        0.000160       -0.000476
          0.000324        0.000624       -0.000674
         -0.000240        0.000763       -0.000362
         -0.000392        0.000543        0.000275
          0.000103        0.000197        0.000642
          0.000638       -0.000083        0.000516
          0.000480       -0.000277        0.000197
         -0.000262       -0.000407        0.000031
         -0.000756       -0.000395        0.000086
         -0.000513       -0.000184        0.000192
          0.000043        0.000062        0.000102
          0.000221        0.000119       -0.000248
         -0.000052       -0.000018       -0.000527
         -0.000281       -0.000161       -0.000372
         -0.000109       -0.000195        0.000028
          0.000361       -0.000166        0.000184
          0.000786       -0.000191        0.000091
          0.000870       -0.000313        0.000111
          0.000589       -0.000417        0.000198
          0.000209       -0.000319       -0.000013
         -0.000068       -0.000028       -0.000414
         -0.000300        0.000194       -0.000486
         -0.000439        0.000126       -0.000139
         -0.000237       -0.000114        0.000162
          0.000119       -0.000206        0.000088
         -0.000003       -0.000019       -0.000218
         -0.000615        0.000241       -0.000401
         -0.000882        0.000334       -0.000251
         -0.000467        0.000281        0.000042
         -0.000108        0.000212        0.000003
         -0.000290        0.000129       -0.000423
         -0.000442        0.000001       -0.000574
         -0.000086       -0.000067       -0.000032
          0.000268        0.000026        0.000573
          0.000123        0.000227        0.000414
         -0.000110        0.000399       -0.000247
          0.000029        0.000398       -0.000454
          0.000193        0.000165        0.000048
         -0.000027       -0.000189        0.000588
         -0.000298       -0.000445        0.000648
         -0.000214       -0.000505        0.000421
         -0.000033       -0.000499        0.000238
         -0.000110       -0.000602        0.000103
         -0.000229       -0.000737        0.000038
         -0.000117       -0.000593        0.000236
          0.000011       -0.000097        0.000545
         -0.000063        0.000377        0.000456
         -0.000110        0.000478       -0.000061
          0.000059        0.000301       -0.000410
          0.000243        0.000141       -0.000300
          0.000264        0.000145       -0.000081
          0.000234        0.000314       -0.000003
          0.000244        0.000486        0.000045
          0.000210        0.000351        0.000060
          0.000067       -0.000106       -0.000054
         -0.000144       -0.000359       -0.000158
         -0.000287       -0.000002       -0.000110
         -0.000164        0.000565        0.000007
          0.000262        0.000607        0.000130
          0.000647        0.000100        0.000232
          0.000552       -0.000232        0.000111
         -0.000002        0.000024       -0.000294
         -0.000522        0.000393       -0.000556
         -0.000593        0.000279       -0.000272
         -0.000287       -0.000148        0.000300
          0.000055       -0.000267        0.000518
          0.000257        0.000060        0.000127
          0.000355        0.000373       -0.000530
          0.000371        0.000304       -0.000952
          0.000328        0.000000       -0.000943
          0.000318       -0.000122       -0.000666
          0.000356        0.000122       -0.000354
          0.000349        0.000465       -0.000025
          0.000254        0.000554        0.000379
          0.000078        0.000438        0.000651
         -0.000156        0.000377        0.000481
         -0.000268        0.000293        0.000015
         -0.000075       -0.000036       -0.000221
          0.000263       -0.000382       -0.000112
          0.000420       -0.000316       -0.000097
          0.000404        0.000047       -0.000351
          0.000426        0.000175       -0.000432
          0.000459       -0.000086       -0.000069
          0.000371       -0.000387        0.000322
          0.000217       -0.000423        0.000297
          0.000044       -0.000166        0.000047
         -0.000228        0.000268        0.000019
         -0.000453        0.000586        0.000257
         -0.000299        0.000413        0.000444
          0.000130       -0.000214        0.000360
          0.000253       -0.000735        0.000072
         -0.000084       -0.000772       -0.000195
         -0.000267       -0.000584       -0.000316
          0.000109       -0.000520       -0.000404
          0.000562       -0.000459       -0.000543
          0.000533       -0.000174       -0.000511
          0.000213        0.000187       -0.000143
          0.000057        0.000352        0.000222
          0.000036        0.000304        0.000255
         -0.000110        0.000121        0.000230
         -0.000312       -0.000223        0.000444
         -0.000320       -0.000692        0.000578
         -0.000143       -0.000998        0.000284
         -0.000007       -0.000825       -0.000147
          0.000014       -0.000214       -0.000207
          0.000013        0.000385        0.000198
          0.000041        0.000565        0.000750
          0.000088        0.000381        0.001012
          0.000132        0.000183        0.000757
          0.000079        0.000131        0.000265
         -0.000119        0.000028        0.000020
         -0.000320       -0.000298        0.000043
         -0.000427       -0.000623       -0.000008
         -0.000559       -0.000581       -0.000129
         -0.000717       -0.000248        0.000005
         -0.000664       -0.000072        0.000319
         -0.000403       -0.000184        0.000374
         -0.000280       -0.000257        0.000192
         -0.000420       -0.000128        0.000294
         -0.000552       -0.000058        0.000770
         -0.000519       -0.000232        0.000975
         -0.000446       -0.000477        0.000445
         -0.000371       -0.000576       -0.000372
         -0.000173       -0.000518       -0.000628
          0.000080       -0.000335       -0.000135
          0.000133       -0.000023        0.000421
         -0.000046        0.000286        0.000375
         -0.000205        0.000313       -0.000159
         -0.000163        0.000035       -0.000646
          0.000002       -0.000160       -0.000840
          0.000071       -0.000021       -0.000831
         -0.000044        0.000143       -0.000772
         -0.000092        0.000002       -0.000775
          0.000212       -0.000198       -0.000753
          0.000614       -0.000074       -0.000427
          0.000583        0.000257        0.000202
          0.000162        0.000408        0.000701
         -0.000145        0.000268        0.000805
         -0.000200        0.000025        0.000702
         -0.000205       -0.000062        0.000503
         -0.000105        0.000177        0.000052
          0.000199        0.000622       -0.000505
          0.000399        0.000882       -0.000665
          0.000255        0.000754       -0.000332
          0.000052        0.000495        0.000017
          0.000059        0.000438        0.000121
          0.000075        0.000572        0.000208
         -0.000085        0.000669        0.000339
         -0.000212        0.000558        0.000188
         -0.000164        0.000229       -0.000298
         -0.000132       -0.000136       -0.000656
         -0.000227       -0.000299       -0.000580
         -0.000329       -0.000262       -0.000284
         -0.000402       -0.000218       -0.000093
         -0.000413       -0.000168       -0.000131
         -0.000098        0.000052       -0.000370
          0.000517        0.000372       -0.000609
          0.000777        0.000495       -0.000588
          0.000324        0.000339       -0.000376
         -0.000219        0.000163       -0.000268
         -0.000204        0.000170       -0.000234
          0.000105        0.000253       -0.000026
          0.000158        0.000302        0.000201
         -0.000036        0.000491        0.000070
         -0.000184        0.000902       -0.000256
         -0.000211        0.001069       -0.000219
         -0.000095        0.000547        0.000204
          0.000246       -0.000175        0.000406
          0.000639       -0.000190        0.000091
          0.000695        0.000387       -0.000289
          0.000365        0.000521       -0.000264
          0.000079       -0.000064       -0.000011
          0.000177       -0.000474        0.000023
          0.000468       -0.000195       -0.000110
          0.000502        0.000138        0.000047
          0.000177       -0.000091        0.000515
         -0.000109       -0.000576        0.000668
         -0.000039       -0.000790        0.000165
          0.000154       -0.000701       -0.000449
          0.000125       -0.000457       -0.000502
          0.000004       -0.000086       -0.000112
          0.000115        0.000222        0.000140
          0.000367        0.000154        0.000105
          0.000378       -0.000202        0.000169
          0.000089       -0.000365        0.000560
         -0.000129       -0.000155        0.000897
         -0.000061        0.000057        0.000629
         -0.000010       -0.000033       -0.000171
         -0.000269       -0.000216       -0.000777
         -0.000506       -0.000186       -0.000714
         -0.000216       -0.000056       -0.000332
          0.000362       -0.000089       -0.000188
          0.000504       -0.000229       -0.000209
          0.000081       -0.000304        0.000072
         -0.000295       -0.000386        0.000642
         -0.000213       -0.000558        0.000927
          0.000031       -0.000638        0.000622
         -0.000045       -0.000420        0.000109
         -0.000400        0.000022       -0.000139
         -0.000492        0.000399       -0.000156
         -0.000090        0.000499       -0.000181
          0.000276        0.000394       -0.000172
          0.000144        0.000286       -0.000025
         -0.000080        0.000129        0.000099
          0.000085       -0.000213        0.000067
          0.000241       -0.000513        0.000039
         -0.000049       -0.000478        0.000153
         -0.000317       -0.000373        0.000287
         -0.000118       -0.000599        0.000259
          0.000132       -0.000887        0.000048
          0.000131       -0.000686       -0.000136
          0.000255       -0.000134        0.000052
          0.000550        0.000108        0.000634
          0.000491       -0.000118        0.001043
          0.000089       -0.000276        0.000741
         -0.000046       -0.000043       -0.000032
          0.000177        0.000184       -0.000531
          0.000249       -0.000023       -0.000394
         -0.000016       -0.000390        0.000071
         -0.000300       -0.000401        0.000337
         -0.000358       -0.000154        0.000225
         -0.000219       -0.000149        0.000068
         -0.000028       -0.000376        0.000232
          0.000065       -0.000317        0.000473
          0.000043        0.000132        0.000225
          0.000011        0.000439       -0.000391
         -0.000051        0.000261       -0.000561
         -0.000207       -0.000131       -0.000053
         -0.000214       -0.000361        0.000356
          0.000158       -0.000287        0.000157
          0.000535        0.000096       -0.000120
          0.000410        0.000513        0.000045
         -0.000028        0.000423        0.000263
         -0.000302       -0.000199        0.000020
         -0.000429       -0.000573       -0.000402
         -0.000607       -0.000205       -0.000433
         -0.000679        0.000367       -0.000137
         -0.000489        0.000459       -0.000070
         -0.000248        0.000170       -0.000399
         -0.000176       -0.000019       -0.000610
         -0.000195        0.000085       -0.000221
         -0.000221        0.000398        0.000476
         -0.000344        0.000672        0.000738
         -0.000513        0.000574        0.000375
         -0.000454        0.000120       -0.000054
         -0.000146       -0.000166       -0.000158
          0.000014        0.000062       -0.000229
         -0.000202        0.000445       -0.000586
         -0.000457        0.000478       -0.000993
         -0.000368        0.000286       -0.001064
         -0.000044        0.000374       -0.000771
          0.000197        0.000727       -0.000288
          0.000291        0.000695        0.000224
          0.000342        0.000026        0.000509
          0.000400       -0.000576        0.000268
          0.000448       -0.000476       -0.000461
          0.000354       -0.000097       -0.001142
         -0.000093       -0.000090       -0.001157
         -0.000716       -0.000173       -0.000449
         -0.000812        0.000269        0.000401
         -0.000052        0.000957        0.000829
          0.000799        0.001102        0.000782
          0.000813        0.000652        0.000495
          0.000226        0.000287        0.000128
         -0.000020        0.000296       -0.000217
          0.000258        0.000232       -0.000398
          0.000441       -0.000241       -0.000299
          0.000248       -0.000750       -0.000005
         -0.000043       -0.000767        0.000190
         -0.000301       -0.000402        0.000087
         -0.000614       -0.000154       -0.000082
         -0.000781       -0.000084        0.000048
         -0.000444        0.000200        0.000357
          0.000245        0.000750        0.000393
          0.000644        0.001056        0.000157
          0.000439        0.000765        0.000089
          0.000068        0.000145        0.000263
          0.000079       -0.000315        0.000266
          0.000351       -0.000469       -0.000085
          0.000353       -0.000459       -0.000483
          0.000019       -0.000347       -0.000537
         -0.000205       -0.000111       -0.000133
         -0.000167        0.000107        0.000394
         -0.000230        0.000094        0.000383
         -0.000490       -0.000090       -0.000352
         -0.000429       -0.000181       -0.000993
          0.000236       -0.000129       -0.000633
          0.000894       -0.000131        0.000443
          0.000821       -0.000258        0.001078
          0.000247       -0.000358        0.000717
         -0.000061       -0.000387       -0.000054
          0.000003       -0.000444       -0.000428
         -0.000095       -0.000484       -0.000284
         -0.000432       -0.000341       -0.000013
         -0.000435       -0.000065        0.000140
          0.000077        0.000128        0.000182
          0.000486        0.000228        0.000100
          0.000295        0.000440       -0.000114
         -0.000127        0.000743       -0.000260
         -0.000126        0.000768       -0.000129
          0.000285        0.000339        0.000159
          0.000504       -0.000130        0.000269
          0.000211       -0.000165        0.000071
         -0.000236        0.000071       -0.000164
         -0.000308        0.000052       -0.000081
          0.000041       -0.000356        0.000296
          0.000382       -0.000811        0.000580
          0.000360       -0.000954        0.000592
          0.000072       -0.000704        0.000607
         -0.000108       -0.000257        0.000833
          0.000008        0.000090        0.001029
          0.000196        0.000209        0.000885
          0.000087        0.000222        0.000477
         -0.000338        0.000276        0.000070
         -0.000626        0.000328       -0.000244
         -0.000371        0.000198       -0.000454
          0.000214       -0.000159       -0.000422
          0.000516       -0.000531       -0.000118
          0.000350       -0.000704        0.000116
          0.000135       -0.000747       -0.000038
          0.000141       -0.000800       -0.000363
          0.000120       -0.000730       -0.000419
         -0.000087       -0.000364       -0.000196
         -0.000200        0.000116        0.000016
         -0.000025        0.000357        0.000186
          0.000203        0.000264        0.000426
          0.000248        0.000018        0.000557
          0.000191       -0.000128        0.000354
          0.000151       -0.000022        0.000005
          0.000011        0.000211       -0.000192
         -0.000326        0.000288       -0.000323
         -0.000602        0.000248       -0.000557
         -0.000443        0.000442       -0.000691
         -0.000007        0.000842       -0.000497
          0.000077        0.000920       -0.000232
         -0.000306        0.000506       -0.000263
         -0.000426        0.000124       -0.000424
          0.000119        0.000099       -0.000286
          0.000588        0.000004        0.000068
          0.000272       -0.000493        0.000141
         -0.000277       -0.000869       -0.000155
         -0.000222       -0.000524       -0.000312
          0.000158        0.000143        0.000021
          0.000121        0.000290        0.000585
         -0.000211       -0.000040        0.000960
         -0.000236       -0.000061        0.001037
          0.000016        0.000390        0.000864
          0.000073        0.000569        0.000433
         -0.000096        0.000058       -0.000138
         -0.000199       -0.000576       -0.000575
         -0.000267       -0.000693       -0.000850
         -0.000506       -0.000419       -0.001197
         -0.000742       -0.000188       -0.001488
         -0.000627       -0.000016       -0.001212
         -0.000223        0.000305       -0.000364
          0.000085        0.000699        0.000319
          0.000093        0.000895        0.000314
         -0.000050        0.000785       -0.000092
         -0.000026        0.000486       -0.000377
          0.000343        0.000192       -0.000397
          0.000805        0.000014       -0.000330
          0.000820       -0.000097       -0.000356
          0.000290       -0.000208       -0.000421
         -0.000170       -0.000196       -0.000264
         -0.000075        0.000097        0.000161
          0.000223        0.000463        0.000508
          0.000188        0.000482        0.000521
         -0.000046        0.000146        0.000382
         -0.000034       -0.000125        0.000342
          0.000205       -0.000174        0.000373
          0.000362       -0.000285        0.000305
          0.000381       -0.000591        0.000033
          0.000351       -0.000807       -0.000363
          0.000187       -0.000674       -0.000531
         -0.000190       -0.000285       -0.000174
         -0.000580        0.000079        0.000385
         -0.000678        0.000231        0.000499
         -0.000437        0.000175        0.000168
         -0.000087        0.000045        0.000040
          0.000115       -0.000085        0.000271
          0.000105       -0.000271        0.000226
          0.000024       -0.000521       -0.000310
          0.000063       -0.000642       -0.000562
          0.000226       -0.000505        0.000003
          0.000286       -0.000284        0.000670
          0.000124       -0.000195        0.000558
         -0.000021       -0.000172        0.000026
          0.000089       -0.000047       -0.000004
          0.000259        0.000189        0.000404
          0.000173        0.000477        0.000393
         -0.000014        0.000735       -0.000201
          0.000085        0.000775       -0.000627
          0.000327        0.000533       -0.000453
          0.000082        0.000291       -0.000179
         -0.000761        0.000289       -0.000392
         -0.001393        0.000364       -0.000795
         -0.001085        0.000310       -0.000582
         -0.000178        0.000221        0.000313
          0.000415        0.000179        0.000997
          0.000370       -0.000004        0.000976
          0.000097       -0.000439        0.000886
         -0.000009       -0.000862        0.001249
          0.000039       -0.000934        0.001454
          0.000076       -0.000649        0.000811
          0.000043       -0.000306       -0.000302
         -0.000020       -0.000117       -0.001005
         -0.000066       -0.000005       -0.000947
         -0.000073        0.000165       -0.000438
         -0.000002        0.000291       -0.000085
          0.000148        0.000147       -0.000234
          0.000200       -0.000268       -0.000514
         -0.000006       -0.000673       -0.000314
         -0.000232       -0.000723        0.000215
         -0.000084       -0.000272        0.000344
          0.000329        0.000401        0.000018
          0.000507        0.000730       -0.000007
          0.000294        0.000476        0.000502
         -0.000027        0.000069        0.000729
         -0.000273        0.000062        0.000072
         -0.000487        0.000448       -0.000886
         -0.000610        0.000740       -0.001268
         -0.000512        0.000576       -0.001145
         -0.000358        0.000134       -0.001169
         -0.000443        0.000008       -0.001402
         -0.000606        0.000531       -0.001191
         -0.000360        0.001185       -0.000162
          0.000231        0.001108        0.001134
          0.000480        0.000234        0.001771
          0.000145       -0.000578        0.001494
         -0.000169       -0.000632        0.000855
         -0.000006       -0.000184        0.000320
          0.000291        0.000014       -0.000183
          0.000275       -0.000318       -0.000674
          0.000101       -0.000659       -0.000762
          0.000142       -0.000386       -0.000260
          0.000351        0.000366        0.000383
          0.000389        0.000833        0.000658
          0.000203        0.000625        0.000653
          0.000142        0.000175        0.000760
          0.000375        0.000037        0.000981
          0.000507        0.000169        0.000841
          0.000097        0.000171        0.000034
         -0.000609       -0.000075       -0.000985
         -0.000919       -0.000338       -0.001306
         -0.000661       -0.000408       -0.000641
         -0.000340       -0.000324        0.000230
         -0.000244       -0.000235        0.000494
         -0.000084       -0.000160        0.000394
          0.000252       -0.000065        0.000543
          0.000342       -0.000132        0.000637
          0.000009       -0.000569        0.000025
         -0.000250       -0.001068       -0.000824
         -0.000056       -0.001034       -0.000779
          0.000273       -0.000485        0.000140
          0.000327       -0.000049        0.000734
          0.000275        0.000025        0.000442
          0.000512        0.000098        0.000057
          0.000978        0.000359        0.000366
          0.001201        0.000552        0.000929
          0.000891        0.000482        0.000767
          0.000295        0.000203       -0.000183
         -0.000085       -0.000170       -0.000975
         -0.000085       -0.000447       -0.000937
         -0.000048       -0.000396       -0.000450
         -0.000229       -0.000085       -0.000246
         -0.000319        0.000103       -0.000322
         -0.000014        0.000026       -0.000028
          0.000333        0.000007        0.000784
          0.000276        0.000252        0.001318
          0.000038        0.000429        0.000920
          0.000028        0.000205        0.000072
          0.000119       -0.000160       -0.000329
          0.000053       -0.000234       -0.000254
         -0.000003       -0.000132       -0.000332
          0.000127       -0.000216       -0.000721
          0.000254       -0.000364       -0.000990
          0.000258       -0.000202       -0.000959
          0.000345        0.000158       -0.000920
          0.000549        0.000297       -0.000971
          0.000587        0.000205       -0.000765
          0.000410        0.000168       -0.000166
          0.000272        0.000156        0.000307
          0.000178        0.000005        0.000124
         -0.000088       -0.000067       -0.000452
         -0.000402        0.000213       -0.000640
         -0.000410        0.000567       -0.000162
         -0.000117        0.000531        0.000415
          0.000128        0.000223        0.000470
          0.000097        0.000149        0.000139
         -0.000162        0.000348        0.000064
         -0.000407        0.000322        0.000434
         -0.000338       -0.000154        0.000720
          0.000065       -0.000634        0.000436
          0.000375       -0.000575       -0.000178
          0.000163       -0.000012       -0.000508
         -0.000498        0.000501       -0.000389
         -0.001078        0.000466       -0.000239
         -0.001079       -0.000111       -0.000405
         -0.000510       -0.000730       -0.000694
          0.000103       -0.000861       -0.000704
          0.000294       -0.000518       -0.000364
          0.000108       -0.000253        0.000064
         -0.000118       -0.000409        0.000361
         -0.000140       -0.000645        0.000573
          0.000104       -0.000496        0.000877
          0.000390       -0.000089        0.001224
          0.000250        0.000091        0.001228
         -0.000442       -0.000016        0.000664
         -0.001053       -0.000017       -0.000120
         -0.000888        0.000212       -0.000686
         -0.000194        0.000355       -0.001059
          0.000090        0.000306       -0.001308
         -0.000385        0.000308       -0.001109
         -0.000890        0.000315       -0.000387
         -0.000689        0.000020        0.000212
         -0.000090       -0.000366        0.000189
          0.000102       -0.000271       -0.000056
         -0.000179        0.000234       -0.000000
         -0.000280        0.000464        0.000138
          0.000114        0.000202       -0.000087
          0.000615       -0.000075       -0.000514
          0.000782       -0.000047       -0.000581
          0.000585        0.000094       -0.000046
          0.000209        0.000095        0.000726
         -0.000199       -0.000104        0.001035
         -0.000492       -0.000459        0.000560
         -0.000564       -0.000755       -0.000093
         -0.000496       -0.000704       -0.000055
         -0.000402       -0.000395        0.000562
         -0.000223       -0.000177        0.000868
          0.000005       -0.000010        0.000625
         -0.000050        0.000361        0.000472
         -0.000505        0.000647        0.000639
         -0.000872        0.000373        0.000600
         -0.000691       -0.000211        0.000190
         -0.000236       -0.000446       -0.000013
         -0.000116       -0.000238        0.000308
         -0.000394        0.000018        0.000702
         -0.000548        0.000128        0.000706
         -0.000199        0.000191        0.000467
          0.000412        0.000361        0.000382
          0.000762        0.000722        0.000506
          0.000633        0.001051        0.000507
          0.000212        0.000871        0.000045
         -0.000221        0.000189       -0.000744
         -0.000444       -0.000212       -0.001196
         -0.000292        0.000176       -0.000772
          0.000158        0.000733        0.000238
          0.000515        0.000587        0.001021
          0.000441       -0.000096        0.001157
          0.000096       -0.000437        0.000869
         -0.000071       -0.000160        0.000483
          0.000020        0.000197        0.000089
         -0.000036        0.000256       -0.000336
         -0.000435        0.000195       -0.000716
         -0.000720        0.000197       -0.000815
         -0.000388        0.000142       -0.000442
          0.000357       -0.000043        0.000180
          0.000830       -0.000221        0.000497
          0.000691       -0.000260        0.000274
          0.000267       -0.000148       -0.000217
          0.000080        0.000084       -0.000732
          0.000195        0.000360       -0.001268
          0.000145        0.000529       -0.001670
         -0.000362        0.000486       -0.001658
         -0.000854        0.000326       -0.001258
         -0.000645        0.000257       -0.000671
          0.000168        0.000314        0.000085
          0.000834        0.000284        0.000928
          0.001028        0.000071        0.001466
          0.001123       -0.000041        0.001482
          0.001291        0.000137        0.001212
          0.001077        0.000237        0.000784
          0.000271       -0.000121        0.000029
         -0.000485       -0.000600       -0.000840
         -0.000555       -0.000652       -0.001162
         -0.000206       -0.000373       -0.000837
          0.000005       -0.000157       -0.000582
          0.000145        0.000034       -0.000814
          0.000495        0.000333       -0.001027
          0.000798        0.000477       -0.000706
          0.000651        0.000315       -0.000144
          0.000223        0.000142        0.000104
         -0.000016        0.000065        0.000017
          0.000011       -0.000227       -0.000087
          0.000045       -0.000724       -0.000103
         -0.000005       -0.000962       -0.000057
          0.000018       -0.000804        0.000191
          0.000229       -0.000604        0.000703
          0.000548       -0.000561        0.001130
          0.000742       -0.000553        0.001030
          0.000626       -0.000481        0.000454
          0.000370       -0.000267       -0.000088
          0.000384        0.000154       -0.000258
          0.000674        0.000502       -0.000159
          0.000740        0.000319        0.000043
          0.000398       -0.000274        0.000315
          0.000141       -0.000558        0.000439
          0.000276       -0.000226        0.000142
          0.000397        0.000209       -0.000289
          0.000157        0.000179       -0.000325
         -0.000158       -0.000283       -0.000231
         -0.000250       -0.000780       -0.000725
         -0.000251       -0.000973       -0.001527
         -0.000216       -0.000706       -0.001531
          0.000080       -0.000069       -0.000614
          0.000570        0.000583        0.000149
          0.000807        0.000905        0.000310
          0.000566        0.000853        0.000529
          0.000042        0.000595        0.000968
         -0.000458        0.000256        0.000881
         -0.000630       -0.000126        0.000163
         -0.000308       -0.000518       -0.000303
          0.000184       -0.000829       -0.000177
          0.000228       -0.000885       -0.000087
         -0.000244       -0.000567       -0.000303
         -0.000573       -0.000044       -0.000343
         -0.000284        0.000342       -0.000002
          0.000251        0.000447        0.000307
          0.000383        0.000322        0.000231
          0.000069       -0.000031       -0.000204
         -0.000174       -0.000492       -0.000747
         -0.000056       -0.000697       -0.001013
          0.000213       -0.000500       -0.000799
          0.000394       -0.000194       -0.000358
          0.000502        0.000036       -0.000021
          0.000502        0.000368        0.000204
          0.000176        0.000816        0.000338
         -0.000469        0.001038        0.000240
         -0.000951        0.000844       -0.000015
         -0.000827        0.000357       -0.000077
         -0.000361       -0.000297        0.000098
         -0.000222       -0.000944        0.000138
         -0.000448       -0.001222       -0.000074
         -0.000373       -0.000946       -0.000093
          0.000182       -0.000399        0.000398
          0.000512        0.000007        0.000992
          0.000133        0.000102        0.001020
         -0.000540       -0.000065        0.000356
         -0.000952       -0.000288       -0.000515
         -0.001074       -0.000334       -0.001032
         -0.001029       -0.000246       -0.000995
         -0.000768       -0.000217       -0.000685
         -0.000346       -0.000053       -0.000547
         -0.000018        0.000610       -0.000609
          0.000111        0.001441       -0.000432
          0.000161        0.001672        0.000153
          0.000191        0.001293        0.000687
          0.000074        0.000986        0.000749
         -0.000355        0.000846        0.000490
         -0.000990        0.000362        0.000179
         -0.001343       -0.000356       -0.000169
         -0.001070       -0.000612       -0.000435
         -0.000543       -0.000370       -0.000342
         -0.000329       -0.000254        0.000050
         -0.000333       -0.000369        0.000382
         -0.000195       -0.000268        0.000534
         -0.000073        0.000092        0.000657
         -0.000245        0.000359        0.000783
         -0.000446        0.000522        0.000788
         -0.000376        0.000760        0.000632
         -0.000325        0.000887        0.000437
         -0.000604        0.000689        0.000337
         -0.000892        0.000402        0.000278
         -0.000777        0.000281        0.000077
         -0.000504        0.000185       -0.000262
         -0.000574       -0.000002       -0.000538
         -0.000911       -0.000099       -0.000678
         -0.001050       -0.000026       -0.000694
         -0.000961        0.000011       -0.000396
         -0.001015       -0.000155        0.000295
         -0.001181       -0.000476        0.000968
         -0.000972       -0.000764        0.001219
         -0.000300       -0.000798        0.001197
          0.000207       -0.000600        0.001143
         -0.000002       -0.000484        0.000964
         -0.000656       -0.000494        0.000677
         -0.000989       -0.000224        0.000643
         -0.000715        0.000409        0.000932
         -0.000380        0.000852        0.001091
         -0.000588        0.000803        0.000837
         -0.001132        0.000606        0.000429
         -0.001240        0.000462        0.000190
         -0.000606        0.000171        0.000223
          0.000177       -0.000150        0.000531
          0.000349       -0.000087        0.000825
         -0.000082        0.000294        0.000543
         -0.000420        0.000556       -0.000253
         -0.000239        0.000618       -0.000594
          0.000099        0.000589       -0.000031
          0.000053        0.000300        0.000547
         -0.000298       -0.000262        0.000421
         -0.000432       -0.000653        0.000300
         -0.000190       -0.000648        0.000933
          0.000051       -0.000593        0.001606
          0.000046       -0.000707        0.001344
          0.000033       -0.000695        0.000600
          0.000164       -0.000298        0.000375
          0.000124        0.000293        0.000512
         -0.000232        0.000690        0.000195
         -0.000395        0.000629       -0.000497
         -0.000001        0.000125       -0.000752
          0.000454       -0.000466       -0.000362
          0.000416       -0.000732        0.000056
          0.000249       -0.000629        0.000029
          0.000603       -0.000423       -0.000272
          0.001321       -0.000242       -0.000414
          0.001717        0.000032       -0.000158
          0.001530        0.000447        0.000389
          0.001037        0.000804        0.000819
          0.000640        0.000805        0.000758
          0.000652        0.000326        0.000247
          0.001075       -0.000378       -0.000318
          0.001454       -0.000810       -0.000659
          0.001424       -0.000769       -0.000795
          0.001282       -0.000552       -0.000776
          0.001444       -0.000420       -0.000501
          0.001643       -0.000212       -0.000017
          0.001401        0.000175        0.000220
          0.000961        0.000444       -0.000213
          0.000957        0.000423       -0.001038
          0.001408        0.000356       -0.001507
          0.001766        0.000342       -0.001380
          0.001774        0.000122       -0.001158
          0.001692       -0.000267       -0.001235
          0.001807       -0.000337       -0.001369
          0.002074        0.000107       -0.001216
          0.002242        0.000643       -0.000880
          0.002162        0.000788       -0.000665
          0.001943        0.000465       -0.000667
          0.001823       -0.000062       -0.000789
          0.001948       -0.000449       -0.000873
          0.002257       -0.000619       -0.000774
          0.002531       -0.000855       -0.000598
          0.002598       -0.001251       -0.000731
          0.002503       -0.001310       -0.001284
          0.002371       -0.000635       -0.001817
          0.002194        0.000300       -0.001942
          0.001949        0.000743       -0.001780
          0.001789        0.000712       -0.001542
          0.001891        0.000713       -0.001255
          0.002233        0.000719       -0.001034
          0.002577        0.000286       -0.001004
          0.002644       -0.000428       -0.000989
          0.002384       -0.000753       -0.000874
          0.002099       -0.000616       -0.000982
          0.002132       -0.000632       -0.001517
          0.002464       -0.000980       -0.002084
          0.002763       -0.001078       -0.002240
          0.002737       -0.000529       -0.002084
          0.002344        0.000264       -0.001913
          0.001805        0.000615       -0.001760
          0.001447        0.000386       -0.001575
          0.001423        0.000117       -0.001464
          0.001596        0.000261       -0.001538
          0.001749        0.000479       -0.001723
          0.001828        0.000109       -0.001809
          0.001879       -0.000727       -0.001589
          0.001838       -0.001174       -0.001079
          0.001588       -0.000862       -0.000625
          0.001246       -0.000388       -0.000584
          0.001139       -0.000376       -0.000872
          0.001365       -0.000685       -0.001111
          0.001605       -0.000814       -0.001189
          0.001544       -0.000656       -0.001306
          0.001250       -0.000475       -0.001498
          0.000949       -0.000432       -0.001545
          0.000721       -0.000432       -0.001405
          0.000548       -0.000319       -0.001277
          0.000435       -0.000065       -0.001218
          0.000388        0.000125       -0.001072
          0.000395        0.000000       -0.000736
          0.000378       -0.000301       -0.000283
          0.000178       -0.000315        0.000091
         -0.000223        0.000017        0.000201
         -0.000558        0.000178        0.000113
         -0.000610       -0.000083        0.000060
         -0.000539       -0.000359       -0.000028
         -0.000628       -0.000394       -0.000418
         -0.000919       -0.000523       -0.000905
         -0.001312       -0.000904       -0.000889
         -0.001864       -0.001089       -0.000257
         -0.002919       -0.000839        0.000450
         -0.005258       -0.000665        0.000813
         -0.009993       -0.001064        0.000896
         -0.017122       -0.001681        0.000769
         -0.023154       -0.001489        0.000198
         -0.021784        0.000320       -0.000791
         -0.010407        0.003458       -0.001180
          0.003636        0.006188        0.000492
          0.007110        0.006088        0.004163
         -0.006441        0.001841        0.007301
         -0.029909       -0.004947        0.007244
         -0.049336       -0.009501        0.004608
         -0.055478       -0.006691        0.002977
         -0.051254        0.003713        0.004906
         -0.054917        0.013930        0.009707
         -0.093517        0.012580        0.014959
         -0.175926       -0.003948        0.017139
         -0.261652       -0.022541        0.011048
         -0.275224       -0.019365       -0.004022
         -0.183162        0.017264       -0.013722
         -0.057263        0.066661        0.004866
         -0.023566        0.085419        0.053127
         -0.120567        0.047687        0.094468
         -0.223856       -0.020310        0.087682
         -0.141523       -0.050639        0.038926
          0.204502        0.009371        0.003207
          0.683247        0.134639        0.026964
          1.022103        0.213558        0.100196
          0.983107        0.126054        0.167816
          0.541610       -0.134241        0.172267
         -0.048723       -0.407282        0.082282
         -0.397787       -0.467990       -0.088218
         -0.288656       -0.226697       -0.259945
          0.099199        0.151646       -0.313503
          0.338846        0.354291       -0.197855
          0.191258        0.194157       -0.023295
         -0.180140       -0.200084        0.019521
         -0.490054       -0.478751       -0.130760
         -0.659649       -0.374635       -0.326678
         -0.707684        0.068403       -0.365374
         -0.535327        0.535551       -0.164464
         -0.115336        0.692034        0.206954
          0.277942        0.438955        0.554795
          0.362386       -0.012730        0.610233
          0.236966       -0.311967        0.237339
          0.182961       -0.257226       -0.314221
          0.240810        0.038786       -0.528122
          0.271450        0.261367       -0.165029
          0.283567        0.191585        0.393194
          0.405696       -0.085748        0.538537
          0.567935       -0.288620        0.167058
          0.444948       -0.248691       -0.221836
         -0.127436       -0.041827       -0.232828
         -0.764428        0.169220       -0.067753
         -0.882037        0.248390       -0.082546
         -0.487684        0.063065       -0.201193
         -0.188778       -0.368173       -0.163671
         -0.315703       -0.693097       -0.051470
         -0.558762       -0.529126       -0.092697
         -0.544839        0.023222       -0.175923
         -0.219048        0.468531       -0.029718
          0.315801        0.465885        0.254188
          0.800631        0.047325        0.289438
          0.818155       -0.509111       -0.030850
          0.283645       -0.765290       -0.321814
         -0.288796       -0.363114       -0.178102
         -0.380550        0.524364        0.282271
         -0.034136        1.187863        0.540515
          0.400837        1.055535        0.333171
          0.686680        0.279756       -0.056295
          0.685955       -0.427566       -0.227653
          0.371956       -0.490296       -0.110253
         -0.004899        0.012674        0.130215
         -0.184852        0.496906        0.334756
         -0.335681        0.487614        0.359208
         -0.711204        0.008620        0.122069
         -1.025150       -0.558466       -0.227637
         -0.845281       -0.820256       -0.449146
         -0.377572       -0.627625       -0.548940
         -0.092057       -0.178388       -0.671875
          0.081955        0.130494       -0.724635
          0.390179        0.050705       -0.516002
          0.573374       -0.280112       -0.153633
          0.372134       -0.419983        0.131410
          0.172889       -0.009103        0.364284
          0.393222        0.772546        0.635549
          0.740503        1.232652        0.812321
          0.690332        0.901499        0.754964
          0.237433        0.120706        0.503150
         -0.249198       -0.394000        0.130108
         -0.512868       -0.416144       -0.198288
         -0.488700       -0.283920       -0.142261
         -0.231906       -0.269208        0.307940
          0.047925       -0.299868        0.510395
          0.100311       -0.279780       -0.010761
         -0.083370       -0.270792       -0.722722
         -0.232611       -0.252791       -0.749867
         -0.155396       -0.033698       -0.135617
         -0.009501        0.416432        0.267709
         -0.051875        0.753149        0.040338
         -0.247173        0.571855       -0.367998
         -0.363993       -0.121287       -0.477351
         -0.333798       -0.814398       -0.405425
         -0.232997       -0.883753       -0.427523
         -0.025158       -0.190050       -0.425205
          0.376107        0.693847       -0.129893
          0.827895        0.999359        0.396628
          0.982498        0.530087        0.837699
          0.647840       -0.205096        0.984831
          0.026990       -0.559010        0.823890
         -0.464947       -0.309529        0.438095
         -0.589902        0.223591       -0.024436
         -0.433745        0.480800       -0.420123
         -0.216756        0.180943       -0.690925
         -0.064686       -0.403197       -0.742626
          0.047740       -0.768061       -0.376040
          0.184047       -0.682129        0.337743
          0.274088       -0.248407        0.784020
          0.134002        0.285860        0.454159
         -0.249501        0.568595       -0.211654
         -0.587711        0.306290       -0.334145
         -0.586106       -0.321658        0.053457
         -0.256181       -0.692330        0.044629
          0.155142       -0.451183       -0.615367
          0.415209        0.053967       -1.057359
          0.451596        0.263493       -0.667258
          0.369637        0.092583        0.045479
          0.306881       -0.078971        0.386689
          0.224785        0.064511        0.416402
         -0.008877        0.446818        0.500350
         -0.308728        0.740480        0.627967
         -0.409698        0.716261        0.597473
         -0.271163        0.445355        0.410706
         -0.140649        0.181865        0.210282
         -0.148931        0.061701        0.106147
         -0.147961       -0.029599        0.135707
         -0.025580       -0.256223        0.192161
          0.099346       -0.569560        0.062194
          0.087113       -0.731814       -0.291397
         -0.018747       -0.582442       -0.611225
         -0.069444       -0.219254       -0.636791
          0.018619        0.094932       -0.376303
          0.192626        0.193991       -0.043985
          0.309570        0.160085        0.105014
          0.270482        0.173337       -0.082654
          0.127713        0.236399       -0.448533
          0.033175        0.173192       -0.546017
          0.079395       -0.070325       -0.166367
          0.199495       -0.274203        0.298284
          0.226267       -0.186411        0.371656
          0.090946        0.166008        0.170851
         -0.055433        0.485756        0.124524
         -0.043472        0.514105        0.247175
          0.018444        0.309854        0.226211
         -0.122881        0.168698        0.041927
         -0.424897        0.213378       -0.047644
         -0.525845        0.180281       -0.025348
         -0.237551       -0.216016       -0.125351
          0.184931       -0.806249       -0.355753
          0.361143       -1.101924       -0.402219
          0.205897       -0.881842       -0.064730
         -0.041527       -0.409389        0.454733
         -0.121804       -0.037212        0.775689
         -0.025351        0.190705        0.704169
          0.062315        0.423061        0.325853
          0.042068        0.636399       -0.118000
         -0.004453        0.616497       -0.367897
         -0.015113        0.310975       -0.299444
         -0.052451       -0.024239       -0.055938
         -0.134333       -0.138130        0.068920
         -0.141585       -0.084333       -0.029810
         -0.012752       -0.086735       -0.158114
          0.104363       -0.221249       -0.144894
          0.041488       -0.351803       -0.120236
         -0.121178       -0.316458       -0.283923
         -0.136150       -0.077206       -0.510650
          0.065345        0.274340       -0.474357
          0.273604        0.562523       -0.157356
          0.297923        0.601195        0.095217
          0.194841        0.344086        0.110070
          0.101208       -0.017759        0.120892
          0.013811       -0.223917        0.312134
         -0.119836       -0.227364        0.481943
         -0.245411       -0.183317        0.380492
         -0.289545       -0.177332        0.091774
         -0.270528       -0.161189       -0.123824
         -0.202448       -0.142792       -0.143861
         -0.040235       -0.182843       -0.025936
          0.173747       -0.187390        0.082712
          0.276703        0.016137        0.056470
          0.211663        0.344816       -0.059274
          0.125846        0.462369       -0.092288
          0.136482        0.201116       -0.007713
          0.158425       -0.193043        0.066847
          0.070797       -0.316377        0.121459
         -0.098427       -0.050252        0.280297
         -0.249188        0.283436        0.472251
         -0.321262        0.267126        0.390442
         -0.267180       -0.083698       -0.102567
         -0.085559       -0.307623       -0.729474
          0.085086       -0.129487       -1.041182
          0.109755        0.143822       -0.822873
          0.086503        0.097270       -0.274094
          0.176001       -0.158340        0.172606
          0.262229       -0.170242        0.263867
          0.135198        0.157138        0.145543
         -0.070263        0.413155        0.104524
         -0.066849        0.265987        0.189941
          0.036473       -0.097880        0.247626
         -0.094161       -0.267136        0.235206
         -0.359169       -0.153457        0.260203
         -0.317871       -0.029123        0.308327
          0.064714       -0.074702        0.201137
          0.321835       -0.134707       -0.068024
          0.191218       -0.022987       -0.204427
         -0.058157        0.122676       -0.016359
         -0.099816        0.026390        0.253900
          0.017874       -0.249063        0.235116
          0.039821       -0.302118       -0.098228
         -0.129120        0.047980       -0.452662
         -0.345340        0.462746       -0.562463
         -0.402751        0.523289       -0.380709
         -0.218189        0.261437       -0.088561
          0.109841        0.025478        0.035819
          0.388020       -0.025305       -0.072723
          0.474377       -0.023735       -0.128926
          0.356181       -0.082381        0.130393
          0.135327       -0.148697        0.529270
         -0.036663       -0.165052        0.658281
         -0.074713       -0.174993        0.447144
         -0.053856       -0.243669        0.263892
         -0.106691       -0.361808        0.371500
         -0.196534       -0.422570        0.509468
         -0.138839       -0.296489        0.243742
          0.079483       -0.004573       -0.365937
          0.201426        0.225084       -0.774044
          0.068830        0.195388       -0.666773
         -0.120671       -0.004305       -0.331845
         -0.134480       -0.094906       -0.173782
         -0.057870        0.071578       -0.177600
         -0.057851        0.363738       -0.077174
         -0.033843        0.518203        0.169072
          0.165161        0.397376        0.334146
          0.391815        0.111251        0.270839
          0.408503       -0.103455        0.080757
          0.249756       -0.113521       -0.081552
          0.077351        0.000174       -0.190487
         -0.115869        0.034506       -0.257180
         -0.369455       -0.126336       -0.229209
         -0.523200       -0.357690       -0.115849
         -0.404787       -0.390699       -0.052857
         -0.111011       -0.131105       -0.090576
          0.118281        0.176880       -0.079511
          0.197450        0.230543        0.081981
          0.199690        0.073784        0.261357
          0.157983        0.038557        0.309160
          0.027062        0.258335        0.284148
         -0.165257        0.458707        0.294261
         -0.265630        0.339399        0.277202
         -0.179095       -0.034613        0.116245
         -0.020292       -0.366474       -0.153965
          0.055215       -0.478663       -0.403978
          0.086033       -0.390624       -0.548811
          0.173092       -0.202872       -0.521668
          0.225474       -0.032350       -0.263513
          0.121184        0.054633        0.137676
         -0.009031        0.112946        0.432380
         -0.003071        0.217458        0.448926
         -0.000397        0.294417        0.253940
         -0.156966        0.191017        0.015937
         -0.256972       -0.085379       -0.180871
         -0.065782       -0.320053       -0.324895
          0.180838       -0.314900       -0.380775
          0.122727       -0.106573       -0.307350
         -0.127209        0.074213       -0.143716
         -0.190329        0.073001        0.021083
         -0.017193        0.004749        0.176907
          0.139116        0.098827        0.378457
          0.176551        0.366937        0.562307
          0.195998        0.542007        0.536380
          0.193730        0.373247        0.257643
          0.032805       -0.095563       -0.042274
         -0.264032       -0.548013       -0.159174
         -0.437441       -0.661202       -0.182102
         -0.309100       -0.393923       -0.269179
         -0.034230       -0.023232       -0.336846
          0.106041        0.161366       -0.233160
          0.080309        0.150052       -0.055321
          0.083057        0.111933        0.018006
          0.181041        0.115789        0.059370
          0.236975        0.105463        0.220349
          0.195102        0.055461        0.377853
          0.160017       -0.011872        0.310201
          0.142225       -0.095655        0.095753
          0.018631       -0.177341       -0.019228
         -0.182457       -0.178626       -0.046680
         -0.253289       -0.061132       -0.197176
         -0.148790        0.085301       -0.439791
         -0.074758        0.139064       -0.465879
         -0.146939        0.101948       -0.153339
         -0.216863        0.093511        0.211220
         -0.126404        0.201277        0.312605
          0.068905        0.381044        0.200758
          0.211444        0.496155        0.122775
          0.229849        0.418536        0.138259
          0.152368        0.118018        0.130085
          0.039915       -0.285702        0.046075
         -0.031740       -0.576991       -0.111869
         -0.010116       -0.623319       -0.373831
          0.040259       -0.497081       -0.633760
         -0.018930       -0.358250       -0.605082
         -0.162254       -0.241252       -0.205447
         -0.155596       -0.051621        0.239853
          0.085175        0.230733        0.424588
          0.282561        0.460265        0.439856
          0.182901        0.489814        0.487493
         -0.051058        0.349471        0.485086
         -0.113933        0.190173        0.242422
         -0.014886        0.085770       -0.149356
          0.048560       -0.030379       -0.385714
          0.065791       -0.223204       -0.349208
          0.118558       -0.414457       -0.226237
          0.097306       -0.433797       -0.198274
         -0.119748       -0.205746       -0.199263
         -0.347454        0.136338       -0.102179
         -0.308453        0.338042        0.012208
         -0.061499        0.252674        0.008330
          0.094343       -0.005167       -0.004034
          0.062903       -0.170966        0.140692
          0.027502       -0.112034        0.262545
          0.106477        0.055261        0.061288
          0.154853        0.144550       -0.292680
         -0.006703        0.103247       -0.297845
         -0.281814       -0.006202        0.109192
         -0.368569       -0.114046        0.430074
         -0.141941       -0.151044        0.349903
          0.178520       -0.067222        0.136094
          0.306037        0.051665        0.123051
          0.208403        0.017769        0.195863
          0.060312       -0.175188        0.057808
         -0.015938       -0.254709       -0.228902
         -0.027350       -0.041035       -0.298307
         -0.001487        0.238059       -0.034036
          0.040402        0.249447        0.235668
          0.037707        0.047526        0.208164
         -0.034252       -0.031993        0.014589
         -0.076633        0.099026       -0.069376
          0.008449        0.193916       -0.093580
          0.142764        0.119978       -0.255119
          0.154761        0.044320       -0.405573
          0.022534        0.072549       -0.205443
         -0.096056        0.032844        0.253923
         -0.112082       -0.189970        0.460613
         -0.146369       -0.373402        0.193380
         -0.291040       -0.258657       -0.188711
         -0.360049        0.043777       -0.282767
         -0.120075        0.204648       -0.124420
          0.299617        0.134455        0.005971
          0.512844        0.053047       -0.004727
          0.376391        0.127594       -0.053587
          0.117199        0.249697       -0.032218
         -0.047908        0.226247        0.070325
         -0.162189        0.056473        0.200285
         -0.320829       -0.083235        0.253338
         -0.417530       -0.090633        0.130981
         -0.274043       -0.071662       -0.090119
          0.054118       -0.179738       -0.154015
          0.302077       -0.382966        0.037244
          0.341326       -0.489125        0.221093
          0.294075       -0.405964        0.138248
          0.248615       -0.262806       -0.058423
          0.120127       -0.201598       -0.056633
         -0.090760       -0.146826        0.088251
         -0.194834        0.083767        0.041501
         -0.136383        0.479401       -0.234244
         -0.121506        0.778050       -0.359923
         -0.242379        0.725151       -0.095982
         -0.274828        0.332213        0.278022
         -0.058382       -0.124060        0.342692
          0.192685       -0.345281        0.097469
          0.194044       -0.272101       -0.126290
          0.011076       -0.092955       -0.178259
         -0.070748        0.009495       -0.185949
          0.018316        0.034703       -0.197582
          0.078163        0.050759       -0.100297
         -0.005830        0.047209        0.067329
         -0.098243        0.000764        0.072240
         -0.053987       -0.043194       -0.131808
          0.083391       -0.062083       -0.271207
          0.196037       -0.109132       -0.153320
          0.230155       -0.188787        0.034128
          0.164541       -0.199140        0.021310
          0.006896       -0.073536       -0.116575
         -0.138093        0.112462       -0.083135
         -0.148930        0.227545        0.162806
         -0.059772        0.229222        0.329994
         -0.025166        0.189820        0.218634
         -0.106785        0.165874       -0.020716
         -0.202886        0.071688       -0.133310
         -0.192443       -0.192044       -0.084568
         -0.067089       -0.464521       -0.039767
          0.082009       -0.403254       -0.116301
          0.156813        0.043753       -0.228611
          0.143086        0.469118       -0.175212
          0.125091        0.485123        0.102843
          0.167241        0.185158        0.376482
          0.203778       -0.057804        0.355985
          0.133975       -0.090154        0.080348
         -0.024224       -0.058378       -0.082788
         -0.181408       -0.090510        0.089046
         -0.285274       -0.131602        0.365713
         -0.288884       -0.100130        0.382997
         -0.163785       -0.023330        0.121394
         -0.019499        0.042225       -0.145462
         -0.007278        0.097261       -0.264625
         -0.068992        0.134424       -0.306543
         -0.025660        0.086152       -0.323746
          0.103769       -0.071873       -0.277509
          0.158902       -0.236548       -0.182864
          0.144875       -0.286299       -0.097697
          0.168614       -0.216828        0.010057
          0.172596       -0.100402        0.195060
          0.051907        0.012281        0.374173
         -0.085644        0.092605        0.390236
         -0.071556        0.129476        0.199528
          0.038277        0.162903       -0.085955
          0.073829        0.230813       -0.279657
          0.015642        0.284954       -0.239705
         -0.042030        0.251916       -0.019299
         -0.063617        0.137217        0.139060
         -0.059851       -0.011811        0.087042
         -0.027465       -0.167250       -0.030315
         -0.009890       -0.277065        0.008582
         -0.082124       -0.265147        0.188844
         -0.186011       -0.135590        0.294129
         -0.139860        0.007567        0.177547
          0.087893        0.060769       -0.076352
          0.276860       -0.019318       -0.219707
          0.236421       -0.200755       -0.106320
          0.042998       -0.348146        0.081598
         -0.105421       -0.298050        0.032334
         -0.139800       -0.043990       -0.214133
         -0.127631        0.230960       -0.261864
         -0.123233        0.348135        0.030530
         -0.095900        0.276502        0.273976
          0.012506        0.088735        0.118113
          0.180669       -0.100181       -0.225543
          0.277206       -0.150858       -0.331832
          0.186485       -0.002838       -0.169552
         -0.037573        0.200549       -0.033791
         -0.207908        0.218467       -0.055557
         -0.192107        0.010671       -0.089030
         -0.015493       -0.179606        0.000151
          0.178665       -0.132785        0.162660
          0.227438        0.055052        0.254813
          0.093547        0.117285        0.184949
         -0.066545       -0.015946       -0.005887
         -0.110353       -0.159837       -0.177273
         -0.143017       -0.167630       -0.231850
         -0.319301       -0.107187       -0.188907
         -0.479135       -0.096262       -0.083490
         -0.305678       -0.108774        0.095471
          0.163396       -0.044583        0.281484
          0.518103        0.096324        0.284073
          0.501639        0.209853        0.035944
          0.260047        0.219098       -0.191186
          0.041033        0.147462       -0.051484
         -0.085519        0.085370        0.358567
         -0.164519        0.105822        0.516126
         -0.219160        0.180684        0.170943
         -0.219248        0.189335       -0.256091
         -0.096478        0.059661       -0.282172
          0.159118       -0.117286       -0.095512
          0.370479       -0.166941       -0.219236
          0.287253       -0.020657       -0.635865
         -0.074060        0.191143       -0.797986
         -0.359538        0.234509       -0.453318
         -0.287812        0.012389        0.060100
          0.004698       -0.269299        0.368303
          0.191151       -0.302487        0.475047
          0.184858       -0.100642        0.547774
          0.122500       -0.022050        0.611022
          0.047303       -0.253752        0.547644
         -0.104423       -0.507775        0.251125
         -0.270535       -0.412483       -0.220668
         -0.301090       -0.006918       -0.568465
         -0.199479        0.341842       -0.463484
         -0.089807        0.374806        0.032279
          0.017330        0.161103        0.413287
          0.204142       -0.014271        0.288788
          0.406357        0.081383       -0.114631
          0.405017        0.377455       -0.237949
          0.129445        0.520549        0.068910
         -0.164404        0.268858        0.382304
         -0.172683       -0.177201        0.340668
          0.029883       -0.410329        0.096134
          0.066313       -0.333064       -0.060443
         -0.178036       -0.212390       -0.157168
         -0.368654       -0.234602       -0.307207
         -0.253627       -0.270946       -0.347992
         -0.018144       -0.145249       -0.116093
          0.120377        0.096383        0.152938
          0.256466        0.283554        0.109400
          0.442172        0.326995       -0.168137
          0.420051        0.239750       -0.294612
          0.059269        0.073660       -0.179178
         -0.317113       -0.091966       -0.139731
         -0.370778       -0.175100       -0.351689
         -0.204400       -0.156912       -0.499496
         -0.110409       -0.097602       -0.212880
         -0.126686       -0.078028        0.341549
         -0.083926       -0.119404        0.650702
          0.073921       -0.139686        0.562780
          0.218323       -0.032042        0.396972
          0.231096        0.171005        0.347234
          0.150129        0.297252        0.241341
          0.103986        0.264646       -0.020242
          0.142816        0.193979       -0.238230
          0.176701        0.204533       -0.273757
          0.102209        0.228989       -0.261925
         -0.052517        0.142437       -0.324174
         -0.180327       -0.033630       -0.366005
         -0.263240       -0.166946       -0.289512
         -0.365698       -0.187618       -0.173688
         -0.452546       -0.145830       -0.120037
         -0.371108       -0.127153       -0.083885
         -0.081971       -0.148327        0.031602
          0.231925       -0.139471        0.221424
          0.375972       -0.048636        0.391073
          0.347986        0.049876        0.437606
          0.252318        0.022105        0.303252
          0.127964       -0.141491        0.059050
         -0.039645       -0.276635       -0.095664
         -0.213756       -0.204856       -0.057067
         -0.308669        0.074970        0.040671
         -0.276337        0.352640        0.055194
         -0.133459        0.388308        0.047064
          0.084461        0.165998        0.086303
          0.324151       -0.080392        0.070852
          0.463448       -0.147544       -0.050440
          0.373917       -0.096168       -0.104197
          0.100845       -0.121227        0.036574
         -0.128513       -0.251303        0.217033
         -0.169132       -0.291605        0.240368
         -0.135384       -0.086201        0.144593
         -0.209904        0.237385        0.039566
         -0.349529        0.373127       -0.133910
         -0.320725        0.194298       -0.443312
         -0.041837       -0.079205       -0.721188
          0.249490       -0.129198       -0.737594
          0.295133        0.096387       -0.498054
          0.177718        0.343885       -0.148868
          0.171246        0.373713        0.249106
          0.293973        0.228044        0.606080
          0.279236        0.104598        0.680437
         -0.002936        0.045973        0.389413
         -0.334286       -0.070871        0.052142
         -0.411413       -0.250590       -0.000543
         -0.190029       -0.310092        0.108523
          0.080532       -0.170033        0.024707
          0.151768       -0.027336       -0.287156
          0.062640       -0.110908       -0.476666
          0.013722       -0.369120       -0.246737
          0.000356       -0.512660        0.291396
         -0.138936       -0.345402        0.704218
         -0.303358        0.007166        0.645447
         -0.193905        0.228721        0.186750
          0.106154        0.170945       -0.273012
          0.133588        0.020366       -0.423846
         -0.180022        0.040643       -0.322010
         -0.304908        0.217248       -0.242026
          0.028685        0.300822       -0.309897
          0.364763        0.180052       -0.358443
          0.293968        0.028517       -0.182909
          0.096643        0.033108        0.131993
          0.153156        0.148420        0.289364
          0.270942        0.222065        0.191692
          0.115083        0.216087        0.070326
         -0.164654        0.156774        0.115052
         -0.238003       -0.016617        0.205485
         -0.146177       -0.345351        0.173039
         -0.118790       -0.635856        0.088664
         -0.133210       -0.581232        0.067412
         -0.018405       -0.159944        0.033563
          0.182677        0.259545       -0.053184
          0.236343        0.318198       -0.011597
          0.051380        0.067146        0.192604
         -0.185831       -0.131107        0.194101
         -0.243139       -0.039997       -0.232873
         -0.122117        0.217611       -0.668750
         -0.019994        0.352010       -0.590668
         -0.036352        0.227259       -0.179004
         -0.044188       -0.048551       -0.011080
          0.092804       -0.257677       -0.141181
          0.291505       -0.242551       -0.125195
          0.349855       -0.037693        0.136702
          0.207625        0.131500        0.258847
         -0.013214        0.097779        0.105275
         -0.187937       -0.012902        0.029462
         -0.279313        0.031129        0.228460
         -0.265441        0.194774        0.399721
         -0.127627        0.242685        0.265021
          0.060097        0.142910        0.010079
          0.163594        0.103444       -0.047681
          0.153522        0.182509        0.074955
          0.120933        0.160734        0.123192
          0.099530       -0.093413       -0.021512
          0.005996       -0.367090       -0.221253
         -0.175100       -0.380159       -0.235969
         -0.259319       -0.178423        0.032986
         -0.061979       -0.058612        0.360586
          0.278748       -0.159643        0.355792
          0.368950       -0.322674       -0.032620
          0.058024       -0.347840       -0.342602
         -0.328733       -0.193132       -0.196424
         -0.433109        0.089240        0.149453
         -0.304553        0.400031        0.222128
         -0.162441        0.550042        0.048106
         -0.000727        0.384230       -0.029265
          0.243429        0.008199       -0.006258
          0.386592       -0.255810       -0.134562
          0.245952       -0.187686       -0.364199
          0.003209        0.114205       -0.413967
         -0.036012        0.328824       -0.261156
          0.093824        0.215030       -0.104662
          0.118875       -0.139281        0.013653
         -0.018381       -0.392888        0.171011
         -0.116661       -0.327969        0.301744
         -0.080742       -0.085645        0.280235
         -0.045517        0.050946        0.133096
         -0.115034        0.009653       -0.026184
         -0.193826       -0.066301       -0.126612
         -0.135086       -0.082527       -0.102362
          0.067614       -0.077952        0.076590
          0.272773       -0.069279        0.260724
          0.325634       -0.005649        0.231859
          0.208450        0.088435        0.035582
          0.052096        0.102911       -0.042060
         -0.041284        0.038093        0.075089
         -0.115950        0.046030        0.116609
         -0.216969        0.189721       -0.062321
         -0.251269        0.311593       -0.204248
         -0.139641        0.257115       -0.105635
          0.018933        0.110161       -0.004509
          0.088885        0.061762       -0.147947
          0.077063        0.115215       -0.312822
          0.053696        0.091012       -0.210080
          0.043476       -0.080907       -0.032158
          0.060148       -0.244818       -0.077461
          0.090092       -0.242796       -0.165163
          0.052970       -0.110692        0.010276
         -0.071262        0.007540        0.276076
         -0.182473        0.015738        0.290927
         -0.240890       -0.103278        0.108118
         -0.298165       -0.273836       -0.059074
         -0.289526       -0.313302       -0.221440
         -0.098515       -0.094367       -0.349921
          0.157664        0.228687       -0.210291
          0.250522        0.326168        0.176786
          0.209399        0.103257        0.402360
          0.228918       -0.158572        0.291409
          0.291758       -0.178100        0.176803
          0.215133       -0.034510        0.287846
          0.003987        0.017160        0.333430
         -0.138503       -0.038197        0.026161
         -0.130000        0.003266       -0.364953
         -0.083839        0.174150       -0.406068
         -0.047765        0.261108       -0.173432
          0.062982        0.157107       -0.070833
          0.184011        0.005602       -0.154541
          0.074243       -0.071124       -0.123877
         -0.234163       -0.116078        0.112927
         -0.318735       -0.145275        0.298562
         -0.001374       -0.073350        0.234696
          0.282115        0.098618        0.030772
          0.142268        0.229242       -0.081682
         -0.117656        0.205820       -0.047653
         -0.014576        0.033118       -0.047433
          0.271467       -0.189138       -0.228838
          0.160696       -0.279885       -0.448055
         -0.363530       -0.119008       -0.440820
         -0.649326        0.130413       -0.186359
         -0.302500        0.154893        0.121690
          0.258739       -0.057254        0.356320
          0.394196       -0.153538        0.457730
          0.068018        0.061818        0.346169
         -0.210496        0.306419        0.119280
         -0.102181        0.217822        0.079455
          0.219600       -0.113700        0.266314
          0.402529       -0.258510        0.279957
          0.320449       -0.047199       -0.095522
          0.091158        0.180274       -0.440048
         -0.125746        0.038814       -0.289014
         -0.250859       -0.339885        0.117836
         -0.287502       -0.451280        0.186997
         -0.278444       -0.120862       -0.108849
         -0.239761        0.223887       -0.230513
         -0.121102        0.141847        0.036612
          0.124050       -0.201755        0.269383
          0.405306       -0.282140        0.121705
          0.504156        0.042213       -0.150633
          0.312460        0.361922       -0.138152
          0.024111        0.315435        0.115634
         -0.072110        0.057970        0.248907
          0.000679       -0.025205        0.092365
         -0.069158        0.126311       -0.207995
         -0.378077        0.218431       -0.433552
         -0.591308        0.058129       -0.460809
         -0.395260       -0.200496       -0.279793
          0.060975       -0.296258        0.001391
          0.374071       -0.163453        0.210041
          0.360838        0.062301        0.258360
          0.146601        0.206389        0.214115
         -0.061210        0.185910        0.182560
         -0.124920        0.078845        0.177926
         -0.044280        0.051740        0.153807
          0.007382        0.129457        0.086755
         -0.122836        0.114577       -0.015500
         -0.277069       -0.132263       -0.128919
         -0.147668       -0.424976       -0.214628
          0.215535       -0.443557       -0.236882
          0.405508       -0.144888       -0.169271
          0.250532        0.184199       -0.004632
          0.025644        0.267255        0.187516
         -0.023802        0.106310        0.281723
          0.009587       -0.073818        0.250762
         -0.033912       -0.067908        0.189115
         -0.129253        0.098330        0.124314
         -0.181234        0.185861       -0.009750
         -0.157666        0.036257       -0.156908
         -0.054753       -0.200359       -0.154506
          0.108742       -0.255203       -0.035498
          0.239939       -0.089187       -0.021733
          0.228102        0.100676       -0.137235
          0.072025        0.160115       -0.136014
         -0.109358        0.119041        0.083808
         -0.191601        0.087355        0.279351
         -0.140945        0.110727        0.206289
         -0.033652        0.139058       -0.060300
          0.005233        0.109887       -0.285123
         -0.049455        0.033966       -0.382497
         -0.058121       -0.043501       -0.415055
          0.078169       -0.134881       -0.392979
          0.216978       -0.254405       -0.239786
          0.170545       -0.283026        0.060120
          0.006543       -0.072026        0.387417
         -0.079238        0.262106        0.578202
         -0.073354        0.369477        0.542242
         -0.085441        0.127333        0.291006
         -0.111556       -0.160586       -0.089447
         -0.085684       -0.198633       -0.436976
         -0.039141       -0.084209       -0.539202
         -0.031977       -0.057113       -0.306518
         -0.051199       -0.126397        0.064506
         -0.076375       -0.167435        0.267053
         -0.101391       -0.153833        0.254990
         -0.055494       -0.098038        0.232866
          0.123929        0.032969        0.253380
          0.329270        0.198238        0.126851
          0.368128        0.257185       -0.176918
          0.213044        0.155328       -0.373583
          0.013885       -0.007597       -0.280914
         -0.124063       -0.122352       -0.092875
         -0.219591       -0.150509       -0.037031
         -0.272159       -0.078649       -0.018344
         -0.200806        0.073809        0.141584
          0.015973        0.227377        0.301709
          0.257607        0.316767        0.176445
          0.378921        0.330358       -0.144310
          0.323486        0.229645       -0.241939
          0.118376       -0.024849       -0.016339
         -0.126207       -0.310590        0.130809
         -0.255127       -0.405314       -0.052469
         -0.240200       -0.292032       -0.263854
         -0.213916       -0.186758       -0.167167
         -0.220303       -0.191619        0.089753
         -0.140671       -0.168795        0.197477
          0.021028       -0.034072        0.168079
          0.076475        0.094456        0.169527
         -0.010099        0.132146        0.173074
         -0.053806        0.163838        0.072184
          0.009888        0.256098       -0.067226
          0.061160        0.330866       -0.117317
          0.081330        0.291827       -0.082771
          0.146575        0.152601       -0.032615
          0.184198        0.012258        0.013882
          0.088875       -0.057074        0.050708
         -0.012554       -0.107796        0.057346
          0.039311       -0.241596        0.030159
          0.102398       -0.393329       -0.024997
         -0.042180       -0.360156       -0.072986
         -0.263592       -0.135241       -0.012421
         -0.251889        0.036019        0.188978
         -0.013454        0.056438        0.336525
          0.162814        0.135001        0.203449
          0.157205        0.378701       -0.126394
          0.106918        0.528819       -0.335398
          0.100489        0.331447       -0.282169
          0.069040       -0.057178       -0.131401
         -0.048343       -0.284170       -0.074326
         -0.217567       -0.269098       -0.090557
         -0.339187       -0.204173       -0.039890
         -0.283562       -0.189070        0.100597
         -0.021099       -0.154824        0.186434
          0.240518       -0.095592        0.108709
          0.236943       -0.073635       -0.025602
          0.010617       -0.033151       -0.002629
         -0.118768        0.105019        0.198113
          0.003462        0.238198        0.302980
          0.182888        0.237028        0.070891
          0.201187        0.174509       -0.310598
          0.096386        0.149314       -0.386224
          0.016010        0.055390       -0.049776
         -0.019586       -0.211585        0.283822
         -0.083810       -0.462935        0.256354
         -0.190510       -0.388442        0.006225
         -0.266905        0.012954       -0.168115
         -0.228330        0.349811       -0.260941
         -0.061384        0.259924       -0.381610
          0.138834       -0.145044       -0.408510
          0.257547       -0.388200       -0.191058
          0.288421       -0.203892        0.113878
          0.271144        0.171771        0.273747
          0.152583        0.370909        0.339048
         -0.090588        0.330228        0.415465
         -0.266562        0.199850        0.339224
         -0.189376        0.049556       -0.017957
         -0.005333       -0.099269       -0.363131
          0.018521       -0.129363       -0.320629
         -0.080450        0.017865        0.006093
         -0.081068        0.158235        0.180683
          0.027599        0.088983        0.060016
          0.102843       -0.095760       -0.047156
          0.120678       -0.166318        0.127787
          0.104169       -0.126727        0.429720
         -0.016852       -0.128250        0.517212
         -0.236724       -0.133924        0.277551
         -0.361722       -0.024293       -0.159455
         -0.244469        0.085677       -0.602828
          0.021126        0.038524       -0.805927
          0.226897        0.000801       -0.568333
          0.254266        0.184991       -0.077243
          0.142048        0.364348        0.146981
          0.046108        0.176567       -0.080749
          0.089541       -0.218288       -0.295619
          0.188867       -0.319658       -0.041357
          0.128239       -0.064890        0.448027
         -0.131381        0.084674        0.602547
         -0.352265       -0.134698        0.334420
         -0.311071       -0.420337        0.071521
         -0.062879       -0.383535        0.080712
          0.168869       -0.075895        0.181275
          0.251147        0.160384        0.126930
          0.201865        0.168213       -0.074702
          0.085545        0.077668       -0.269202
         -0.047391        0.038141       -0.350569
         -0.151892        0.072325       -0.316031
         -0.192051        0.154878       -0.240547
         -0.157534        0.245171       -0.167546
         -0.062784        0.259511       -0.003771
          0.054839        0.146352        0.321448
          0.138053       -0.031446        0.579990
          0.143725       -0.149835        0.424120
          0.087094       -0.113510       -0.056281
          0.027094        0.084581       -0.322616
         -0.003409        0.295695       -0.132543
         -0.012957        0.284871        0.104664
          0.013951        0.019029        0.000660
          0.106228       -0.217799       -0.210267
          0.182748       -0.181471       -0.134512
          0.079789       -0.013466        0.099879
         -0.193855       -0.014062        0.105504
         -0.386620       -0.203614       -0.092020
         -0.320335       -0.345233       -0.137820
         -0.109286       -0.292291        0.044463
          0.049166       -0.099650        0.184608
          0.100328        0.126257        0.153046
          0.067261        0.318853        0.101840
         -0.001874        0.426142        0.088805
          0.017925        0.387173       -0.051029
          0.172587        0.168348       -0.330414
          0.247809       -0.155044       -0.453213
          0.050711       -0.405574       -0.247657
         -0.200310       -0.472655        0.037716
         -0.139448       -0.406635        0.135984
          0.159975       -0.274888        0.186574
          0.271860       -0.072656        0.423739
          0.056192        0.134483        0.659936
         -0.188524        0.188454        0.489444
         -0.208071        0.080950       -0.057685
         -0.070365        0.014644       -0.446678
          0.056792        0.115252       -0.324549
          0.108667        0.265536       -0.001693
          0.076509        0.292450       -0.016397
         -0.008026        0.156660       -0.371172
         -0.027325       -0.060014       -0.553150
          0.078703       -0.201503       -0.317879
          0.137012       -0.105480       -0.030625
         -0.055830        0.193266       -0.044118
         -0.352785        0.369802       -0.149569
         -0.356078        0.145816        0.010620
          0.019167       -0.284078        0.319878
          0.341040       -0.424984        0.411942
          0.200904       -0.138993        0.271236
         -0.210725        0.164735        0.150652
         -0.321009        0.136794        0.086034
          0.050275       -0.032231       -0.042008
          0.411162        0.013095       -0.124500
          0.267546        0.211501        0.027197
         -0.169574        0.206295        0.260061
         -0.325007       -0.105003        0.247105
         -0.151780       -0.430473        0.003991
         -0.107863       -0.440963       -0.157318
         -0.262186       -0.109407       -0.124676
         -0.152295        0.268840       -0.057151
          0.314774        0.353591       -0.021909
          0.592005        0.116835        0.057324
          0.394641       -0.123583        0.123053
          0.133117       -0.113253        0.031646
          0.127383        0.020579       -0.122355
          0.091270        0.013190       -0.091353
         -0.231669       -0.124568        0.079904
         -0.529431       -0.167341        0.063628
         -0.424981       -0.049484       -0.179261
         -0.064199        0.066880       -0.229404
          0.168182        0.060381        0.103950
          0.188255       -0.009015        0.297959
          0.148127       -0.020438       -0.159557
          0.081758        0.064410       -0.802052
         -0.067748        0.164680       -0.671088
         -0.200137        0.153500        0.244434
         -0.128318        0.023935        0.873041
          0.115327       -0.046007        0.572247
          0.262354        0.077976       -0.030943
          0.154055        0.234593       -0.121825
         -0.049562        0.149797        0.102216
         -0.103166       -0.130773       -0.051282
         -0.015608       -0.260376       -0.538521
         -0.005711       -0.112929       -0.640763
         -0.145529        0.021758       -0.125629
         -0.237930       -0.074818        0.373237
         -0.120203       -0.182019        0.297525
          0.087507       -0.014832       -0.074846
          0.171974        0.289912       -0.150226
          0.136816        0.367699        0.102414
          0.155154        0.148754        0.262519
          0.252606       -0.106853        0.193308
          0.213683       -0.219606        0.122065
         -0.092947       -0.263324        0.113297
         -0.419110       -0.321129        0.010766
         -0.398231       -0.303482       -0.145240
         -0.064778       -0.098757       -0.136356
          0.184377        0.232117        0.027596
          0.163986        0.488226        0.132769
          0.088600        0.483504        0.147940
          0.117190        0.179997        0.224449
          0.093964       -0.215916        0.332094
         -0.089004       -0.340386        0.232047
         -0.229950       -0.046652       -0.114610
         -0.176033        0.340135       -0.380613
         -0.124228        0.360288       -0.281554
         -0.222638       -0.024965        0.017940
         -0.186146       -0.447127        0.117009
          0.220627       -0.636351       -0.080011
          0.607558       -0.632818       -0.251895
          0.454760       -0.522737       -0.119726
         -0.045756       -0.278411        0.148781
         -0.269226        0.060795        0.147681
         -0.093951        0.311424       -0.185860
          0.054390        0.399795       -0.434656
         -0.037237        0.489052       -0.281178
         -0.127962        0.674433        0.041534
         -0.014891        0.746969        0.153537
          0.155799        0.490484        0.099734
          0.131443        0.051185        0.119498
         -0.110266       -0.238566        0.128538
         -0.335203       -0.293815       -0.053763
         -0.307225       -0.311710       -0.197358
         -0.030076       -0.429509        0.023634
          0.283217       -0.523647        0.368672
          0.435405       -0.383606        0.314815
          0.366287       -0.026084       -0.068925
          0.116006        0.243321       -0.185750
         -0.188588        0.160938        0.116324
         -0.343052       -0.133458        0.297758
         -0.234550       -0.214163        0.017384
         -0.013484        0.096010       -0.339875
          0.064546        0.457885       -0.291398
         -0.027819        0.438360        0.063583
         -0.088324        0.103829        0.262681
         -0.017134       -0.075270        0.074319
          0.037816        0.072340       -0.287900
         -0.089536        0.163168       -0.402753
         -0.318004       -0.118652       -0.113439
         -0.343261       -0.492398        0.222752
          0.019012       -0.481467        0.186409
          0.494723       -0.086907       -0.058135
          0.555429        0.271215       -0.008004
          0.109811        0.323675        0.314760
         -0.291072        0.179320        0.332049
         -0.192328        0.074830       -0.151403
          0.160948        0.101444       -0.566720
          0.287385        0.146009       -0.389034
          0.159572        0.026592        0.135536
          0.037742       -0.260459        0.397725
         -0.022875       -0.451573        0.254257
         -0.085046       -0.303228        0.072702
         -0.071035        0.068825        0.080185
          0.027965        0.303989        0.083597
         -0.013644        0.222571       -0.094865
         -0.265947       -0.018166       -0.296579
         -0.396551       -0.157121       -0.336238
         -0.162668       -0.088073       -0.280306
          0.144132        0.075746       -0.189999
          0.119692        0.117725        0.048102
         -0.126668       -0.047332        0.390193
         -0.163386       -0.234974        0.507057
          0.093931       -0.185236        0.250986
          0.295455        0.101087       -0.067485
          0.208131        0.350958       -0.105788
          0.003884        0.363543        0.057156
         -0.078738        0.225937        0.092803
         -0.065381        0.139464       -0.121306
         -0.078972        0.162884       -0.378391
         -0.087606        0.205458       -0.392221
         -0.024309        0.173271       -0.078737
          0.046862        0.026806        0.356434
          0.079876       -0.233043        0.562247
          0.167028       -0.522981        0.346969
          0.329622       -0.670865       -0.087027
          0.351547       -0.578499       -0.291896
          0.020272       -0.356513       -0.094575
         -0.488818       -0.167628        0.113615
         -0.655066        0.002282       -0.128904
         -0.224603        0.237042       -0.606263
          0.345719        0.423126       -0.600084
          0.414649        0.350342        0.071508
          0.031217        0.083958        0.690041
         -0.206903       -0.034107        0.592910
         -0.061361        0.162218        0.036175
          0.162379        0.415304       -0.268863
          0.218660        0.356891       -0.111848
          0.127653       -0.036274        0.134986
         -0.076704       -0.386180        0.158291
         -0.307595       -0.329215        0.029855
         -0.327052        0.034303       -0.056352
         -0.061035        0.239367       -0.075202
          0.216489        0.061199       -0.100586
          0.250018       -0.209258       -0.109044
          0.107214       -0.230448       -0.033319
         -0.006533       -0.063594        0.045123
         -0.021353        0.052910       -0.036563
         -0.030515        0.105402       -0.251181
         -0.147813        0.203709       -0.365073
         -0.317900        0.266019       -0.243905
         -0.302477        0.103724       -0.029572
          0.008513       -0.221341        0.070855
          0.369777       -0.375702        0.073008
          0.467061       -0.181487        0.154976
          0.301137        0.104033        0.338957
          0.075921        0.123936        0.416315
         -0.114896       -0.056648        0.250903
         -0.266486       -0.043660       -0.010313
         -0.329903        0.265920       -0.136394
         -0.300891        0.493782       -0.099348
         -0.240968        0.329320       -0.046268
         -0.101693       -0.049599       -0.055289
          0.209629       -0.284708       -0.042316
          0.536524       -0.291556        0.075260
          0.564070       -0.208358        0.216586
          0.250520       -0.117396        0.224895
         -0.121342       -0.028278        0.088177
         -0.323136       -0.000363       -0.024494
         -0.351327       -0.094925        0.018377
         -0.268106       -0.247210        0.113996
         -0.120986       -0.303941        0.039795
          0.006336       -0.195396       -0.212480
          0.042176       -0.015113       -0.357884
          0.019343        0.086610       -0.207664
          0.031612        0.063809        0.024325
          0.113246        0.011032        0.042743
          0.199062        0.045535       -0.066655
          0.189222        0.183502       -0.021226
          0.049260        0.344542        0.146712
         -0.131532        0.425565        0.143735
         -0.194069        0.338329       -0.071169
         -0.067790        0.070130       -0.194559
          0.122556       -0.214342       -0.048688
          0.155352       -0.256982        0.145996
         -0.054411       -0.025787        0.093231
         -0.324477        0.171499       -0.169817
         -0.337092        0.054751       -0.338235
          0.035807       -0.260310       -0.223219
          0.526235       -0.429471        0.055621
          0.693060       -0.314253        0.232930
          0.404781       -0.085129        0.193456
         -0.025571        0.035632        0.100302
         -0.253695       -0.003368        0.184772
         -0.280000       -0.087086        0.401815
         -0.300024       -0.085235        0.441612
         -0.358528        0.004995        0.162568
         -0.331359        0.072794       -0.169491
         -0.171308        0.041764       -0.229739
         -0.010681       -0.056107       -0.073669
          0.024979       -0.146211       -0.026511
          0.022968       -0.167747       -0.207723
          0.161490       -0.073822       -0.373314
          0.389660        0.140850       -0.246522
          0.447006        0.396423        0.148302
          0.252944        0.537088        0.525026
          0.029906        0.416485        0.604731
         -0.032458        0.055319        0.328595
         -0.000440       -0.283296       -0.097773
         -0.023886       -0.328416       -0.376109
         -0.134788       -0.151940       -0.412337
         -0.266408       -0.099652       -0.381633
         -0.355817       -0.310657       -0.427278
         -0.387656       -0.509797       -0.442047
         -0.362497       -0.381822       -0.271979
         -0.262392        0.018221        0.017867
         -0.100827        0.362448        0.238700
          0.040592        0.455434        0.337398
          0.114763        0.389049        0.409905
          0.184647        0.311559        0.491518
          0.310248        0.215216        0.477762
          0.431698        0.043059        0.298635
          0.435282       -0.146176        0.043891
          0.305543       -0.278432       -0.186040
          0.171922       -0.397037       -0.427914
          0.160859       -0.510704       -0.719056
          0.214913       -0.454704       -0.939677
          0.166788       -0.130082       -0.941205
         -0.029564        0.248413       -0.734987
         -0.283397        0.390340       -0.443206
         -0.507650        0.328404       -0.146752
         -0.620657        0.351276        0.131924
         -0.532769        0.587657        0.357092
         -0.278794        0.862665        0.486179
         -0.031959        0.961864        0.534576
          0.119885        0.848003        0.538925
          0.286372        0.562847        0.454606
          0.565713        0.096631        0.208448
          0.795918       -0.494667       -0.135380
          0.650428       -0.966724       -0.386991
          0.051359       -1.089161       -0.419557
         -0.635173       -0.909977       -0.247816
         -0.988277       -0.617042        0.068002
         -0.988793       -0.214196        0.492068
         -0.850804        0.404101        0.951437
         -0.585355        1.097811        1.266034
         -0.078025        1.502522        1.256697
          0.547979        1.456410        0.974276
          0.980143        1.158832        0.685234
          1.032193        0.824999        0.503783
          0.737464        0.416791        0.202980
          0.276535       -0.153468       -0.412652
         -0.118717       -0.774566       -1.149913
         -0.327012       -1.286816       -1.720548
         -0.372523       -1.699113       -2.142254
         -0.260808       -2.048094       -2.441264
          0.014762       -2.212690       -2.212279
          0.298615       -2.076615       -1.061501
          0.397854       -1.699065        0.601440
          0.356426       -1.125171        1.810463
          0.326030       -0.232081        2.138427
          0.281306        0.989180        2.031695
          0.145538        2.150933        1.934648
          0.024671        2.729727        1.603970
          0.036679        2.570448        0.611518
          0.086253        1.962293       -0.846324
          0.043680        1.244898       -2.065518
         -0.039067        0.511225       -2.574664
         -0.085565       -0.245409       -2.382416
         -0.172512       -0.851225       -1.630828
         -0.375501       -1.037776       -0.441041
         -0.618127       -0.825104        0.872704
         -0.808004       -0.605773        1.805660
         -0.930808       -0.694774        2.048864
         -0.911317       -0.912318        1.726420
         -0.618423       -0.803477        1.179907
         -0.116893       -0.232579        0.639108
          0.330345        0.450571        0.145641
          0.594252        0.860919       -0.315872
          0.742898        0.954917       -0.679192
          0.733033        0.863153       -0.774298
          0.384938        0.611052       -0.495245
         -0.257414        0.183905       -0.028530
         -0.852316       -0.339954        0.226836
         -1.096434       -0.860627        0.103585
         -0.914045       -1.257179       -0.093825
         -0.400857       -1.284057        0.023609
          0.199949       -0.794426        0.403060
          0.625295       -0.132698        0.633516
          0.875038        0.059301        0.494153
          1.147322       -0.432241        0.173626
          1.387086       -1.129251       -0.041519
          1.246213       -1.443510       -0.060688
          0.650898       -1.325116        0.036203
          0.031746       -1.212090        0.113272
         -0.243330       -1.442691        0.059714
         -0.330492       -1.829916       -0.092235
         -0.523878       -1.802672       -0.169847
         -0.712063       -0.897959       -0.104302
         -0.609583        0.875070       -0.055649
         -0.325276        3.013915       -0.132283
         -0.199546        4.750855       -0.159538
         -0.129347        5.417588        0.006603
          0.360757        4.809744        0.071071
          1.230583        3.286435       -0.451877
          1.684816        1.482911       -1.579514
          1.140556       -0.117456       -2.684172
         -0.017954       -1.378230       -2.974420
         -0.974356       -2.321958       -2.046194
         -1.349399       -2.807372       -0.148104
         -1.225521       -2.555895        1.859970
         -0.777817       -1.595011        3.001133
         -0.310167       -0.467970        2.969949
         -0.268001        0.240329        2.343322
         -0.724123        0.468157        1.750244
         -1.096660        0.547435        1.033852
         -0.822963        0.656497       -0.331419
         -0.149360        0.692651       -2.131665
          0.181970        0.586877       -3.355975
         -0.042524        0.386947       -3.380054
         -0.253847        0.032524       -2.606942
          0.066622       -0.570153       -1.638119
          0.754067       -1.162107       -0.402610
          1.345812       -1.225612        1.380577
          1.672858       -0.677617        3.317140
          1.781522       -0.110850        4.542901
          1.601757       -0.068423        4.611254
          1.028312       -0.402772        3.669747
          0.201523       -0.648069        2.000227
         -0.505627       -0.666800        0.004097
         -0.804458       -0.527256       -1.552981
         -0.759428       -0.068343       -2.070614
         -0.664122        0.859411       -1.902328
         -0.616699        1.825666       -1.910308
         -0.405889        2.032515       -2.232560
          0.057221        1.244663       -2.211510
          0.459981        0.188437       -1.551139
          0.468826       -0.198772       -0.794230
          0.141420        0.227899       -0.533387
         -0.266140        0.792720       -0.761193
         -0.614597        0.903359       -1.137873
         -0.776598        0.658155       -1.428703
         -0.578552        0.453346       -1.547324
         -0.138285        0.339664       -1.484479
          0.095151        0.084481       -1.262160
         -0.055805       -0.323693       -0.791450
         -0.211263       -0.611306        0.122040
         -0.073466       -0.667700        1.442751
          0.034050       -0.777702        2.726807
         -0.285874       -1.255460        3.506497
         -0.742636       -1.937136        3.751742
         -0.731035       -2.200230        3.732077
         -0.280520       -1.544572        3.501255
          0.014562       -0.097698        2.827037
         -0.064721        1.463524        1.680251
         -0.158630        2.394075        0.438312
         -0.052484        2.307384       -0.574537
          0.082541        1.393490       -1.411778
          0.229309        0.373441       -2.164240
          0.628241       -0.050220       -2.625466
          1.211131       -0.026506       -2.482891
          1.538562       -0.587025       -1.594719
          1.423004       -2.349897       -0.130758
          1.052616       -4.352196        1.206613
          0.456247       -4.827993        1.419960
         -0.501672       -3.225901        0.394199
         -1.492080       -0.846229       -0.451791
         -1.755595        0.730514        0.307735
         -1.008251        1.264723        2.035934
          0.159229        1.551391        2.619206
          0.957589        2.049439        1.181003
          1.085271        2.471772       -0.994628
          0.669537        2.502363       -2.475092
         -0.019855        2.220869       -3.301631
         -0.620723        1.754267       -4.035489
         -0.813093        1.053970       -4.386390
         -0.652625        0.203265       -3.710994
         -0.543749       -0.457517       -2.107566
         -0.669354       -0.753429       -0.171068
         -0.671257       -0.941696        1.748121
         -0.182403       -1.275833        3.305099
          0.529693       -1.449662        3.796030
          0.866176       -0.802862        2.873852
          0.738144        0.799442        1.218537
          0.621641        2.454270       -0.201318
          0.755452        2.883212       -1.151267
          0.762798        1.749862       -1.861274
          0.225700        0.101052       -2.239330
         -0.702379       -0.774559       -1.993306
         -1.431837       -0.767190       -1.158535
         -1.494935       -0.856640        0.019609
         -0.873718       -1.678905        1.390496
          0.050448       -2.642699        2.700599
          0.741970       -2.636120        3.467823
          0.840159       -1.327832        3.416937
          0.453622        0.452070        2.777710
          0.113254        1.526668        1.961295
          0.242667        1.414373        1.213806
          0.646423        0.593671        0.633916
          0.717881       -0.100037        0.143292
          0.211022       -0.233591       -0.592612
         -0.429674       -0.023743       -1.728640
         -0.647891        0.002048       -2.661570
         -0.451359       -0.423237       -2.507221
         -0.275017       -0.971600       -1.364820
         -0.340249       -0.987556       -0.414335
         -0.442298       -0.222006       -0.388216
         -0.309660        0.763920       -0.701635
          0.076130        1.159077       -0.643476
          0.517232        0.878435       -0.590271
          0.793444        0.688188       -1.158583
          0.804881        1.193532       -1.810340
          0.602199        1.968389       -1.396616
          0.311757        2.031465        0.162788
          0.043224        1.061935        1.667530
         -0.161680       -0.281877        2.072080
         -0.349311       -1.272433        1.488142
         -0.574892       -1.873985        0.743622
         -0.728310       -2.401375        0.405383
         -0.566724       -2.821673        0.361304
         -0.095801       -2.730553        0.187351
          0.227014       -1.846420       -0.225425
         -0.011326       -0.337242       -0.511959
         -0.528517        1.194766       -0.246470
         -0.595474        2.029662        0.647289
         -0.011737        1.933069        1.781182
          0.603737        1.487702        2.389295
          0.665219        1.456979        1.815931
          0.301680        1.753978        0.271117
         -0.043549        1.486135       -1.218807
         -0.195997        0.205289       -1.961621
         -0.144260       -1.301402       -2.288959
          0.142522       -1.790459       -2.733132
          0.467290       -0.926507       -2.999046
          0.454927        0.398466       -2.303847
          0.156730        1.023763       -0.547818
          0.119272        0.603925        1.322600
          0.524660       -0.245434        2.214509
          0.762752       -0.716023        1.922757
          0.301378       -0.612279        1.109269
         -0.448075       -0.418244        0.424195
         -0.707142       -0.658164       -0.033743
         -0.466522       -1.261871       -0.395183
         -0.367707       -1.611359       -0.543502
         -0.613416       -1.240477       -0.217442
         -0.735894       -0.404831        0.535236
         -0.443215        0.201027        1.267337
         -0.020389        0.302956        1.562430
          0.170611        0.409601        1.374773
          0.051090        1.127663        0.840466
         -0.314422        2.229557        0.016009
         -0.756054        2.742224       -0.955005
         -0.916666        2.098048       -1.689728
         -0.511918        0.886140       -1.906899
          0.288623        0.117502       -1.708303
          0.934116       -0.059930       -1.301304
          0.994685       -0.406466       -0.734337
          0.582758       -1.338903       -0.067275
          0.261054       -2.199785        0.548378
          0.424344       -2.075889        1.076092
          0.783247       -0.962960        1.535097
          0.714410        0.255617        1.692076
          0.168471        0.769103        1.171126
         -0.197203        0.478924       -0.048128
         -0.017656       -0.104772       -1.453512
          0.181078       -0.297396       -2.335435
         -0.150659        0.245118       -2.228418
         -0.651660        1.129407       -1.175356
         -0.639860        1.466988        0.308455
         -0.187872        0.780363        1.635845
          0.106346       -0.447004        2.557997
          0.055568       -1.332216        3.058455
         -0.074490       -1.508595        2.964876
         -0.131744       -1.216503        2.058914
         -0.120335       -0.721128        0.596795
          0.016140       -0.082840       -0.741007
          0.210360        0.563167       -1.579048
          0.183152        0.960306       -2.128776
         -0.124801        1.065821       -2.607293
         -0.363072        1.108345       -2.813447
         -0.275260        1.202076       -2.475723
         -0.053542        1.142166       -1.635302
          0.029337        0.672507       -0.503258
          0.010933       -0.193136        0.713247
          0.054756       -1.132079        1.703588
          0.145700       -1.693925        2.119793
          0.155588       -1.602572        1.892923
          0.067173       -1.011159        1.261099
          0.035279       -0.381047        0.522843
          0.228980       -0.020214       -0.015784
          0.539871        0.135712       -0.113553
          0.532358        0.221672        0.010941
         -0.035330        0.162598       -0.275132
         -0.716456       -0.098290       -1.042366
         -0.823336       -0.297517       -1.280559
         -0.343963       -0.115461       -0.118767
          0.069049        0.337628        1.699791
          0.039635        0.638268        2.445772
         -0.125466        0.610929        1.503494
         -0.080003        0.442313        0.034091
          0.027457        0.290729       -0.624904
         -0.073231        0.125070       -0.488428
         -0.249239       -0.083329       -0.480882
         -0.164672       -0.276813       -1.017286
          0.199671       -0.347733       -1.585506
          0.544527       -0.143960       -1.562371
          0.676253        0.299276       -0.961752
          0.675259        0.477496       -0.265407
          0.649679       -0.130504        0.206953
          0.506137       -1.168880        0.499128
          0.077112       -1.560953        0.658549
         -0.532633       -0.830936        0.516116
         -0.885904        0.291576        0.037035
         -0.698791        0.875395       -0.333774
         -0.274068        0.838231       -0.070784
         -0.118717        0.633234        0.657882
         -0.215892        0.396633        0.984544
         -0.116542       -0.052057        0.344092
          0.295750       -0.608869       -0.747650
          0.622927       -0.855945       -1.224328
          0.545976       -0.652257       -0.679115
          0.181758       -0.283265        0.241266
         -0.177736        0.103684        0.634442
         -0.375749        0.734837        0.292888
         -0.409061        1.595270       -0.222529
         -0.325947        2.015773       -0.328983
         -0.179798        1.354485       -0.059473
         -0.045559       -0.101157        0.147274
          0.005309       -1.329753        0.138486
          0.019168       -1.614384        0.204085
          0.140181       -1.102788        0.541345
          0.327937       -0.381977        0.945255
          0.283293        0.221343        1.126615
         -0.073152        0.783866        0.977496
         -0.311321        1.341833        0.458127
         -0.094322        1.578265       -0.363686
          0.242015        1.162223       -1.088524
          0.232343        0.232111       -1.254996
          0.028648       -0.764783       -0.946980
          0.000336       -1.543675       -0.687135
          0.013230       -1.923564       -0.608515
         -0.221002       -1.594764       -0.249787
         -0.477111       -0.545889        0.598941
         -0.360843        0.507918        1.382588
          0.013391        0.817199        1.471845
          0.249677        0.563901        0.921350
          0.263211        0.469148        0.186536
          0.194627        0.633822       -0.470238
          0.065001        0.510643       -0.905577
         -0.095157       -0.090552       -0.864245
         -0.111691       -0.707862       -0.316356
          0.025888       -0.938312        0.247681
          0.087021       -0.840948        0.325607
          0.036730       -0.587126        0.036364
          0.095465       -0.195352       -0.157743
          0.229093        0.279452       -0.175380
          0.144760        0.625816       -0.298920
         -0.087144        0.686590       -0.563285
         -0.037848        0.534064       -0.682374
          0.333366        0.356883       -0.579707
          0.574501        0.257903       -0.515096
          0.485628        0.194643       -0.613486
          0.326338        0.068655       -0.669644
          0.177405       -0.105781       -0.511928
         -0.228914       -0.100274       -0.232795
         -0.847060        0.318295        0.014613
         -1.122278        0.975369        0.184459
         -0.754378        1.287876        0.274365
         -0.155802        0.881063        0.316637
          0.142450        0.036063        0.424864
          0.124696       -0.686734        0.662492
          0.070788       -1.070481        0.902088
          0.066064       -1.240573        0.979707
          0.007415       -1.249240        0.932724
         -0.120614       -0.994586        0.907857
         -0.200817       -0.485115        0.877299
         -0.149648        0.063927        0.661876
         -0.020053        0.386592        0.254441
          0.080340        0.315231       -0.111837
          0.143865       -0.109835       -0.307831
          0.246158       -0.569578       -0.492987
          0.351507       -0.666951       -0.787370
          0.303675       -0.349221       -0.948773
          0.098651        0.004142       -0.625071
         -0.054339        0.049129        0.136553
         -0.069660       -0.107207        0.840419
         -0.097119       -0.100811        1.016261
         -0.140167        0.204448        0.643068
          0.047939        0.579805        0.116605
          0.438816        0.718225       -0.142742
          0.556113        0.554706       -0.076650
          0.178795        0.313609       -0.006672
         -0.247149        0.256044       -0.217468
         -0.298401        0.377871       -0.557233
         -0.197616        0.415661       -0.617835
         -0.306990        0.181134       -0.347879
         -0.462462       -0.191557       -0.223471
         -0.306693       -0.378275       -0.558718
          0.068669       -0.189832       -0.870062
          0.286213        0.227964       -0.433153
          0.258062        0.457945        0.557923
          0.196208        0.175113        1.047138
          0.196347       -0.418315        0.516113
          0.180675       -0.693241       -0.364778
          0.181523       -0.369298       -0.788418
          0.301594        0.030626       -0.797621
          0.384641       -0.118029       -0.799027
          0.135161       -0.582704       -0.759752
         -0.344257       -0.536212       -0.442700
         -0.557625        0.263195        0.011265
         -0.307738        1.073417        0.276712
          0.024267        1.085874        0.359646
          0.064457        0.364526        0.465046
         -0.089656       -0.341031        0.525795
         -0.196192       -0.470991        0.324409
         -0.274522       -0.090436        0.012092
         -0.405226        0.394553        0.033580
         -0.432614        0.636140        0.481137
         -0.198640        0.482696        0.934055
          0.121952        0.031590        1.023475
          0.252343       -0.371042        0.773791
          0.256560       -0.417366        0.338430
          0.403039       -0.213221       -0.139605
          0.639759       -0.165320       -0.346219
          0.591624       -0.418478       -0.047632
          0.141648       -0.628322        0.342366
         -0.336892       -0.424708        0.070938
         -0.464445        0.089115       -0.863011
         -0.296751        0.474268       -1.550537
         -0.132564        0.477664       -1.378208
         -0.101694        0.247773       -0.774683
         -0.124811        0.074957       -0.387888
         -0.127751        0.052678       -0.104368
         -0.086709        0.016975        0.555934
          0.046251       -0.235910        1.449534
          0.244959       -0.683528        1.875497
          0.312617       -1.015601        1.555094
          0.114926       -0.887944        0.967988
         -0.169001       -0.297980        0.594514
         -0.261131        0.349931        0.304391
         -0.154131        0.660007       -0.251785
         -0.043184        0.668845       -1.026444
          0.002373        0.695330       -1.660394
          0.077882        0.831495       -1.892009
          0.222820        0.839682       -1.630399
          0.346622        0.557404       -0.937939
          0.372709        0.109277       -0.156515
          0.332650       -0.341747        0.281843
          0.265784       -0.752261        0.326765
          0.123749       -1.005028        0.282046
         -0.102523       -0.853657        0.301933
         -0.249353       -0.252341        0.285413
         -0.175921        0.426758        0.208666
         -0.036117        0.686646        0.168840
         -0.115501        0.381494        0.160910
         -0.415104       -0.173129        0.132353
         -0.624358       -0.530948        0.155437
         -0.515887       -0.496019        0.275445
         -0.177054       -0.201312        0.327760
          0.165164        0.095984        0.173680
          0.377756        0.251140       -0.016698
          0.440289        0.312335       -0.010521
          0.376776        0.403421        0.057060
          0.238674        0.509000       -0.160784
          0.062704        0.415173       -0.654773
         -0.174736       -0.030371       -1.001218
         -0.443337       -0.614218       -0.908027
         -0.541750       -0.874562       -0.482029
         -0.319156       -0.587662        0.069910
          0.026114       -0.024068        0.629116
          0.167010        0.338739        1.018149
          0.121376        0.262028        1.077272
          0.154913       -0.121093        0.980369
          0.278138       -0.473106        1.080007
          0.259394       -0.491864        1.312427
          0.109134       -0.119403        1.165419
          0.114381        0.406316        0.437267
          0.342417        0.762830       -0.374382
          0.477042        0.799187       -0.710820
          0.254013        0.574343       -0.610560
         -0.187138        0.292978       -0.436392
         -0.486467        0.229215       -0.300502
         -0.449835        0.458899       -0.103698
         -0.193165        0.640684        0.110196
         -0.002137        0.401569        0.163214
         -0.062339       -0.073019       -0.010495
         -0.253170       -0.280635       -0.327407
         -0.263043       -0.199242       -0.686995
          0.003684       -0.293934       -0.992897
          0.262850       -0.722845       -1.089902
          0.231867       -1.113440       -0.863333
          0.005359       -1.180002       -0.454356
         -0.145713       -1.027816       -0.200351
         -0.170362       -0.780656       -0.245727
         -0.184722       -0.388170       -0.373969
         -0.174473        0.113037       -0.330687
         -0.030060        0.530658       -0.095930
          0.212072        0.770789        0.267679
          0.418816        0.865594        0.731299
          0.569743        0.751552        1.104450
          0.675922        0.336125        1.055760
          0.598246       -0.182764        0.550849
          0.222555       -0.387185       -0.002752
         -0.264965       -0.157618       -0.244954
         -0.527462        0.133782       -0.235628
         -0.455062        0.129231       -0.165329
         -0.245684       -0.007807       -0.024526
         -0.176932        0.159964        0.183837
         -0.354495        0.662144        0.260821
         -0.597544        0.966895        0.182161
         -0.590162        0.615620        0.283933
         -0.253167       -0.183017        0.687989
          0.106212       -0.795278        0.941889
          0.154083       -0.887614        0.675435
         -0.039816       -0.669444        0.208787
         -0.098785       -0.481830        0.007533
          0.169966       -0.432132       -0.088326
          0.542934       -0.435571       -0.513984
          0.661059       -0.343405       -1.135922
          0.425629       -0.007741       -1.388187
          0.067190        0.521043       -1.126266
         -0.104261        0.858192       -0.732567
          0.012058        0.651006       -0.386913
          0.202188        0.124821        0.157568
          0.143930       -0.070749        0.921434
         -0.186597        0.312059        1.345795
         -0.417291        0.752830        0.928960
         -0.251647        0.627931       -0.059673
          0.125474        0.004808       -0.852236
          0.336565       -0.493485       -1.054275
          0.299068       -0.481540       -0.903452
          0.168930       -0.173588       -0.698570
          0.036340        0.027477       -0.398654
         -0.050364        0.008346        0.064592
          0.002419       -0.085274        0.454739
          0.137237       -0.116849        0.487236
          0.079917       -0.038013        0.213605
         -0.300417        0.126568       -0.059501
         -0.726124        0.229545       -0.105149
         -0.783374        0.098328        0.097060
         -0.387342       -0.191882        0.446137
          0.120040       -0.322325        0.794148
          0.343634       -0.156153        0.975901
          0.265504        0.008488        0.893522
          0.181913       -0.181126        0.626845
          0.201821       -0.577246        0.370608
          0.094087       -0.621605        0.180393
         -0.218718       -0.087297       -0.106885
         -0.376487        0.515421       -0.575775
         -0.083810        0.544090       -0.981991
          0.403042        0.075822       -0.975760
          0.607071       -0.205811       -0.529575
          0.428746        0.085807       -0.017953
          0.146584        0.617625        0.159212
         -0.013446        0.833517       -0.003873
         -0.073722        0.550302       -0.173743
         -0.141525       -0.018823       -0.171040
         -0.235629       -0.575567       -0.169408
         -0.320157       -0.914907       -0.267159
         -0.400640       -0.938159       -0.208058
         -0.462795       -0.689936        0.183772
         -0.390404       -0.376062        0.605261
         -0.140402       -0.191263        0.657133
          0.074808       -0.098370        0.419192
          0.054065        0.090897        0.327842
         -0.026475        0.401197        0.545509
          0.140508        0.631202        0.692021
          0.456187        0.639914        0.322847
          0.514517        0.494946       -0.411693
          0.209654        0.283704       -0.854382
         -0.114086        0.015555       -0.684263
         -0.130548       -0.194006       -0.317886
          0.121716       -0.107369       -0.215417
          0.383779        0.279702       -0.185285
          0.483930        0.561817        0.199164
          0.450679        0.334150        0.802925
          0.383713       -0.302321        1.040333
          0.269405       -0.830260        0.642251
         -0.002573       -0.874488       -0.085406
         -0.407449       -0.518478       -0.706823
         -0.678150       -0.083260       -1.019690
         -0.567126        0.237049       -0.975984
         -0.186281        0.446263       -0.604961
          0.077635        0.564718       -0.159298
          0.028766        0.531307        0.000241
         -0.124130        0.325865       -0.104962
         -0.109741        0.082504       -0.041705
          0.033563       -0.023931        0.323155
          0.081289        0.044740        0.530289
         -0.034854        0.202518        0.278697
         -0.180661        0.344330       -0.046324
         -0.221844        0.362132       -0.006787
         -0.160563        0.184108        0.232570
         -0.121651       -0.115697        0.301620
         -0.199702       -0.386890        0.194321
         -0.274948       -0.616524        0.049275
         -0.127706       -0.861884       -0.183133
          0.175438       -0.961288       -0.487687
          0.279969       -0.626723       -0.587453
          0.091338        0.095242       -0.320483
         -0.024268        0.752138        0.073310
          0.168304        0.964425        0.257842
          0.360148        0.738690        0.165361
          0.200314        0.298298       -0.058822
         -0.135323       -0.138627       -0.245393
         -0.242067       -0.419492       -0.233907
         -0.077306       -0.515282        0.070595
          0.105580       -0.504374        0.520331
          0.191982       -0.410800        0.736328
          0.222040       -0.199601        0.493591
          0.148949        0.016935        0.049749
         -0.061797        0.023604       -0.135476
         -0.216077       -0.144300       -0.004497
         -0.119868       -0.150935        0.069296
          0.074442        0.196724       -0.101631
          0.094171        0.650412       -0.249463
          0.010257        0.787206       -0.132350
          0.079418        0.452197        0.085714
          0.218967       -0.118638        0.138600
          0.107856       -0.517237        0.046756
         -0.218942       -0.499112       -0.020982
         -0.355823       -0.186921       -0.070896
         -0.130378        0.083719       -0.223055
          0.199924        0.151385       -0.409639
          0.367107        0.142700       -0.399225
          0.333755        0.180515       -0.175112
          0.139117        0.209701       -0.033428
         -0.137054        0.192241       -0.147271
         -0.286941        0.205760       -0.273826
         -0.165728        0.215087       -0.115194
          0.070725        0.002892        0.254425
          0.151082       -0.496655        0.557989
          0.008248       -0.988694        0.682939
         -0.242173       -1.117670        0.634731
         -0.448946       -0.852643        0.354740
         -0.438977       -0.440744       -0.124861
         -0.142704       -0.081817       -0.485017
          0.218954        0.231882       -0.366215
          0.343571        0.608592        0.179241
          0.245967        1.037473        0.664595
          0.171608        1.247180        0.681967
          0.185042        0.891470        0.321180
          0.139629        0.024892       -0.056908
         -0.025126       -0.750643       -0.324091
         -0.207705       -0.861680       -0.572330
         -0.299486       -0.381945       -0.685440
         -0.267225        0.164920       -0.384860
         -0.150449        0.473259        0.189798
         -0.043405        0.615630        0.422334
         -0.028613        0.667008        0.017183
         -0.110318        0.560153       -0.532035
         -0.209942        0.308178       -0.600713
         -0.197534        0.051986       -0.221969
          0.017749       -0.127244        0.148706
          0.341199       -0.209733        0.343223
          0.499686       -0.131804        0.513751
          0.332370        0.050960        0.662684
          0.034813        0.020683        0.585638
         -0.061658       -0.431790        0.221469
          0.064433       -0.973793       -0.259949
          0.131706       -1.041925       -0.683256
          0.023813       -0.571194       -0.953796
         -0.056976       -0.071274       -0.976464
          0.007776        0.070392       -0.719990
          0.047207        0.062701       -0.372010
         -0.036411        0.332778       -0.231413
         -0.046337        0.841094       -0.354903
          0.154680        1.026856       -0.434786
          0.366631        0.507294       -0.162819
          0.334166       -0.361963        0.343907
          0.080200       -0.838569        0.654415
         -0.181268       -0.610365        0.582689
         -0.280532       -0.026209        0.441778
         -0.168165        0.410380        0.614895
          0.068849        0.504121        1.026709
          0.209974        0.355349        1.235521
          0.064235        0.149110        0.974167
         -0.307703        0.007658        0.413433
         -0.621419       -0.066366       -0.077673
         -0.653909       -0.107433       -0.288248
         -0.429275       -0.064323       -0.303631
         -0.108053        0.100320       -0.376340
          0.189562        0.209394       -0.633884
          0.384199        0.005951       -0.900873
          0.386686       -0.465270       -0.888037
          0.185477       -0.822018       -0.551534
         -0.063693       -0.755750       -0.149300
         -0.159051       -0.330064        0.079401
         -0.069731        0.149806        0.175668
          0.047434        0.417112        0.332586
          0.063495        0.382838        0.571502
          0.029658        0.149448        0.667498
          0.061508       -0.055431        0.444161
          0.142715       -0.047002        0.047660
          0.145317        0.145993       -0.205760
          0.032367        0.295475       -0.222138
         -0.062138        0.211794       -0.194322
         -0.010762       -0.019286       -0.257260
          0.114253       -0.114593       -0.294288
          0.131357        0.037698       -0.178836
          0.019074        0.204912       -0.000537
         -0.044120        0.125761        0.095635
          0.042250       -0.118002        0.134983
          0.119510       -0.210443        0.226924
         -0.017170       -0.013688        0.354463
         -0.303413        0.264427        0.372313
         -0.454117        0.299009        0.188909
         -0.326893        0.004877       -0.099679
         -0.085550       -0.332758       -0.284538
          0.057050       -0.357636       -0.287559
          0.104293       -0.098365       -0.270631
          0.173260        0.043957       -0.375076
          0.268143       -0.155873       -0.428768
          0.300099       -0.427686       -0.159566
          0.237831       -0.375074        0.325565
          0.120301        0.037588        0.593153
         -0.004216        0.517239        0.451956
         -0.073014        0.771786        0.145115
         -0.039306        0.668660       -0.075143
          0.017334        0.259621       -0.228179
         -0.068461       -0.200175       -0.378227
         -0.296154       -0.413300       -0.429650
         -0.422951       -0.335543       -0.273806
         -0.274245       -0.183841        0.044633
          0.006146       -0.122466        0.384175
          0.165644       -0.123335        0.604697
          0.151203       -0.137998        0.586758
          0.058907       -0.175538        0.291195
         -0.037702       -0.190498       -0.141441
         -0.056968       -0.112493       -0.445800
          0.077148        0.010262       -0.450761
          0.253859        0.092939       -0.203559
          0.252645        0.179059        0.114886
          0.093003        0.298012        0.310657
          0.007833        0.278786        0.249944
          0.025666        0.017850       -0.023721
         -0.045124       -0.202801       -0.240207
         -0.195347       -0.069148       -0.157445
         -0.202685        0.205282        0.105560
         -0.055953        0.140826        0.192669
          0.022236       -0.248103       -0.002501
         -0.027457       -0.436632       -0.218381
         -0.059602       -0.139830       -0.241410
         -0.046963        0.346093       -0.168279
         -0.088529        0.587220       -0.182654
         -0.129509        0.447989       -0.311621
         -0.017668        0.064199       -0.441600
          0.176680       -0.321410       -0.387692
          0.231110       -0.483973       -0.016479
          0.160860       -0.408275        0.507776
          0.204784       -0.325451        0.762670
          0.400079       -0.382371        0.583519
          0.486396       -0.392783        0.322215
          0.280881       -0.120537        0.304787
         -0.098958        0.327374        0.286697
         -0.411605        0.618419       -0.122801
         -0.506150        0.612668       -0.679851
         -0.375923        0.466514       -0.729843
         -0.152054        0.367736       -0.214864
         -0.028109        0.330828        0.150399
         -0.080229        0.263256       -0.119472
         -0.176293        0.109896       -0.634591
         -0.138266       -0.116444       -0.739759
          0.033153       -0.338272       -0.360505
          0.174578       -0.381826        0.052425
          0.178407       -0.101453        0.188509
          0.107720        0.333762        0.196885
          0.094720        0.468216        0.352103
          0.186154        0.087011        0.611845
          0.282035       -0.447109        0.687055
          0.217497       -0.622937        0.489512
         -0.039136       -0.410274        0.278257
         -0.299612       -0.207639        0.311697
         -0.377301       -0.259565        0.519309
         -0.330500       -0.385761        0.586310
         -0.318820       -0.275295        0.297819
         -0.312796        0.133361       -0.222634
         -0.175953        0.575821       -0.626753
          0.051018        0.684176       -0.716829
          0.197403        0.347127       -0.625147
          0.223691       -0.093248       -0.548581
          0.218724       -0.146361       -0.459589
          0.217368        0.216783       -0.239029
          0.203711        0.453987        0.051159
          0.198705        0.157132        0.233770
          0.188477       -0.351475        0.266248
          0.081130       -0.469903        0.256727
         -0.109207       -0.187970        0.294425
         -0.171158       -0.039898        0.365878
          0.005165       -0.249003        0.363642
          0.166208       -0.437764        0.151349
          0.012658       -0.269284       -0.245791
         -0.312131        0.079902       -0.538973
         -0.393202        0.247948       -0.478136
         -0.151339        0.146827       -0.220418
          0.100089       -0.056405       -0.122669
          0.184015       -0.163974       -0.212674
          0.236721       -0.058416       -0.201021
          0.321672        0.202912        0.013689
          0.267544        0.373439        0.218147
          0.008362        0.285233        0.260886
         -0.234447        0.092246        0.217869
         -0.264075        0.038417        0.181838
         -0.177267        0.067558        0.167380
         -0.164970       -0.064407        0.193191
         -0.202184       -0.334096        0.239371
         -0.119707       -0.414073        0.219084
          0.082736       -0.151552        0.169201
          0.193848        0.170430        0.290278
          0.093551        0.195752        0.605846
         -0.078887       -0.039362        0.796616
         -0.145482       -0.187965        0.600409
         -0.110215       -0.068697        0.181592
         -0.051687        0.148021       -0.139697
          0.025374        0.245865       -0.343551
          0.112399        0.233041       -0.597672
          0.146510        0.192475       -0.821135
          0.126839        0.058743       -0.745560
          0.110493       -0.246610       -0.419857
          0.074999       -0.561830       -0.251239
         -0.021459       -0.591300       -0.393366
         -0.082759       -0.257536       -0.467206
          0.010789        0.200266       -0.148064
          0.193214        0.478820        0.307619
          0.294038        0.467553        0.458800
          0.236905        0.274939        0.302742
          0.045570        0.090409        0.116215
         -0.200246        0.036819       -0.052366
         -0.339687        0.110952       -0.300548
         -0.247654        0.213281       -0.500420
         -0.034996        0.218304       -0.457381
          0.057038        0.084834       -0.303141
         -0.009002       -0.050456       -0.326230
         -0.035951        0.001908       -0.492370
          0.089555        0.182864       -0.475518
          0.258423        0.187771       -0.126358
          0.342589       -0.085715        0.347082
          0.318125       -0.322222        0.642682
          0.156409       -0.233819        0.644254
         -0.153760        0.006732        0.475332
         -0.426667        0.019971        0.370347
         -0.419611       -0.280917        0.442623
         -0.225357       -0.653410        0.534237
         -0.182375       -0.833660        0.382257
         -0.304957       -0.731054       -0.014196
         -0.221771       -0.436387       -0.310356
          0.165166       -0.120203       -0.214496
          0.427453        0.145225        0.126741
          0.265692        0.430119        0.305743
         -0.022329        0.736451        0.157459
         -0.043211        0.879059       -0.092361
          0.102710        0.739586       -0.161394
          0.087676        0.498663       -0.039403
         -0.077530        0.398847        0.038504
         -0.112931        0.392270       -0.125368
          0.052236        0.272807       -0.468610
          0.189293        0.068743       -0.753776
          0.121521        0.005153       -0.841744
         -0.057016        0.091776       -0.747116
         -0.148651        0.062731       -0.451469
         -0.109577       -0.203306        0.069392
         -0.067514       -0.485936        0.587771
         -0.124712       -0.560761        0.733331
         -0.219452       -0.482835        0.498261
         -0.209350       -0.399237        0.313211
         -0.051059       -0.314705        0.444074
          0.150580       -0.198698        0.617624
          0.262374       -0.115531        0.474520
          0.242951       -0.089978        0.136149
          0.138154       -0.029080        0.020978
          0.020083        0.085100        0.223167
         -0.032594        0.109629        0.377520
          0.038808       -0.029472        0.173487
          0.190001       -0.201279       -0.219320
          0.262750       -0.269740       -0.389665
          0.151697       -0.261010       -0.256806
         -0.040158       -0.246250       -0.181009
         -0.114833       -0.209623       -0.424763
         -0.042552       -0.105693       -0.720947
         -0.003688        0.061017       -0.616198
         -0.147011        0.254598       -0.116870
         -0.392894        0.433964        0.327980
         -0.516761        0.543408        0.462538
         -0.388102        0.515007        0.487101
         -0.095073        0.311984        0.596440
          0.155511        0.011953        0.611302
          0.222840       -0.176833        0.313022
          0.108299       -0.104630       -0.107432
         -0.081243        0.107287       -0.267215
         -0.188212        0.200261       -0.148686
         -0.096674        0.128375       -0.110229
          0.134323        0.076067       -0.348593
          0.282450        0.119536       -0.649593
          0.207601        0.111980       -0.741789
          0.040924       -0.046192       -0.634920
          0.014687       -0.248379       -0.474074
          0.134020       -0.359017       -0.271203
          0.169463       -0.370027        0.037879
          0.007890       -0.330769        0.402534
         -0.155623       -0.260631        0.675495
         -0.097273       -0.155219        0.739871
          0.099214        0.010174        0.559701
          0.179769        0.248281        0.222628
          0.110135        0.452066       -0.062597
          0.081934        0.415463       -0.169387
          0.151608        0.094919       -0.226710
          0.152304       -0.229307       -0.410596
          0.012658       -0.217711       -0.625031
         -0.108861        0.124693       -0.600715
         -0.102473        0.445762       -0.257612
         -0.070107        0.450841        0.223090
         -0.094267        0.200912        0.618069
         -0.085487       -0.019022        0.774415
          0.005301       -0.045233        0.612302
          0.060215        0.017838        0.235453
          0.015388       -0.027383       -0.050198
         -0.036375       -0.225197       -0.052960
         -0.071341       -0.436644        0.059881
         -0.183146       -0.524208        0.047265
         -0.321464       -0.504853       -0.032616
         -0.293340       -0.486875       -0.005138
         -0.097514       -0.489535        0.061969
          0.049581       -0.409756        0.025551
          0.070344       -0.189458       -0.001566
          0.110503        0.079645        0.132300
          0.228708        0.279442        0.245708
          0.289842        0.403878        0.058185
          0.226098        0.492547       -0.351047
          0.146235        0.512690       -0.667263
          0.109945        0.417991       -0.767357
          0.024450        0.270534       -0.715124
         -0.143423        0.193248       -0.529498
         -0.259483        0.225073       -0.262057
         -0.226250        0.304219       -0.081251
         -0.106269        0.355915        0.008352
          0.040502        0.316998        0.256134
          0.223116        0.137970        0.677007
          0.339675       -0.122778        0.808358
          0.208240       -0.264341        0.339586
         -0.094977       -0.152915       -0.319443
         -0.225997        0.066850       -0.536614
         -0.054581        0.141921       -0.280619
          0.138807        0.080824       -0.002321
          0.089797        0.135397        0.091381
         -0.115966        0.350522        0.171328
         -0.254186        0.375190        0.332205
         -0.238418       -0.072783        0.443808
         -0.105871       -0.706269        0.396893
          0.041559       -0.929338        0.201112
          0.056895       -0.595912       -0.060013
         -0.097119       -0.208895       -0.193838
         -0.238484       -0.237793       -0.044143
         -0.171998       -0.506675        0.178565
          0.054510       -0.504461        0.044267
          0.233047       -0.118049       -0.443504
          0.260825        0.261265       -0.730032
          0.201799        0.301576       -0.465613
          0.145635        0.101566        0.013082
          0.125767       -0.035324        0.220993
          0.146652        0.023725        0.181303
          0.178634        0.163717        0.231059
          0.138734        0.194115        0.449515
         -0.009468        0.043174        0.610162
         -0.152725       -0.169686        0.538315
         -0.163580       -0.246005        0.250440
         -0.124889       -0.103087       -0.143817
         -0.235298        0.168031       -0.470523
         -0.465515        0.419717       -0.533201
         -0.520224        0.557417       -0.305906
         -0.240133        0.543039       -0.004559
          0.138084        0.372634        0.148951
          0.265563        0.084873        0.139071
          0.104666       -0.246116        0.068064
         -0.072285       -0.550082       -0.004061
         -0.036545       -0.762097       -0.052629
          0.169499       -0.771695       -0.048492
          0.335595       -0.454939        0.004362
          0.315927        0.140468        0.077050
          0.132664        0.688590        0.168788
         -0.084870        0.821080        0.261639
         -0.199459        0.514585        0.267208
         -0.149172        0.134900        0.138419
         -0.020481        0.031815       -0.018296
          0.006350        0.165207       -0.064544
         -0.113510        0.211530       -0.014772
         -0.194202       -0.013638       -0.000199
         -0.078383       -0.364419       -0.088069
          0.130314       -0.592569       -0.197059
          0.243773       -0.607630       -0.179222
          0.244668       -0.454701        0.001075
          0.211784       -0.204411        0.176617
          0.161737        0.033955        0.164538
          0.095816        0.138409        0.025314
          0.038295        0.111042       -0.046556
         -0.038557        0.069464       -0.061492
         -0.165668        0.061804       -0.196920
         -0.265005        0.036441       -0.423231
         -0.243173        0.012066       -0.481866
         -0.121792        0.093991       -0.282859
          0.046440        0.274753       -0.027040
          0.238979        0.389512        0.125973
          0.352889        0.337650        0.227676
          0.253904        0.208205        0.312338
          0.007014        0.108994        0.278734
         -0.176099       -0.006841        0.099403
         -0.237982       -0.225140       -0.087428
         -0.278734       -0.444700       -0.188623
         -0.292180       -0.428232       -0.266018
         -0.165384       -0.126369       -0.368798
          0.079327        0.191452       -0.414486
          0.269711        0.259848       -0.297860
          0.304741        0.166929       -0.036086
          0.228811        0.193356        0.226343
          0.103451        0.365272        0.337311
         -0.055210        0.415073        0.244040
         -0.208553        0.212667       -0.025630
         -0.285486       -0.016673       -0.399365
         -0.271522       -0.022560       -0.685328
         -0.218699        0.115742       -0.611848
         -0.141060        0.127513       -0.153580
          0.006023       -0.070755        0.313101
          0.204757       -0.291534        0.436662
          0.327929       -0.318268        0.352234
          0.280352       -0.122842        0.432921
          0.127101        0.112137        0.687931
          0.011667        0.129488        0.749274
         -0.012945       -0.152442        0.439092
         -0.003448       -0.481936        0.015089
         -0.018823       -0.503880       -0.224678
         -0.070968       -0.187582       -0.300734
         -0.134121        0.145074       -0.372996
         -0.125928        0.237249       -0.411881
          0.040260        0.122364       -0.254008
          0.289228       -0.081557        0.092672
          0.380027       -0.322845        0.381563
          0.193861       -0.494309        0.394624
         -0.083091       -0.431089        0.191511
         -0.196393       -0.148894        0.035069
         -0.132903        0.108410        0.066993
         -0.058670        0.161559        0.122206
         -0.057666        0.105420       -0.030182
         -0.085266        0.157992       -0.305813
         -0.103214        0.383117       -0.377055
         -0.109831        0.602541       -0.142604
         -0.075521        0.563427        0.146582
          0.024566        0.216677        0.292711
          0.129986       -0.184045        0.368597
          0.148655       -0.352054        0.419649
          0.078811       -0.316006        0.282776
         -0.009702       -0.335975       -0.105401
         -0.088237       -0.468356       -0.484431
         -0.161625       -0.454538       -0.568706
         -0.184108       -0.143142       -0.392122
         -0.111422        0.218604       -0.181074
         -0.010969        0.312783       -0.044391
          0.014419        0.193061        0.037338
         -0.011267        0.157408        0.060612
          0.013683        0.290805        0.035408
          0.083610        0.393494        0.067538
          0.088144        0.312823        0.211341
         -0.009495        0.100897        0.322486
         -0.112264       -0.138930        0.242188
         -0.114699       -0.333004        0.046948
         -0.021057       -0.365504       -0.071980
          0.075585       -0.149017       -0.080832
          0.110485        0.190992       -0.049307
          0.107033        0.375838        0.045579
          0.091993        0.271885        0.200239
          0.025481        0.020585        0.201646
         -0.097581       -0.148656       -0.124868
         -0.164715       -0.145124       -0.578298
         -0.081989       -0.041052       -0.783437
          0.084284        0.061823       -0.643152
          0.196444        0.143252       -0.349607
          0.198891        0.230658       -0.081384
          0.120819        0.286085        0.070141
          0.010592        0.219415        0.034837
         -0.071059        0.051280       -0.116328
         -0.057632       -0.049968       -0.124848
          0.044612        0.009855        0.139051
          0.111727        0.083557        0.442377
          0.033807       -0.039244        0.503433
         -0.114001       -0.345453        0.399981
         -0.167610       -0.614130        0.388642
         -0.134959       -0.678088        0.436974
         -0.158394       -0.540958        0.281840
         -0.209944       -0.268397       -0.079730
         -0.087514        0.066927       -0.314912
          0.230896        0.318271       -0.222116
          0.473888        0.326956        0.026491
          0.391920        0.124107        0.187186
          0.029967       -0.069726        0.233485
         -0.331313       -0.108478        0.241642
         -0.417218       -0.050831        0.198034
         -0.198043        0.019015        0.059061
          0.063481        0.127901       -0.124485
          0.110048        0.270340       -0.261149
          0.026915        0.293389       -0.307020
          0.082801        0.096297       -0.227490
          0.254467       -0.151067       -0.007191
          0.225853       -0.180966        0.221491
         -0.078041        0.012375        0.250733
         -0.319803        0.166157        0.104544
         -0.259279        0.114146        0.042299
         -0.077224       -0.008806        0.135486
          0.004760        0.007711        0.112183
          0.068789        0.141755       -0.216935
          0.213744        0.175518       -0.617259
          0.259579        0.019812       -0.695294
          0.053030       -0.125847       -0.378074
         -0.193075       -0.040869        0.003974
         -0.197909        0.172462        0.100477
         -0.056443        0.208234       -0.058379
         -0.053514       -0.005972       -0.143920
         -0.170628       -0.238080       -0.015820
         -0.127370       -0.328642        0.086568
          0.124852       -0.353571       -0.043586
          0.293094       -0.362530       -0.230096
          0.199893       -0.260966       -0.189234
          0.041953       -0.054413        0.053152
          0.024682        0.067341        0.244603
          0.024589        0.026145        0.248464
         -0.118788        0.007460        0.133624
         -0.231191        0.166408        0.062807
         -0.077067        0.367551        0.187527
          0.190600        0.386742        0.496997
          0.235678        0.231688        0.729277
          0.050527        0.074005        0.609202
         -0.100866       -0.044526        0.187108
         -0.123488       -0.224731       -0.225316
         -0.130952       -0.441172       -0.425051
         -0.151366       -0.462848       -0.457902
         -0.099993       -0.135131       -0.441514
          0.025382        0.364659       -0.413453
          0.139383        0.668615       -0.342566
          0.193088        0.594434       -0.203607
          0.187251        0.299902       -0.041035
          0.143906        0.069328        0.056675
          0.097725        0.033665        0.081515
          0.039150        0.120789        0.129316
         -0.079504        0.184594        0.234678
         -0.214886        0.117700        0.286468
         -0.236481       -0.091177        0.191274
         -0.120065       -0.327778        0.022918
          0.013825       -0.426605       -0.076976
          0.082373       -0.351000       -0.077945
          0.100361       -0.253268       -0.056750
          0.064962       -0.281794       -0.032061
         -0.045567       -0.379807        0.106516
         -0.160721       -0.359281        0.410821
         -0.163149       -0.144896        0.656840
         -0.058276        0.127297        0.512948
          0.030692        0.256999       -0.009125
          0.049072        0.193424       -0.484324
          0.059386        0.081961       -0.580806
          0.087223        0.084688       -0.432560
          0.073956        0.185597       -0.353284
          0.018639        0.243159       -0.382304
          0.009710        0.211560       -0.326740
          0.077782        0.176245       -0.118744
          0.152019        0.155078        0.097562
          0.168686        0.046357        0.190254
          0.107507       -0.144618        0.168914
         -0.034949       -0.221059        0.094371
         -0.186797       -0.084294        0.004063
         -0.197589        0.063091       -0.061003
         -0.034706       -0.001844       -0.076548
          0.115183       -0.175531       -0.085695
          0.098078       -0.190734       -0.110680
          0.026028       -0.034954       -0.042336
          0.069790        0.042224        0.219154
          0.153695       -0.080942        0.532476
          0.093360       -0.222320        0.612526
         -0.079696       -0.158134        0.371964
         -0.179480        0.082360        0.011383
         -0.152935        0.267597       -0.225315
         -0.088394        0.253423       -0.251358
         -0.040974        0.131785       -0.124337
         -0.019506        0.076590        0.033906
         -0.034618        0.127173        0.118182
         -0.057905        0.178079        0.121552
         -0.052112        0.112663        0.117736
         -0.053274       -0.096409        0.149644
         -0.085204       -0.345297        0.196682
         -0.061267       -0.446544        0.239170
          0.067313       -0.309251        0.272730
          0.176146       -0.056943        0.273719
          0.143708        0.115932        0.207425
          0.038369        0.137844        0.049792
         -0.014481        0.035413       -0.192349
         -0.025440       -0.142811       -0.433003
         -0.069141       -0.266174       -0.545574
         -0.128028       -0.162006       -0.522860
         -0.137875        0.133109       -0.484735
         -0.118898        0.325769       -0.456350
         -0.138446        0.223458       -0.314388
         -0.178371       -0.010631       -0.042469
         -0.149588       -0.107548        0.167364
         -0.021496       -0.047125        0.185381
          0.146467        0.011913        0.124427
          0.268122        0.037004        0.126752
          0.270225        0.133577        0.149324
          0.148993        0.276153        0.113485
          0.024203        0.257038        0.124553
          0.015551       -0.002640        0.332614
          0.060828       -0.257825        0.622270
          0.024942       -0.218735        0.668148
         -0.040645        0.060150        0.351955
          0.031789        0.245308       -0.078334
          0.220205        0.151738       -0.365367
          0.302251       -0.057030       -0.554832
          0.151694       -0.114407       -0.795467
         -0.124371        0.031491       -1.011207
         -0.336012        0.191798       -0.989725
         -0.374253        0.159760       -0.701729
         -0.244994       -0.070445       -0.333340
         -0.044606       -0.283253       -0.033141
          0.096242       -0.258622        0.212183
          0.113722       -0.028382        0.448327
          0.068568        0.149332        0.645330
          0.067427        0.107999        0.764997
          0.132138       -0.038414        0.814543
          0.184373       -0.097044        0.763365
          0.147283       -0.067391        0.523056
          0.017864       -0.086576        0.109348
         -0.150069       -0.180421       -0.278042
         -0.283624       -0.211135       -0.447404
         -0.305029       -0.080344       -0.401534
         -0.165305        0.109345       -0.255539
          0.073638        0.172405       -0.098250
          0.218805        0.105433       -0.013363
          0.122977        0.107956       -0.067162
         -0.100493        0.259861       -0.183107
         -0.174469        0.331833       -0.200926
         -0.012784        0.106306       -0.109110
          0.166282       -0.236039       -0.016309
          0.147628       -0.314176        0.099196
         -0.000882       -0.070213        0.331827
         -0.063408        0.186265        0.545291
          0.010998        0.237914        0.457318
          0.076694        0.171123        0.080144
          0.041559        0.102145       -0.231511
         -0.007495       -0.009335       -0.261264
          0.029017       -0.172093       -0.194788
          0.098071       -0.234314       -0.292937
          0.079060       -0.088750       -0.522603
         -0.037841        0.142196       -0.644407
         -0.137588        0.246251       -0.508999
         -0.125395        0.164283       -0.150284
         -0.037895        0.020188        0.296838
          0.011935       -0.049273        0.669703
         -0.011366       -0.054455        0.839745
         -0.027767       -0.136956        0.775625
          0.010264       -0.370861        0.539000
          0.026936       -0.598634        0.225896
         -0.027235       -0.560119       -0.071858
         -0.040059       -0.217975       -0.282800
          0.093516        0.152261       -0.366711
          0.254135        0.279599       -0.310314
          0.247435        0.213163       -0.137264
          0.108818        0.188122        0.058506
          0.033544        0.243882        0.147179
          0.045863        0.189978        0.090656
         -0.010507       -0.025254       -0.006594
         -0.165638       -0.166238       -0.042067
         -0.255992       -0.065244       -0.061020
         -0.177945        0.100334       -0.150526
         -0.013516        0.089110       -0.237124
          0.100749       -0.034798       -0.172250
          0.101534       -0.060868       -0.005692
          0.021740       -0.008946        0.071531
         -0.048179       -0.058261        0.073847
         -0.066330       -0.187261        0.199968
         -0.093903       -0.181702        0.416368
         -0.168289        0.007919        0.428964
         -0.201515        0.173282        0.164362
         -0.122296        0.150791       -0.095206
         -0.010709        0.023433       -0.164632
          0.046838       -0.033851       -0.178895
          0.110414        0.025298       -0.252659
          0.238975        0.110810       -0.258679
          0.317289        0.134023       -0.089572
          0.201955        0.104744        0.114519
         -0.051672        0.100564        0.149985
         -0.252666        0.149415        0.015687
         -0.295349        0.170656       -0.122226
         -0.217814        0.072878       -0.159355
         -0.105605       -0.111702       -0.150339
         -0.013519       -0.251159       -0.182846
          0.047220       -0.264303       -0.228550
          0.082925       -0.187678       -0.182139
          0.092294       -0.100452       -0.031461
          0.078533       -0.050066        0.098406
          0.055374       -0.046688        0.101308
          0.017947       -0.049961        0.008350
         -0.040507        0.036529       -0.087815
         -0.078397        0.250966       -0.131812
         -0.055899        0.443503       -0.088455
         -0.013517        0.399110        0.056468
          0.007816        0.129169        0.221178
          0.064284       -0.109602        0.262346
          0.189879       -0.137784        0.144230
          0.269057       -0.033915       -0.010596
          0.184750        0.052399       -0.079636
          0.001736        0.082411       -0.071426
         -0.130478        0.064492       -0.059759
         -0.157301       -0.010008       -0.060442
         -0.111481       -0.100728       -0.032596
         -0.043722       -0.133654        0.043185
         -0.018734       -0.121812        0.149267
         -0.063104       -0.151488        0.266475
         -0.095762       -0.242164        0.369435
         -0.030052       -0.322769        0.399747
          0.063444       -0.329084        0.296784
          0.039221       -0.242816        0.081114
         -0.076471       -0.080288       -0.111155
         -0.084166        0.082772       -0.137451
          0.094289        0.137157       -0.023299
          0.270620        0.066080        0.043953
          0.235255       -0.011347       -0.053052
          0.033865        0.013717       -0.230964
         -0.114653        0.105209       -0.359111
         -0.102860        0.158988       -0.404641
         -0.027087        0.165564       -0.356946
         -0.020148        0.199328       -0.181865
         -0.075605        0.247823        0.045851
         -0.077352        0.175445        0.135147
          0.011469       -0.060601        0.030437
          0.070189       -0.257397       -0.076524
         -0.000186       -0.183028       -0.018193
         -0.104655        0.080199        0.106665
         -0.090123        0.183772        0.118073
          0.018982       -0.038869        0.045936
          0.078484       -0.322671        0.032128
          0.060089       -0.295722        0.048652
          0.066389        0.046729       -0.037268
          0.143002        0.360702       -0.176598
          0.212527        0.392971       -0.189034
          0.187697        0.208547       -0.083007
          0.062898       -0.006235       -0.051210
         -0.102729       -0.151567       -0.142204
         -0.233123       -0.188199       -0.206519
         -0.257372       -0.101844       -0.169741
         -0.143747        0.034540       -0.086739
          0.031778        0.099342        0.048828
          0.099491        0.069482        0.257561
         -0.018299        0.029444        0.393004
         -0.168218        0.029432        0.320114
         -0.140878        0.041048        0.197483
          0.049226        0.056417        0.255226
          0.205919        0.116277        0.387348
          0.227911        0.200594        0.310470
          0.171508        0.184107        0.039368
          0.079886       -0.021104       -0.150090
         -0.056804       -0.314746       -0.171914
         -0.181385       -0.472471       -0.197247
         -0.188282       -0.368867       -0.288916
         -0.077819       -0.103238       -0.289469
          0.042088        0.103077       -0.112441
          0.105808        0.116172        0.106511
          0.121866       -0.008650        0.209594
          0.081265       -0.114396        0.192167
         -0.029857       -0.099725        0.132135
         -0.144032        0.018620        0.071577
         -0.168546        0.161294        0.012638
         -0.108513        0.263904       -0.033405
         -0.024402        0.306230       -0.020777
          0.080193        0.292781        0.092310
          0.202322        0.220800        0.238863
          0.235868        0.078607        0.227509
          0.079253       -0.121452       -0.050720
         -0.182307       -0.321103       -0.428851
         -0.344182       -0.434313       -0.612921
         -0.322999       -0.388715       -0.509150
         -0.208755       -0.177979       -0.277176
         -0.090661        0.091640       -0.080140
          0.034437        0.236737        0.080624
          0.166383        0.152392        0.265647
          0.236307       -0.060449        0.442279
          0.185210       -0.187356        0.494672
          0.050714       -0.134970        0.366909
         -0.057884       -0.013922        0.154981
         -0.065436        0.025786        0.024175
         -0.010153       -0.027549        0.021217
          0.004827       -0.067749        0.002225
         -0.041289       -0.013942       -0.184782
         -0.041726        0.112108       -0.440913
          0.074282        0.230790       -0.461525
          0.199950        0.288256       -0.140262
          0.188031        0.276451        0.208290
          0.074047        0.186540        0.242427
          0.009999        0.004734        0.092061
          0.017756       -0.217923        0.139236
         -0.010441       -0.369128        0.362704
         -0.084949       -0.400593        0.325772
         -0.082310       -0.360594       -0.114692
          0.039364       -0.253604       -0.515675
          0.139866       -0.008247       -0.468065
          0.072336        0.329598       -0.167477
         -0.123465        0.534971       -0.074406
         -0.268916        0.466912       -0.240005
         -0.256303        0.258158       -0.322852
         -0.149336        0.112966       -0.161490
         -0.075839        0.044787        0.037513
         -0.073998       -0.049767        0.076033
         -0.067298       -0.174585        0.016401
          0.022825       -0.246529        0.023939
          0.156365       -0.251946        0.185607
          0.206847       -0.247045        0.476298
          0.139578       -0.230972        0.723842
          0.082936       -0.141554        0.680172
          0.141620        0.013718        0.304438
          0.215488        0.124945       -0.126040
          0.131200        0.120689       -0.340263
         -0.087881        0.062235       -0.367017
         -0.224120        0.039296       -0.358672
         -0.143678        0.049881       -0.309129
          0.048538        0.060322       -0.148831
          0.169575        0.097044        0.024724
          0.168927        0.174261        0.043831
          0.104807        0.214129       -0.052907
          0.004160        0.157332       -0.046677
         -0.128896        0.079858        0.126792
         -0.221088        0.085376        0.242510
         -0.189587        0.145690        0.107221
         -0.071423        0.150055       -0.118102
          0.027897        0.062776       -0.133447
          0.082835       -0.050293        0.025538
          0.126238       -0.122594        0.018119
          0.123879       -0.160044       -0.260654
          0.011478       -0.217095       -0.482410
         -0.159651       -0.313581       -0.369162
         -0.249892       -0.386449       -0.096186
         -0.210957       -0.348349        0.011178
         -0.119775       -0.186485       -0.031583
         -0.031071        0.028407        0.030430
          0.072835        0.208509        0.225893
          0.175921        0.287848        0.323302
          0.215534        0.244550        0.236749
          0.198185        0.137500        0.140475
          0.194433        0.062428        0.145480
          0.201703        0.025040        0.178338
          0.137813       -0.060426        0.226486
         -0.012186       -0.207272        0.359232
         -0.146721       -0.303756        0.448605
         -0.174325       -0.269060        0.249318
         -0.128570       -0.137675       -0.166401
         -0.111331        0.045658       -0.429478
         -0.141268        0.265356       -0.383844
         -0.137776        0.430537       -0.206580
         -0.076461        0.402207       -0.019418
         -0.041317        0.191301        0.211892
         -0.063093       -0.024974        0.387140
         -0.049789       -0.145525        0.295723
          0.038890       -0.242889       -0.017057
          0.095996       -0.358429       -0.244349
          0.044487       -0.389402       -0.227783
         -0.011543       -0.277494       -0.110301
          0.077145       -0.128238       -0.054591
          0.271671       -0.029101       -0.043249
          0.350931        0.079425       -0.013471
          0.183094        0.234155       -0.012619
         -0.086842        0.317393       -0.122000
         -0.226723        0.227694       -0.303884
         -0.227824        0.057387       -0.418585
         -0.241644       -0.024763       -0.390889
         -0.260157        0.007353       -0.284034
         -0.126647        0.038954       -0.177001
          0.133875        0.002372       -0.050766
          0.282663       -0.035995        0.133097
          0.208872       -0.002958        0.311912
          0.052282        0.055969        0.372166
         -0.052285        0.062589        0.288826
         -0.124672        0.053268        0.149383
         -0.183165        0.119269        0.048453
         -0.133849        0.233124       -0.003235
          0.076629        0.266047       -0.050416
          0.298299        0.174965       -0.096368
          0.305175        0.051486       -0.093056
          0.083456       -0.028821       -0.040070
         -0.138993       -0.092703       -0.008842
         -0.190779       -0.169346       -0.022704
         -0.136533       -0.209102        0.000818
         -0.096752       -0.171387        0.117895
         -0.064581       -0.118246        0.239476
         -0.001980       -0.134533        0.234147
          0.042671       -0.195900        0.110753
          0.031357       -0.196209        0.002680
          0.034429       -0.089927       -0.017437
          0.122830        0.059917       -0.008630
          0.233454        0.176031       -0.042414
          0.236328        0.248832       -0.115823
          0.109417        0.301722       -0.200175
         -0.031157        0.322928       -0.270266
         -0.087460        0.276674       -0.265673
         -0.097151        0.163585       -0.136708
         -0.138710        0.034339        0.048704
         -0.183474       -0.055846        0.156856
         -0.150829       -0.097034        0.165050
         -0.065899       -0.134196        0.176924
         -0.019881       -0.222271        0.248074
         -0.004637       -0.361300        0.305770
          0.051171       -0.479095        0.266801
          0.107744       -0.480243        0.144628
          0.057281       -0.319198        0.013262
         -0.068608       -0.052038       -0.063242
         -0.117711        0.181052       -0.048133
         -0.051479        0.268865        0.052048
          0.012624        0.238505        0.169571
          0.012742        0.205676        0.227507
          0.024888        0.217881        0.215318
          0.088283        0.222628        0.164357
          0.111523        0.187179        0.065969
          0.029114        0.140452       -0.107615
         -0.081724        0.083848       -0.299665
         -0.117707       -0.018208       -0.383022
         -0.072216       -0.131478       -0.324915
          0.012980       -0.153865       -0.252566
          0.109534       -0.070708       -0.269695
          0.178234       -0.011120       -0.282169
          0.180386       -0.080947       -0.141307
          0.123699       -0.200560        0.079587
          0.024783       -0.199568        0.130403
         -0.119921       -0.060553       -0.061875
         -0.248409        0.037104       -0.249608
         -0.231664       -0.038466       -0.170113
         -0.063861       -0.181779        0.110907
          0.075854       -0.196605        0.283478
          0.058059       -0.059178        0.184700
         -0.035672        0.084048       -0.023246
         -0.069145        0.134668       -0.101288
         -0.026910        0.124006       -0.028186
          0.026334        0.096718        0.065583
          0.032983        0.050405        0.140597
         -0.033900       -0.002866        0.239737
         -0.128272       -0.033785        0.307173
         -0.135316       -0.062602        0.226552
         -0.011734       -0.129009        0.026496
          0.129413       -0.198753       -0.124525
          0.156164       -0.188968       -0.133061
          0.079717       -0.078582       -0.067958
          0.011415        0.076626       -0.035816
          0.015026        0.223674       -0.060396
          0.060570        0.345469       -0.091375
          0.089751        0.416979       -0.078725
          0.084133        0.382169       -0.023363
          0.070554        0.219155        0.025116
          0.063490        0.019117        0.001628
          0.017317       -0.075194       -0.129267
         -0.111131       -0.048789       -0.314763
         -0.242875       -0.045250       -0.406611
         -0.215715       -0.151321       -0.292685
         -0.007228       -0.255610       -0.050402
          0.181987       -0.224313        0.121234
          0.170799       -0.114546        0.141255
          0.029276       -0.079137        0.112555
         -0.052271       -0.131004        0.119633
         -0.036172       -0.138888        0.091694
         -0.040739       -0.026537       -0.049453
         -0.124663        0.131819       -0.206744
         -0.197703        0.212204       -0.190558
         -0.151624        0.175885        0.052431
         -0.007175        0.098986        0.376628
          0.103965        0.081978        0.581627
          0.093306        0.125596        0.565923
          0.022902        0.123959        0.375941
          0.028221        0.016663        0.157906
          0.138057       -0.098640        0.027256
          0.230194       -0.086351       -0.049314
          0.207109        0.023279       -0.184368
          0.141316        0.062887       -0.358444
          0.146673       -0.028550       -0.394451
          0.175913       -0.109227       -0.224017
          0.096909       -0.036792       -0.050795
         -0.073956        0.126269       -0.090661
         -0.182056        0.193967       -0.232001
         -0.162719        0.098453       -0.168677
         -0.105219       -0.034396        0.130999
         -0.084932       -0.058148        0.332082
         -0.070540        0.009492        0.212229
         -0.029409        0.030680       -0.000180
         -0.007376       -0.047552        0.023995
         -0.043755       -0.117445        0.208879
         -0.091872       -0.072475        0.214389
         -0.086521        0.026462       -0.009661
         -0.027427        0.024908       -0.151796
          0.045433       -0.101967       -0.042260
          0.096155       -0.186172        0.093805
          0.095833       -0.075369        0.004659
          0.047749        0.149994       -0.217828
          0.000041        0.252499       -0.307955
         -0.024309        0.118788       -0.204601
         -0.057011       -0.115145       -0.077554
         -0.091476       -0.232569       -0.054222
         -0.060095       -0.171209       -0.090252
          0.033306       -0.060807       -0.108914
          0.075888       -0.051178       -0.127105
          0.006559       -0.143442       -0.178855
         -0.091404       -0.212560       -0.198867
         -0.109800       -0.163076       -0.076491
         -0.041483       -0.009787        0.189456
          0.041117        0.167394        0.454450
          0.062042        0.273813        0.559333
         -0.007249        0.234308        0.470164
         -0.108892        0.074084        0.282411
         -0.132361       -0.054734        0.114182
         -0.050594       -0.029346        0.023484
          0.025490        0.079740        0.018556
          0.000256        0.101546        0.088998
         -0.061295       -0.008144        0.188051
         -0.028069       -0.146129        0.232380
          0.103306       -0.237963        0.176129
          0.195225       -0.299479        0.049400
          0.142295       -0.329401       -0.113575
         -0.000354       -0.279032       -0.307897
         -0.088310       -0.149965       -0.465942
         -0.061644       -0.007222       -0.448854
          0.011751        0.121168       -0.238431
          0.067225        0.249155       -0.030987
          0.111782        0.332300       -0.004723
          0.122962        0.291258       -0.083371
          0.028025        0.162163       -0.074800
         -0.130857        0.092641        0.032212
         -0.174493        0.137228        0.063785
         -0.039936        0.180513       -0.076328
          0.106711        0.130241       -0.263386
          0.115179        0.059023       -0.296394
          0.040396        0.056012       -0.133426
         -0.008443        0.059759        0.070096
         -0.035718       -0.021666        0.164724
         -0.074037       -0.117734        0.171033
         -0.079395       -0.094297        0.182729
         -0.018781        0.003959        0.198546
          0.037830       -0.005065        0.153826
          0.006693       -0.155179        0.048830
         -0.082322       -0.261850       -0.057313
         -0.117664       -0.181213       -0.131045
         -0.047246        0.009585       -0.167313
          0.057340        0.156714       -0.153657
          0.088234        0.223093       -0.090990
          0.038884        0.246770       -0.022205
          0.018402        0.213726        0.001160
          0.091805        0.091510       -0.023057
          0.152332       -0.067499       -0.039908
          0.061722       -0.167785        0.002063
         -0.107035       -0.191969        0.087631
         -0.140735       -0.190756        0.155567
         -0.017206       -0.169540        0.177504
          0.051631       -0.080015        0.173151
         -0.027254        0.063807        0.150280
         -0.074631        0.149495        0.097542
          0.042840        0.098298        0.048319
          0.179015       -0.017885        0.060835
          0.151910       -0.059163        0.091289
          0.014321        0.002608       -0.006822
         -0.082655        0.061434       -0.259937
         -0.117291        0.042202       -0.448359
         -0.135748        0.007920       -0.353878
         -0.112653        0.051731       -0.065908
         -0.009224        0.136187        0.144165
          0.128330        0.121955        0.200459
          0.214673       -0.045816        0.239443
          0.204456       -0.252006        0.277230
          0.103933       -0.335928        0.160292
         -0.027264       -0.244915       -0.099717
         -0.099918       -0.044086       -0.247296
         -0.092327        0.156604       -0.157188
         -0.082433        0.250484       -0.023641
         -0.116890        0.183125       -0.042231
         -0.129481        0.011547       -0.131045
         -0.069619       -0.123065       -0.108238
         -0.008864       -0.121229        0.034573
         -0.027330       -0.010978        0.165040
         -0.091212        0.092404        0.189500
         -0.118600        0.092019        0.106904
         -0.077525       -0.012262       -0.027536
          0.022200       -0.128826       -0.132401
          0.140168       -0.170019       -0.150232
          0.191186       -0.144396       -0.097928
          0.118438       -0.120612       -0.041497
         -0.005520       -0.110758       -0.021964
         -0.039395       -0.059710       -0.015841
          0.047839        0.042953        0.040959
          0.134497        0.129154        0.173561
          0.107996        0.159526        0.300745
         -0.003651        0.174727        0.295310
         -0.104818        0.197893        0.137190
         -0.161247        0.176949       -0.042952
         -0.184886        0.086457       -0.097537
         -0.153594        0.010760       -0.011189
         -0.037520        0.043944        0.090140
          0.123858        0.146896        0.076075
          0.242132        0.179083       -0.033828
          0.261297        0.060526       -0.086914
          0.180308       -0.145927        0.002343
          0.032661       -0.300572        0.136439
         -0.111878       -0.309250        0.175763
         -0.165748       -0.207986        0.119321
         -0.101385       -0.132472        0.066971
          0.004695       -0.154079        0.057234
          0.044685       -0.165988        0.026045
         -0.009873       -0.031174       -0.082861
         -0.091463        0.180728       -0.226230
         -0.121213        0.262141       -0.310897
         -0.082353        0.176954       -0.308644
         -0.004989        0.109545       -0.265759
          0.081817        0.162144       -0.202599
          0.147285        0.197751       -0.084354
          0.143768        0.061501        0.082314
          0.052547       -0.199808        0.207699
         -0.070963       -0.412074        0.224264
         -0.150842       -0.446634        0.166333
         -0.174058       -0.275838        0.097690
         -0.167100        0.027638        0.028695
         -0.117468        0.297842       -0.041801
         -0.002064        0.371809       -0.074446
          0.117768        0.237457       -0.054921
          0.131709        0.044195       -0.061173
          0.027775       -0.058216       -0.172432
         -0.083875       -0.045060       -0.323160
         -0.109576        0.028310       -0.349055
         -0.052029        0.111861       -0.210631
          0.050377        0.151549       -0.066457
          0.160555        0.080952       -0.046685
          0.203542       -0.087995       -0.057149
          0.111091       -0.220314        0.062499
         -0.047233       -0.196319        0.261770
         -0.094246       -0.061010        0.324896
          0.028154        0.045219        0.174457
          0.172694        0.068371       -0.023909
          0.192502        0.060363       -0.086650
          0.114939        0.045375       -0.020037
          0.038931       -0.012762        0.048292
         -0.018915       -0.096270        0.045789
         -0.085184       -0.105983       -0.015921
         -0.129150       -0.000292       -0.113509
         -0.098107        0.130134       -0.210001
         -0.017862        0.183085       -0.224903
          0.012489        0.164671       -0.115379
         -0.061981        0.138084        0.039450
         -0.170645        0.121692        0.137789
         -0.187081        0.089455        0.202324
         -0.078257        0.026898        0.310233
          0.054627       -0.048055        0.415766
          0.097085       -0.098674        0.392660
          0.049305       -0.105814        0.249258
          0.011017       -0.105878        0.151614
          0.053479       -0.155677        0.191134
          0.132366       -0.237698        0.240786
          0.143330       -0.256829        0.115650
          0.050056       -0.161315       -0.175498
         -0.074989       -0.010559       -0.420545
         -0.135394        0.105781       -0.452003
         -0.102661        0.168364       -0.333369
         -0.023008        0.218361       -0.244953
          0.030553        0.267333       -0.231557
          0.011250        0.245986       -0.164293
         -0.050095        0.077850        0.026286
         -0.049429       -0.185438        0.192198
          0.062353       -0.362887        0.157376
          0.165312       -0.328983       -0.003556
          0.103692       -0.149925       -0.054245
         -0.070231        0.012633        0.049067
         -0.145760        0.075524        0.108117
         -0.056242        0.071268        0.022584
          0.050162        0.084052       -0.057036
          0.061155        0.183872        0.000707
          0.033951        0.346037        0.110248
          0.043285        0.419836        0.149548
          0.060236        0.276212        0.141657
          0.028548       -0.001826        0.140921
         -0.047696       -0.188877        0.107130
         -0.118826       -0.189612        0.016918
         -0.134428       -0.122522       -0.029830
         -0.081309       -0.116691        0.055312
         -0.001603       -0.155841        0.186631
          0.049862       -0.169290        0.192479
          0.054706       -0.161724        0.032688
          0.011970       -0.171867       -0.160895
         -0.071092       -0.174288       -0.254383
         -0.131514       -0.116595       -0.251004
         -0.088457       -0.023133       -0.233285
          0.021103        0.032788       -0.216756
          0.060530        0.049763       -0.132904
          0.002262        0.088812        0.040670
         -0.017561        0.138777        0.206997
          0.084915        0.110260        0.245651
          0.212922       -0.004103        0.139859
          0.236600       -0.078783       -0.026520
          0.137524       -0.018763       -0.164401
         -0.024162        0.118276       -0.225614
         -0.158886        0.216019       -0.184586
         -0.169026        0.233378       -0.063098
         -0.049452        0.185073        0.029024
          0.059991        0.066015       -0.002642
          0.034860       -0.114513       -0.082699
         -0.068427       -0.261215       -0.061570
         -0.104212       -0.253964        0.038728
         -0.036549       -0.091384        0.066752
          0.045358        0.090012        0.019108
          0.066460        0.152967        0.042339
          0.035408        0.074493        0.150381
         -0.005841       -0.069879        0.179897
         -0.028364       -0.186728        0.061106
         -0.015988       -0.226138       -0.073397
          0.016766       -0.201688       -0.094634
          0.012456       -0.163575       -0.034036
         -0.057047       -0.143471        0.001420
         -0.125205       -0.125695       -0.046638
         -0.114580       -0.070190       -0.162545
         -0.051437        0.044040       -0.254332
         -0.010551        0.189838       -0.186539
          0.003500        0.294721        0.069392
          0.026997        0.294928        0.328682
          0.048784        0.215910        0.369912
          0.043601        0.168150        0.215526
          0.040420        0.208034        0.089789
          0.079546        0.239465        0.093132
          0.137942        0.140140        0.089807
          0.153028       -0.048924       -0.039962
          0.104552       -0.172317       -0.203625
          0.035021       -0.172824       -0.237773
         -0.013571       -0.131927       -0.133058
         -0.047672       -0.116021       -0.028008
         -0.081895       -0.108210       -0.033024
         -0.093234       -0.088553       -0.127334
         -0.067146       -0.068157       -0.215056
         -0.047985       -0.038068       -0.230065
         -0.077404        0.023989       -0.159339
         -0.115721        0.090795       -0.007806
         -0.088384        0.100622        0.183052
          0.010865        0.038235        0.302506
          0.112570       -0.044038        0.261902
          0.156026       -0.078734        0.127462
          0.145406       -0.037895        0.067448
          0.119412        0.039657        0.151108
          0.093951        0.079461        0.269766
          0.059144        0.068193        0.270309
          0.014305        0.078442        0.128858
         -0.034789        0.130264       -0.021956
         -0.098388        0.109731       -0.047056
         -0.167021       -0.053873        0.020665
         -0.172279       -0.220093        0.028213
         -0.065593       -0.210527       -0.073454
          0.071124       -0.075510       -0.167184
          0.094248       -0.009265       -0.170678
         -0.007983       -0.052392       -0.160641
         -0.093478       -0.056231       -0.214790
         -0.067479        0.071750       -0.258474
          0.004162        0.230746       -0.181733
          0.036695        0.257954       -0.021328
          0.056588        0.120320        0.085664
          0.093499       -0.059487        0.078187
          0.076772       -0.150699        0.010535
         -0.020663       -0.144843       -0.048016
         -0.072972       -0.103778       -0.072759
          0.004464       -0.036533       -0.053505
          0.096598        0.069878        0.031925
          0.077488        0.142818        0.177966
         -0.003025        0.095361        0.294327
         -0.059348       -0.007747        0.255807
         -0.119714       -0.008692        0.064636
         -0.196192        0.108799       -0.105873
         -0.175621        0.187668       -0.114979
          0.002732        0.132120       -0.021419
          0.190576        0.040986        0.044026
          0.212363        0.034714        0.057181
          0.109772        0.051153        0.039752
          0.041757       -0.061312       -0.048429
          0.022404       -0.279220       -0.219403
         -0.045945       -0.385280       -0.362836
         -0.135702       -0.267824       -0.364249
         -0.118833       -0.098379       -0.241168
         -0.006643       -0.088348       -0.079868
          0.064579       -0.180476        0.072830
          0.069959       -0.160060        0.179243
          0.087797       -0.004935        0.179482
          0.091171        0.095279        0.088115
         -0.003096        0.059042        0.026941
         -0.120837        0.018073        0.063093
         -0.123951        0.066165        0.109194
         -0.064551        0.131157        0.079912
         -0.086378        0.152665        0.040907
         -0.141334        0.166642        0.086717
         -0.075772        0.165634        0.163234
          0.066159        0.096942        0.144419
          0.099922        0.026367        0.029527
          0.016214        0.068852       -0.066173
         -0.016524        0.146351       -0.091655
          0.056940        0.071138       -0.107877
          0.109683       -0.115525       -0.156728
          0.054757       -0.161167       -0.193094
         -0.045665       -0.005045       -0.160047
         -0.103884        0.101151       -0.045338
         -0.099131       -0.029866        0.125638
         -0.037833       -0.246320        0.267382
          0.064177       -0.295458        0.254782
          0.144958       -0.173964        0.084929
          0.132697       -0.075715       -0.044502
          0.043342       -0.082269        0.034004
         -0.024425       -0.081869        0.207611
         -0.014608        0.023360        0.223535
          0.029642        0.185485        0.031993
          0.059522        0.308404       -0.171120
          0.089961        0.351068       -0.211988
          0.128238        0.301521       -0.097808
          0.119049        0.164933        0.074097
          0.033771        0.016067        0.220397
         -0.058857       -0.048820        0.273155
         -0.091000       -0.053706        0.193619
         -0.098742       -0.123111        0.019262
         -0.146995       -0.276024       -0.156566
         -0.212280       -0.359318       -0.251093
         -0.220320       -0.253433       -0.215812
         -0.157759       -0.044218       -0.055258
         -0.080155        0.087156        0.127812
         -0.027182        0.076099        0.184027
          0.024005        0.005233        0.084758
          0.105420       -0.032524       -0.039784
          0.178141       -0.033100       -0.095273
          0.160394       -0.048825       -0.147289
          0.052052       -0.098628       -0.261457
         -0.044562       -0.131235       -0.351880
         -0.063694       -0.080314       -0.324538
         -0.044826        0.052580       -0.250818
         -0.025450        0.189407       -0.232644
          0.017841        0.254850       -0.196752
          0.070755        0.248218       -0.014952
          0.053008        0.230128        0.237582
         -0.038445        0.248161        0.346195
         -0.074201        0.280217        0.259128
          0.027660        0.251407        0.144875
          0.156291        0.114363        0.133653
          0.154406       -0.089630        0.154698
          0.054204       -0.265223        0.080929
          0.025221       -0.350540       -0.068770
          0.093661       -0.343265       -0.146448
          0.090636       -0.260736       -0.058947
         -0.057022       -0.135007        0.122949
         -0.171786       -0.040578        0.243516
         -0.090817       -0.044218        0.214783
          0.071129       -0.105839        0.069394
          0.083382       -0.107586       -0.112712
         -0.082441       -0.015590       -0.277698
         -0.241848        0.065817       -0.382884
         -0.243383        0.054427       -0.366445
         -0.107754        0.028248       -0.198458
          0.053643        0.112286        0.054055
          0.164227        0.267459        0.275207
          0.206452        0.306819        0.405654
          0.181262        0.142649        0.440376
          0.099153       -0.080417        0.345010
          0.002395       -0.159514        0.083015
         -0.054611       -0.068162       -0.250117
         -0.062505        0.061678       -0.440364
         -0.056521        0.129975       -0.386212
         -0.046690        0.139718       -0.229311
         -0.000795        0.117746       -0.155377
          0.077907        0.070208       -0.138950
          0.117444        0.005460       -0.010801
          0.066447       -0.069554        0.258707
         -0.033669       -0.157969        0.475499
         -0.108550       -0.238281        0.450285
         -0.133188       -0.260652        0.234549
         -0.114897       -0.206801        0.062693
         -0.054414       -0.109637        0.067503
          0.021314       -0.000100        0.128570
          0.044853        0.118737        0.053064
         -0.005672        0.239666       -0.160334
         -0.055549        0.335308       -0.330761
         -0.037664        0.378929       -0.332039
          0.005439        0.357163       -0.216291
         -0.001333        0.263302       -0.100893
         -0.041389        0.097319       -0.023914
         -0.040302       -0.114586        0.052175
          0.017894       -0.306589        0.147323
          0.077525       -0.411039        0.223568
          0.089395       -0.423480        0.231046
          0.058132       -0.393269        0.167398
          0.024441       -0.340751        0.072472
          0.018305       -0.245971       -0.036172
          0.026927       -0.127895       -0.185701
          0.013315       -0.040310       -0.370906
         -0.035471        0.031639       -0.490512
         -0.093956        0.156114       -0.426582
         -0.123691        0.304921       -0.183326
         -0.093940        0.347682        0.101985
          0.003748        0.240813        0.285876
          0.131573        0.099201        0.328982
          0.213870        0.031020        0.298122
          0.203144        0.010414        0.289860
          0.125812       -0.038615        0.337023
          0.039268       -0.121283        0.367702
         -0.032131       -0.184691        0.274259
         -0.093653       -0.196519        0.042883
         -0.144373       -0.167154       -0.204582
         -0.173132       -0.114624       -0.323227
         -0.168602       -0.042358       -0.288843
         -0.124537        0.042324       -0.197436
         -0.059302        0.112104       -0.124450
         -0.018862        0.146955       -0.046243
         -0.024717        0.166266        0.060789
         -0.039580        0.203780        0.119841
         -0.026417        0.255287        0.048613
         -0.007659        0.281954       -0.090347
         -0.010174        0.261365       -0.148257
          0.005183        0.199027       -0.089243
          0.082592        0.092748       -0.031517
          0.176501       -0.062273       -0.081102
          0.199998       -0.217845       -0.201926
          0.143035       -0.279146       -0.271326
          0.075338       -0.210404       -0.215037
          0.054001       -0.101347       -0.068410
          0.074040       -0.078773        0.066855
          0.085903       -0.161842        0.113470
          0.036448       -0.245480        0.085872
         -0.077995       -0.222278        0.076796
         -0.186513       -0.082198        0.157141
         -0.204054        0.099570        0.277086
         -0.125597        0.224143        0.295930
         -0.028947        0.226686        0.143463
          0.019942        0.132410       -0.072015
          0.026308        0.051464       -0.166124
          0.025467        0.059964       -0.081584
          0.033267        0.095336        0.056757
          0.056389        0.034734        0.090000
          0.095706       -0.126487       -0.010265
          0.111753       -0.244815       -0.134848
          0.047811       -0.199999       -0.170520
         -0.078213       -0.047858       -0.115888
         -0.163747        0.044206       -0.052371
         -0.136846        0.004325       -0.018985
         -0.032457       -0.055792        0.037002
          0.061620        0.006409        0.162399
          0.083388        0.167734        0.289590
          0.022574        0.265040        0.289397
         -0.071028        0.201790        0.141483
         -0.110164        0.049191       -0.023801
         -0.058840       -0.065532       -0.103184
          0.018121       -0.094007       -0.149117
          0.047186       -0.065384       -0.227657
          0.046323       -0.017856       -0.257946
          0.066742        0.024578       -0.148853
          0.092044        0.042622       -0.000049
          0.083608        0.027805        0.023539
          0.068358       -0.010237       -0.054041
          0.079178       -0.055132       -0.082166
          0.065385       -0.090351       -0.032031
         -0.024373       -0.094324        0.011277
         -0.127261       -0.056106        0.041116
         -0.151704       -0.001315        0.113171
         -0.113953        0.031715        0.185993
         -0.073255        0.049668        0.172525
         -0.014552        0.091927        0.111261
          0.077468        0.146139        0.107212
          0.122145        0.139713        0.147523
          0.060119        0.049938        0.137652
         -0.020064       -0.045699        0.064595
         -0.006779       -0.080794       -0.014464
          0.063817       -0.095240       -0.071032
          0.083342       -0.151162       -0.078356
          0.037630       -0.209024        0.010312
         -0.012136       -0.172753        0.143806
         -0.037115       -0.036973        0.152995
         -0.038411        0.086327       -0.024129
         -0.014613        0.097533       -0.209474
          0.003049        0.020563       -0.214798
         -0.033198       -0.036176       -0.103873
         -0.097319       -0.008031       -0.071767
         -0.108510        0.068002       -0.143258
         -0.060820        0.120504       -0.164242
         -0.033088        0.119023       -0.060754
         -0.056279        0.060572        0.052293
         -0.071177       -0.050577        0.036910
         -0.036048       -0.153457       -0.097311
          0.012545       -0.133631       -0.215837
          0.033816        0.034967       -0.200850
          0.045459        0.206401       -0.050252
          0.073471        0.217653        0.143308
          0.094133        0.085096        0.285272
          0.074243       -0.044398        0.336090
          0.030589       -0.089355        0.299579
          0.001374       -0.078008        0.201142
         -0.012167       -0.043958        0.084180
         -0.033437        0.001879       -0.005513
         -0.063074        0.015726       -0.053235
         -0.078724       -0.052320       -0.086421
         -0.069984       -0.174526       -0.134764
         -0.048800       -0.263245       -0.175232
         -0.023723       -0.265456       -0.139088
          0.016703       -0.186688        0.007030
          0.073475       -0.048188        0.200015
          0.109643        0.114911        0.320161
          0.100757        0.229245        0.293863
          0.087930        0.228934        0.153884
          0.104746        0.141322       -0.001351
          0.089806        0.075479       -0.103639
         -0.016224        0.095623       -0.161130
         -0.130803        0.143324       -0.216927
         -0.126873        0.122649       -0.290615
         -0.033577        0.026412       -0.364103
          0.006034       -0.074533       -0.396376
         -0.046831       -0.132527       -0.349530
         -0.086598       -0.144624       -0.225983
         -0.033887       -0.102544       -0.077234
          0.065544       -0.002573        0.043327
          0.120237        0.106409        0.122098
          0.090172        0.153108        0.167157
         -0.004193        0.116604        0.183562
         -0.103895        0.029225        0.189079
         -0.135958       -0.067587        0.210780
         -0.077035       -0.136380        0.238299
          0.007271       -0.149256        0.231552
          0.043368       -0.117657        0.198176
          0.046488       -0.087691        0.189381
          0.068634       -0.077535        0.191433
          0.090986       -0.048075        0.119789
          0.054606        0.035980       -0.039808
         -0.031827        0.140809       -0.194328
         -0.094666        0.195593       -0.284165
         -0.090300        0.179819       -0.338756
         -0.039844        0.140150       -0.362811
          0.020439        0.115159       -0.302744
          0.074909        0.080078       -0.159454
          0.110571       -0.009857       -0.015736
          0.103426       -0.140654        0.065543
          0.051105       -0.233469        0.081979
          0.001763       -0.219454        0.057501
          0.010659       -0.104384        0.042375
          0.063178        0.043072        0.080751
          0.083110        0.148872        0.119273
          0.038581        0.177400        0.060495
         -0.007530        0.145182       -0.041242
          0.001389        0.101260       -0.003521
          0.013637        0.074950        0.189992
         -0.045732        0.047041        0.310540
         -0.124328       -0.006849        0.204344
         -0.109726       -0.068986        0.005139
         -0.035855       -0.107067       -0.094624
         -0.044213       -0.115824       -0.108686
         -0.119124       -0.102131       -0.146626
         -0.079126       -0.073093       -0.180442
          0.105032       -0.055830       -0.092756
          0.214024       -0.067671        0.103889
          0.104702       -0.064645        0.235702
         -0.077358       -0.000810        0.163094
         -0.132592        0.071934       -0.052499
         -0.077737        0.064753       -0.200605
         -0.046072       -0.000671       -0.148674
         -0.054008       -0.017915        0.002518
         -0.017720        0.041849        0.053461
          0.068509        0.109918       -0.017282
          0.109696        0.154886       -0.034024
          0.055222        0.208672        0.097896
         -0.036378        0.241257        0.253716
         -0.090658        0.143093        0.291616
         -0.092712       -0.102732        0.230246
         -0.052719       -0.332195        0.134915
          0.015322       -0.374129       -0.013963
          0.055102       -0.247304       -0.221715
          0.008520       -0.096559       -0.373498
         -0.069501        0.005234       -0.346855
         -0.049911        0.085562       -0.164855
          0.065392        0.151728        0.027259
          0.104046        0.158425        0.094632
         -0.026520        0.078228        0.016610
         -0.171300       -0.069592       -0.092247
         -0.135454       -0.225418       -0.090712
          0.033947       -0.285787        0.018219
          0.128861       -0.177386        0.089274
          0.087003        0.016524        0.051833
          0.043223        0.102006        0.020995
          0.083303        0.006586        0.109700
          0.120387       -0.125767        0.233258
          0.059861       -0.129942        0.227864
         -0.048049       -0.018746        0.107377
         -0.088073        0.084873        0.058347
         -0.032675        0.132449        0.167843
          0.042994        0.166687        0.277750
          0.057851        0.197571        0.178545
         -0.004812        0.172893       -0.123083
         -0.098822        0.077234       -0.415209
         -0.150295       -0.027360       -0.520960
         -0.106846       -0.081343       -0.439763
          0.012192       -0.085813       -0.269458
          0.118828       -0.069375       -0.087099
          0.133472       -0.051473        0.067662
          0.058355       -0.039144        0.156536
         -0.032984       -0.011666        0.147888
         -0.071691        0.076465        0.062992
         -0.050512        0.220196       -0.014806
         -0.006431        0.308448       -0.013456
          0.033132        0.221896        0.046390
          0.060571        0.001150        0.078493
          0.061877       -0.161303        0.048893
          0.027375       -0.145221        0.028729
         -0.015841       -0.047779        0.099875
         -0.024575       -0.031712        0.232744
          0.012784       -0.095731        0.302334
          0.073572       -0.102039        0.223078
          0.118146        0.005978        0.024893
          0.095102        0.126245       -0.205139
         -0.012374        0.136900       -0.396291
         -0.123776        0.030390       -0.493481
         -0.122995       -0.101100       -0.456088
         -0.012770       -0.160176       -0.297388
          0.078961       -0.113620       -0.077109
          0.075316       -0.005682        0.152977
          0.035776        0.077002        0.338647
          0.032651        0.070096        0.388842
          0.039139       -0.014868        0.251541
         -0.009127       -0.097880        0.012327
         -0.099451       -0.101985       -0.163959
         -0.141546       -0.018681       -0.177870
         -0.083603        0.097162       -0.052313
         -0.000494        0.177507        0.099346
         -0.013033        0.178587        0.155577
         -0.115517        0.099011        0.113839
         -0.170578       -0.014918        0.106459
         -0.106195       -0.095440        0.193373
         -0.005965       -0.102213        0.217781
          0.051347       -0.047160        0.023696
          0.108068        0.022566       -0.256424
          0.194775        0.059394       -0.333691
          0.220907        0.045284       -0.163093
          0.122811        0.000911       -0.008692
         -0.001535       -0.041221       -0.065869
         -0.041589       -0.076567       -0.193804
         -0.044840       -0.121245       -0.133022
         -0.101211       -0.157780        0.118628
         -0.167226       -0.127954        0.292368
         -0.146413       -0.014352        0.195976
         -0.056875        0.106071       -0.050069
          0.002918        0.142524       -0.181032
         -0.004832        0.100186       -0.113581
         -0.029891        0.050630        0.002154
         -0.006403        0.015344        0.036125
          0.081227       -0.045297        0.049168
          0.176524       -0.129880        0.145455
          0.198306       -0.164211        0.260958
          0.127414       -0.101369        0.228478
          0.019485        0.004304        0.024776
         -0.072311        0.064630       -0.172474
         -0.140709        0.062066       -0.203354
         -0.184932        0.045751       -0.106913
         -0.176444        0.054849       -0.021875
         -0.091322        0.092434        0.023017
          0.036485        0.144549        0.111222
          0.126344        0.169687        0.250568
          0.135562        0.105390        0.314263
          0.099421       -0.043616        0.211499
          0.051940       -0.162585        0.011811
         -0.031919       -0.155633       -0.156613
         -0.147263       -0.074391       -0.248403
         -0.191601       -0.028678       -0.291958
         -0.092853       -0.026605       -0.310716
          0.060265       -0.005457       -0.300602
          0.131678        0.038916       -0.252267
          0.127217        0.058901       -0.177176
          0.150524        0.044946       -0.108020
          0.209170        0.029477       -0.044006
          0.193825        0.035486        0.079224
          0.053275        0.053646        0.285590
         -0.118190        0.035650        0.451519
         -0.198193       -0.068390        0.419542
         -0.162137       -0.210802        0.208139
         -0.063761       -0.242972       -0.008672
          0.032080       -0.095497       -0.115013
          0.063625        0.099132       -0.126506
         -0.000168        0.155347       -0.078493
         -0.103487        0.052719        0.011857
         -0.143414       -0.073957        0.075861
         -0.094906       -0.107913        0.038527
         -0.030387       -0.038860       -0.046167
         -0.003645        0.072515       -0.047809
          0.011685        0.146157        0.032782
          0.054331        0.132190        0.060372
          0.108022        0.063534       -0.006810
          0.120816        0.026861       -0.053991
          0.067533        0.048252       -0.017773
         -0.010334        0.065705        0.009287
         -0.035836        0.047006       -0.051041
          0.012318        0.043598       -0.125694
          0.067047        0.073247       -0.100945
          0.064602        0.054491        0.018060
          0.024515       -0.062946        0.116270
         -0.006315       -0.193148        0.094159
         -0.027818       -0.221828       -0.032414
         -0.045000       -0.155717       -0.133099
         -0.024989       -0.097202       -0.083859
          0.028110       -0.104704        0.084257
          0.035686       -0.127867        0.195067
         -0.031308       -0.083413        0.126077
         -0.080458        0.030609       -0.046686
         -0.044423        0.130236       -0.154283
          0.002080        0.152984       -0.133067
         -0.022476        0.120668       -0.045530
         -0.058780        0.088246        0.041447
         -0.013159        0.085433        0.103912
          0.078019        0.112322        0.126356
          0.110857        0.135651        0.110629
          0.073616        0.097909        0.089934
          0.035148       -0.007752        0.070569
          0.023602       -0.089575        0.004044
          0.010639       -0.055440       -0.124722
         -0.018292        0.053536       -0.227731
         -0.050606        0.099647       -0.200295
         -0.075657        0.018394       -0.061669
         -0.082222       -0.110016        0.048611
         -0.061548       -0.166049        0.027497
         -0.034543       -0.116582       -0.078040
         -0.028280       -0.018979       -0.138984
         -0.019919        0.062418       -0.096259
          0.033617        0.111151       -0.009175
          0.109451        0.134673        0.032844
          0.132487        0.117682        0.007285
          0.078507        0.034996       -0.039115
         -0.004697       -0.089198       -0.056971
         -0.079926       -0.178019       -0.040196
         -0.148111       -0.181121       -0.011196
         -0.184997       -0.127020        0.016234
         -0.139904       -0.076348        0.046837
         -0.030627       -0.054158        0.087086
          0.047189       -0.046525        0.133849
          0.050768       -0.029455        0.181476
          0.045120        0.017337        0.228186
          0.079958        0.089770        0.266392
          0.104004        0.137635        0.275443
          0.061023        0.104061        0.235041
         -0.010663        0.001653        0.138153
         -0.037392       -0.091130       -0.010223
         -0.010957       -0.119496       -0.181083
          0.020808       -0.096718       -0.306619
          0.025891       -0.056154       -0.320977
          0.011212       -0.007844       -0.227895
         -0.003857        0.046155       -0.090449
         -0.004622        0.094587        0.041194
          0.019719        0.129487        0.141894
          0.063592        0.146796        0.168108
          0.088235        0.129468        0.080143
          0.049102        0.064350       -0.081220
         -0.041260       -0.018655       -0.208695
         -0.104352       -0.065338       -0.242928
         -0.080791       -0.063527       -0.219219
         -0.011172       -0.047497       -0.179768
          0.005166       -0.032967       -0.103542
         -0.060394       -0.001301        0.031496
         -0.115220        0.045912        0.170121
         -0.061334        0.074893        0.231455
          0.064589        0.072875        0.211020
          0.132751        0.061295        0.163463
          0.096007        0.049940        0.106249
          0.038560        0.027004        0.021591
          0.029928       -0.003005       -0.061722
          0.027823       -0.018934       -0.088241
         -0.021494       -0.025054       -0.078757
         -0.078544       -0.050619       -0.108271
         -0.086603       -0.097620       -0.168891
         -0.076748       -0.127937       -0.164144
         -0.100740       -0.121084       -0.064675
         -0.118397       -0.106483        0.041598
         -0.058730       -0.105038        0.093264
          0.046775       -0.076415        0.137151
          0.100670        0.017861        0.206411
          0.088530        0.122155        0.223314
          0.085749        0.133790        0.119207
          0.115480        0.044694       -0.018783
          0.105712       -0.037613       -0.037304
          0.023234       -0.025973        0.065435
         -0.045439        0.055135        0.125488
         -0.020814        0.129083        0.043529
          0.034269        0.152258       -0.075423
          0.004931        0.121916       -0.082655
         -0.098543        0.058277       -0.000678
         -0.163700       -0.003238        0.030762
         -0.144493       -0.045311       -0.028741
         -0.092017       -0.094254       -0.089417
         -0.037816       -0.170421       -0.105429
          0.032009       -0.229111       -0.141589
          0.092385       -0.205033       -0.230506
          0.089540       -0.105842       -0.279506
          0.042534       -0.006660       -0.189393
          0.025956        0.049291        0.007372
          0.045257        0.093171        0.193656
          0.034275        0.155729        0.299897
         -0.013567        0.193842        0.326916
         -0.017861        0.139000        0.282487
          0.054529        0.006054        0.170304
          0.118792       -0.100776        0.024128
          0.086138       -0.102954       -0.111043
         -0.015368       -0.027267       -0.224759
         -0.087173        0.043386       -0.317062
         -0.083050        0.063017       -0.347502
         -0.036378        0.048644       -0.278289
          0.003900        0.035863       -0.158659
          0.020711        0.030321       -0.079812
          0.028561        0.006285       -0.040046
          0.052155       -0.056918        0.050105
          0.091701       -0.145177        0.208750
          0.103110       -0.203415        0.325479
          0.043810       -0.155399        0.298545
         -0.054670        0.026440        0.153751
         -0.104076        0.246056       -0.000964
         -0.066873        0.342013       -0.078837
         -0.002705        0.268349       -0.060397
          0.014350        0.144345        0.005527
         -0.014871        0.066179        0.042025
         -0.034508       -0.030237        0.031411
         -0.014675       -0.219645        0.039349
          0.017498       -0.399739        0.098621
          0.019064       -0.399087        0.127986
         -0.019573       -0.223464        0.058041
         -0.067086       -0.049601       -0.031508
         -0.077443        0.013890       -0.024738
         -0.027975        0.028694        0.044426
          0.052079        0.079839        0.060171
          0.099799        0.149798        0.019311
          0.080522        0.184633        0.003481
          0.016601        0.187416        0.004635
         -0.051654        0.177813       -0.060751
         -0.099684        0.130835       -0.188638
         -0.107768        0.034415       -0.285067
         -0.067856       -0.043454       -0.310186
         -0.012370       -0.026895       -0.293612
          0.019505        0.056883       -0.226739
          0.047262        0.103111       -0.075274
          0.113436        0.049583        0.111611
          0.184448       -0.063558        0.240228
          0.171826       -0.136431        0.312858
          0.067448       -0.107346        0.389196
         -0.024586       -0.032050        0.422700
         -0.026098       -0.035336        0.301059
          0.009578       -0.142819        0.050437
         -0.019274       -0.222246       -0.165477
         -0.111710       -0.163829       -0.255825
         -0.158895       -0.042533       -0.265009
         -0.093833        0.004383       -0.236680
          0.008433       -0.010731       -0.163204
          0.024350        0.029919       -0.067749
         -0.053008        0.137987       -0.008456
         -0.109092        0.195238        0.006315
         -0.068913        0.142736        0.014787
          0.008767        0.070155        0.018824
          0.027033        0.072858       -0.016967
         -0.013356        0.105416       -0.083172
         -0.020144        0.052363       -0.104917
          0.064105       -0.091748       -0.021268
          0.179925       -0.199250        0.136715
          0.210679       -0.174447        0.260238
          0.108097       -0.064598        0.262331
         -0.064329        0.026750        0.165276
         -0.202693        0.070340        0.073066
         -0.245834        0.104343        0.049918
         -0.192274        0.142974        0.052917
         -0.078117        0.150152        0.007885
          0.041267        0.095492       -0.076670
          0.113846        0.002835       -0.121147
          0.121854       -0.067013       -0.094526
          0.087494       -0.077770       -0.057779
          0.044022       -0.051400       -0.056883
          0.009626       -0.030480       -0.034777
         -0.014733       -0.023914        0.076699
         -0.034044       -0.018414        0.216816
         -0.043610       -0.026308        0.252826
         -0.029299       -0.072918        0.165437
          0.002784       -0.138562        0.058274
          0.019025       -0.165763       -0.019034
          0.011724       -0.133688       -0.117560
          0.023995       -0.077222       -0.236030
          0.070985       -0.020985       -0.268694
          0.081600        0.052951       -0.165491
         -0.002385        0.148782       -0.031245
         -0.105736        0.215983        0.001822
         -0.102606        0.199745       -0.071598
         -0.006918        0.106305       -0.150773
          0.039166       -0.006663       -0.150366
         -0.019458       -0.085654       -0.067731
         -0.074123       -0.112607        0.031627
         -0.033912       -0.099725        0.078569
          0.039072       -0.069319        0.074721
          0.047845       -0.038412        0.087630
          0.011288       -0.020348        0.145471
          0.005806       -0.020341        0.183565
          0.031554       -0.006867        0.139606
          0.037621        0.073116        0.042665
          0.031607        0.196618       -0.044211
          0.056994        0.234238       -0.104777
          0.084670        0.105810       -0.143749
          0.036427       -0.080256       -0.153187
         -0.078517       -0.148525       -0.151975
         -0.149660       -0.078692       -0.182606
         -0.112514        0.001735       -0.226344
         -0.024579        0.012908       -0.203359
          0.040057       -0.000977       -0.097538
          0.086383        0.021309        0.007515
          0.131526        0.069794        0.060403
          0.124992        0.091579        0.113628
          0.028044        0.049453        0.205881
         -0.082201       -0.051675        0.267264
         -0.091886       -0.158630        0.222772
         -0.006446       -0.193550        0.121469
          0.065690       -0.117875        0.073710
          0.066762        0.022752        0.094779
          0.037911        0.137126        0.091776
          0.021138        0.172802        0.001729
         -0.000454        0.146146       -0.120219
         -0.045850        0.092355       -0.168984
         -0.081368        0.017086       -0.108720
         -0.058379       -0.082116       -0.000530
          0.016949       -0.171198        0.070256
          0.082228       -0.196762        0.073454
          0.091395       -0.150409        0.045516
          0.062220       -0.088143        0.035590
          0.028912       -0.071241        0.048011
         -0.015350       -0.094880        0.044658
         -0.077025       -0.090685        0.003416
         -0.106779       -0.013171       -0.043582
         -0.065227        0.090181       -0.045045
         -0.006044        0.130828        0.008913
         -0.002533        0.096448        0.078454
         -0.027677        0.065232        0.112661
         -0.004726        0.096050        0.081720
          0.054627        0.158872       -0.005446
          0.065262        0.184549       -0.093181
          0.008259        0.129284       -0.111985
         -0.038342       -0.011534       -0.044597
         -0.018099       -0.185471        0.052981
          0.025659       -0.277387        0.106973
          0.019352       -0.204577        0.086746
         -0.034592       -0.033931        0.007926
         -0.064018        0.076037       -0.095474
         -0.032432        0.071992       -0.181021
          0.007793        0.062252       -0.203890
         -0.007832        0.139924       -0.153544
         -0.062276        0.230934       -0.081221
         -0.086528        0.191111       -0.049577
         -0.063035        0.011774       -0.052616
         -0.041611       -0.157668       -0.030698
         -0.051166       -0.195577        0.035076
         -0.054006       -0.139253        0.100748
         -0.010957       -0.093952        0.133127
          0.051312       -0.078145        0.136655
          0.072196       -0.030903        0.101857
          0.036880        0.063991        0.011927
         -0.003948        0.144623       -0.078750
          0.008598        0.158085       -0.069081
          0.077283        0.116239        0.038832
          0.142570        0.056771        0.107838
          0.140250       -0.004072        0.051691
          0.066216       -0.067130       -0.035686
         -0.023533       -0.126960       -0.023836
         -0.076623       -0.162885        0.062524
         -0.085321       -0.144263        0.102066
         -0.058459       -0.054921        0.064160
          0.005921        0.069315        0.020130
          0.087965        0.140852        0.002492
          0.124543        0.093249       -0.034879
          0.074682       -0.037860       -0.119010
         -0.012260       -0.133482       -0.203484
         -0.049536       -0.106932       -0.225090
         -0.025852        0.014190       -0.166369
         -0.009105        0.129523       -0.053275
         -0.035902        0.168803        0.072172
         -0.057811        0.139203        0.165591
         -0.023314        0.086548        0.200661
          0.036537        0.033153        0.191742
          0.051987       -0.036014        0.162302
          0.016903       -0.129021        0.085269
         -0.007205       -0.205815       -0.080537
          0.015523       -0.202127       -0.273548
          0.043825       -0.099557       -0.336384
          0.013857        0.037245       -0.194153
         -0.074827        0.105399        0.043296
         -0.145000        0.061959        0.209709
         -0.125741       -0.020724        0.250424
         -0.043042       -0.029540        0.214759
          0.008757        0.044224        0.147869
         -0.011751        0.084470        0.059127
         -0.049723        0.014718       -0.036841
         -0.040635       -0.074817       -0.112463
          0.015040       -0.038426       -0.157258
          0.074671        0.119232       -0.176988
          0.099417        0.232672       -0.161896
          0.073552        0.176317       -0.088565
          0.022740        0.011585        0.030692
          0.000651       -0.094962        0.124703
          0.017664       -0.063920        0.128130
          0.018851        0.025529        0.069544
         -0.024057        0.048016        0.045785
         -0.055212       -0.023085        0.084046
         -0.023855       -0.100109        0.090326
          0.029749       -0.085769       -0.007127
          0.041306        0.031640       -0.128740
          0.024361        0.172844       -0.154423
          0.037912        0.231475       -0.108611
          0.081432        0.155492       -0.110192
          0.085947       -0.002491       -0.174966
          0.012288       -0.117550       -0.205077
         -0.087341       -0.106347       -0.153002
         -0.132028       -0.013193       -0.059514
         -0.111419        0.044869        0.053127
         -0.082219        0.015822        0.188184
         -0.074525       -0.046678        0.291143
         -0.052810       -0.082910        0.298668
          0.016016       -0.107909        0.258206
          0.099631       -0.163983        0.261064
          0.134973       -0.240901        0.272689
          0.102195       -0.283169        0.178347
          0.035105       -0.249877       -0.010775
         -0.028299       -0.142210       -0.152746
         -0.073001        0.002829       -0.184138
         -0.089021        0.127087       -0.187914
         -0.065848        0.182703       -0.232440
         -0.019271        0.167622       -0.272075
          0.007218        0.121588       -0.239447
         -0.008921        0.080929       -0.138653
         -0.036950        0.044778       -0.019252
         -0.027925       -0.004465        0.073783
          0.028420       -0.048154        0.110470
          0.091185       -0.027952        0.088436
          0.106511        0.069108        0.047155
          0.062215        0.146801        0.042956
          0.006255        0.091678        0.100833
         -0.008751       -0.069488        0.186200
          0.004711       -0.183520        0.220242
         -0.006172       -0.158424        0.147058
         -0.044972       -0.053580       -0.001876
         -0.058510        0.039756       -0.138316
         -0.024215        0.111399       -0.208682
          0.016984        0.180397       -0.210643
          0.031507        0.216392       -0.144434
          0.037335        0.176800       -0.025711
          0.050062        0.075651        0.075155
          0.039092       -0.029893        0.095054
         -0.019657       -0.097531        0.062346
         -0.084682       -0.125204        0.044400
         -0.091365       -0.137898        0.044942
         -0.037891       -0.156879        0.024315
          0.013998       -0.173668       -0.024908
          0.024346       -0.160185       -0.087767
          0.021878       -0.106171       -0.153692
          0.043334       -0.029104       -0.176647
          0.061538        0.051522       -0.085869
          0.030159        0.122166        0.098364
         -0.019674        0.156449        0.237319
         -0.014191        0.121856        0.229972
          0.032495        0.018977        0.126948
          0.032285       -0.101138        0.030957
         -0.018984       -0.164770       -0.037523
         -0.026958       -0.123671       -0.105457
          0.030738        0.002839       -0.151964
          0.061658        0.127121       -0.136913
          0.026136        0.162189       -0.083247
          0.000503        0.105852       -0.050931
          0.020119        0.038378       -0.051834
          0.006678        0.033156       -0.052882
         -0.075432        0.091012       -0.039439
         -0.126267        0.160202       -0.018560
         -0.065943        0.187473        0.013842
          0.031046        0.141862        0.055727
          0.056539        0.026728        0.078763
          0.024361       -0.105977        0.069806
          0.004312       -0.178721        0.054828
         -0.003537       -0.154754        0.050379
         -0.021936       -0.074208        0.041966
         -0.014257       -0.015178        0.031215
          0.041398       -0.026602        0.045351
          0.074779       -0.085976        0.083942
          0.021656       -0.104845        0.103442
         -0.068936       -0.009427        0.060019
         -0.109790        0.151137       -0.050213
         -0.090476        0.225324       -0.172538
         -0.047768        0.136374       -0.220782
          0.006978       -0.016029       -0.169092
          0.066001       -0.089512       -0.096246
          0.096737       -0.073761       -0.081329
          0.089481       -0.058412       -0.092677
          0.074389       -0.082252       -0.049871
          0.056468       -0.104438        0.043751
          0.001781       -0.094099        0.105086
         -0.080540       -0.061487        0.083770
         -0.115843       -0.011335        0.013883
         -0.064052        0.062270       -0.031440
          0.017226        0.134603       -0.001670
          0.049871        0.159058        0.095657
          0.030218        0.123578        0.192076
          0.010703        0.063783        0.208309
          0.021391        0.015131        0.132514
          0.044533       -0.023845        0.037736
          0.046521       -0.069040        0.006515
          0.009997       -0.105928        0.045122
         -0.050462       -0.098350        0.081186
         -0.091487       -0.052072        0.052992
         -0.081894       -0.025347       -0.003152
         -0.048027       -0.043015        0.005236
         -0.042956       -0.055439        0.081934
         -0.061213       -0.033594        0.110301
         -0.035663       -0.031974        0.012017
          0.057329       -0.080327       -0.140715
          0.144950       -0.092020       -0.228042
          0.148057        0.017255       -0.218016
          0.079790        0.181842       -0.145523
          0.011379        0.259172       -0.041389
         -0.027217        0.203211        0.055407
         -0.060893        0.082040        0.087994
         -0.100287       -0.027887        0.048183
         -0.121760       -0.089155        0.002303
         -0.119158       -0.088217        0.000982
         -0.108708       -0.041794        0.009357
         -0.076465        0.000480       -0.025416
          0.001644       -0.003249       -0.083233
          0.086128       -0.053873       -0.102650
          0.110752       -0.120909       -0.062703
          0.091076       -0.164963        0.021356
          0.100586       -0.161354        0.136745
          0.143144       -0.124315        0.245550
          0.143646       -0.092258        0.266588
          0.064809       -0.071908        0.155570
         -0.047080       -0.023893       -0.025290
         -0.130963        0.073044       -0.168597
         -0.161002        0.172147       -0.226749
         -0.136974        0.207616       -0.221435
         -0.082387        0.179745       -0.179728
         -0.040555        0.154495       -0.102993
         -0.024548        0.171658        0.003649
          0.006247        0.183403        0.099351
          0.074336        0.113772        0.132199
          0.125247       -0.029234        0.102497
          0.097276       -0.142273        0.070322
          0.020931       -0.145066        0.075478
         -0.013482       -0.073196        0.086406
          0.020593       -0.019466        0.064014
          0.052221       -0.016652        0.028198
          0.017212       -0.027553        0.005616
         -0.054014       -0.025124       -0.040246
         -0.088979       -0.019849       -0.149612
         -0.072650       -0.016737       -0.269238
         -0.041645       -0.003599       -0.300725
         -0.008490        0.018186       -0.231261
          0.042650        0.036994       -0.133345
          0.092305        0.059558       -0.046495
          0.085014        0.092676        0.050094
          0.014148        0.102224        0.149647
         -0.043276        0.039799        0.198764
         -0.018476       -0.076833        0.183118
          0.051509       -0.151395        0.148128
          0.067413       -0.111210        0.110500
         -0.003789       -0.002356        0.030956
         -0.094244        0.056076       -0.087095
         -0.127411        0.007626       -0.151994
         -0.096381       -0.090045       -0.099471
         -0.042746       -0.146296        0.003580
         -0.001846       -0.123716        0.036588
          0.014447       -0.040934       -0.029021
          0.014529        0.057143       -0.111915
          0.024414        0.119690       -0.120618
          0.063420        0.127344       -0.034613
          0.110717        0.117043        0.090851
          0.120740        0.128895        0.172798
          0.082437        0.136328        0.165439
          0.036356        0.078202        0.091357
          0.016612       -0.048755        0.007609
          0.002286       -0.178075       -0.046749
         -0.043057       -0.248398       -0.059445
         -0.100034       -0.252356       -0.028179
         -0.108303       -0.216089        0.033793
         -0.055524       -0.160405        0.087067
          0.002143       -0.088115        0.093079
          0.021954       -0.000472        0.057953
          0.016958        0.082886        0.031010
          0.004629        0.135688        0.045774
         -0.013605        0.158691        0.073112
         -0.013531        0.174784        0.057034
          0.027555        0.180024       -0.003944
          0.067381        0.136156       -0.044166
          0.047011        0.036061       -0.015178
         -0.010553       -0.058738        0.046274
         -0.039244       -0.081132        0.065179
         -0.038071       -0.036493        0.027789
         -0.046409        0.013503       -0.006944
         -0.050970        0.027583        0.001522
         -0.018472        0.015489        0.018156
          0.018689        0.002631       -0.012480
          0.013547       -0.004995       -0.092399
          0.003297       -0.012837       -0.177615
          0.047240       -0.012750       -0.227259
          0.100207        0.010919       -0.221306
          0.070289        0.045773       -0.158255
         -0.018390        0.048594       -0.060393
         -0.052861        0.001358        0.035398
         -0.015072       -0.050545        0.105876
         -0.000049       -0.046506        0.142938
         -0.040435        0.011643        0.123763
         -0.054240        0.051201        0.022128
          0.000319        0.001368       -0.122834
          0.049976       -0.118897       -0.199639
          0.037680       -0.190535       -0.144151
          0.013937       -0.111592       -0.023895
          0.032995        0.067432        0.067524
          0.056258        0.183157        0.147031
          0.032932        0.148772        0.270623
         -0.008102        0.036872        0.374626
         -0.026594       -0.038200        0.330752
         -0.053962       -0.041219        0.149978
         -0.120827       -0.005037       -0.013395
         -0.167656        0.021387       -0.078062
         -0.121052       -0.002239       -0.115986
         -0.013934       -0.068397       -0.181996
          0.055562       -0.104663       -0.206617
          0.054999       -0.055428       -0.129176
          0.031924        0.031420       -0.017163
          0.019772        0.059763        0.037053
          0.009430        0.007169        0.046100
          0.007893       -0.064958        0.060771
          0.038226       -0.092201        0.050341
          0.069148       -0.047489       -0.042019
          0.035965        0.049079       -0.170309
         -0.042059        0.109107       -0.222201
         -0.060331        0.036863       -0.170246
          0.014809       -0.123506       -0.094790
          0.081942       -0.185263       -0.060447
          0.051415       -0.046435       -0.047382
         -0.026531        0.160197       -0.003617
         -0.046438        0.236707        0.095212
          0.003300        0.164018        0.227769
          0.045591        0.072798        0.318642
          0.029889        0.035577        0.273527
         -0.018491        0.010563        0.082976
         -0.047824       -0.031555       -0.126072
         -0.035486       -0.041147       -0.206623
          0.005280        0.022439       -0.154020
          0.048120        0.104450       -0.083799
          0.070238        0.102785       -0.051590
          0.055066       -0.013446        0.004562
          0.000779       -0.164613        0.117432
         -0.063993       -0.240837        0.204616
         -0.091698       -0.197373        0.191734
         -0.062192       -0.068392        0.119169
         -0.009790        0.077390        0.054492
          0.012923        0.177275       -0.013984
         -0.005135        0.203686       -0.120380
         -0.029290        0.176632       -0.222568
         -0.032900        0.131409       -0.238582
         -0.024456        0.073633       -0.155361
         -0.016027       -0.007634       -0.042286
         -0.005668       -0.092236        0.032028
          0.000385       -0.136364        0.046971
         -0.003532       -0.128069        0.011144
          0.009410       -0.097845       -0.037583
          0.059615       -0.070930       -0.028000
          0.099030       -0.043889        0.066306
          0.068196       -0.012776        0.153911
          0.003441        0.012328        0.115467
         -0.006369        0.030580       -0.038475
          0.038115        0.051880       -0.170258
          0.047244        0.062580       -0.169685
         -0.011752        0.027285       -0.057580
         -0.065741       -0.054711        0.057583
         -0.053570       -0.123254        0.095562
         -0.006441       -0.112480        0.066836
          0.029310       -0.025180        0.026586
          0.069537        0.061194        0.007761
          0.125849        0.070058        0.030034
          0.132606        0.005721        0.111021
          0.037318       -0.060294        0.203538
         -0.084860       -0.085593        0.195923
         -0.117246       -0.095437        0.062160
         -0.071669       -0.101998       -0.062420
         -0.059861       -0.055161       -0.050304
         -0.112124        0.058177        0.044107
         -0.138807        0.131604        0.076612
         -0.078572        0.063994        0.014819
          0.017726       -0.069682       -0.056389
          0.077598       -0.095641       -0.085861
          0.097004        0.018579       -0.103834
          0.100951        0.129333       -0.129209
          0.081747        0.140285       -0.125980
          0.025950        0.125672       -0.074777
         -0.041470        0.169534       -0.020237
         -0.083288        0.204081       -0.011526
         -0.091765        0.117438       -0.038251
         -0.077107       -0.051522       -0.061154
         -0.041283       -0.148364       -0.074472
          0.015702       -0.106332       -0.096328
          0.079874       -0.008881       -0.116470
          0.121789        0.044263       -0.097615
          0.108948        0.037736       -0.025080
          0.038287       -0.004782        0.075748
         -0.040423       -0.079721        0.165875
         -0.067545       -0.174238        0.212869
         -0.043104       -0.227988        0.196512
         -0.014546       -0.179545        0.121957
         -0.004182       -0.047535        0.025930
         -0.000224        0.070053       -0.046248
         -0.005697        0.093916       -0.073351
         -0.033064        0.040561       -0.068682
         -0.057017       -0.020237       -0.062737
         -0.035456       -0.058112       -0.072507
          0.020707       -0.085078       -0.081876
          0.055523       -0.088458       -0.057117
          0.049946       -0.038359        0.012927
          0.036896        0.034637        0.098327
          0.028454        0.053769        0.151776
          0.000504        0.012364        0.142606
         -0.035414       -0.002297        0.073009
         -0.030702        0.062345       -0.018247
          0.008692        0.139566       -0.068153
          0.024743        0.134916       -0.033424
          0.015607        0.053994        0.062504
          0.028029       -0.012574        0.142559
          0.038527       -0.006891        0.151323
         -0.019243        0.039529        0.102353
         -0.105896        0.059651        0.036167
         -0.107609        0.025564       -0.035037
         -0.023048       -0.031532       -0.103437
          0.031396       -0.054044       -0.132300
          0.009843       -0.018748       -0.112869
         -0.015475        0.022925       -0.105869
         -0.002079       -0.001661       -0.141949
          0.010094       -0.074590       -0.140398
          0.007496       -0.088527       -0.033063
          0.029843        0.002579        0.096959
          0.069977        0.106045        0.126993
          0.068131        0.119925        0.081206
          0.022882        0.067120        0.065190
          0.002164        0.034133        0.071436
          0.030328        0.044177        0.005410
          0.051571        0.061647       -0.125198
          0.021790        0.064996       -0.199154
         -0.024056        0.047242       -0.159639
         -0.023004       -0.008535       -0.078377
          0.020037       -0.090539       -0.029438
          0.027251       -0.131916       -0.001673
         -0.037870       -0.084360        0.039664
         -0.098083        0.000921        0.081561
         -0.068199        0.019527        0.084885
          0.011893       -0.058116        0.036762
          0.038340       -0.145057       -0.033884
         -0.003069       -0.141389       -0.074716
         -0.042325       -0.053479       -0.052147
         -0.050473        0.023255        0.009323
         -0.059768        0.029618        0.049439
         -0.076445        0.004985        0.049119
         -0.062423        0.018095        0.059131
         -0.005722        0.080910        0.129353
          0.055059        0.148117        0.229559
          0.083353        0.169857        0.270557
          0.077136        0.133254        0.201115
          0.048409        0.069617        0.060038
          0.012951        0.019246       -0.072183
         -0.000169       -0.012381       -0.152388
          0.025201       -0.041150       -0.193729
          0.056088       -0.059368       -0.218852
          0.048318       -0.054587       -0.213182
          0.016955       -0.061380       -0.140569
          0.013321       -0.122111       -0.012756
          0.036400       -0.195822        0.083096
          0.031284       -0.185408        0.070853
         -0.020928       -0.070902       -0.010260
         -0.073217        0.053734       -0.046010
         -0.082200        0.096011        0.006686
         -0.056290        0.059102        0.074442
         -0.023450        0.004001        0.070239
          0.005468       -0.030364       -0.018385
          0.025499       -0.043979       -0.143293
          0.024774       -0.043150       -0.241697
          0.005473       -0.018825       -0.268173
         -0.005178        0.038419       -0.221449
          0.012408        0.108962       -0.135337
          0.040077        0.148911       -0.027862
          0.040997        0.133347        0.108062
         -0.000802        0.075448        0.242590
         -0.066043       -0.000532        0.288352
         -0.113580       -0.071183        0.196800
         -0.108997       -0.097290        0.051750
         -0.054422       -0.049078        0.002978
          0.009959        0.033767        0.097798
          0.042635        0.058166        0.229790
          0.036934       -0.018781        0.273771
          0.015357       -0.136066        0.218642
         -0.005093       -0.193899        0.130192
         -0.024580       -0.144519        0.039220
         -0.035425       -0.018628       -0.062916
         -0.016594        0.103021       -0.149935
          0.025603        0.145945       -0.167287
          0.046254        0.103714       -0.116506
          0.024188        0.041425       -0.064189
         -0.000464        0.017089       -0.047622
          0.013785        0.020955       -0.025563
          0.050828        0.015388        0.043705
          0.072017       -0.004744        0.118739
          0.070850       -0.028405        0.127195
          0.060189       -0.062854        0.079377
          0.041434       -0.107831        0.051231
          0.017446       -0.132452        0.052457
          0.003941       -0.115427        0.002917
         -0.002291       -0.071613       -0.132259
         -0.036306       -0.014095       -0.269132
         -0.110567        0.065245       -0.307018
         -0.170359        0.157877       -0.240188
         -0.144869        0.226282       -0.134884
         -0.036368        0.244236       -0.044488
          0.075855        0.215092        0.024302
          0.123081        0.149853        0.088767
          0.108938        0.060247        0.153605
          0.073840       -0.029477        0.196897
          0.033221       -0.093068        0.196619
         -0.014986       -0.126107        0.160681
         -0.050114       -0.139702        0.106892
         -0.049309       -0.128152        0.027278
         -0.032782       -0.066758       -0.084069
         -0.033508        0.037036       -0.174547
         -0.038224        0.111600       -0.165242
         -0.016073        0.089189       -0.058116
          0.015725        0.007103        0.040780
          0.017087       -0.017542        0.038965
         -0.005344        0.064601       -0.035230
         -0.012597        0.163945       -0.079829
          0.004311        0.156619       -0.051731
          0.026564        0.023522       -0.007016
          0.046441       -0.136216       -0.014049
          0.061544       -0.206575       -0.075750
          0.058204       -0.161407       -0.146889
          0.034910       -0.083871       -0.178538
          0.012135       -0.074476       -0.135176
         -0.006813       -0.137164       -0.028021
         -0.046846       -0.178519        0.054181
         -0.104551       -0.122152        0.020328
         -0.121178        0.005348       -0.090315
         -0.053128        0.109470       -0.126148
          0.058333        0.125776       -0.013762
          0.129138        0.073850        0.141514
          0.123945        0.022829        0.196842
          0.068213        0.012302        0.147826
         -0.006471        0.019501        0.097846
         -0.080571        0.006939        0.102490
         -0.125057       -0.025034        0.119845
         -0.114553       -0.051880        0.091723
         -0.064408       -0.061756        0.011907
         -0.017299       -0.050254       -0.079439
          0.005774       -0.004076       -0.132841
          0.010224        0.074384       -0.125854
         -0.002650        0.141261       -0.073672
         -0.028300        0.145459        0.000081
         -0.032348        0.085999        0.079029
          0.016784        0.009327        0.123275
          0.088315       -0.046947        0.079187
          0.112147       -0.080209       -0.030905
          0.069971       -0.096290       -0.088637
          0.018032       -0.093365       -0.018656
          0.005929       -0.078705        0.101988
          0.016802       -0.065400        0.146383
          0.011650       -0.043481        0.104398
         -0.004177        0.009462        0.066370
          0.003689        0.080125        0.074694
          0.032328        0.119389        0.082441
          0.032171        0.101131        0.051799
         -0.023379        0.048216        0.009802
         -0.090634       -0.005253       -0.007591
         -0.109222       -0.040370       -0.002881
         -0.080365       -0.039687        0.007567
         -0.048977        0.002862        0.013204
         -0.029560        0.044214       -0.008563
         -0.006192        0.020309       -0.078275
          0.014267       -0.060721       -0.165328
          0.016397       -0.110602       -0.202029
          0.027618       -0.080515       -0.165172
          0.083670       -0.024409       -0.094276
          0.151654       -0.000438       -0.015972
          0.156043        0.014075        0.082316
          0.080187        0.049122        0.179198
         -0.015617        0.063816        0.198357
         -0.075518        0.022111        0.108479
         -0.096847       -0.019756       -0.018538
         -0.099656        0.011273       -0.099517
         -0.092623        0.089831       -0.135732
         -0.072161        0.132850       -0.164871
         -0.028614        0.119609       -0.171822
          0.040574        0.095726       -0.115973
          0.108785        0.081159       -0.010549
          0.131539        0.048427        0.092070
          0.096832       -0.010541        0.164400
          0.042094       -0.062535        0.196913
          0.005383       -0.093891        0.169441
         -0.017153       -0.134580        0.091551
         -0.048113       -0.190065        0.026046
         -0.083680       -0.204090        0.008448
         -0.094810       -0.137545       -0.008476
         -0.067702       -0.036594       -0.065632
         -0.023572        0.031038       -0.110176
          0.006853        0.059081       -0.075500
          0.014047        0.068414        0.003226
          0.005616        0.049077        0.042288
         -0.011485        0.002401        0.034735
         -0.025847       -0.014367        0.028073
         -0.016292        0.041724        0.016849
          0.018555        0.123902       -0.037293
          0.041613        0.152608       -0.106541
          0.026929        0.115847       -0.122189
          0.007927        0.060525       -0.080514
          0.023340        0.013883       -0.033677
          0.039992       -0.031817        0.000743
          0.003058       -0.072602        0.036957
         -0.058032       -0.083575        0.053826
         -0.062371       -0.058265        0.015496
         -0.005194       -0.017632       -0.052289
          0.037769        0.026276       -0.082828
          0.032846        0.078473       -0.066546
          0.028635        0.121419       -0.054478
          0.058793        0.110050       -0.050938
          0.080632        0.035610        0.008812
          0.046053       -0.043081        0.131682
         -0.020245       -0.073029        0.211301
         -0.058084       -0.077675        0.170803
         -0.051315       -0.101375        0.077129
         -0.026182       -0.116732        0.029564
         -0.000929       -0.063227        0.012600
          0.018377        0.037766       -0.041852
          0.018760        0.094600       -0.106210
         -0.002116        0.076364       -0.085660
         -0.023466        0.045417        0.020546
         -0.034084        0.044007        0.089514
         -0.046672        0.034776        0.036115
         -0.062660       -0.018134       -0.069481
         -0.062657       -0.084666       -0.103333
         -0.044231       -0.119099       -0.057828
         -0.027975       -0.116497       -0.027976
         -0.019419       -0.092032       -0.052836
         -0.002017       -0.052111       -0.072191
          0.031827       -0.009964       -0.045803
          0.070210        0.006482       -0.015256
          0.094067       -0.014450       -0.019466
          0.085775       -0.045964       -0.030389
          0.046388       -0.045104       -0.010414
          0.011343        0.002722        0.022448
          0.017823        0.062089        0.025870
          0.051110        0.080319        0.000335
          0.058675        0.049834       -0.012874
          0.023370        0.018403        0.001354
         -0.015275        0.022157        0.003528
         -0.025460        0.037540       -0.034429
         -0.032844        0.025554       -0.065165
         -0.076804       -0.008305       -0.022951
         -0.135927       -0.032531        0.070868
         -0.138300       -0.038773        0.128283
         -0.056412       -0.034248        0.119005
          0.041528       -0.009504        0.101521
          0.064621        0.043362        0.117365
          0.005471        0.093910        0.124782
         -0.063552        0.099163        0.070651
         -0.091013        0.067360       -0.021548
         -0.092661        0.054509       -0.077907
         -0.086990        0.082608       -0.063956
         -0.045031        0.100185       -0.011835
          0.052416        0.054864        0.031773
          0.151421       -0.028120        0.049907
          0.178318       -0.087137        0.042980
          0.135205       -0.120168        0.006131
          0.085872       -0.173897       -0.052609
          0.060177       -0.241524       -0.089786
          0.030831       -0.249759       -0.065581
         -0.017432       -0.167863       -0.006451
         -0.053142       -0.054190        0.017644
         -0.047264        0.035140       -0.009434
         -0.017850        0.105499       -0.023868
         -0.006095        0.158843        0.023869
         -0.026835        0.159654        0.091494
         -0.055279        0.114211        0.096295
         -0.056114        0.097371        0.024396
         -0.022226        0.141732       -0.043726
          0.016751        0.173347       -0.028179
          0.030669        0.116758        0.043125
          0.026444        0.004669        0.057399
          0.030988       -0.072259       -0.038274
          0.043779       -0.079029       -0.159143
          0.036566       -0.051857       -0.188895
          0.002366       -0.036029       -0.122877
         -0.027337       -0.049098       -0.047692
         -0.025463       -0.081578       -0.007962
         -0.002525       -0.105155        0.029024
          0.016220       -0.094222        0.078108
          0.022250       -0.049651        0.090590
          0.018220        0.009080        0.038006
          0.004033        0.064822       -0.024786
         -0.015564        0.099325       -0.030651
         -0.027189        0.090213        0.010192
         -0.025591        0.033772        0.038425
         -0.021023       -0.044813        0.028005
         -0.022746       -0.110476       -0.003646
         -0.027761       -0.129237       -0.038594
         -0.028201       -0.077085       -0.066842
         -0.015281        0.025408       -0.065685
          0.020734        0.107794       -0.008013
          0.070430        0.120690        0.100587
          0.088420        0.089665        0.201929
          0.034847        0.060484        0.214441
         -0.055950        0.025491        0.104749
         -0.091726       -0.042443       -0.062019
         -0.034785       -0.110602       -0.171829
          0.041942       -0.109245       -0.180389
          0.051071       -0.033970       -0.151381
          0.003833        0.035174       -0.151429
         -0.027331        0.037417       -0.149175
         -0.021803        0.006703       -0.070886
         -0.013888        0.009447        0.069909
         -0.008612        0.043324        0.164503
          0.021975        0.048388        0.136053
          0.064925        0.003513        0.025723
          0.068585       -0.042888       -0.065918
          0.026071       -0.042727       -0.089805
         -0.011386       -0.002232       -0.073487
         -0.015210        0.045892       -0.056058
         -0.013281        0.083223       -0.040720
         -0.031462        0.100562       -0.020324
         -0.054558        0.086717       -0.011300
         -0.057386        0.045857       -0.029481
         -0.034958        0.004511       -0.049523
          0.001496       -0.017725       -0.025181
          0.030906       -0.030162        0.048598
          0.034412       -0.050320        0.122258
          0.020100       -0.073596        0.149450
          0.014749       -0.078389        0.137692
          0.020416       -0.056455        0.128377
          0.014686       -0.024775        0.139348
          0.002183       -0.007643        0.143055
          0.014939       -0.019459        0.101669
          0.045651       -0.062467        0.017382
          0.039756       -0.118816       -0.058793
         -0.017324       -0.144231       -0.078825
         -0.061892       -0.102661       -0.055170
         -0.040723       -0.014759       -0.038863
          0.007340        0.062032       -0.038958
          0.006315        0.102925       -0.017375
         -0.046220        0.121467        0.022116
         -0.073833        0.111678        0.019314
         -0.026205        0.051619       -0.034327
          0.054793       -0.026844       -0.062995
          0.094705       -0.047419       -0.024234
          0.076548        0.006293        0.032527
          0.034713        0.064205        0.059795
         -0.010294        0.074375        0.065686
         -0.056352        0.064161        0.049263
         -0.080727        0.063326       -0.009427
         -0.063377        0.040219       -0.072365
         -0.036843       -0.031546       -0.067909
         -0.046235       -0.103953       -0.016440
         -0.074731       -0.117824       -0.023393
         -0.073159       -0.092215       -0.113796
         -0.039576       -0.083921       -0.169534
         -0.008151       -0.087469       -0.080375
          0.011512       -0.043683        0.106854
          0.031817        0.061176        0.243552
          0.053881        0.161883        0.251768
          0.072300        0.188857        0.185695
          0.084731        0.140713        0.122327
          0.079926        0.066391        0.054926
          0.047209       -0.003161       -0.058216
          0.006323       -0.075724       -0.186197
         -0.004200       -0.149702       -0.245893
          0.020778       -0.180989       -0.214351
          0.040543       -0.127106       -0.143064
          0.023301       -0.010599       -0.066383
         -0.012996        0.088485        0.025807
         -0.036687        0.105566        0.120987
         -0.050175        0.052367        0.164317
         -0.065581        0.007985        0.126714
         -0.062533        0.037984        0.046986
         -0.023821        0.111938       -0.011441
          0.012367        0.129215       -0.025102
          0.002463        0.049058       -0.025722
         -0.022612       -0.046551       -0.058041
         -0.003784       -0.059451       -0.122362
          0.042276       -0.001330       -0.165663
          0.050794        0.038790       -0.143783
          0.019191        0.016930       -0.084991
          0.000012       -0.033310       -0.060386
          0.002753       -0.068473       -0.081306
         -0.008451       -0.080078       -0.069855
         -0.033415       -0.074940        0.027822
         -0.031886       -0.054489        0.141796
          0.006577       -0.027159        0.162420
          0.047923       -0.016930        0.093443
          0.061212       -0.038959        0.035467
          0.042092       -0.072055        0.037844
          0.000316       -0.075444        0.059473
         -0.048907       -0.039569        0.062486
         -0.086517        0.002182        0.050271
         -0.095025        0.030197        0.018061
         -0.066235        0.077064       -0.044761
         -0.009986        0.168345       -0.099298
          0.049142        0.245829       -0.082100
          0.094410        0.208718        0.000432
          0.124737        0.040290        0.062149
          0.131645       -0.149351        0.041320
          0.094843       -0.226396       -0.027297
          0.016903       -0.158699       -0.064945
         -0.061915       -0.029605       -0.039257
         -0.098341        0.052508        0.024095
         -0.082647        0.044140        0.089109
         -0.041005       -0.019118        0.128311
         -0.013886       -0.072979        0.114647
         -0.024185       -0.080854        0.044920
         -0.054505       -0.051968       -0.035831
         -0.065567       -0.016151       -0.080621
         -0.044912        0.014518       -0.102993
         -0.019689        0.051661       -0.142058
         -0.009933        0.094963       -0.175663
          0.003013        0.110016       -0.134791
          0.035881        0.065150       -0.014548
          0.061218       -0.017289        0.091911
          0.045000       -0.069781        0.102826
          0.002581       -0.042553        0.049090
         -0.022784        0.048959        0.024304
         -0.014890        0.132204        0.059774
          0.014455        0.131485        0.099679
          0.050417        0.036439        0.089272
          0.071738       -0.070868        0.031379
          0.055061       -0.083600       -0.044240
          0.010971        0.010685       -0.107005
         -0.014758        0.102243       -0.113328
         -0.000572        0.083244       -0.032697
          0.020568       -0.022456        0.093109
          0.013476       -0.097915        0.170583
         -0.010687       -0.084094        0.156672
         -0.025411       -0.033069        0.097747
         -0.032369       -0.013992        0.053061
         -0.042480       -0.034092        0.024737
         -0.046655       -0.069044       -0.017325
         -0.033450       -0.107927       -0.077166
         -0.008590       -0.137357       -0.124231
          0.018144       -0.129371       -0.132920
          0.041270       -0.078964       -0.116218
          0.053088       -0.022449       -0.106445
          0.049695        0.007912       -0.101815
          0.038068        0.023267       -0.066575
          0.026609        0.049733       -0.002093
          0.020279        0.082401        0.033906
          0.021216        0.094665        0.015537
          0.015959        0.082304       -0.003360
         -0.018005        0.072028        0.023528
         -0.067488        0.084256        0.065422
         -0.080325        0.103197        0.083339
         -0.039227        0.092012        0.096456
          0.005931        0.033542        0.124938
          0.012951       -0.052522        0.138061
          0.001202       -0.132421        0.111515
         -0.000267       -0.181872        0.069622
          0.002112       -0.182928        0.028260
          0.004213       -0.126958       -0.035778
          0.024565       -0.039545       -0.117962
          0.054139        0.027733       -0.155142
          0.046814        0.056694       -0.107472
         -0.004674        0.086069       -0.018072
         -0.042774        0.147773        0.048609
         -0.033217        0.207207        0.075777
         -0.016992        0.200213        0.065532
         -0.029753        0.112568        0.003643
         -0.034917       -0.003398       -0.095287
          0.006264       -0.081200       -0.160741
          0.057564       -0.095181       -0.141094
          0.063914       -0.072484       -0.069587
          0.036085       -0.056300       -0.013399
          0.016885       -0.053945        0.007753
          0.003225       -0.031413        0.015164
         -0.034773        0.030006        0.018025
         -0.085961        0.088083        0.008496
         -0.110422        0.077042       -0.008962
         -0.101094       -0.007887       -0.016801
         -0.079315       -0.087926       -0.003979
         -0.045461       -0.082822        0.033360
          0.013222       -0.004725        0.096036
          0.079815        0.058726        0.165131
          0.122410        0.055706        0.195487
          0.135786        0.025852        0.153759
          0.126125        0.026216        0.061149
          0.081268        0.044437       -0.021271
          0.000436        0.027698       -0.051155
         -0.074759       -0.032205       -0.037729
         -0.099817       -0.091982       -0.018041
         -0.077055       -0.114860       -0.013435
         -0.042367       -0.092817       -0.016989
         -0.024001       -0.035399       -0.016988
         -0.025991        0.022605       -0.014854
         -0.031289        0.032273       -0.013894
         -0.017771       -0.008211       -0.009977
          0.012543       -0.034362       -0.006515
          0.030312       -0.000623       -0.018771
          0.023953        0.046337       -0.046942
          0.024244        0.031559       -0.064753
          0.051255       -0.030230       -0.053690
          0.064962       -0.041724       -0.034431
          0.019079        0.044392       -0.047761
         -0.055989        0.153920       -0.108262
         -0.084180        0.182438       -0.180552
         -0.050577        0.122686       -0.201712
         -0.016113        0.059730       -0.140492
         -0.020740        0.053064       -0.039707
         -0.030164        0.067341        0.023545
          0.000094        0.034949        0.030853
          0.051869       -0.042597        0.041973
          0.067748       -0.096311        0.100630
          0.027758       -0.089474        0.165158
         -0.026317       -0.061613        0.174493
         -0.045600       -0.052551        0.141302
         -0.032834       -0.047200        0.119911
         -0.025825       -0.036622        0.113018
         -0.032820       -0.061445        0.079997
         -0.022158       -0.133564        0.020914
          0.018166       -0.181394       -0.017091
          0.052152       -0.140694       -0.014942
          0.046165       -0.046130       -0.006955
          0.016667        0.023878       -0.025899
          0.005662        0.045011       -0.063249
          0.025700        0.045138       -0.093597
          0.048377        0.047230       -0.108997
          0.043406        0.049073       -0.109989
          0.013768        0.032670       -0.080758
         -0.016898       -0.016350       -0.005335
         -0.039978       -0.072638        0.091362
         -0.062321       -0.069515        0.150224
         -0.075627        0.021483        0.137557
         -0.056592        0.127168        0.079773
         -0.003440        0.145696        0.031107
          0.055082        0.070317        0.016143
          0.094589       -0.016439        0.007475
          0.114028       -0.054444       -0.038162
          0.112822       -0.048787       -0.118676
          0.077613       -0.019715       -0.172017
          0.008179        0.019036       -0.136757
         -0.066605        0.038589       -0.025318
         -0.117147        0.013298        0.074392
         -0.137723       -0.039171        0.080163
         -0.130412       -0.076532       -0.000855
         -0.093390       -0.080775       -0.083644
         -0.039980       -0.059549       -0.101956
          0.003886       -0.020838       -0.063635
          0.035258        0.022768       -0.003894
          0.070842        0.043719        0.064193
          0.099962        0.023505        0.124015
          0.088112       -0.019999        0.132631
          0.040696       -0.046666        0.072389
          0.013428       -0.031966       -0.004984
          0.038550        0.017566       -0.031914
          0.083334        0.078986       -0.008281
          0.101991        0.130178        0.005502
          0.087900        0.155131       -0.028732
          0.051723        0.149236       -0.084558
         -0.009754        0.126530       -0.112893
         -0.087667        0.107667       -0.097185
         -0.137324        0.091272       -0.056726
         -0.123380        0.052700       -0.014634
         -0.070331       -0.016418        0.024970
         -0.030692       -0.086799        0.073163
         -0.018106       -0.129180        0.131094
         -0.007647       -0.153415        0.172098
          0.011873       -0.180528        0.164435
          0.025791       -0.190624        0.110523
          0.027535       -0.141031        0.042352
          0.026967       -0.040253       -0.016984
          0.025260        0.040349       -0.061382
          0.013666        0.051717       -0.081458
         -0.003516        0.026420       -0.069533
         -0.012606        0.020886       -0.041823
         -0.012202        0.036569       -0.026164
         -0.007160        0.043425       -0.025978
          0.007294        0.045448       -0.019709
          0.032611        0.063756        0.002026
          0.053373        0.077984        0.021569
          0.056158        0.045303        0.020867
          0.044669       -0.032019        0.002352
          0.023064       -0.106871       -0.020100
         -0.012534       -0.147044       -0.034687
         -0.052919       -0.154122       -0.041014
         -0.070753       -0.130169       -0.057569
         -0.051900       -0.064909       -0.098459
         -0.013529        0.036208       -0.129685
          0.017843        0.132941       -0.089201
          0.027516        0.173790        0.022308
          0.008671        0.142786        0.115596
         -0.035661        0.084984        0.115315
         -0.078215        0.075690        0.046767
         -0.083422        0.143327       -0.017485
         -0.051357        0.221337       -0.049799
         -0.021698        0.207299       -0.060698
         -0.022033        0.086073       -0.051490
         -0.034779       -0.040318       -0.029750
         -0.026030       -0.075006       -0.025819
          0.011334       -0.042235       -0.039619
          0.052033       -0.037751       -0.020010
          0.064871       -0.095806        0.050954
          0.040623       -0.160619        0.110223
         -0.001920       -0.171041        0.106874
         -0.035994       -0.121702        0.084654
         -0.049213       -0.050602        0.107960
         -0.041997       -0.007047        0.156901
         -0.014126       -0.023007        0.164939
          0.030764       -0.085102        0.121499
          0.071849       -0.139777        0.063784
          0.082699       -0.141180       -0.006897
          0.060149       -0.087183       -0.116838
          0.029239       -0.009112       -0.230896
          0.017053        0.056055       -0.257408
          0.027957        0.085169       -0.166565
          0.044309        0.081906       -0.034692
          0.048052        0.072018        0.059198
          0.036976        0.073219        0.115933
          0.015855        0.077178        0.159947
         -0.015337        0.072324        0.168893
         -0.048551        0.065046        0.116033
         -0.061437        0.059217        0.033097
         -0.049061        0.038000       -0.029134
         -0.040413       -0.007993       -0.069756
         -0.054287       -0.055376       -0.115741
         -0.065636       -0.078137       -0.157703
         -0.049573       -0.084908       -0.154655
         -0.026105       -0.096572       -0.090570
         -0.018545       -0.098192        0.003347
         -0.001894       -0.048914        0.076798
          0.054385        0.052361        0.101535
          0.119842        0.142048        0.092835
          0.134866        0.157625        0.086789
          0.091883        0.108715        0.091203
          0.037580        0.051837        0.079189
          0.004582        0.011570        0.037431
         -0.019967       -0.031168       -0.013669
         -0.056102       -0.079310       -0.058662
         -0.088765       -0.096670       -0.105411
         -0.082672       -0.059835       -0.149042
         -0.034459       -0.001311       -0.154027
          0.013134        0.022299       -0.093237
          0.019000       -0.005158        0.011381
         -0.013633       -0.042374        0.098237
         -0.051122       -0.037081        0.116408
         -0.065031        0.018530        0.069567
         -0.047280        0.080531        0.005532
         -0.011125        0.097574       -0.037851
          0.018501        0.058409       -0.057385
          0.031415       -0.005216       -0.057836
          0.043891       -0.054128       -0.040202
          0.067310       -0.069076       -0.024174
          0.079094       -0.051305       -0.036497
          0.052684       -0.018878       -0.062370
          0.005044       -0.001046       -0.052292
         -0.022128       -0.011416        0.005419
         -0.021307       -0.028023        0.056957
         -0.017275       -0.023610        0.046740
         -0.014900       -0.003343       -0.016806
          0.001038        0.018042       -0.074296
          0.020369        0.052305       -0.080281
          0.012690        0.104419       -0.045253
         -0.024892        0.126733       -0.016313
         -0.062099        0.065839       -0.018491
         -0.071032       -0.051863       -0.021516
         -0.048853       -0.133685        0.020885
         -0.018544       -0.121718        0.100157
         -0.008707       -0.042632        0.148891
         -0.015280        0.038267        0.121264
          0.000449        0.071413        0.050578
          0.052655        0.036280        0.003566
          0.097834       -0.049911       -0.000453
          0.090755       -0.129684        0.003765
          0.045174       -0.153460       -0.010456
          0.006576       -0.132734       -0.023148
         -0.010000       -0.107292       -0.000816
         -0.019506       -0.075228        0.046607
         -0.024699       -0.010124        0.067785
         -0.015866        0.071451        0.038214
         -0.001479        0.126454       -0.003950
          0.004097        0.150733       -0.016660
          0.014393        0.158378       -0.014643
          0.044990        0.125638       -0.030389
          0.065402        0.040219       -0.048276
          0.032886       -0.026077       -0.031340
         -0.033477        0.003580        0.009295
         -0.069137        0.080672        0.026708
         -0.050010        0.086439        0.009190
         -0.012871        0.006575       -0.008394
          0.004116       -0.053664       -0.000603
         -0.001266       -0.029829        0.020870
         -0.013304        0.023643        0.033920
         -0.021083        0.031579        0.024501
         -0.023458       -0.004534       -0.017440
         -0.027355       -0.032591       -0.079017
         -0.036905       -0.019376       -0.104997
         -0.041325        0.028897       -0.051022
         -0.027199        0.079921        0.035654
         -0.001517        0.092458        0.049256
          0.016139        0.046843       -0.035748
          0.020003       -0.026831       -0.117259
          0.016760       -0.070375       -0.094151
          0.009396       -0.059118        0.012643
          0.006279       -0.025959        0.113502
          0.027522       -0.017302        0.168125
          0.071106       -0.045544        0.188779
          0.093432       -0.091847        0.174325
          0.061325       -0.129436        0.115052
          0.005816       -0.133524        0.036841
         -0.016650       -0.096092       -0.021556
         -0.003445       -0.042246       -0.058605
         -0.001654       -0.005780       -0.094526
         -0.029498        0.015407       -0.126745
         -0.051713        0.048675       -0.135147
         -0.044863        0.092502       -0.113629
         -0.036469        0.111051       -0.074209
         -0.048209        0.087129       -0.036438
         -0.047200        0.045556       -0.020631
         -0.004403        0.015880       -0.028350
          0.037712        0.001016       -0.027283
          0.024605       -0.008040        0.015260
         -0.011859       -0.011925        0.081158
          0.001615       -0.008543        0.115511
          0.053591        0.000834        0.096201
          0.063111        0.018636        0.055801
          0.016103        0.044219        0.027670
         -0.015130        0.055064        0.009607
          0.004864        0.021601       -0.004188
          0.027669       -0.044529        0.000980
          0.009259       -0.082832        0.024570
         -0.034131       -0.050317        0.032121
         -0.067063        0.023023        0.006404
         -0.071030        0.073943       -0.022552
         -0.040690        0.081343       -0.031870
          0.007686        0.065966       -0.041707
          0.033300        0.037633       -0.060341
          0.017279       -0.008458       -0.053297
         -0.002984       -0.057010       -0.013092
          0.015418       -0.082169        0.003196
          0.053430       -0.084655       -0.042315
          0.056054       -0.083547       -0.106513
          0.016264       -0.081359       -0.135448
         -0.011894       -0.065423       -0.135955
          0.007553       -0.033215       -0.131716
          0.039168        0.002832       -0.109553
          0.030424        0.025522       -0.056872
         -0.008852        0.020902        0.002834
         -0.028279       -0.008338        0.054342
         -0.022554       -0.035197        0.117949
         -0.033478       -0.031836        0.192301
         -0.065191       -0.002219        0.220971
         -0.064244        0.022487        0.164968
         -0.005777        0.020441        0.072367
          0.056377        0.003755        0.021810
          0.061233        0.009053        0.017932
          0.023832        0.059356        0.004587
          0.003718        0.128127       -0.026971
          0.014336        0.157653       -0.024027
          0.016171        0.127219        0.019382
         -0.009290        0.075845        0.035167
         -0.036500        0.038565        0.002996
         -0.048301        0.001233        0.001718
         -0.055193       -0.051778        0.076011
         -0.057287       -0.093342        0.141055
         -0.038915       -0.098190        0.099603
         -0.005051       -0.087022       -0.012880
          0.020961       -0.084213       -0.081357
          0.034042       -0.076030       -0.067064
          0.045429       -0.052806       -0.033049
          0.053481       -0.045914       -0.031044
          0.047186       -0.074363       -0.036927
          0.026822       -0.094911       -0.015178
          0.000142       -0.056650        0.012191
         -0.026361        0.023533        0.002720
         -0.041421        0.085929       -0.039527
         -0.035737        0.106358       -0.079973
         -0.020570        0.108688       -0.104673
         -0.015111        0.113625       -0.112634
         -0.014266        0.110622       -0.093606
          0.002653        0.079648       -0.054852
          0.032890        0.022652       -0.029214
          0.051893       -0.031092       -0.023076
          0.050697       -0.053661       -0.006000
          0.037632       -0.052118        0.023196
          0.010291       -0.056734        0.023325
         -0.033774       -0.072942       -0.012058
         -0.067065       -0.073746       -0.033591
         -0.059989       -0.046866       -0.016832
         -0.031866       -0.013089        0.005665
         -0.023920        0.013578        0.015872
         -0.028864        0.045297        0.042340
         -0.004169        0.085240        0.093461
          0.046866        0.109230        0.124451
          0.068397        0.098012        0.102453
          0.036874        0.057431        0.053524
         -0.002729       -0.001279        0.018212
         -0.006836       -0.067116       -0.000139
          0.007386       -0.111994       -0.020875
          0.002982       -0.109264       -0.046622
         -0.015517       -0.073300       -0.056934
         -0.021601       -0.038628       -0.033742
         -0.017795       -0.004056        0.014381
         -0.021245        0.052025        0.058203
         -0.019602        0.107407        0.079132
          0.009540        0.106599        0.082751
          0.047451        0.040692        0.076606
          0.050604       -0.031580        0.052123
          0.015471       -0.051601        0.000863
         -0.015156       -0.019257       -0.059934
         -0.014099        0.019486       -0.090691
         -0.000171        0.024597       -0.067851
          0.002753       -0.000707       -0.019242
          0.000070       -0.021468       -0.002833
          0.001641       -0.018461       -0.041431
         -0.002174       -0.008032       -0.100172
         -0.013491       -0.007116       -0.133786
         -0.008231       -0.004872       -0.125061
          0.024977        0.014403       -0.076834
          0.056782        0.043310       -0.008708
          0.058662        0.058673        0.038949
          0.043060        0.038179        0.043674
          0.032089       -0.026016        0.038672
          0.017352       -0.103306        0.065624
         -0.015631       -0.128064        0.102726
         -0.049276       -0.066761        0.093933
         -0.054281        0.026619        0.040896
         -0.032951        0.062581        0.008003
         -0.016905        0.021316        0.029326
         -0.027456       -0.028715        0.057667
         -0.049864       -0.017820        0.028451
         -0.047877        0.049602       -0.050341
         -0.008924        0.111202       -0.100934
          0.029188        0.113425       -0.068606
          0.019204        0.053036        0.012411
         -0.028149       -0.031815        0.062222
         -0.051453       -0.098600        0.049429
         -0.020403       -0.127264        0.018097
          0.026920       -0.114848        0.022497
          0.043287       -0.062022        0.056068
          0.032915        0.013143        0.060536
          0.027866        0.063724        0.004544
          0.031712        0.057972       -0.066844
          0.022312        0.028976       -0.082830
         -0.001775        0.030489       -0.036017
         -0.017113        0.048391        0.012084
         -0.017896        0.022316        0.013419
         -0.022919       -0.041120       -0.017354
         -0.032816       -0.058466       -0.045873
         -0.021365        0.002075       -0.067972
          0.016722        0.062609       -0.087104
          0.047031        0.046760       -0.076478
          0.042355       -0.024700       -0.011260
          0.018947       -0.096633        0.078240
          0.006257       -0.161496        0.135688
          0.001198       -0.215102        0.150954
         -0.020852       -0.202404        0.151511
         -0.055510       -0.092502        0.135041
         -0.062329        0.039388        0.075587
         -0.019823        0.092170       -0.007306
          0.041150        0.074258       -0.054090
          0.076317        0.076993       -0.047650
          0.074564        0.129786       -0.032794
          0.050372        0.167959       -0.044004
          0.017505        0.147352       -0.062408
         -0.012939        0.107622       -0.057843
         -0.031487        0.097457       -0.036628
         -0.040521        0.103959       -0.028139
         -0.048052        0.090026       -0.042623
         -0.049766        0.052609       -0.061566
         -0.038544        0.010780       -0.065748
         -0.026292       -0.027670       -0.055557
         -0.029701       -0.058447       -0.042088
         -0.040206       -0.067262       -0.038443
         -0.033128       -0.049419       -0.058973
         -0.000072       -0.023117       -0.095390
          0.046243       -0.005357       -0.099772
          0.086374        0.005225       -0.040640
          0.097190        0.008268        0.031865
          0.062141       -0.006656        0.040163
          0.000861       -0.029509       -0.007961
         -0.034505       -0.025561       -0.030549
         -0.018256        0.010622        0.007845
          0.016142        0.031920        0.056614
          0.024079        0.001637        0.063491
          0.002464       -0.054847        0.034628
         -0.025159       -0.095300        0.000025
         -0.043654       -0.121576       -0.024673
         -0.046263       -0.155279       -0.023165
         -0.027950       -0.181571        0.025914
          0.003246       -0.162122        0.108436
          0.026517       -0.092653        0.163404
          0.029431       -0.010747        0.145394
          0.016955        0.054189        0.081351
         -0.002189        0.110770        0.038156
         -0.025347        0.175041        0.042153
         -0.047105        0.229304        0.055604
         -0.051400        0.233421        0.035686
         -0.027325        0.175351       -0.006543
          0.008296        0.090764       -0.026301
          0.024622        0.024291       -0.010573
          0.018732       -0.015203        0.010021
          0.016850       -0.049150        0.013736
          0.024566       -0.086850        0.011925
          0.014723       -0.105290        0.011545
         -0.017135       -0.081557       -0.004087
         -0.031869       -0.035755       -0.037755
         -0.009317       -0.013841       -0.059642
          0.015422       -0.022142       -0.053400
          0.012736       -0.017934       -0.051264
          0.009295        0.013944       -0.087222
          0.036676        0.021799       -0.131113
          0.071092       -0.035763       -0.114412
          0.072132       -0.115127       -0.027022
          0.046861       -0.142868        0.056777
          0.024713       -0.115163        0.071463
         -0.000400       -0.083847        0.037837
         -0.046567       -0.063921        0.014266
         -0.087547       -0.019784        0.009421
         -0.081138        0.059408       -0.010826
         -0.038854        0.130019       -0.055393
         -0.009463        0.150334       -0.092998
         -0.004783        0.123951       -0.094140
          0.002017        0.079171       -0.056035
          0.015430        0.042214        0.004341
          0.013913        0.036063        0.058496
          0.001744        0.066610        0.078869
          0.006770        0.097420        0.064105
          0.025167        0.072563        0.045028
          0.021011       -0.017303        0.049602
         -0.013614       -0.115435        0.067253
         -0.043511       -0.158119        0.062704
         -0.042077       -0.131619        0.023841
         -0.020154       -0.065195       -0.018905
          0.001883        0.001459       -0.026584
          0.018191        0.033164        0.006224
          0.029246        0.014826        0.052477
          0.034012       -0.029773        0.084527
          0.030889       -0.058504        0.090292
          0.013282       -0.061584        0.067857
         -0.023073       -0.067758        0.025475
         -0.057997       -0.091756       -0.015215
         -0.057611       -0.100768       -0.034381
         -0.022653       -0.046910       -0.034384
          0.003860        0.074670       -0.033711
         -0.003341        0.201265       -0.040695
         -0.015636        0.242154       -0.044826
          0.001123        0.166663       -0.038100
          0.031680        0.051113       -0.032735
          0.036474        0.000035       -0.043602
          0.013059        0.019182       -0.059333
         -0.000405        0.018615       -0.050770
          0.020669       -0.049841       -0.010823
          0.054370       -0.123343        0.029925
          0.059508       -0.121761        0.034273
          0.021723       -0.049342       -0.002011
         -0.035569        0.033029       -0.047131
         -0.076225        0.085495       -0.069355
         -0.076129        0.100408       -0.070320
         -0.033047        0.078203       -0.074123
          0.028488        0.033124       -0.087510
          0.067175       -0.003424       -0.089140
          0.062202       -0.016187       -0.064003
          0.037519       -0.023018       -0.029699
          0.028502       -0.039340       -0.012343
          0.034275       -0.050461       -0.006140
          0.029124       -0.040331        0.022134
          0.009159       -0.022866        0.083472
         -0.004689       -0.017547        0.137594
         -0.004602       -0.013748        0.132900
         -0.006981        0.008335        0.074319
         -0.023638        0.034797        0.026555
         -0.042559        0.034131        0.036093
         -0.044024        0.012640        0.074784
         -0.026668        0.013708        0.085205
         -0.011227        0.053275        0.057151
         -0.018218        0.089942        0.024222
         -0.043792        0.073326        0.005856
         -0.061715       -0.000841       -0.006041
         -0.051917       -0.089795       -0.018385
         -0.023043       -0.137267       -0.033232
         -0.000167       -0.112994       -0.056059
          0.008597       -0.045182       -0.075204
          0.021009       -0.004465       -0.060134
          0.048129       -0.026442       -0.014790
          0.068769       -0.062829        0.004156
          0.058833       -0.042633       -0.034132
          0.031624        0.030066       -0.076379
          0.016515        0.079228       -0.058644
          0.012227        0.059564       -0.005513
          0.000156        0.015901        0.004898
         -0.013066        0.014854       -0.043466
         -0.010020        0.046230       -0.085760
         -0.002601        0.040985       -0.071114
         -0.013425       -0.018478       -0.020240
         -0.030170       -0.065908        0.024702
         -0.019500       -0.048187        0.060334
          0.019483        0.001625        0.103667
          0.050693        0.023893        0.143618
          0.050794        0.018422        0.148788
          0.033287        0.024373        0.117990
          0.016386        0.044598        0.089423
         -0.003175        0.040850        0.087041
         -0.029183       -0.001899        0.083604
         -0.046536       -0.046230        0.042789
         -0.045195       -0.048165       -0.017942
         -0.042330       -0.010785       -0.042246
         -0.055054        0.024164       -0.013377
         -0.065533        0.029794        0.015864
         -0.043087        0.019868       -0.010934
          0.003045        0.016839       -0.077957
          0.027748        0.014438       -0.114761
          0.016685       -0.007174       -0.087194
          0.011512       -0.039618       -0.038298
          0.044345       -0.049246       -0.023690
          0.083619       -0.024668       -0.040974
          0.080063        0.003726       -0.054933
          0.034406       -0.001542       -0.059954
         -0.017109       -0.046892       -0.071632
         -0.053071       -0.103153       -0.079985
         -0.068220       -0.126441       -0.061398
         -0.056546       -0.093959       -0.023862
         -0.025243       -0.031722        0.005543
          0.000404        0.009609        0.027511
          0.006916        0.015640        0.059912
          0.007185        0.020054        0.090678
          0.018429        0.047406        0.092061
          0.041456        0.078559        0.076661
          0.059782        0.087977        0.083236
          0.052869        0.080687        0.104746
          0.020149        0.071535        0.087455
         -0.010499        0.057177        0.011562
         -0.014369        0.031814       -0.074900
         -0.003455        0.008998       -0.114121
         -0.008274        0.005134       -0.098055
         -0.030820        0.014024       -0.064061
         -0.039934        0.015468       -0.050034
         -0.020957        0.003175       -0.054785
         -0.005720       -0.006935       -0.038800
         -0.027823        0.002983        0.028275
         -0.064921        0.024191        0.124650
         -0.064243        0.018800        0.193286
         -0.017933       -0.036025        0.194870
          0.030440       -0.100690        0.132316
          0.051436       -0.103929        0.035484
          0.056845       -0.035627       -0.061203
          0.059864        0.032223       -0.132656
          0.050274        0.044229       -0.170111
          0.018583        0.033757       -0.180631
         -0.022470        0.054371       -0.180643
         -0.048434        0.087548       -0.181442
         -0.043691        0.080514       -0.169753
         -0.014477        0.042794       -0.115649
          0.012722        0.032226       -0.019907
          0.015536        0.052955        0.066631
          0.000936        0.039484        0.101589
         -0.008731       -0.037294        0.104494
         -0.012587       -0.108803        0.112955
         -0.026740       -0.099736        0.116085
         -0.041138       -0.039792        0.084549
         -0.021511       -0.021584        0.039804
          0.030445       -0.065652        0.029956
          0.064066       -0.097233        0.051577
          0.051882       -0.059595        0.055251
          0.028622        0.015104        0.020948
          0.028474        0.065783       -0.022602
          0.031097        0.079245       -0.048231
          0.006224        0.078896       -0.058609
         -0.029459        0.074512       -0.063588
         -0.039504        0.057391       -0.056721
         -0.024518        0.027362       -0.023145
         -0.016973       -0.006083        0.033719
         -0.031614       -0.042871        0.079686
         -0.046514       -0.085766        0.079548
         -0.034546       -0.117618        0.046747
         -0.000773       -0.113594        0.039747
          0.022120       -0.078262        0.085401
          0.016987       -0.045134        0.128927
          0.006106       -0.037934        0.098129
          0.017174       -0.051851        0.000099
          0.039065       -0.065317       -0.091767
          0.037814       -0.053024       -0.132260
          0.010823       -0.004918       -0.133433
         -0.005927        0.052193       -0.111553
          0.010230        0.077205       -0.064316
          0.036221        0.069660       -0.003136
          0.035842        0.068217        0.040066
          0.007093        0.086099        0.048709
         -0.020210        0.089835        0.036819
         -0.024294        0.055824        0.025002
         -0.010493        0.008204        0.019757
          0.003549       -0.019825        0.014960
          0.002882       -0.032133       -0.003094
         -0.018496       -0.051151       -0.048129
         -0.047057       -0.070136       -0.110219
         -0.052131       -0.056400       -0.142508
         -0.018453       -0.005484       -0.101015
          0.027282        0.038827       -0.004091
          0.038977        0.039852        0.076869
          0.003156        0.021808        0.097040
         -0.042099        0.037562        0.081955
         -0.049622        0.093591        0.080071
         -0.017714        0.141114        0.098097
          0.015331        0.140791        0.101859
          0.025271        0.102154        0.065039
          0.020896        0.050261       -0.000845
          0.010150       -0.013952       -0.060035
         -0.012885       -0.096672       -0.085467
         -0.037212       -0.173740       -0.077440
         -0.031050       -0.200153       -0.054654
          0.012505       -0.157967       -0.033773
          0.057616       -0.076744       -0.021001
          0.071161       -0.002827       -0.015599
          0.059279        0.039262       -0.011827
          0.044553        0.053112       -0.001607
          0.033020        0.054080        0.013494
          0.018620        0.056713        0.015676
         -0.000914        0.067565       -0.007093
         -0.024530        0.075541       -0.029894
         -0.047244        0.053769       -0.006181
         -0.054807       -0.011671        0.070167
         -0.038301       -0.093885        0.141992
         -0.014491       -0.144413        0.151662
         -0.008559       -0.144574        0.106069
         -0.016934       -0.116830        0.053163
         -0.013739       -0.079338        0.013734
          0.005363       -0.019852       -0.031899
          0.016670        0.065143       -0.097969
          0.010498        0.135009       -0.161350
          0.005503        0.145199       -0.182139
          0.009942        0.109378       -0.150799
          0.005245        0.083151       -0.108694
         -0.012566        0.087295       -0.106931
         -0.013110        0.084783       -0.138912
          0.016734        0.044951       -0.137432
          0.037249       -0.004723       -0.058452
          0.012366       -0.017947        0.054771
         -0.028245        0.002192        0.121313
         -0.029601        0.011624        0.120385
          0.010345       -0.005370        0.102594
          0.047489       -0.016713        0.110745
          0.052679       -0.000630        0.130884
          0.026037        0.017171        0.128438
         -0.021830        0.005331        0.096881
         -0.066487       -0.027811        0.055503
         -0.076570       -0.054964        0.023621
         -0.052734       -0.066585        0.011405
         -0.029506       -0.065561        0.018599
         -0.019717       -0.055731        0.029913
          0.004113       -0.053533        0.023883
          0.051188       -0.077069       -0.006015
          0.076697       -0.107266       -0.048902
          0.040294       -0.095839       -0.092183
         -0.028180       -0.028798       -0.119864
         -0.062493        0.049118       -0.102783
         -0.043071        0.086411       -0.026721
         -0.006525        0.075920        0.068377
          0.014177        0.047963        0.117019
          0.017635        0.034006        0.103704
          0.012213        0.038152        0.075627
          0.005068        0.031189        0.075578
          0.006680       -0.015481        0.095297
          0.017840       -0.079375        0.100156
          0.019893       -0.098300        0.069817
         -0.002099       -0.050404        0.005079
         -0.035027        0.013115       -0.082542
         -0.050332        0.041179       -0.170667
         -0.034863        0.048375       -0.223716
         -0.001303        0.071224       -0.212254
          0.028237        0.095599       -0.145204
          0.043815        0.075660       -0.068732
          0.052611        0.007933       -0.018002
          0.063522       -0.057057        0.015724
          0.070718       -0.077158        0.051924
          0.058738       -0.063608        0.075189
          0.023127       -0.055300        0.054639
         -0.022034       -0.062751       -0.000511
         -0.058042       -0.053364       -0.038921
         -0.075115        0.001113       -0.027142
         -0.071288        0.075036        0.011133
         -0.048388        0.111375        0.029622
         -0.016037        0.091266        0.018967
          0.008056        0.047962        0.009774
          0.013670        0.008931        0.021689
          0.010464       -0.032317        0.038776
          0.012861       -0.073523        0.040746
          0.018889       -0.080570        0.029422
          0.020017       -0.036381        0.015610
          0.022093        0.021623        0.008223
          0.032957        0.045132        0.021591
          0.036885        0.034101        0.058545
          0.010441        0.023777        0.081221
         -0.035688        0.028480        0.042881
         -0.058377        0.029335       -0.038868
         -0.034252        0.013127       -0.087684
          0.010571       -0.007772       -0.067262
          0.034723       -0.019945       -0.029366
          0.029365       -0.025918       -0.036219
          0.015394       -0.027842       -0.075312
          0.003912       -0.020963       -0.087965
         -0.015520       -0.012180       -0.054228
         -0.043939       -0.017234       -0.007473
         -0.055865       -0.031359        0.020725
         -0.030963       -0.030209        0.029476
          0.012719       -0.006094        0.029925
          0.037483        0.021177        0.035406
          0.029258        0.031029        0.062682
          0.004910        0.019562        0.105381
         -0.016034       -0.003745        0.116340
         -0.028836       -0.018271        0.058736
         -0.034589       -0.003159       -0.032095
         -0.030108        0.035854       -0.081261
         -0.014901        0.065843       -0.065816
         -0.000962        0.068625       -0.031806
         -0.001444        0.061022       -0.021781
         -0.007413        0.055239       -0.030049
          0.006298        0.028934       -0.034301
          0.041780       -0.033691       -0.029122
          0.065432       -0.094354       -0.018343
          0.053078       -0.096473       -0.005109
          0.024963       -0.042160        0.006604
          0.009871        0.006713        0.020279
         -0.000707        0.009328        0.045544
         -0.026915       -0.008939        0.072688
         -0.051610       -0.004891        0.073856
         -0.040719        0.022290        0.048084
          0.000393        0.039857        0.033002
          0.031272        0.027352        0.050303
          0.030232       -0.006457        0.070010
          0.012996       -0.039005        0.049673
          0.003634       -0.052129       -0.012674
          0.009447       -0.040309       -0.077909
          0.021999       -0.007951       -0.104816
          0.030195        0.034978       -0.086019
          0.028337        0.065724       -0.053630
          0.012928        0.051102       -0.047003
         -0.017713       -0.011590       -0.069317
         -0.052938       -0.064049       -0.082800
         -0.072048       -0.042980       -0.054120
         -0.065437        0.031490        0.005415
         -0.040835        0.072609        0.057725
         -0.010365        0.037423        0.082556
          0.012463       -0.031492        0.081763
          0.015200       -0.080332        0.055510
          0.004105       -0.101592        0.009055
         -0.000082       -0.102842       -0.030537
          0.003095       -0.073704       -0.041965
         -0.006798       -0.009357       -0.038307
         -0.026866        0.069902       -0.035648
         -0.024086        0.139720       -0.022324
          0.012457        0.184647        0.006250
          0.046258        0.185062        0.021696
          0.039238        0.124544        0.009447
          0.002103        0.020921       -0.000581
         -0.019519       -0.076023        0.015218
         -0.000690       -0.127778        0.035386
          0.037797       -0.131021        0.034067
          0.059627       -0.101173        0.018934
          0.051934       -0.058531        0.007290
          0.028680       -0.029594        0.001517
          0.009784       -0.029968       -0.000924
          0.004543       -0.039528       -0.006083
          0.005793       -0.022044       -0.030527
         -0.002070        0.025365       -0.076766
         -0.021149        0.067665       -0.110446
         -0.032693        0.078607       -0.094805
         -0.024292        0.067769       -0.037866
         -0.011563        0.061013        0.022239
         -0.012832        0.072855        0.064728
         -0.016558        0.092934        0.091345
         -0.000843        0.089322        0.099636
          0.025008        0.042153        0.084478
          0.029592       -0.020104        0.059223
          0.008898       -0.048748        0.044714
         -0.004389       -0.045745        0.042037
          0.007541       -0.062306        0.041973
          0.015207       -0.111711        0.048727
         -0.011902       -0.136338        0.064559
         -0.048436       -0.093349        0.069020
         -0.043647       -0.025863        0.048462
          0.003187       -0.004265        0.026104
          0.043066       -0.031901        0.023956
          0.044756       -0.059200        0.016471
          0.018087       -0.065106       -0.032389
         -0.018281       -0.067402       -0.103432
         -0.048034       -0.066913       -0.144261
         -0.049502       -0.041400       -0.146205
         -0.018537        0.007131       -0.144796
          0.012673        0.050141       -0.146114
          0.012369        0.075048       -0.111467
         -0.008879        0.086087       -0.028033
         -0.018523        0.074246        0.057992
         -0.009758        0.034061        0.100989
         -0.005859       -0.001412        0.104808
         -0.022985        0.008884        0.087985
         -0.044507        0.055089        0.044407
         -0.038091        0.087584       -0.025718
          0.002624        0.078364       -0.081604
          0.043689        0.039211       -0.081545
          0.050167       -0.007538       -0.036816
          0.029448       -0.044388        0.006124
          0.015312       -0.054258        0.018283
          0.019043       -0.026822        0.001137
          0.023038        0.029933       -0.025896
          0.016404        0.089794       -0.030931
          0.007702        0.116891        0.006455
          0.002589        0.086269        0.058736
         -0.005004        0.012624        0.070394
         -0.014775       -0.053023        0.029385
         -0.015531       -0.073500       -0.014256
         -0.008016       -0.061849       -0.014185
         -0.010709       -0.054185        0.018857
         -0.025373       -0.062213        0.043373
         -0.020116       -0.070093        0.041642
          0.021914       -0.064930        0.029308
          0.060068       -0.049241        0.023253
          0.047696       -0.027940        0.020851
          0.004993       -0.001729        0.013109
         -0.014026        0.024355        0.003048
         -0.007122        0.039396        0.002759
         -0.016019        0.038482        0.018209
         -0.048896        0.028363        0.039087
         -0.069656        0.020542        0.042772
         -0.056283        0.025442        0.016888
         -0.023245        0.047873       -0.021511
          0.008435        0.077107       -0.044055
          0.030406        0.088493       -0.045415
          0.041706        0.067362       -0.040198
          0.044992        0.024452       -0.033979
          0.042167       -0.020171       -0.023033
          0.025521       -0.056393       -0.015304
         -0.012585       -0.080640       -0.023983
         -0.055336       -0.088555       -0.041291
         -0.068072       -0.078939       -0.041439
         -0.039665       -0.053371       -0.013997
          0.002752       -0.011197        0.021544
          0.029757        0.038758        0.039646
          0.040009        0.064244        0.034541
          0.045906        0.036545        0.018163
          0.048266       -0.020558        0.003874
          0.037275       -0.043552       -0.005059
          0.010485       -0.011579       -0.016953
         -0.017238        0.021087       -0.036735
         -0.024815        0.006922       -0.049914
         -0.009825       -0.021291       -0.040231
          0.004876       -0.008091       -0.020491
          0.000758        0.027119       -0.015409
         -0.009352        0.013652       -0.018023
         -0.001609       -0.061587       -0.002237
          0.018786       -0.128180        0.026374
          0.020678       -0.120931        0.038073
         -0.008492       -0.049732        0.035222
         -0.042108        0.031959        0.053140
         -0.048057        0.091099        0.099047
         -0.026894        0.122515        0.131648
         -0.000754        0.118754        0.114011
          0.021058        0.073250        0.058856
          0.038887        0.012201        0.009293
          0.035631       -0.014974       -0.010332
         -0.007512        0.007534       -0.016627
         -0.065567        0.041372       -0.043477
         -0.082745        0.047345       -0.096242
         -0.044202        0.034919       -0.136495
          0.003597        0.035809       -0.124798
          0.020448        0.047515       -0.071015
          0.022633        0.033160       -0.022964
          0.042883       -0.026499       -0.009268
          0.072890       -0.102849       -0.013512
          0.076877       -0.143284       -0.006115
          0.044716       -0.116067        0.015932
          0.003703       -0.035880        0.030756
         -0.015465        0.046952        0.023686
         -0.006112        0.086497        0.002275
          0.015044        0.075507       -0.021441
          0.022963        0.038793       -0.046879
          0.004317       -0.000495       -0.073333
         -0.029331       -0.033918       -0.084889
         -0.053272       -0.052083       -0.061184
         -0.055337       -0.042593       -0.000795
         -0.041862       -0.014505        0.072393
         -0.023174       -0.001067        0.123265
         -0.006672       -0.018461        0.125348
          0.001234       -0.040259        0.077369
          0.001396       -0.035809        0.009253
          0.004480       -0.017064       -0.033930
          0.013953       -0.017224       -0.027661
          0.016704       -0.033498        0.008373
          0.005992       -0.027843        0.032259
         -0.001403        0.012419        0.028719
          0.007895        0.049780        0.020011
          0.017661        0.049199        0.022365
          0.010343        0.029976        0.019098
          0.002225        0.037184       -0.004678
          0.016727        0.072350       -0.028844
          0.041202        0.086792       -0.025841
          0.046327        0.050768        0.000383
          0.029917       -0.003871        0.025849
          0.006388       -0.031789        0.037797
         -0.025050       -0.036079        0.035702
         -0.064781       -0.046665        0.018002
         -0.087433       -0.058243       -0.013541
         -0.069308       -0.038185       -0.042743
         -0.025932        0.009822       -0.046851
          0.005779        0.039552       -0.021792
          0.010441        0.025318        0.006743
          0.001612       -0.009373        0.010795
         -0.000695       -0.032494       -0.006198
          0.013188       -0.038350       -0.023880
          0.038829       -0.035861       -0.042615
          0.060749       -0.029579       -0.071509
          0.062729       -0.019250       -0.088665
          0.042634       -0.004332       -0.058656
          0.018992        0.011871        0.012952
          0.014802        0.020251        0.081471
          0.026782        0.016048        0.114359
          0.021705        0.006192        0.111032
         -0.019894       -0.006203        0.085134
         -0.068318       -0.031370        0.053582
         -0.079129       -0.067343        0.030691
         -0.054348       -0.082877        0.015955
         -0.036186       -0.053952       -0.002343
         -0.042187       -0.005027       -0.027986
         -0.043747        0.015054       -0.053690
         -0.016340       -0.005130       -0.072565
          0.022531       -0.024607       -0.079057
          0.039919       -0.000968       -0.065819
          0.028237        0.057160       -0.031466
          0.005509        0.098625        0.015370
         -0.009072        0.088299        0.063999
         -0.008145        0.045611        0.103376
          0.004145        0.018658        0.117602
          0.015496        0.029992        0.095886
          0.015727        0.058557        0.046068
          0.009604        0.068816       -0.015799
          0.010475        0.046862       -0.083224
          0.017591        0.009220       -0.149826
          0.014865       -0.017521       -0.190083
         -0.001041       -0.023872       -0.173976
         -0.010397       -0.023463       -0.105283
          0.000251       -0.031575       -0.027319
          0.016706       -0.041868        0.020224
          0.018454       -0.030769        0.039861
          0.005419        0.012922        0.061140
         -0.008936        0.067724        0.096221
         -0.017529        0.095706        0.124062
         -0.021610        0.078529        0.114380
         -0.021435        0.031664        0.060562
         -0.012765       -0.014683       -0.004555
          0.008215       -0.041105       -0.029618
          0.034967       -0.048017        0.000179
          0.047717       -0.048238        0.037351
          0.031142       -0.052958        0.029865
         -0.003875       -0.063108       -0.008260
         -0.027923       -0.071763       -0.024769
         -0.024569       -0.068791       -0.014094
         -0.004169       -0.043181       -0.017864
          0.013334        0.005874       -0.041744
          0.017114        0.054456       -0.037321
          0.005719        0.066869        0.013181
         -0.016952        0.035620        0.055109
         -0.038524       -0.004652        0.040465
         -0.041675       -0.016837       -0.001515
         -0.021003       -0.003243       -0.016209
          0.009226        0.007027       -0.003316
          0.031994        0.000518        0.003835
          0.045289       -0.012542        0.003654
          0.053540       -0.026371        0.017823
          0.050377       -0.046550        0.038556
          0.025771       -0.062119        0.033164
         -0.013559       -0.041622       -0.006916
         -0.045997        0.020842       -0.057309
         -0.056934        0.078343       -0.095233
         -0.049141        0.079582       -0.117213
         -0.034021        0.033012       -0.128287
         -0.021788       -0.005704       -0.132016
         -0.018040       -0.004862       -0.127093
         -0.019886        0.011946       -0.104944
         -0.015188        0.008641       -0.056002
          0.003494       -0.014408        0.017901
          0.023286       -0.031016        0.100299
          0.023832       -0.034829        0.167733
          0.006887       -0.047259        0.200600
         -0.006382       -0.075565        0.193147
         -0.008298       -0.089503        0.155149
         -0.010007       -0.058451        0.100842
         -0.012681        0.007126        0.038543
         -0.001958        0.073109       -0.023850
          0.022996        0.122938       -0.068343
          0.039869        0.155154       -0.076858
          0.032408        0.155365       -0.057063
          0.012576        0.104904       -0.041841
          0.002710        0.017764       -0.049235
          0.005749       -0.057152       -0.057488
          0.006507       -0.081251       -0.037428
         -0.001814       -0.063098        0.003433
         -0.008545       -0.041700        0.027874
         -0.004865       -0.038537        0.010688
          0.002635       -0.037564       -0.040222
          0.002976       -0.014827       -0.094465
         -0.004268        0.024141       -0.120570
         -0.008624        0.046521       -0.105994
          0.001099        0.027322       -0.063474
          0.024674       -0.023541       -0.015003
          0.045183       -0.065829        0.025440
          0.041524       -0.061924        0.050370
          0.012113       -0.014722        0.058482
         -0.018890        0.029568        0.065970
         -0.025541        0.028844        0.094295
         -0.006841       -0.008056        0.132831
          0.014226       -0.035802        0.140314
          0.014439       -0.027718        0.098558
         -0.007270        0.001849        0.038565
         -0.028601        0.025409        0.000975
         -0.030909        0.030343       -0.005266
         -0.025414        0.017768        0.002001
         -0.033259       -0.005938        0.002164
         -0.042089       -0.027911       -0.013057
         -0.016977       -0.031478       -0.034149
          0.039888       -0.010852       -0.044168
          0.080271        0.019149       -0.038482
          0.073528        0.033889       -0.024873
          0.041700        0.020759       -0.006361
          0.015377       -0.010255        0.018505
         -0.009299       -0.035905        0.039839
         -0.045813       -0.037696        0.039023
         -0.077705       -0.014275        0.008410
         -0.076008        0.017788       -0.039833
         -0.042815        0.035375       -0.080467
         -0.005922        0.026250       -0.090093
          0.022204       -0.002355       -0.065591
          0.046188       -0.031528       -0.025232
          0.055674       -0.043387        0.016171
          0.033928       -0.029487        0.058716
         -0.001897        0.000654        0.093321
         -0.013873        0.020032        0.091680
         -0.001608        0.010492        0.043621
         -0.004201       -0.011409       -0.015425
         -0.035007       -0.014230       -0.043179
         -0.055374        0.006365       -0.046562
         -0.030864        0.028487       -0.066963
          0.016831        0.040142       -0.109056
          0.037932        0.046448       -0.122938
          0.019378        0.045301       -0.074323
         -0.004372        0.025753        0.006327
         -0.004947       -0.006119        0.071207
          0.003126       -0.023496        0.110167
         -0.004929       -0.010235        0.125227
         -0.019112        0.017923        0.095544
         -0.012335        0.035169        0.014040
          0.010633        0.041764       -0.072188
          0.016638        0.061437       -0.103658
         -0.005595        0.098963       -0.077969
         -0.028855        0.119883       -0.044880
         -0.025547        0.090005       -0.037534
         -0.000274        0.022472       -0.038394
          0.021611       -0.037199       -0.018987
          0.023256       -0.065561        0.015882
          0.009767       -0.075259        0.042484
          0.001298       -0.079191        0.054085
          0.012765       -0.071989        0.059036
          0.034947       -0.052916        0.058057
          0.042364       -0.039830        0.044819
          0.025914       -0.047676        0.022538
          0.003752       -0.068565        0.006434
         -0.010009       -0.081420        0.008230
         -0.026050       -0.072717        0.019718
         -0.051380       -0.046072        0.017301
         -0.064207       -0.018270       -0.007669
         -0.043706       -0.005463       -0.028808
         -0.005848       -0.008459       -0.012499
          0.016591       -0.011135        0.034892
          0.014951        0.004522        0.068137
          0.005503        0.038271        0.058890
          0.004070        0.064516        0.031351
          0.015013        0.052193        0.025475
          0.031442       -0.001103        0.039158
          0.036531       -0.060770        0.035256
          0.019122       -0.087931        0.001761
         -0.007313       -0.073781       -0.031169
         -0.018257       -0.035796       -0.042527
         -0.011380        0.009292       -0.050420
         -0.005109        0.055912       -0.071420
         -0.006189        0.096176       -0.086150
         -0.004570        0.111633       -0.072915
          0.002522        0.091287       -0.046052
          0.009105        0.054234       -0.032036
          0.015933        0.036972       -0.031265
          0.019070        0.050019       -0.028366
         -0.002451        0.061642       -0.018410
         -0.053716        0.039778       -0.003037
         -0.094983       -0.001522        0.017114
         -0.081834       -0.019562        0.031983
         -0.021132       -0.001128        0.028172
          0.041957        0.022308        0.013756
          0.075785        0.017387        0.010792
          0.076860       -0.017337        0.020624
          0.053731       -0.060813        0.025535
          0.021685       -0.088802        0.022029
          0.000480       -0.083719        0.020655
         -0.000041       -0.049253        0.019939
          0.013271       -0.016966        0.014227
          0.027448       -0.017684        0.015306
          0.032027       -0.044798        0.030022
          0.018669       -0.062524        0.033108
         -0.013078       -0.048737        0.002666
         -0.044440       -0.013147       -0.035567
         -0.046889        0.022274       -0.043471
         -0.015855        0.040778       -0.032305
          0.017596        0.033474       -0.040798
          0.024240        0.008546       -0.065856
          0.012135       -0.005320       -0.067823
          0.007793        0.009909       -0.036073
          0.018416        0.032830        0.004530
          0.031375        0.033390        0.044810
          0.034173        0.021457        0.090977
          0.017336        0.029089        0.120054
         -0.023253        0.055898        0.097530
         -0.068659        0.071792        0.036472
         -0.082294        0.065219       -0.017679
         -0.053372        0.051967       -0.053036
         -0.015153        0.044412       -0.087512
         -0.000176        0.041972       -0.113548
         -0.000075        0.041515       -0.104628
          0.007599        0.034506       -0.068991
          0.017817        0.008097       -0.045158
          0.011909       -0.033226       -0.045299
         -0.007071       -0.063519       -0.042327
         -0.020247       -0.066937       -0.013317
         -0.019468       -0.056719        0.032974
         -0.008086       -0.051647        0.070881
          0.009976       -0.050031        0.079267
          0.027714       -0.038245        0.052622
          0.035491       -0.013404        0.009155
          0.031702        0.011393       -0.017825
          0.020679        0.019517       -0.013890
          0.001330        0.007049       -0.001378
         -0.026123       -0.010758       -0.005011
         -0.047051       -0.014880       -0.011278
         -0.045078       -0.006836        0.010351
         -0.023608       -0.005739        0.053367
          0.001725       -0.017958        0.076346
          0.023442       -0.028442        0.061146
          0.037917       -0.029454        0.035551
          0.034557       -0.034530        0.030188
          0.012097       -0.048911        0.042444
         -0.006137       -0.049413        0.053595
          0.002617       -0.017732        0.057083
          0.027016        0.022746        0.056093
          0.033705        0.031736        0.047194
          0.010395        0.006088        0.019925
         -0.019701       -0.017132       -0.026533
         -0.029938       -0.009075       -0.072560
         -0.023485        0.022764       -0.094447
         -0.021448        0.055619       -0.089937
         -0.025712        0.078237       -0.070247
         -0.017179        0.088155       -0.031648
          0.007125        0.077481        0.032879
          0.022755        0.035944        0.094538
          0.014287       -0.031766        0.103782
         -0.000896       -0.098706        0.055211
          0.001345       -0.132696       -0.000159
          0.020461       -0.123377       -0.021457
          0.037863       -0.087327       -0.024044
          0.041221       -0.043850       -0.041621
          0.030842        0.002539       -0.070346
          0.010617        0.047298       -0.077179
         -0.014935        0.071411       -0.049792
         -0.036526        0.062806       -0.010493
         -0.045272        0.040324        0.016800
         -0.044443        0.031165        0.028559
         -0.044112        0.030640        0.029074
         -0.042331        0.011088        0.020516
         -0.026624       -0.028751        0.009733
          0.003337       -0.050164        0.002305
          0.029036       -0.021176       -0.010914
          0.032030        0.041566       -0.038556
          0.012945        0.091310       -0.065859
         -0.006714        0.098941       -0.072769
         -0.003666        0.068629       -0.064245
          0.018919        0.018774       -0.054639
          0.032161       -0.031344       -0.037035
          0.021679       -0.060357        0.000280
          0.008572       -0.053337        0.042000
          0.013574       -0.018630        0.063304
          0.023599        0.015649        0.066950
          0.016243        0.026696        0.072201
         -0.005103        0.013760        0.075965
         -0.024361       -0.007389        0.054741
         -0.039563       -0.020711        0.003842
         -0.052592       -0.023420       -0.048831
         -0.051364       -0.025804       -0.071622
         -0.026183       -0.033703       -0.055787
          0.009723       -0.034352       -0.013293
          0.034454       -0.010548        0.033075
          0.041228        0.031226        0.056588
          0.036105        0.059928        0.047794
          0.023889        0.053685        0.032603
          0.006669        0.025871        0.041086
         -0.011179        0.007880        0.056206
         -0.023644        0.011008        0.033360
         -0.026932        0.019810       -0.022299
         -0.021206        0.021594       -0.049465
         -0.008409        0.020933       -0.020345
          0.010458        0.019746        0.016668
          0.031182        0.008337        0.012250
          0.040685       -0.013230       -0.015937
          0.027232       -0.030294       -0.025676
         -0.000524       -0.039758       -0.019118
         -0.018742       -0.052360       -0.029717
         -0.018472       -0.060655       -0.065216
         -0.014123       -0.040867       -0.097949
         -0.014194       -0.001132       -0.101030
         -0.005706        0.011393       -0.070542
          0.016980       -0.022256       -0.017579
          0.031242       -0.053044        0.042665
          0.016896       -0.028588        0.094042
         -0.010197        0.027710        0.125984
         -0.018327        0.048876        0.139739
         -0.001264        0.022023        0.138609
          0.018217        0.000163        0.112890
          0.017088        0.015853        0.050071
         -0.005890        0.037864       -0.035909
         -0.030886        0.029082       -0.103787
         -0.037412       -0.000061       -0.124604
         -0.025900       -0.019967       -0.107791
         -0.012462       -0.026539       -0.077821
         -0.003340       -0.030428       -0.044610
          0.010828       -0.028062       -0.013421
          0.034495       -0.009521       -0.001217
          0.054204        0.020474       -0.014962
          0.048399        0.047304       -0.030311
          0.009389        0.059736       -0.023732
         -0.039221        0.050905       -0.012740
         -0.056682        0.023899       -0.030472
         -0.030598        0.000064       -0.070485
          0.007175       -0.000848       -0.090882
          0.025262        0.008967       -0.067693
          0.028074       -0.000306       -0.015838
          0.028947       -0.030819        0.036833
          0.021339       -0.053634        0.071225
          0.000035       -0.053258        0.077865
         -0.019352       -0.048020        0.060152
         -0.024046       -0.056732        0.039708
         -0.022986       -0.066428        0.041352
         -0.026704       -0.049680        0.063333
         -0.029033       -0.005012        0.073466
         -0.020344        0.038122        0.049509
         -0.003839        0.057224        0.013595
          0.009917        0.062330        0.002979
          0.016303        0.072129        0.015909
          0.019105        0.080312        0.020923
          0.022113        0.065919        0.012291
          0.021327        0.026914        0.012322
          0.009594       -0.019082        0.022918
         -0.009877       -0.059746        0.023666
         -0.022040       -0.089896        0.016511
         -0.016961       -0.095215        0.023407
         -0.001043       -0.062471        0.039926
          0.013351       -0.007895        0.036429
          0.020853        0.028578        0.005753
          0.020274        0.024800       -0.028182
          0.008471       -0.002295       -0.049261
         -0.013605       -0.021318       -0.065845
         -0.033689       -0.020576       -0.085031
         -0.036686       -0.012349       -0.091532
         -0.019967       -0.010927       -0.063590
          0.006127       -0.013925       -0.005580
          0.030117       -0.006542        0.046569
          0.042848        0.017864        0.059049
          0.034514        0.046182        0.031115
          0.005359        0.058555       -0.013056
         -0.021064        0.050285       -0.048220
         -0.016465        0.035465       -0.055024
          0.014909        0.029502       -0.024024
          0.038521        0.031115        0.029777
          0.035766        0.022536        0.068991
          0.023806       -0.008799        0.064717
          0.018706       -0.047754        0.021304
          0.006501       -0.062434       -0.032107
         -0.027917       -0.044567       -0.068041
         -0.065297       -0.022499       -0.077375
         -0.073822       -0.020073       -0.064719
         -0.054123       -0.020093       -0.035393
         -0.033944        0.009109        0.002780
         -0.024652        0.060903        0.030660
         -0.012092        0.089436        0.034132
          0.011585        0.064511        0.029511
          0.035359        0.009603        0.043475
          0.049532       -0.026122        0.065769
          0.053197       -0.025166        0.058296
          0.041624       -0.014741        0.017449
          0.011359       -0.021932       -0.014857
         -0.021844       -0.036140       -0.017275
         -0.035120       -0.028818       -0.022302
         -0.029277        0.005613       -0.056168
         -0.023700        0.045753       -0.084609
         -0.022615        0.068222       -0.060871
         -0.013665        0.061510       -0.003561
          0.002240        0.028268        0.024721
          0.009591       -0.010824        0.010548
          0.006155       -0.028874        0.006131
          0.005116       -0.023083        0.040159
          0.011823       -0.020195        0.069068
          0.021222       -0.038150        0.049741
          0.031709       -0.055922        0.010248
          0.040318       -0.038820        0.002672
          0.033122        0.014253        0.025149
          0.002845        0.066627        0.038527
         -0.029272        0.083908        0.029678
         -0.031532        0.061907        0.014137
         -0.003089        0.017962       -0.000656
          0.022041       -0.025249       -0.017160
          0.018086       -0.047529       -0.029691
         -0.002334       -0.045141       -0.032114
         -0.010447       -0.040254       -0.029733
          0.000413       -0.056072       -0.026119
          0.010973       -0.079911       -0.014743
          0.002970       -0.073971        0.003379
         -0.020102       -0.029728        0.013704
         -0.037848        0.014102        0.010675
         -0.034719        0.025844        0.003400
         -0.016373        0.029429       -0.009058
         -0.002407        0.065894       -0.037584
         -0.001841        0.119758       -0.067137
         -0.001811        0.128691       -0.057416
          0.012964        0.070640        0.000828
          0.033870       -0.003780        0.063648
          0.033158       -0.041585        0.090052
         -0.001011       -0.049104        0.087164
         -0.043720       -0.061380        0.076058
         -0.058508       -0.084937        0.049942
         -0.040097       -0.097038       -0.000067
         -0.017515       -0.080048       -0.048233
         -0.012540       -0.038130       -0.061698
         -0.013236        0.007199       -0.047824
          0.001123        0.031464       -0.042651
          0.026623        0.027657       -0.059158
          0.043171        0.011597       -0.069511
          0.044442        0.000107       -0.041913
          0.041487       -0.006441        0.015254
          0.042006       -0.010826        0.056605
          0.040865       -0.003895        0.050438
          0.030936        0.019424        0.015177
          0.013684        0.040939       -0.007778
         -0.003383        0.038391       -0.008958
         -0.013870        0.016728       -0.016883
         -0.013656       -0.002815       -0.047429
         -0.001251       -0.017083       -0.072327
          0.015300       -0.036101       -0.057018
          0.017703       -0.049458       -0.012071
         -0.004297       -0.032027        0.022731
         -0.036923        0.013392        0.034165
         -0.056014        0.051181        0.039154
         -0.053159        0.060852        0.042218
         -0.038191        0.063827        0.032827
         -0.021047        0.086755        0.019017
         -0.002438        0.116468        0.019067
          0.018742        0.112057        0.025094
          0.036054        0.055452        0.016728
          0.037170       -0.027349        0.002399
          0.017090       -0.094757        0.005384
         -0.012174       -0.125237        0.017680
         -0.031052       -0.122637        0.009393
         -0.030785       -0.099160       -0.020770
         -0.017139       -0.063327       -0.042357
          0.000415       -0.023943       -0.039147
          0.016139        0.003753       -0.024700
          0.027306        0.009082       -0.011899
          0.032014        0.004152        0.000194
          0.028487        0.014101        0.005918
          0.016101        0.041393       -0.007194
         -0.002355        0.058882       -0.031614
         -0.019873        0.050089       -0.045289
         -0.028316        0.034883       -0.048485
         -0.025206        0.038187       -0.058019
         -0.017063        0.052790       -0.062427
         -0.010561        0.053076       -0.029879
         -0.001825        0.031156        0.032813
          0.015336        0.001165        0.081122
          0.032074       -0.022060        0.101826
          0.030388       -0.034995        0.124397
          0.008861       -0.044726        0.150908
         -0.011879       -0.063264        0.138133
         -0.014568       -0.091060        0.074566
         -0.004474       -0.104885        0.015175
          0.002999       -0.080849        0.003077
          0.004146       -0.030671        0.005501
          0.007188        0.008379       -0.029569
          0.014393        0.021677       -0.087986
          0.014378        0.028897       -0.107211
         -0.001227        0.043930       -0.064387
         -0.018759        0.052669       -0.005964
         -0.015085        0.040949        0.013387
          0.008149        0.019634       -0.006146
          0.022098        0.007523       -0.021116
          0.011701        0.005581       -0.006334
         -0.002379        0.001807        0.015822
          0.002903       -0.006894        0.012656
          0.018254       -0.009782       -0.010191
          0.018279        0.000805       -0.018014
         -0.002776        0.015456        0.000490
         -0.026975        0.017099        0.016240
         -0.035146        0.002558        0.003750
         -0.024519       -0.013488       -0.022106
         -0.009227       -0.018055       -0.033548
         -0.003871       -0.015107       -0.034405
         -0.004680       -0.015146       -0.045734
          0.002257       -0.014906       -0.059786
          0.011924        0.001898       -0.048878
          0.003170        0.039890       -0.015971
         -0.021344        0.075958        0.007551
         -0.030313        0.078489        0.015909
         -0.014897        0.042466        0.035285
         -0.009107       -0.004410        0.068824
         -0.036184       -0.032228        0.078540
         -0.067385       -0.035302        0.039053
         -0.060717       -0.026235       -0.021149
         -0.015928       -0.016755       -0.053216
          0.033470       -0.012302       -0.047238
          0.064664       -0.016530       -0.036201
          0.078517       -0.029151       -0.043121
          0.078459       -0.039284       -0.049801
          0.061316       -0.031055       -0.033038
          0.032550       -0.002964       -0.007304
          0.011168        0.023699        0.000141
          0.007551        0.026098       -0.000081
          0.009383        0.007985        0.024770
          0.002981       -0.004579        0.068367
         -0.004631        0.003562        0.083993
         -0.002068        0.019279        0.052192
          0.001722        0.021420        0.011298
         -0.008161        0.010023        0.003411
         -0.024107        0.007210        0.019810
         -0.027402        0.028153        0.023508
         -0.020866        0.055585        0.005671
         -0.023345        0.052619       -0.008767
         -0.034822        0.007338       -0.004766
         -0.033361       -0.045179        0.000184
         -0.009159       -0.060958       -0.015382
          0.019880       -0.040598       -0.040470
          0.031652       -0.023033       -0.039678
          0.024048       -0.030069       -0.000519
          0.011903       -0.045021        0.042489
          0.009763       -0.046911        0.048311
          0.019656       -0.034935        0.022484
          0.030576       -0.014280        0.003191
          0.030224        0.012001        0.004420
          0.018023        0.030342        0.008049
          0.002851        0.024322        0.006041
         -0.010538        0.002347        0.011963
         -0.025015       -0.007065        0.030969
         -0.040084        0.006068        0.049956
         -0.046648        0.021197        0.056272
         -0.039431        0.019502        0.042899
         -0.028655        0.008583        0.003073
         -0.028224        0.007097       -0.057799
         -0.033310        0.017541       -0.113304
         -0.024311        0.021971       -0.138827
          0.002179        0.002535       -0.135461
          0.024355       -0.033539       -0.115556
          0.028566       -0.053660       -0.076051
          0.031359       -0.035415       -0.008522
          0.049347        0.003168        0.068797
          0.066169        0.027221        0.115322
          0.052721        0.031075        0.112380
          0.006747        0.033792        0.083018
         -0.046518        0.036447        0.057592
         -0.080804        0.020906        0.039775
         -0.082922       -0.008518        0.018934
         -0.055266       -0.021781       -0.005020
         -0.016718       -0.010174       -0.025436
          0.010164        0.000167       -0.040892
          0.020376       -0.004370       -0.049019
          0.024977        0.001145       -0.041780
          0.028126        0.037621       -0.018517
          0.022598        0.080774        0.006388
          0.009955        0.087078        0.016934
          0.004076        0.044651        0.009776
          0.009571       -0.019282       -0.006223
          0.016535       -0.067848       -0.016318
          0.019317       -0.078982       -0.008806
          0.020736       -0.054623        0.012271
          0.019387       -0.017272        0.029615
          0.012125        0.010014        0.037110
          0.003689        0.022696        0.048539
         -0.002153        0.028636        0.069923
         -0.010887        0.031034        0.080320
         -0.024379        0.026312        0.056824
         -0.032863        0.009137        0.005573
         -0.028679       -0.024443       -0.046637
         -0.015649       -0.064560       -0.082746
         -0.000983       -0.082366       -0.107283
          0.011196       -0.061661       -0.131129
          0.018082       -0.028879       -0.148461
          0.018328       -0.019598       -0.135098
          0.012655       -0.023109       -0.080079
          0.001574        0.000529       -0.010597
         -0.012416        0.052912        0.036972
         -0.020367        0.089745        0.063830
         -0.013243        0.083501        0.095747
          0.005947        0.053917        0.127879
          0.023594        0.028591        0.120825
          0.030398        0.008745        0.058146
          0.029508       -0.013754       -0.023798
          0.028021       -0.034104       -0.073878
          0.023939       -0.043114       -0.073882
          0.007365       -0.038216       -0.043837
         -0.022372       -0.019236       -0.016328
         -0.048231        0.006930       -0.007652
         -0.053666        0.016360       -0.004345
         -0.042214       -0.010935        0.017001
         -0.026355       -0.055950        0.050997
         -0.007394       -0.073388        0.061739
          0.015601       -0.047001        0.031643
          0.029472       -0.008995       -0.009188
          0.023373        0.004325       -0.020156
          0.011087       -0.004433        0.002028
          0.013254       -0.007187        0.031152
          0.026848        0.008503        0.050144
          0.032510        0.028934        0.059904
          0.021314        0.040555        0.058825
         -0.000862        0.049306        0.038856
         -0.021991        0.065514        0.007530
         -0.027179        0.080355       -0.007514
         -0.009674        0.073533        0.006188
          0.015580        0.043319        0.020174
          0.025244        0.011680       -0.001653
          0.015490       -0.006071       -0.051693
          0.002475       -0.020766       -0.084802
         -0.001454       -0.049363       -0.071898
          0.000744       -0.087545       -0.026176
         -0.001615       -0.111356        0.020747
         -0.015738       -0.100741        0.048537
         -0.035571       -0.059285        0.053730
         -0.042485       -0.012264        0.041869
         -0.026529        0.019295        0.019583
         -0.003153        0.039908       -0.009973
          0.006078        0.063736       -0.042549
          0.002857        0.085020       -0.063548
          0.004283        0.084795       -0.055772
          0.012841        0.060053       -0.024236
          0.014544        0.022256        0.001388
          0.004073       -0.025086        0.002415
         -0.006345       -0.079464       -0.005425
         -0.004951       -0.116593        0.000570
          0.005801       -0.105511        0.016352
          0.017448       -0.048230        0.023954
          0.026291        0.017634        0.020221
          0.028964        0.057076        0.009856
          0.017947        0.063969       -0.012974
         -0.006970        0.053294       -0.048445
         -0.030497        0.042449       -0.069802
         -0.036570        0.038598       -0.048936
         -0.025348        0.034095        0.003185
         -0.008245        0.016268        0.047919
          0.005551       -0.013993        0.064767
          0.011193       -0.039486        0.062558
          0.005266       -0.043996        0.052589
         -0.011382       -0.023816        0.034480
         -0.029164        0.014247        0.007248
         -0.032859        0.051116       -0.020782
         -0.015879        0.057097       -0.035333
          0.007121        0.019513       -0.029103
          0.012575       -0.030828       -0.015925
         -0.001859       -0.047695       -0.024824
         -0.012711       -0.028195       -0.065426
         -0.002992       -0.013094       -0.103744
          0.016638       -0.021103       -0.093354
          0.027300       -0.021864       -0.034528
          0.025181        0.005839        0.020263
          0.014891        0.029860        0.031155
         -0.002812        0.013069        0.016696
         -0.022833       -0.026201        0.015716
         -0.030360       -0.041681        0.029914
         -0.018291       -0.022973        0.034026
          0.002221        0.006742        0.022723
          0.019728        0.034501        0.014920
          0.035400        0.058181        0.023011
          0.047492        0.060898        0.042273
          0.043367        0.026635        0.061054
          0.020847       -0.026732        0.065751
         -0.002449       -0.062718        0.048638
         -0.014032       -0.067090        0.023056
         -0.021160       -0.049339        0.016267
         -0.030999       -0.017952        0.034439
         -0.037086        0.018041        0.047338
         -0.033165        0.035690        0.022589
         -0.020819        0.018597       -0.032661
         -0.000448       -0.011313       -0.079680
          0.024991       -0.010952       -0.093235
          0.039449        0.029050       -0.081252
          0.030683        0.069559       -0.061383
          0.012681        0.073523       -0.040690
          0.006108        0.050606       -0.023898
          0.006495        0.034609       -0.018156
         -0.000319        0.034160       -0.017875
         -0.007063        0.029953       -0.004841
         -0.001177        0.011594        0.024425
          0.006416       -0.008032        0.049392
          0.001054       -0.015954        0.053325
         -0.006917       -0.019358        0.043195
         -0.003435       -0.035628        0.035420
          0.000296       -0.066680        0.036834
         -0.011333       -0.091029        0.040825
         -0.028003       -0.088874        0.031277
         -0.029676       -0.068943       -0.001412
         -0.016786       -0.054181       -0.039395
         -0.003499       -0.045735       -0.050668
          0.004615       -0.023782       -0.032956
          0.010040        0.018783       -0.018933
          0.013774        0.067182       -0.025441
          0.017262        0.105469       -0.028087
          0.021837        0.122781       -0.005424
          0.022448        0.105453        0.021650
          0.014667        0.050695        0.021506
          0.004449       -0.013835        0.000971
         -0.002895       -0.050210       -0.005792
         -0.012192       -0.052027        0.014364
         -0.021095       -0.046649        0.040861
         -0.012481       -0.056000        0.049918
          0.014488       -0.071420        0.039030
          0.027887       -0.067444        0.020993
          0.004456       -0.030932        0.005263
         -0.032487        0.021523       -0.010615
         -0.045346        0.054339       -0.031703
         -0.034331        0.049327       -0.049841
         -0.026309        0.027059       -0.047013
         -0.026496        0.018707       -0.021097
         -0.015640        0.026305        0.004599
          0.010648        0.031504        0.008384
          0.031772        0.031617       -0.007622
          0.034942        0.037132       -0.031937
          0.033732        0.040167       -0.058730
          0.042391        0.018474       -0.075624
          0.046638       -0.027610       -0.062628
          0.020492       -0.069359       -0.022132
         -0.028642       -0.084222        0.013021
         -0.056540       -0.075684        0.021409
         -0.037647       -0.057435        0.022709
         -0.001141       -0.035967        0.043707
          0.010723       -0.012409        0.071700
         -0.000509        0.009863        0.070083
         -0.002917        0.024106        0.034006
          0.011876        0.024856        0.000943
          0.020477        0.013151        0.000963
          0.006310       -0.004748        0.021010
         -0.020657       -0.023399        0.028141
         -0.041175       -0.037386        0.008730
         -0.044312       -0.036711       -0.025555
         -0.028475       -0.014061       -0.054477
         -0.000479        0.022334       -0.061070
          0.024480        0.052580       -0.038742
          0.033456        0.063162        0.001677
          0.028944        0.056142        0.037018
          0.023194        0.043224        0.052723
          0.020344        0.035277        0.056045
          0.014891        0.034001        0.060705
          0.005560        0.031172        0.063235
         -0.002838        0.019802        0.048423
         -0.009250        0.004123        0.017659
         -0.015124       -0.008572       -0.005136
         -0.017045       -0.020652       -0.003536
         -0.012055       -0.036622        0.006976
         -0.004975       -0.048382       -0.002369
         -0.002141       -0.043111       -0.033056
         -0.004570       -0.022044       -0.053095
         -0.010876        0.002268       -0.038386
         -0.017876        0.022962       -0.004523
         -0.017699        0.040470        0.015315
         -0.003716        0.050987        0.008751
          0.020996        0.045310       -0.013684
          0.045785        0.020710       -0.038023
          0.058998       -0.010991       -0.052572
          0.053095       -0.030587       -0.049462
          0.032300       -0.029225       -0.035286
          0.012370       -0.017702       -0.027185
          0.002585       -0.012875       -0.028885
         -0.005283       -0.016931       -0.026865
         -0.018979       -0.018860       -0.017231
         -0.028108       -0.013484       -0.013836
         -0.020725       -0.005374       -0.020003
         -0.007257        0.004859       -0.018234
         -0.006546        0.021302       -0.001542
         -0.014133        0.038494        0.012263
         -0.010123        0.043777        0.014022
          0.003585        0.035525        0.022861
          0.005171        0.021896        0.051308
         -0.006803        0.002860        0.074946
         -0.011651       -0.025661        0.061046
         -0.008508       -0.051743        0.012559
         -0.018313       -0.056511       -0.036492
         -0.037781       -0.043981       -0.060160
         -0.035052       -0.036240       -0.057403
         -0.002271       -0.035696       -0.033902
          0.025609       -0.020002        0.010678
          0.018267        0.015049        0.064828
         -0.012247        0.035842        0.092494
         -0.034497        0.017162        0.065446
         -0.037234       -0.012411        0.003289
         -0.030248       -0.004097       -0.044916
         -0.018655        0.039818       -0.054943
          0.004310        0.063770       -0.038132
          0.039625        0.033488       -0.008884
          0.071995       -0.018809        0.024039
          0.081607       -0.040367        0.042211
          0.060601       -0.025028        0.032434
          0.019447       -0.008127        0.013552
         -0.017111       -0.007860        0.012310
         -0.027089       -0.006043        0.017383
         -0.013992        0.011829       -0.004634
         -0.005001        0.031771       -0.051032
         -0.015999        0.036768       -0.080536
         -0.029226        0.027912       -0.070255
         -0.019576        0.010916       -0.039442
          0.008485       -0.010156       -0.014763
          0.028067       -0.020580       -0.003881
          0.026100       -0.008133       -0.004001
          0.014678        0.007920       -0.007800
          0.009955       -0.004327       -0.001280
          0.014576       -0.037840        0.021281
          0.019917       -0.049958        0.044789
          0.015848       -0.023592        0.053603
          0.000593        0.008740        0.053720
         -0.013226        0.011715        0.058386
         -0.009994       -0.009829        0.066093
          0.004300       -0.026236        0.070082
          0.001151       -0.020876        0.074200
         -0.033247       -0.000855        0.079032
         -0.071269        0.017046        0.064591
         -0.073574        0.021914        0.011914
         -0.038639        0.018400       -0.059619
         -0.002042        0.023479       -0.099872
          0.009989        0.041467       -0.081796
          0.005428        0.043913       -0.032628
          0.004527       -0.001435       -0.000245
          0.010956       -0.075671       -0.000400
          0.011341       -0.112715       -0.011759
         -0.003071       -0.075386       -0.013863
         -0.020954       -0.001717       -0.009387
         -0.022543        0.045534       -0.008135
         -0.005208        0.052614       -0.007219
          0.014127        0.051898        0.003407
          0.023682        0.060735        0.023002
          0.028631        0.055510        0.036124
          0.034576        0.012109        0.027840
          0.036483       -0.048690       -0.000316
          0.030598       -0.075140       -0.033291
          0.022096       -0.043347       -0.059137
          0.014542        0.013668       -0.075376
          0.005394        0.045927       -0.081153
         -0.003364        0.043174       -0.075103
         -0.004158        0.033896       -0.061168
          0.001832        0.036974       -0.045142
          0.002467        0.040539       -0.026154
         -0.008974        0.029353       -0.001037
         -0.026878        0.007777        0.026905
         -0.044064       -0.011323        0.051571
         -0.055866       -0.021820        0.068998
         -0.052807       -0.023050        0.072446
         -0.025832       -0.017306        0.055665
          0.016004       -0.010978        0.028793
          0.046455       -0.008872        0.014382
          0.047521       -0.010245        0.017581
          0.026297       -0.016169        0.018647
          0.003073       -0.030970        0.005326
         -0.009381       -0.049904       -0.009048
         -0.010245       -0.057603       -0.010856
         -0.001999       -0.046089       -0.005396
          0.012960       -0.024195        0.000995
          0.027526       -0.004215        0.012547
          0.030721        0.011487        0.024435
          0.018389        0.025985        0.015798
         -0.001474        0.036982       -0.020916
         -0.017853        0.036524       -0.060592
         -0.026223        0.020485       -0.070880
         -0.026076       -0.004685       -0.047186
         -0.016841       -0.025402       -0.012086
         -0.001936       -0.030016        0.011511
          0.009443       -0.015318        0.018152
          0.010153        0.011833        0.018177
          0.001489        0.038067        0.024871
         -0.010119        0.053139        0.036766
         -0.018893        0.058328        0.031495
         -0.020605        0.061377       -0.009027
         -0.011430        0.062080       -0.064461
          0.008980        0.049904       -0.088233
          0.031192        0.020790       -0.064125
          0.037591       -0.009469       -0.027228
          0.019212       -0.017813       -0.012307
         -0.008570       -0.000449       -0.007406
         -0.018108        0.020278        0.015901
         -0.002248        0.019105        0.049655
          0.015142       -0.006124        0.060666
          0.009401       -0.035496        0.041731
         -0.012899       -0.050619        0.020018
         -0.024154       -0.050232        0.019182
         -0.013559       -0.042368        0.036679
          0.001525       -0.031409        0.054931
          0.004760       -0.020205        0.057980
          0.002269       -0.016579        0.041085
          0.004167       -0.025957        0.014351
          0.004325       -0.040732       -0.007687
         -0.003752       -0.045980       -0.022515
         -0.008640       -0.033971       -0.036676
         -0.000089       -0.008738       -0.047969
          0.008929        0.019094       -0.045242
          0.002630        0.038417       -0.026844
         -0.007896        0.043591       -0.004033
         -0.000738        0.037940        0.017153
          0.019284        0.028934        0.041838
          0.025410        0.019332        0.067231
          0.009428        0.005456        0.073021
         -0.008274       -0.016174        0.045142
         -0.013078       -0.042089        0.000172
         -0.015404       -0.061332       -0.030311
         -0.025369       -0.063464       -0.035417
         -0.031067       -0.050708       -0.028731
         -0.017796       -0.038768       -0.020944
          0.007136       -0.037763       -0.010746
          0.023059       -0.035183       -0.003298
          0.019359       -0.009771       -0.011682
          0.002798        0.037023       -0.031237
         -0.009832        0.076194       -0.036321
         -0.004652        0.082305       -0.016195
          0.014980        0.060877        0.005906
          0.029224        0.040414        0.004772
          0.024410        0.041580       -0.013274
          0.008615        0.056638       -0.024926
         -0.002948        0.058664       -0.021842
         -0.008219        0.031747       -0.010369
         -0.013853       -0.010046        0.006309
         -0.020407       -0.038088        0.026003
         -0.024078       -0.040032        0.038593
         -0.025626       -0.026786        0.039223
         -0.026426       -0.011996        0.040851
         -0.021890        0.001301        0.053386
         -0.007503        0.011884        0.060817
          0.013882        0.015211        0.042710
          0.034696        0.015022        0.007970
          0.046623        0.023485       -0.020544
          0.043083        0.037931       -0.045871
          0.025833        0.034782       -0.089425
          0.005891        0.002413       -0.146044
         -0.008571       -0.037073       -0.176130
         -0.017509       -0.056582       -0.148793
         -0.017785       -0.057116       -0.076104
         -0.002578       -0.053189        0.000053
          0.020076       -0.043096        0.045675
          0.027976       -0.017067        0.056133
          0.014528        0.015182        0.047881
         -0.003035        0.026565        0.039016
         -0.013728        0.002791        0.039722
         -0.025402       -0.038482        0.049532
         -0.038175       -0.059993        0.053839
         -0.034818       -0.037586        0.034169
         -0.010805        0.015996       -0.004243
          0.012184        0.062415       -0.027350
          0.016069        0.074706       -0.012410
          0.008904        0.057744        0.020647
          0.006739        0.033737        0.039653
          0.009320        0.020265        0.045629
          0.005120        0.022956        0.058826
         -0.007495        0.032656        0.074171
         -0.015120        0.026579        0.067229
         -0.007977       -0.009419        0.037699
          0.003285       -0.055268        0.009990
         -0.000183       -0.071813       -0.007218
         -0.018380       -0.046244       -0.025545
         -0.030214       -0.005400       -0.040378
         -0.019282        0.019077       -0.027125
          0.008881        0.021250        0.017151
          0.035520        0.012922        0.058568
          0.044858        0.002459        0.065526
          0.031797       -0.008771        0.042097
          0.003864       -0.017243        0.010873
         -0.020668       -0.015476       -0.020623
         -0.023974       -0.001863       -0.059118
         -0.004769        0.012852       -0.097081
          0.018849        0.015095       -0.105539
          0.026536        0.002790       -0.067427
          0.014357       -0.015569       -0.008450
         -0.004483       -0.032512        0.024541
         -0.014574       -0.043978        0.017868
         -0.013230       -0.044502        0.004833
         -0.010652       -0.030331        0.016092
         -0.013984       -0.005343        0.035403
         -0.016341        0.021598        0.024017
         -0.009173        0.039782       -0.023831
          0.001547        0.036828       -0.073999
          0.004031        0.010506       -0.096219
         -0.001330       -0.016279       -0.091991
         -0.007314       -0.011565       -0.077386
         -0.014809        0.025765       -0.056822
         -0.024751        0.058907       -0.022231
         -0.024764        0.055687        0.028782
         -0.005737        0.023213        0.080262
          0.016739       -0.009409        0.105894
          0.021844       -0.027433        0.093036
          0.016966       -0.036236        0.058450
          0.025158       -0.041756        0.033323
          0.044255       -0.040259        0.030085
          0.046703       -0.026022        0.032329
          0.020573       -0.001902        0.021288
         -0.014226        0.018405       -0.000591
         -0.034259        0.019826       -0.019982
         -0.036866        0.002385       -0.030744
         -0.030951       -0.013785       -0.031652
         -0.019617       -0.008614       -0.023167
         -0.001199        0.012618       -0.015267
          0.019332        0.024812       -0.019350
          0.029754        0.015198       -0.027489
          0.024637       -0.003647       -0.022399
          0.014056       -0.015474       -0.008847
          0.009290       -0.017263       -0.008431
          0.004117       -0.010164       -0.023347
         -0.014464        0.004659       -0.032388
         -0.038797        0.014577       -0.022996
         -0.044472        0.003775       -0.004219
         -0.025201       -0.018409        0.012436
         -0.003397       -0.020548        0.027689
          0.001282        0.009730        0.047491
         -0.004223        0.047838        0.069493
         -0.003569        0.064967        0.080397
          0.003354        0.061048        0.069218
          0.005030        0.052939        0.043131
         -0.001102        0.042820        0.023233
         -0.006077        0.016709        0.020553
         -0.003348       -0.025564        0.022412
          0.004765       -0.056718        0.009202
          0.012657       -0.052025       -0.018478
          0.016797       -0.024072       -0.038812
          0.016843       -0.009098       -0.037401
          0.014731       -0.020568       -0.026274
          0.011717       -0.036264       -0.024948
          0.007561       -0.035584       -0.032037
          0.004567       -0.029356       -0.031106
          0.006445       -0.038586       -0.019589
          0.009405       -0.055884       -0.013982
          0.004547       -0.048775       -0.025492
         -0.005237       -0.003173       -0.045654
         -0.004507        0.054278       -0.059765
          0.010311        0.087025       -0.061813
          0.020764        0.087557       -0.050997
          0.011621        0.072227       -0.026517
         -0.006874        0.051246        0.005593
         -0.014342        0.025013        0.032362
         -0.008113        0.003236        0.049363
         -0.002429        0.002173        0.063253
         -0.004868        0.017466        0.072436
         -0.007319        0.020433        0.063923
         -0.001587       -0.005654        0.037336
          0.007645       -0.040049        0.011258
          0.011248       -0.051735       -0.002041
          0.008575       -0.041343       -0.007529
          0.003838       -0.035110       -0.008887
         -0.003419       -0.042576       -0.001651
         -0.013532       -0.044433        0.011127
         -0.018852       -0.025648        0.016509
         -0.014116        0.001126        0.008086
         -0.008007        0.015568       -0.008594
         -0.008915        0.017528       -0.024035
         -0.008479        0.020717       -0.029324
          0.002504        0.027217       -0.021958
          0.014225        0.024302       -0.013710
          0.014293        0.006919       -0.019702
          0.008732       -0.009418       -0.035934
          0.006436       -0.006193       -0.042423
          0.001636        0.011498       -0.029043
         -0.008689        0.015793       -0.003484
         -0.011739       -0.010675        0.023168
         -0.002206       -0.047719        0.043749
          0.003499       -0.055302        0.051281
         -0.005125       -0.020471        0.040961
         -0.011696        0.025067        0.016719
          0.000649        0.041710       -0.009506
          0.018910        0.024816       -0.026426
          0.018278       -0.001742       -0.032073
         -0.000432       -0.022845       -0.033775
         -0.014293       -0.041049       -0.037649
         -0.013258       -0.053206       -0.039417
         -0.007898       -0.044499       -0.029489
         -0.003977       -0.012996       -0.006925
          0.005764        0.018827        0.016973
          0.020618        0.028776        0.032334
          0.025764        0.020832        0.042162
          0.015248        0.015758        0.052567
          0.002183        0.022506        0.058690
         -0.003151        0.031084        0.053466
         -0.008127        0.031139        0.043372
         -0.019969        0.023406        0.038079
         -0.029568        0.010755        0.029198
         -0.026831       -0.007406       -0.001390
         -0.018814       -0.026086       -0.050132
         -0.017479       -0.034172       -0.082443
         -0.019175       -0.031157       -0.063458
         -0.011724       -0.030966        0.001608
          0.004232       -0.037979        0.064109
          0.015991       -0.032261        0.078499
          0.017723        0.004869        0.049963
          0.014509        0.059159        0.021516
          0.009534        0.096111        0.015998
          0.001755        0.100941        0.013152
         -0.004218        0.086536       -0.012068
         -0.000163        0.064101       -0.052906
          0.012405        0.029602       -0.083413
          0.021858       -0.014635       -0.089952
          0.020606       -0.047202       -0.078828
          0.012019       -0.051771       -0.062950
          0.002909       -0.040581       -0.048811
         -0.004306       -0.036704       -0.032448
         -0.009322       -0.040777       -0.007191
         -0.008952       -0.034521        0.022159
         -0.000697       -0.014131        0.039408
          0.010995        0.001843        0.037884
          0.018724        0.001366        0.032205
          0.019885       -0.006104        0.038075
          0.014894       -0.011804        0.049204
          0.004084       -0.023210        0.048191
         -0.007793       -0.043348        0.032068
         -0.013510       -0.054182        0.011617
         -0.015479       -0.040442       -0.006588
         -0.023165       -0.015564       -0.020758
         -0.032990       -0.001241       -0.024222
         -0.027706        0.008811       -0.013552
         -0.004055        0.038309       -0.001080
          0.016868        0.084163       -0.001151
          0.017795        0.110504       -0.007107
          0.007645        0.094506        0.000291
          0.003947        0.056153        0.022553
          0.006868        0.029910        0.038320
          0.003839        0.022363        0.030361
         -0.008812        0.012442        0.005137
         -0.021005       -0.014219       -0.016864
         -0.022454       -0.044449       -0.022721
         -0.013003       -0.052433       -0.018071
         -0.000908       -0.030688       -0.019240
          0.004404       -0.001846       -0.033694
          0.000339        0.004314       -0.051393
         -0.004848       -0.015881       -0.059942
         -0.001223       -0.036649       -0.060930
          0.006987       -0.034015       -0.060996
          0.004794       -0.012885       -0.053530
         -0.008936        0.001383       -0.024428
         -0.014146       -0.007024        0.024427
          0.001865       -0.029200        0.071051
          0.021685       -0.045400        0.096322
          0.020000       -0.047662        0.100272
          0.000105       -0.043150        0.090710
         -0.010444       -0.036885        0.068417
          0.001434       -0.021337        0.034793
          0.018040        0.009312        0.003412
          0.018414        0.041747       -0.012357
          0.007312        0.053906       -0.017161
          0.004563        0.042857       -0.023620
          0.014170        0.029444       -0.031126
          0.020407        0.030446       -0.031523
          0.013110        0.037181       -0.028348
          0.000329        0.030821       -0.030062
         -0.007438        0.011518       -0.029622
         -0.011085       -0.001534       -0.013378
         -0.014671        0.000731        0.011923
         -0.014825        0.002458        0.023928
         -0.007102       -0.014497        0.017384
          0.003502       -0.043009        0.010481
          0.006840       -0.058106        0.015018
          0.000597       -0.047801        0.018903
         -0.006594       -0.024313        0.004601
         -0.005203       -0.005425       -0.025896
          0.004718        0.003148       -0.048514
          0.013937        0.004552       -0.037799
          0.014305        0.001918        0.005070
          0.006825       -0.000593        0.046550
         -0.001351        0.004137        0.054850
         -0.004637        0.018043        0.036625
         -0.002550        0.030798        0.021768
         -0.001141        0.029706        0.016193
         -0.010445        0.016547       -0.002920
         -0.030627        0.004925       -0.042205
         -0.042904       -0.000940       -0.072808
         -0.029288       -0.011286       -0.068989
          0.001374       -0.026895       -0.043143
          0.024974       -0.025875       -0.026326
          0.034903        0.007526       -0.028895
          0.041548        0.051050       -0.035350
          0.044245        0.064844       -0.029051
          0.029999        0.040603       -0.009216
          0.000880        0.007382        0.012923
         -0.021252       -0.009881        0.026872
         -0.022725       -0.012428        0.032320
         -0.012844       -0.008006        0.037529
         -0.005808        0.002325        0.047167
         -0.003549        0.011655        0.054570
         -0.002191        0.007527        0.050240
         -0.001758       -0.006815        0.035547
         -0.002950       -0.012960        0.021678
         -0.004581       -0.005043        0.013439
         -0.008045        0.003264        0.001507
         -0.015572        0.003514       -0.019960
         -0.023925        0.003306       -0.033719
         -0.027926        0.006266       -0.015239
         -0.026351        0.001220        0.030963
         -0.017058       -0.017059        0.069264
          0.004017       -0.031195        0.070764
          0.029499       -0.021940        0.038425
          0.039296        0.000976       -0.005169
          0.025521        0.006913       -0.040416
          0.006228       -0.015862       -0.061475
          0.001041       -0.044729       -0.074215
          0.005983       -0.051480       -0.081890
          0.006964       -0.032698       -0.073433
          0.004658       -0.007067       -0.038742
          0.007682        0.005103        0.005693
          0.011965       -0.002704        0.028251
          0.007095       -0.015631        0.023043
         -0.003912       -0.005595        0.015368
         -0.009577        0.038408        0.020634
         -0.008365        0.088689        0.024561
         -0.006188        0.102661        0.012900
         -0.003182        0.068517       -0.006400
          0.001987        0.014628       -0.021615
          0.002370       -0.023779       -0.033397
         -0.008433       -0.033496       -0.042429
         -0.022599       -0.023121       -0.041089
         -0.024826       -0.010834       -0.025215
         -0.011898       -0.011483       -0.000710
          0.001692       -0.022453        0.022988
         -0.000152       -0.024396        0.037123
         -0.015968       -0.006302        0.037266
         -0.027658        0.016521        0.031720
         -0.022261        0.020924        0.037737
         -0.007526        0.005171        0.060622
          0.001654       -0.013009        0.085117
          0.007128       -0.021783        0.093900
          0.022308       -0.024886        0.084645
          0.043595       -0.028174        0.063105
          0.048448       -0.029617        0.031118
          0.029010       -0.025252       -0.009683
          0.005538       -0.016428       -0.049931
         -0.004524       -0.007274       -0.076722
         -0.008037        0.000665       -0.083848
         -0.013988        0.008577       -0.075070
         -0.014713        0.016575       -0.058043
         -0.005975        0.020935       -0.035173
         -0.001911        0.016710       -0.003719
         -0.010835        0.005250        0.029638
         -0.017391       -0.002790        0.042086
         -0.007821        0.003172        0.018809
          0.006655        0.020960       -0.021273
          0.010335        0.036856       -0.046006
          0.008226        0.040686       -0.052747
          0.012030        0.035588       -0.063756
          0.017996        0.030781       -0.080704
          0.016567        0.029202       -0.076784
          0.009016        0.027027       -0.041308
          0.000119        0.022379       -0.001900
         -0.010512        0.017151        0.011714
         -0.019095        0.009803        0.003573
         -0.016403       -0.005723       -0.003410
         -0.004352       -0.030247       -0.001126
          0.002950       -0.055580        0.000224
          0.000804       -0.075312       -0.006717
         -0.000600       -0.090940       -0.013032
          0.002395       -0.099856       -0.000749
         -0.001828       -0.088164        0.036193
         -0.018405       -0.049263        0.077826
         -0.030948       -0.001416        0.093882
         -0.022444        0.029624        0.077537
         -0.001625        0.040059        0.051844
          0.008907        0.043648        0.037916
          0.005930        0.043619        0.031583
          0.006500        0.030121        0.019560
          0.017011        0.006607        0.003520
          0.025019       -0.003374       -0.005107
          0.024288        0.012593       -0.005074
          0.023329        0.032103       -0.006826
          0.024208        0.022482       -0.017692
          0.016702       -0.016207       -0.035412
         -0.000602       -0.049378       -0.053766
         -0.014434       -0.048529       -0.065120
         -0.016224       -0.017473       -0.059260
         -0.009826        0.022933       -0.032023
         -0.000438        0.057586        0.002650
          0.007816        0.078018        0.022829
          0.007941        0.076961        0.026546
         -0.000983        0.053974        0.033540
         -0.008466        0.019428        0.049530
         -0.008214       -0.013318        0.050355
         -0.006767       -0.034336        0.020707
         -0.007193       -0.036517       -0.013150
         -0.001449       -0.020767       -0.016617
          0.011849       -0.002944        0.004166
          0.019960       -0.001135        0.015583
          0.014058       -0.013405        0.005252
          0.000114       -0.022147       -0.010969
         -0.011395       -0.020427       -0.018438
         -0.014654       -0.017331       -0.012549
         -0.008257       -0.017884        0.010652
          0.003682       -0.015894        0.045761
          0.011840       -0.007321        0.068467
          0.010963        0.004687        0.057742
          0.006379        0.016970        0.021150
          0.004664        0.025634       -0.017419
          0.001860        0.022457       -0.045033
         -0.009716        0.005230       -0.061599
         -0.025558       -0.012408       -0.066249
         -0.031442       -0.014134       -0.056294
         -0.022178       -0.001983       -0.034202
         -0.007109        0.005968       -0.007155
          0.004062       -0.000906        0.017247
          0.010458       -0.011742        0.032442
          0.013530       -0.006216        0.034120
          0.011631        0.021702        0.021371
          0.004460        0.054719       -0.004066
         -0.004235        0.068476       -0.036571
         -0.011375        0.055422       -0.063181
         -0.017493        0.029341       -0.067429
         -0.022625        0.007347       -0.044144
         -0.022035       -0.007341       -0.009350
         -0.010635       -0.023954        0.013161
          0.006250       -0.049593        0.017250
          0.012942       -0.077070        0.017440
          0.002431       -0.087154        0.024243
         -0.010800       -0.066912        0.029445
         -0.009119       -0.026164        0.022751
          0.003349        0.011307        0.011222
          0.009204        0.032731        0.011547
          0.004734        0.042247        0.028969
          0.000757        0.042359        0.053181
          0.002023        0.025822        0.072369
          0.005057       -0.007420        0.080832
          0.012146       -0.039095        0.070775
          0.026425       -0.048399        0.030491
          0.035591       -0.030666       -0.035633
          0.023142        0.004658       -0.094164
         -0.003966        0.042920       -0.110608
         -0.020672        0.065752       -0.089512
         -0.017609        0.058574       -0.065851
         -0.009095        0.026658       -0.055919
         -0.007502       -0.006442       -0.041741
         -0.009604       -0.023920       -0.009721
         -0.008586       -0.030358        0.022459
         -0.002302       -0.036677        0.031898
          0.009407       -0.040955        0.022687
          0.021796       -0.032558        0.014219
          0.024376       -0.010236        0.011333
          0.014786        0.012642        0.005009
          0.004099        0.022361       -0.005567
         -0.002220        0.019186       -0.010416
         -0.012970        0.013471       -0.004597
         -0.029076        0.010861        0.008236
         -0.033765        0.008120        0.024603
         -0.019825        0.003467        0.041696
         -0.004864        0.002859        0.052974
         -0.003683        0.010420        0.051836
         -0.006325        0.016996        0.037573
          0.001830        0.007728        0.015878
          0.017168       -0.016681       -0.003041
          0.027768       -0.036188       -0.009439
          0.030648       -0.035965       -0.002736
          0.029266       -0.023926        0.006573
          0.024803       -0.013353        0.006914
          0.015683       -0.001992       -0.004779
         -0.000001        0.015344       -0.023646
         -0.020572        0.027769       -0.041020
         -0.035651        0.023326       -0.046187
         -0.032970        0.012347       -0.032726
         -0.015692        0.013697       -0.008898
         -0.001723        0.024466        0.006420
          0.000735        0.024232        0.005005
          0.002808        0.006690       -0.002108
          0.012212       -0.011805       -0.003301
          0.017938       -0.016844       -0.001604
          0.010146       -0.013800       -0.002651
          0.000310       -0.015698        0.000769
          0.005415       -0.023669        0.020009
          0.021140       -0.026676        0.050990
          0.026950       -0.015979        0.071456
          0.015142        0.005385        0.059243
         -0.000269        0.025384        0.014869
         -0.007019        0.032018       -0.033461
         -0.012438        0.021409       -0.054370
         -0.026583        0.000486       -0.046033
         -0.038992       -0.017639       -0.033925
         -0.030701       -0.022744       -0.032576
         -0.004822       -0.014205       -0.028770
          0.014300       -0.000208       -0.013126
          0.012352        0.009400       -0.003965
         -0.001312        0.010444       -0.018276
         -0.011327        0.006191       -0.038755
         -0.011607        0.003220       -0.036209
         -0.002447        0.005736       -0.012189
          0.012390        0.012320        0.006635
          0.023378        0.016118        0.009640
          0.022377        0.009224        0.012612
          0.014296       -0.008546        0.026867
          0.010780       -0.024272        0.040652
          0.011228       -0.022699        0.040093
          0.003675       -0.006936        0.032574
         -0.012090        0.000949        0.034734
         -0.019137       -0.011372        0.045323
         -0.009832       -0.027136        0.046185
         -0.001142       -0.022322        0.027997
         -0.010297        0.001197       -0.000725
         -0.027677        0.018602       -0.029935
         -0.028742        0.014624       -0.055196
         -0.007229        0.000968       -0.065985
          0.015936       -0.000208       -0.048439
          0.018179        0.015810       -0.009003
          0.002522        0.029736        0.024082
         -0.007475        0.022172        0.034344
          0.000987       -0.000895        0.033912
          0.013973       -0.017066        0.035596
          0.012177       -0.019370        0.029503
         -0.001497       -0.022046        0.004520
         -0.007690       -0.031930       -0.024824
          0.001584       -0.034212       -0.033351
          0.014953       -0.016954       -0.017166
          0.020161        0.006987        0.005285
          0.016549        0.017171        0.016685
          0.007995        0.013432        0.012162
         -0.003673        0.011684       -0.006236
         -0.015542        0.020355       -0.032483
         -0.023637        0.035475       -0.055806
         -0.027019        0.051746       -0.066835
         -0.025412        0.063670       -0.064571
         -0.016493        0.062019       -0.053588
         -0.002081        0.043740       -0.038120
          0.009434        0.020545       -0.020433
          0.013461        0.005044        0.001520
          0.014499       -0.006863        0.034390
          0.015467       -0.027644        0.077138
          0.010988       -0.055235        0.109410
         -0.002336       -0.070543        0.106975
         -0.017468       -0.060337        0.071701
         -0.025046       -0.035105        0.031531
         -0.023066       -0.017524        0.006438
         -0.014135       -0.014073       -0.009426
         -0.000963       -0.006417       -0.024849
          0.010927        0.021909       -0.029858
          0.014859        0.056110       -0.012576
          0.012928        0.061090        0.015089
          0.015758        0.023382        0.027456
          0.026426       -0.030361        0.015750
          0.032913       -0.061821       -0.005937
          0.023571       -0.057342       -0.021720
          0.003621       -0.029573       -0.028737
         -0.010965        0.004816       -0.033428
         -0.011992        0.034601       -0.041112
         -0.005792        0.047537       -0.046848
         -0.004039        0.034766       -0.036819
         -0.010904        0.007326       -0.007708
         -0.017840       -0.007569        0.019479
         -0.012966        0.002724        0.021511
          0.001656        0.019755        0.005791
          0.009347        0.017985        0.000813
          0.001429       -0.003947        0.014761
         -0.010548       -0.026208        0.025628
         -0.014146       -0.034453        0.015018
         -0.013171       -0.032566       -0.008817
         -0.012929       -0.031749       -0.026357
         -0.005244       -0.034849       -0.028061
          0.013797       -0.032244       -0.016451
          0.026158       -0.012476       -0.002124
          0.014112        0.021451        0.000154
         -0.009508        0.049420       -0.014174
         -0.015553        0.052947       -0.028066
          0.002518        0.033901       -0.020484
          0.024578        0.010089        0.004473
          0.034391       -0.003931        0.022201
          0.033626       -0.008312        0.023114
          0.027643       -0.014572        0.025423
          0.017092       -0.031792        0.044412
          0.004416       -0.052337        0.064779
         -0.006142       -0.055782        0.059749
         -0.015088       -0.033530        0.030517
         -0.023634       -0.002478        0.006268
         -0.026521        0.013907        0.002750
         -0.020009        0.010313        0.002524
         -0.012792       -0.001533       -0.013632
         -0.015493       -0.008729       -0.036758
         -0.021474       -0.004666       -0.046952
         -0.013920        0.009918       -0.043756
          0.006616        0.026289       -0.041762
          0.019166        0.034231       -0.046442
          0.012476        0.032503       -0.049945
          0.000505        0.027636       -0.046403
         -0.001480        0.022767       -0.038293
          0.000988        0.014916       -0.026181
         -0.003824        0.003081       -0.003597
         -0.012180       -0.008970        0.029520
         -0.013124       -0.018346        0.056345
         -0.008072       -0.023360        0.058544
         -0.006433       -0.018608        0.037624
         -0.006760       -0.000017        0.010545
          0.001496        0.024385       -0.008690
          0.016336        0.039170       -0.013577
          0.020085        0.037886       -0.003675
          0.005453        0.026414        0.009621
         -0.010876        0.013298        0.009118
         -0.011683        0.006090       -0.005272
         -0.001501        0.010687       -0.013555
          0.006239        0.022350       -0.004593
          0.009325        0.024214        0.007886
          0.011508        0.007948        0.007952
          0.010970       -0.010547        0.000706
          0.006398       -0.011111        0.001778
          0.003544       -0.000418        0.015280
          0.005889       -0.005298        0.032391
          0.007404       -0.034260        0.044117
          0.001409       -0.063168        0.046788
         -0.009753       -0.065389        0.039048
         -0.017747       -0.042373        0.021700
         -0.016291       -0.016265        0.001732
         -0.004624       -0.002804       -0.009817
          0.012143       -0.000270       -0.008482
          0.023509        0.001994       -0.000703
          0.019932        0.012246        0.005748
          0.004857        0.029113        0.008454
         -0.004730        0.039962        0.002864
          0.001058        0.031745       -0.021188
          0.009734        0.008933       -0.065237
          0.003724       -0.007003       -0.110914
         -0.014208       -0.004252       -0.132857
         -0.027068        0.002372       -0.119767
         -0.027673       -0.006472       -0.076744
         -0.021493       -0.024860       -0.014590
         -0.012244       -0.031220        0.052088
          0.000116       -0.020832        0.103424
          0.010662       -0.008246        0.126497
          0.011546       -0.001037        0.125879
          0.002588        0.007045        0.110567
         -0.007269        0.017339        0.079975
         -0.008397        0.022120        0.037543
          0.002280        0.021643        0.003280
          0.018604        0.026131       -0.009529
          0.027873        0.035942       -0.016961
          0.021806        0.036194       -0.039209
          0.006163        0.018674       -0.065159
         -0.006495       -0.003517       -0.068808
         -0.012602       -0.012499       -0.049743
         -0.017765       -0.007873       -0.029039
         -0.023538       -0.002948       -0.014224
         -0.025190       -0.006267        0.002747
         -0.021262       -0.016822        0.019603
         -0.014710       -0.030707        0.024489
         -0.006838       -0.042383        0.019057
          0.001161       -0.045043        0.016428
          0.006401       -0.037816        0.019012
          0.011901       -0.027302        0.018345
          0.025434       -0.017756        0.013426
          0.041885       -0.007013        0.011978
          0.042331        0.005902        0.015331
          0.023278        0.018213        0.015071
          0.008211        0.029752        0.005537
          0.012718        0.042607       -0.007771
          0.017506        0.053301       -0.015171
         -0.001141        0.053182       -0.015955
         -0.030662        0.037369       -0.019358
         -0.039209        0.009085       -0.029628
         -0.022926       -0.022470       -0.037086
         -0.007826       -0.045703       -0.031922
         -0.008123       -0.052738       -0.020832
         -0.009922       -0.045665       -0.019071
          0.001143       -0.034563       -0.028695
          0.018745       -0.027652       -0.035254
          0.027918       -0.023513       -0.027161
          0.021958       -0.012768       -0.010293
          0.003490        0.010708        0.000986
         -0.018169        0.038602        0.002808
         -0.029292        0.052739        0.004821
         -0.023785        0.044825        0.014532
         -0.012715        0.025629        0.026463
         -0.009420        0.009135        0.030968
         -0.008669       -0.003634        0.027657
          0.002906       -0.016036        0.023673
          0.019753       -0.021021        0.022842
          0.022298       -0.009952        0.024160
          0.008476        0.008694        0.028058
         -0.002242        0.015885        0.034482
          0.000580        0.008274        0.035289
          0.004873        0.003524        0.019198
         -0.001232        0.014043       -0.012093
         -0.011710        0.027264       -0.040003
         -0.014862        0.022977       -0.046012
         -0.008856        0.003575       -0.030211
          0.000825       -0.008164       -0.011355
          0.008233       -0.001958       -0.009104
          0.008769        0.005956       -0.024883
          0.003826       -0.000883       -0.039874
          0.002078       -0.014380       -0.035184
          0.007010       -0.016616       -0.013597
          0.009108       -0.007769        0.004990
          0.001082       -0.003976        0.009433
         -0.007480       -0.014593        0.007872
         -0.003455       -0.034440        0.009552
          0.009126       -0.051985        0.009661
          0.014812       -0.054696        0.000671
          0.008120       -0.034802       -0.012776
         -0.002089       -0.000432       -0.020896
         -0.006039        0.026915       -0.021727
         -0.001637        0.034702       -0.017565
          0.007376        0.030973       -0.007373
          0.014003        0.027622        0.007371
          0.011204        0.023259        0.016895
         -0.000247        0.010832        0.013601
         -0.009393       -0.007750        0.003929
         -0.007851       -0.023343        0.000797
         -0.002455       -0.028168        0.006604
         -0.006644       -0.016539        0.012271
         -0.020666        0.012712        0.012234
         -0.029513        0.046665        0.010926
         -0.021633        0.062065        0.013082
         -0.002694        0.049334        0.017113
          0.011923        0.025099        0.020734
          0.014388        0.012054        0.024068
          0.010299        0.013669        0.024182
          0.008344        0.016045        0.015813
          0.009601        0.007761        0.001665
          0.009699       -0.009217       -0.005694
          0.006029       -0.024976        0.003261
         -0.001113       -0.033770        0.024413
         -0.009239       -0.039778        0.042858
         -0.012818       -0.049086        0.043141
         -0.008137       -0.057991        0.021678
         -0.000220       -0.055546       -0.004990
          0.002369       -0.037327       -0.012536
         -0.000494       -0.011000        0.001990
         -0.001372        0.010631        0.013804
          0.002295        0.018994        0.003987
          0.004462        0.016156       -0.013946
          0.000741        0.013389       -0.016702
         -0.004159        0.017908       -0.007015
         -0.004127        0.022633       -0.005431
         -0.002653        0.017291       -0.015467
         -0.007387        0.006359       -0.020989
         -0.014588        0.004290       -0.015027
         -0.011450        0.014578       -0.008466
          0.003050        0.026029       -0.008966
          0.013989        0.029719       -0.010701
          0.012481        0.027379       -0.008466
          0.006228        0.022299       -0.005979
          0.002224        0.014370       -0.005783
         -0.003431        0.005869       -0.004221
         -0.010941        0.000299       -0.000780
         -0.009986       -0.006086       -0.000742
          0.002983       -0.019834       -0.004679
          0.015362       -0.036244       -0.006732
          0.015164       -0.041540       -0.006932
          0.005592       -0.030721       -0.012963
         -0.003806       -0.013484       -0.024333
         -0.009849       -0.001577       -0.026772
         -0.013162        0.002213       -0.010484
         -0.012081        0.003301        0.014074
         -0.006098        0.009473        0.026331
          0.000909        0.023440        0.017553
          0.006265        0.036032       -0.001839
          0.011670        0.030993       -0.014595
          0.016885        0.003780       -0.014139
          0.017133       -0.027484       -0.009482
          0.011253       -0.038344       -0.010751
          0.005343       -0.024360       -0.011857
          0.003710       -0.003518        0.003565
          0.002833        0.005922        0.036668
         -0.002470        0.000651        0.064979
         -0.013084       -0.012891        0.066672
         -0.025746       -0.026626        0.044568
         -0.032559       -0.031910        0.018387
         -0.024260       -0.023699        0.001568
         -0.001994       -0.007342       -0.005829
          0.019773        0.006541       -0.009202
          0.028947        0.014852       -0.013958
          0.026608        0.021773       -0.022733
          0.017597        0.027131       -0.030895
          0.002335        0.025834       -0.029583
         -0.015569        0.019616       -0.018498
         -0.025928        0.018694       -0.010459
         -0.024126        0.028263       -0.016792
         -0.017086        0.040075       -0.031438
         -0.011138        0.040014       -0.037908
         -0.003208        0.020663       -0.032302
          0.010276       -0.012414       -0.028682
          0.023976       -0.042361       -0.035972
          0.029487       -0.051602       -0.040450
          0.025558       -0.037776       -0.022050
          0.017217       -0.018599        0.017789
          0.007402       -0.014259        0.054053
         -0.005353       -0.024674        0.061822
         -0.020416       -0.030466        0.037622
         -0.030612       -0.017579        0.000429
         -0.027833        0.005744       -0.024532
         -0.012044        0.020366       -0.024958
          0.007281        0.019006       -0.008996
          0.018495        0.009896        0.004260
          0.017364        0.000314        0.003215
          0.010949       -0.011655       -0.004611
          0.010009       -0.025042       -0.000017
          0.015867       -0.027817        0.025304
          0.018539       -0.011280        0.054519
          0.010866        0.013819        0.060727
         -0.000298        0.026789        0.038070
         -0.003424        0.021488        0.009537
         -0.000120        0.012531       -0.001221
         -0.003677        0.015113        0.002607
         -0.017689        0.026012       -0.000007
         -0.027123        0.030344       -0.017963
         -0.018396        0.022274       -0.037475
         -0.000197        0.010512       -0.039032
          0.006196        0.004726       -0.017328
         -0.006164        0.004788        0.013607
         -0.022222        0.004154        0.030218
         -0.024013       -0.001890        0.018937
         -0.010069       -0.011819       -0.009496
          0.005959       -0.019122       -0.031504
          0.011254       -0.019278       -0.038655
          0.005569       -0.014937       -0.041282
         -0.001270       -0.009716       -0.041574
         -0.001091       -0.000142       -0.026279
          0.005105        0.015864        0.003142
          0.011218        0.024766        0.020489
          0.014188        0.008587        0.013062
          0.015168       -0.025480        0.004289
          0.015038       -0.045659        0.018579
          0.012670       -0.036245        0.046731
          0.007459       -0.018721        0.063653
          0.001691       -0.017582        0.059666
         -0.000538       -0.024394        0.040517
          0.001782       -0.015914        0.014622
          0.003057        0.008187       -0.008911
         -0.003619        0.028618       -0.022555
         -0.016510        0.037196       -0.026480
         -0.024837        0.042933       -0.024985
         -0.019902        0.051406       -0.018889
         -0.003762        0.054297       -0.009248
          0.013690        0.040970       -0.003241
          0.024869        0.013572       -0.006226
          0.030977       -0.011004       -0.011192
          0.035890       -0.015182       -0.006148
          0.035129        0.001179        0.008655
          0.020718        0.019329        0.020394
         -0.002593        0.020394        0.021497
         -0.020768        0.001922        0.017202
         -0.030886       -0.024150        0.012377
         -0.039777       -0.043097        0.003942
         -0.044038       -0.046018       -0.006984
         -0.034481       -0.033822       -0.009652
         -0.017906       -0.015212       -0.000616
         -0.009492        0.001750        0.006643
         -0.007542        0.015221       -0.000065
         -0.000748        0.025643       -0.014785
          0.006054        0.030120       -0.024042
          0.000075        0.023582       -0.023776
         -0.011339        0.003627       -0.017776
         -0.007557       -0.025904       -0.008674
          0.012894       -0.053541        0.002763
          0.030269       -0.064811        0.015253
          0.033107       -0.054586        0.026511
          0.029219       -0.034106        0.031924
          0.026852       -0.018689        0.026667
          0.022851       -0.009037        0.012714
          0.011999        0.006239       -0.001215
         -0.004522        0.028992       -0.008979
         -0.022075        0.044723       -0.010489
         -0.035967        0.042718       -0.007399
         -0.041011        0.031296       -0.003776
         -0.033442        0.024246       -0.006999
         -0.016059        0.022298       -0.016993
          0.000665        0.018678       -0.020419
          0.006723        0.013695       -0.008636
          0.002388        0.011039        0.005853
         -0.004493        0.006750        0.006653
         -0.010428       -0.004708       -0.000175
         -0.017316       -0.018181        0.003616
         -0.021557       -0.024007        0.016640
         -0.014539       -0.022893        0.018542
          0.002596       -0.023504        0.002732
          0.017227       -0.028044       -0.013475
          0.022552       -0.030125       -0.015732
          0.023684       -0.024688       -0.009945
          0.023046       -0.012225       -0.006737
          0.015660        0.003984       -0.006140
          0.004155        0.018752       -0.004872
          0.000862        0.026628       -0.004597
          0.008292        0.026790       -0.005944
          0.014895        0.022502       -0.004743
          0.015622        0.014905        0.000606
          0.017949        0.003128        0.005720
          0.023135       -0.009685        0.007388
          0.021366       -0.016795        0.007629
          0.009969       -0.014651        0.007515
         -0.001702       -0.006249        0.002237
         -0.008502        0.001060       -0.012541
         -0.014923        0.001095       -0.031024
         -0.022606       -0.004588       -0.039488
         -0.025524       -0.007518       -0.030358
         -0.020171       -0.002909       -0.011096
         -0.012198        0.005280        0.003237
         -0.009638        0.012860        0.004157
         -0.012726        0.020312       -0.005074
         -0.013960        0.024336       -0.015301
         -0.009015        0.015498       -0.018991
         -0.003036       -0.007102       -0.014215
         -0.001476       -0.028089       -0.005916
         -0.000014       -0.032631       -0.002474
          0.008296       -0.024200       -0.006427
          0.020592       -0.015989       -0.009383
          0.028053       -0.010687       -0.001257
          0.027786        0.000140        0.016086
          0.022578        0.019638        0.030781
          0.014064        0.039282        0.036983
          0.004036        0.049235        0.040592
         -0.002955        0.047397        0.045672
         -0.005287        0.036921        0.045448
         -0.006942        0.020610        0.035000
         -0.009552        0.000916        0.023153
         -0.008996       -0.017270        0.020552
         -0.003944       -0.027539        0.023457
          0.000611       -0.026574        0.019732
          0.001807       -0.017066        0.004299
          0.002553       -0.005654       -0.019008
          0.004443        0.002587       -0.043490
          0.005297        0.008769       -0.061383
          0.005346        0.018616       -0.067051
          0.007550        0.033361       -0.062831
          0.009511        0.042551       -0.055228
          0.003272        0.031749       -0.043948
         -0.012399        0.000184       -0.022843
         -0.026317       -0.034856        0.007327
         -0.027115       -0.054924        0.036053
         -0.015865       -0.056390        0.054856
         -0.001392       -0.047258        0.064462
          0.011001       -0.036069        0.068825
          0.019669       -0.027456        0.068012
          0.020467       -0.020361        0.058353
          0.009003       -0.007276        0.036877
         -0.010562        0.016876        0.006619
         -0.024960        0.043470       -0.021433
         -0.024555        0.055927       -0.035626
         -0.014342        0.047748       -0.035363
         -0.006060        0.028090       -0.032536
         -0.001229        0.009813       -0.038549
          0.007016       -0.002016       -0.050772
          0.015825       -0.009785       -0.053748
          0.013084       -0.016276       -0.035232
         -0.000592       -0.020593       -0.000898
         -0.008616       -0.021444        0.029906
         -0.003217       -0.022020        0.044855
          0.003953       -0.026910        0.049762
          0.002734       -0.033572        0.053563
          0.000050       -0.031858        0.050258
          0.006173       -0.015164        0.028754
          0.017176        0.009541       -0.004650
          0.020267        0.025267       -0.029953
          0.010493        0.020297       -0.037285
         -0.005122        0.000130       -0.032265
         -0.017327       -0.017831       -0.021513
         -0.023017       -0.021315       -0.007756
         -0.024040       -0.011589        0.005516
         -0.020960        0.002787        0.018536
         -0.010702        0.012934        0.038283
          0.007549        0.011636        0.063888
          0.025554       -0.001460        0.076290
          0.030666       -0.014912        0.056398
          0.019237       -0.014610        0.009125
          0.001073       -0.000635       -0.041321
         -0.011595        0.012740       -0.075625
         -0.016124        0.017341       -0.089991
         -0.018566        0.022343       -0.087933
         -0.023389        0.037628       -0.072839
         -0.027065        0.054375       -0.049321
         -0.022659        0.054601       -0.024245
         -0.009478        0.035258       -0.003003
          0.003857        0.010520        0.012695
          0.006799       -0.006410        0.022430
         -0.002011       -0.012902        0.025192
         -0.011038       -0.012191        0.020934
         -0.006609       -0.009361        0.011884
          0.011172       -0.009398        0.001870
          0.028637       -0.011544       -0.004237
          0.036012       -0.009165       -0.002811
          0.035793       -0.001933        0.002962
          0.031723       -0.001983        0.003881
          0.021773       -0.017619       -0.002462
          0.006684       -0.036282       -0.005196
         -0.006315       -0.037590        0.004669
         -0.013076       -0.021042        0.019829
         -0.016019       -0.006015        0.028182
         -0.016123       -0.004459        0.029553
         -0.010933       -0.008497        0.028535
         -0.000869       -0.006997        0.022166
          0.010127       -0.000252        0.009528
          0.018257        0.006542        0.001217
          0.019329        0.012966        0.002697
          0.010377        0.020119        0.000796
         -0.003794        0.025553       -0.015692
         -0.012620        0.027754       -0.034532
         -0.011369        0.029536       -0.037653
         -0.004739        0.030761       -0.028137
          0.000318        0.023898       -0.020275
         -0.000750        0.004803       -0.013516
         -0.008245       -0.017202        0.002845
         -0.014574       -0.028766        0.026157
         -0.009338       -0.027780        0.041713
          0.005398       -0.020818        0.044582
          0.012977       -0.010839        0.042741
          0.002375        0.001550        0.038820
         -0.016101        0.008998        0.025237
         -0.022122        0.003525        0.001678
         -0.008789       -0.008695       -0.017765
          0.011409       -0.011959       -0.024269
          0.023823       -0.002116       -0.028541
          0.027578        0.009215       -0.042614
          0.029524        0.013718       -0.057739
          0.029445        0.016492       -0.055282
          0.020681        0.022127       -0.032314
          0.001782        0.022849       -0.002675
         -0.020120        0.009543        0.021384
         -0.034999       -0.012476        0.036187
         -0.035822       -0.027650        0.039969
         -0.023579       -0.027040        0.031807
         -0.008413       -0.014770        0.017699
         -0.001609       -0.000964        0.008508
         -0.005668        0.005635        0.007559
         -0.013632        0.001553        0.005387
         -0.016560       -0.008283       -0.007850
         -0.011465       -0.013976       -0.028072
         -0.003215       -0.011614       -0.042060
          0.002788       -0.006059       -0.044131
          0.008411       -0.000022       -0.039345
          0.017455        0.010378       -0.030477
          0.024695        0.023805       -0.012556
          0.021167        0.027940        0.015451
          0.010771        0.014226        0.042379
          0.007631       -0.007991        0.054782
          0.012899       -0.019462        0.050025
          0.010112       -0.010982        0.034728
         -0.008098        0.007519        0.014538
         -0.025283        0.016564       -0.008956
         -0.025462        0.005529       -0.031879
         -0.016255       -0.017411       -0.044396
         -0.012593       -0.033471       -0.039076
         -0.011866       -0.031003       -0.021202
         -0.003157       -0.014769       -0.002840
          0.009766        0.001648        0.012122
          0.013607        0.011115        0.025849
          0.007751        0.018283        0.031530
          0.003829        0.028865        0.018207
          0.005282        0.038095       -0.006049
          0.003991        0.035297       -0.014367
         -0.001567        0.018152        0.006021
         -0.001512       -0.003271        0.034271
          0.006937       -0.016926        0.040246
          0.011704       -0.019638        0.019917
          0.004722       -0.017834       -0.004928
         -0.004987       -0.019892       -0.017087
         -0.006601       -0.026704       -0.019799
         -0.004329       -0.028802       -0.021933
         -0.008100       -0.016285       -0.022515
         -0.015990        0.006956       -0.016382
         -0.017755        0.024607       -0.004041
         -0.011516        0.026167        0.010571
         -0.004978        0.016375        0.024464
         -0.000424        0.002835        0.034648
          0.009150       -0.014759        0.038525
          0.024619       -0.034994        0.034635
          0.033091       -0.045423        0.020314
          0.024558       -0.035588       -0.004660
          0.007502       -0.013031       -0.029845
         -0.002722        0.005418       -0.041055
         -0.004546        0.014374       -0.038612
         -0.007696        0.021625       -0.035451
         -0.014567        0.031593       -0.034671
         -0.016643        0.036948       -0.024527
         -0.008943        0.028655        0.000645
          0.002407        0.009144        0.029656
          0.008684       -0.007896        0.048894
          0.007584       -0.010625        0.054944
          0.002649       -0.000518        0.049791
         -0.000762        0.010066        0.034605
          0.001505        0.010613        0.011662
          0.008668        0.001864       -0.014261
          0.014161       -0.006229       -0.036736
          0.012064       -0.005741       -0.046630
          0.003539       -0.000964       -0.037063
         -0.005510       -0.004376       -0.016333
         -0.010430       -0.018812       -0.005951
         -0.009748       -0.028882       -0.014139
         -0.005959       -0.018355       -0.021651
         -0.005558        0.007590       -0.009381
         -0.011282        0.027205        0.010314
         -0.014384        0.026669        0.009924
         -0.004752        0.010660       -0.012512
          0.011455       -0.007616       -0.030367
          0.017254       -0.016779       -0.023608
          0.009201       -0.011619        0.001028
          0.002091        0.002304        0.023983
          0.005253        0.010877        0.032482
          0.008327        0.006390        0.026062
         -0.000458       -0.003298        0.012791
         -0.013439       -0.006850        0.002078
         -0.014591       -0.004390       -0.001351
         -0.004303       -0.002819        0.003577
          0.002993       -0.003207        0.017578
          0.002148       -0.002100        0.037623
          0.001391        0.000420        0.053453
          0.005245        0.003492        0.054461
          0.009671        0.010904        0.038395
          0.012343        0.023439        0.009553
          0.013203        0.030601       -0.026179
          0.007848        0.021908       -0.059372
         -0.006405        0.003612       -0.076977
         -0.021722       -0.007976       -0.072855
         -0.027988       -0.008261       -0.055739
         -0.024646       -0.007390       -0.039547
         -0.016154       -0.011931       -0.027268
         -0.004104       -0.015741       -0.011501
          0.008183       -0.011556        0.010176
          0.013565       -0.001582        0.029324
          0.011649        0.008073        0.037183
          0.011244        0.016271        0.033495
          0.015607        0.024269        0.024506
          0.016031        0.028856        0.017732
          0.006283        0.024878        0.015785
         -0.007092        0.012908        0.011678
         -0.014984       -0.001067       -0.002547
         -0.016993       -0.012330       -0.020547
         -0.017153       -0.018966       -0.026753
         -0.016737       -0.019032       -0.018644
