INSTITUTO GEOFISICO DEL PERU
CENTRO NACIONAL DE MONITOREO SISMICO
Calle Calatrava 216 - La Molina 15023
http://www.igp.gob.pe

1. ESTACION SISMICA
NOMBRE  : Isla San Lorenzo, Callao
CODIGO  : SLN1
LATITUD : -12.076
LONGITUD: -77.235

2. SISMO
FECHA LOCAL     : 2022/10/17
HORA LOCAL      : 04:38:15
LATITUD         : -12.750
LONGITUD        : -76.870
PROFUNDIDAD     : 47.0 km
MAGNITUD        : M4.5
DIST. EPICENTRAL: 84.6 km

3. REGISTRO DE ACELERACION
TIEMPO DE INICIO           : 2022/10/17 09:38:21 UTC
NUMERO DE MUESTRAS         : 8631
MUESTREO                   : 100.0 muestras/segundo
REGISTROS                  : Formato corregido por instrumento
CORRECCION POR LINEA BASE  : Si
UNIDADES                   : cm/s2
REGISTROS POR COMPONENTE   : Z: Vertical  N: Norte-Sur  E: Este-Oeste
PGA                        :    1.3972         1.8280        3.4680

              Z              N              E
         -0.000899       -0.000791       -0.000439
         -0.000334        0.000477       -0.000570
          0.000005        0.001628        0.000122
         -0.000068        0.001842        0.000915
         -0.000071        0.001110        0.000867
          0.000416        0.000104       -0.000009
          0.001005       -0.000553       -0.000837
          0.000903       -0.000651       -0.000900
          0.000040       -0.000315       -0.000341
         -0.000636        0.000147        0.000111
         -0.000365        0.000446       -0.000022
          0.000325        0.000397       -0.000541
          0.000505       -0.000161       -0.000928
          0.000369       -0.001150       -0.000831
          0.000652       -0.001916       -0.000297
          0.000920       -0.001658        0.000247
          0.000140       -0.000479        0.000374
         -0.001210        0.000492        0.000064
         -0.001517        0.000522       -0.000387
         -0.000590        0.000284       -0.000724
          0.000144        0.000774       -0.000824
          0.000115        0.001762       -0.000668
          0.000218        0.002236       -0.000298
          0.000718        0.001902        0.000278
          0.000775        0.001343        0.000854
          0.000377        0.001047        0.000837
          0.000449        0.000942        0.000098
          0.000862        0.000734       -0.000354
          0.000653        0.000274        0.000272
          0.000027       -0.000353        0.001124
         -0.000159       -0.000874        0.001044
         -0.000139       -0.000868        0.000387
         -0.000375       -0.000058        0.000195
         -0.000345        0.001132        0.000523
          0.000111        0.001548        0.000672
          0.000199        0.000497        0.000284
          0.000004       -0.001098       -0.000325
          0.000551       -0.001543       -0.000562
          0.001587       -0.000512       -0.000252
          0.001771        0.000520        0.000163
          0.000983        0.000343        0.000305
          0.000238       -0.000407        0.000190
         -0.000142       -0.000480       -0.000229
         -0.000536        0.000028       -0.000920
         -0.000926        0.000140       -0.001269
         -0.000972       -0.000128       -0.000709
         -0.000660        0.000053        0.000396
         -0.000389        0.000535        0.001210
         -0.000578        0.000406        0.001260
         -0.001071       -0.000152        0.000572
         -0.001119       -0.000145       -0.000344
         -0.000447        0.000322       -0.000757
          0.000210        0.000264       -0.000532
          0.000232       -0.000328       -0.000211
         -0.000028       -0.000488       -0.000061
         -0.000071        0.000162        0.000048
         -0.000055        0.000992       -0.000060
         -0.000281        0.001252       -0.000501
         -0.000559        0.000769       -0.000726
         -0.000486        0.000023       -0.000438
         -0.000135       -0.000270       -0.000211
         -0.000135        0.000057       -0.000313
         -0.000736        0.000414       -0.000215
         -0.001110        0.000360        0.000190
         -0.000499        0.000251        0.000356
          0.000403        0.000349        0.000197
          0.000462        0.000041        0.000061
         -0.000101       -0.000963       -0.000048
         -0.000283       -0.001523       -0.000147
          0.000043       -0.000666        0.000024
          0.000292        0.000536        0.000311
          0.000281        0.000444        0.000136
          0.000299       -0.000527       -0.000452
          0.000590       -0.000648       -0.000670
          0.001071        0.000352       -0.000173
          0.001273        0.001134        0.000424
          0.000751        0.001008        0.000491
         -0.000186        0.000524        0.000282
         -0.000631        0.000092        0.000343
         -0.000236       -0.000341        0.000426
          0.000226       -0.000504       -0.000088
         -0.000126       -0.000149       -0.000941
         -0.000985        0.000180       -0.001321
         -0.001250       -0.000110       -0.001138
         -0.000680       -0.000693       -0.000854
         -0.000210       -0.000873       -0.000629
         -0.000361       -0.000534       -0.000491
         -0.000483       -0.000051       -0.000451
         -0.000045        0.000182       -0.000054
          0.000491       -0.000001        0.000923
          0.000654       -0.000360        0.001490
          0.000655       -0.000513        0.000741
          0.000598       -0.000539       -0.000399
          0.000121       -0.000796       -0.000478
         -0.000629       -0.001148        0.000194
         -0.000714       -0.001128        0.000394
          0.000264       -0.000734        0.000161
          0.001292       -0.000328        0.000303
          0.001132        0.000070        0.000671
          0.000079        0.000617        0.000583
         -0.000420        0.000916        0.000193
          0.000068        0.000316        0.000192
          0.000358       -0.000898        0.000715
         -0.000297       -0.001469        0.001239
         -0.000921       -0.000888        0.001178
         -0.000528       -0.000248        0.000472
          0.000205       -0.000500       -0.000092
          0.000258       -0.000977        0.000369
          0.000049       -0.000850        0.001470
          0.000472       -0.000708        0.001837
          0.001167       -0.001225        0.001067
          0.001171       -0.001644        0.000204
          0.000537       -0.001096       -0.000049
          0.000060       -0.000146       -0.000236
          0.000010        0.000263       -0.000810
          0.000070        0.000303       -0.001237
          0.000111        0.000708       -0.000988
          0.000303        0.001549       -0.000404
          0.000636        0.002165       -0.000139
          0.000852        0.001929       -0.000379
          0.000798        0.000939       -0.000780
          0.000508        0.000065       -0.000753
          0.000129        0.000070        0.000029
          0.000045        0.000687        0.001113
          0.000509        0.000978        0.001449
          0.000907        0.000580        0.000444
          0.000357        0.000088       -0.001131
         -0.000738        0.000089       -0.001691
         -0.001090        0.000436       -0.000693
         -0.000574        0.000716        0.000484
         -0.000280        0.000766        0.000314
         -0.000527        0.000475       -0.000754
         -0.000617       -0.000127       -0.001152
         -0.000511       -0.000476       -0.000609
         -0.000860       -0.000104       -0.000220
         -0.001345        0.000543       -0.000531
         -0.000868        0.000808       -0.001062
          0.000390        0.000816       -0.001347
          0.000920        0.000857       -0.001183
          0.000267        0.000579       -0.000417
         -0.000270       -0.000264        0.000479
          0.000117       -0.001017        0.000463
          0.000422       -0.000957       -0.000467
         -0.000328       -0.000367       -0.000823
         -0.001281       -0.000107        0.000183
         -0.001085       -0.000461        0.001244
         -0.000074       -0.000836        0.000847
          0.000337       -0.000497       -0.000489
         -0.000162        0.000547       -0.001014
         -0.000590        0.001384       -0.000143
         -0.000307        0.001159        0.000917
          0.000447        0.000185        0.000915
          0.001258       -0.000386        0.000145
          0.001622       -0.000072       -0.000257
          0.000857        0.000534       -0.000158
         -0.000847        0.000915       -0.000493
         -0.001902        0.001126       -0.001398
         -0.001195        0.001072       -0.001596
          0.000204        0.000444       -0.000373
          0.000577       -0.000564        0.001118
         -0.000012       -0.001282        0.001514
         -0.000284       -0.001207        0.001044
          0.000075       -0.000403        0.000638
          0.000319        0.000298        0.000347
          0.000170       -0.000080       -0.000252
          0.000106       -0.001202       -0.000824
          0.000331       -0.001498       -0.000619
          0.000392       -0.000330        0.000160
         -0.000039        0.001102        0.000409
         -0.000547        0.001506       -0.000161
         -0.000570        0.000922       -0.000439
         -0.000223        0.000122        0.000238
          0.000051       -0.000398        0.000969
          0.000122       -0.000713        0.001002
         -0.000062       -0.001228        0.000919
         -0.000585       -0.002004        0.001170
         -0.001050       -0.002348        0.001202
         -0.000918       -0.001596        0.000697
         -0.000375       -0.000192        0.000034
          0.000123        0.000659       -0.000509
          0.000599        0.000420       -0.000704
          0.001030       -0.000196       -0.000215
          0.001075       -0.000224        0.000601
          0.000774        0.000302        0.000834
          0.000350        0.000534        0.000435
         -0.000385        0.000177        0.000193
         -0.001257       -0.000101        0.000327
         -0.001372        0.000108        0.000424
         -0.000516        0.000260        0.000430
          0.000400       -0.000129        0.000520
          0.000737       -0.000704        0.000502
          0.000654       -0.000927        0.000201
          0.000445       -0.000569       -0.000034
          0.000394        0.000372        0.000217
          0.000606        0.001284        0.000753
          0.000598        0.001106        0.000835
          0.000017       -0.000075        0.000144
         -0.000546       -0.000676       -0.000548
         -0.000440        0.000168       -0.000330
          0.000162        0.001301        0.000374
          0.000775        0.001233        0.000417
          0.000972        0.000000       -0.000195
          0.000464       -0.001126       -0.000408
         -0.000328       -0.001130        0.000179
         -0.000628       -0.000239        0.000924
         -0.000567        0.000515        0.001066
         -0.000730        0.000610        0.000391
         -0.000781        0.000414       -0.000538
         -0.000134        0.000347       -0.000795
          0.000787        0.000498       -0.000296
          0.001212        0.000792       -0.000068
          0.000937        0.000857       -0.000778
          0.000096        0.000351       -0.001821
         -0.000834       -0.000252       -0.002297
         -0.001062       -0.000257       -0.001966
         -0.000465       -0.000073       -0.001039
          0.000234       -0.000556        0.000083
          0.000577       -0.001337        0.000805
          0.000442       -0.001262        0.000796
         -0.000521       -0.000286        0.000356
         -0.002007        0.000411       -0.000083
         -0.002547        0.000168       -0.000484
         -0.001324       -0.000266       -0.000891
          0.000605        0.000152       -0.001072
          0.001754        0.001305       -0.000839
          0.001718        0.002052       -0.000410
          0.000951        0.001668       -0.000145
          0.000095        0.000622       -0.000132
         -0.000337       -0.000115       -0.000213
         -0.000237       -0.000163       -0.000220
          0.000046       -0.000044       -0.000021
          0.000021       -0.000402        0.000332
         -0.000431       -0.001021        0.000409
         -0.000787       -0.001138       -0.000092
         -0.000486       -0.000702       -0.000653
          0.000251       -0.000280       -0.000615
          0.000763        0.000151       -0.000348
          0.000789        0.000865       -0.000583
          0.000441        0.001149       -0.000973
         -0.000072        0.000281       -0.000648
         -0.000362       -0.000771        0.000151
         -0.000212       -0.000586        0.000237
         -0.000000        0.000446       -0.000783
         -0.000150        0.000931       -0.001781
         -0.000489        0.000676       -0.001456
         -0.000584        0.000427       -0.000029
         -0.000190        0.000281        0.001039
          0.000614       -0.000087        0.000870
          0.001271       -0.000267        0.000046
          0.001124        0.000318       -0.000276
          0.000356        0.001020        0.000487
         -0.000046        0.000599        0.001835
          0.000482       -0.000768        0.002543
          0.001384       -0.001503        0.001973
          0.001606       -0.000854        0.000911
          0.000768        0.000155        0.000427
         -0.000293        0.000280        0.000412
         -0.000521       -0.000391        0.000103
         -0.000112       -0.000769       -0.000543
         -0.000071       -0.000158       -0.000856
         -0.000457        0.000829       -0.000382
         -0.000437        0.000971        0.000631
          0.000055        0.000089        0.001393
          0.000240       -0.000764        0.001290
         -0.000008       -0.000889        0.000644
          0.000018       -0.000618        0.000303
          0.000539       -0.000436        0.000356
          0.000874       -0.000545        0.000115
          0.000516       -0.000990       -0.000511
         -0.000011       -0.001353       -0.000687
          0.000133       -0.001053       -0.000034
          0.000775       -0.000412        0.000624
          0.000868       -0.000291        0.000348
          0.000043       -0.000525       -0.000689
         -0.000908       -0.000111       -0.001500
         -0.001249        0.000961       -0.001485
         -0.001009        0.001494       -0.000885
         -0.000420        0.000868       -0.000242
          0.000281       -0.000107        0.000064
          0.000606       -0.000332       -0.000072
          0.000279        0.000249       -0.000244
         -0.000368        0.000706        0.000148
         -0.000888        0.000343        0.000833
         -0.001040       -0.000398        0.000768
         -0.000671       -0.000637       -0.000203
         -0.000006       -0.000398       -0.000933
          0.000307       -0.000405       -0.000770
          0.000066       -0.000724       -0.000476
         -0.000188       -0.000761       -0.000674
         -0.000164       -0.000487       -0.000674
         -0.000355       -0.000385        0.000219
         -0.001112       -0.000306        0.001242
         -0.001832        0.000337        0.001289
         -0.001610        0.001295        0.000730
         -0.000459        0.001545        0.000653
          0.000608        0.000739        0.000879
          0.000809       -0.000278        0.000425
          0.000485       -0.000526       -0.000485
          0.000439        0.000125       -0.000686
          0.000717        0.001049       -0.000055
          0.000645        0.001552        0.000440
         -0.000009        0.001392        0.000451
         -0.000603        0.000749        0.000588
         -0.000549       -0.000155        0.001157
         -0.000072       -0.001096        0.001659
          0.000242       -0.001548        0.001495
          0.000220       -0.001093        0.000599
          0.000105       -0.000269       -0.000461
         -0.000038       -0.000136       -0.000871
         -0.000444       -0.000771       -0.000416
         -0.000955       -0.001157        0.000204
         -0.000798       -0.000748        0.000349
          0.000228       -0.000102        0.000196
          0.000979        0.000222        0.000002
          0.000430        0.000398       -0.000462
         -0.000712        0.000725       -0.001049
         -0.001059        0.001000       -0.000984
         -0.000550        0.000782       -0.000224
         -0.000150        0.000064        0.000094
         -0.000242       -0.000495       -0.000641
         -0.000490       -0.000279       -0.001422
         -0.000694        0.000476       -0.001111
         -0.000761        0.000979       -0.000101
         -0.000355        0.000830        0.000510
          0.000561        0.000244        0.000598
          0.001257       -0.000357        0.000675
          0.001015       -0.000610        0.000641
          0.000129       -0.000403        0.000186
         -0.000383       -0.000031       -0.000217
          0.000007        0.000152       -0.000099
          0.000709        0.000249       -0.000088
          0.000759        0.000542       -0.000815
          0.000072        0.000840       -0.001507
         -0.000452        0.000677       -0.001131
         -0.000235        0.000066       -0.000155
          0.000238       -0.000617        0.000310
          0.000393       -0.001257        0.000321
          0.000402       -0.001738        0.000591
          0.000506       -0.001527        0.000841
          0.000438       -0.000455        0.000301
          0.000131        0.000573       -0.000586
          0.000067        0.000628       -0.000610
          0.000398        0.000099        0.000116
          0.000591        0.000027        0.000171
          0.000294        0.000506       -0.000846
         -0.000237        0.000764       -0.001596
         -0.000656        0.000527       -0.001084
         -0.000789        0.000280        0.000050
         -0.000504        0.000325        0.000915
          0.000046        0.000468        0.001482
          0.000353        0.000627        0.001637
          0.000202        0.001009        0.000818
          0.000004        0.001483       -0.000479
          0.000114        0.001418       -0.000652
          0.000329        0.000590        0.000489
          0.000336       -0.000260        0.000996
          0.000154       -0.000407       -0.000260
         -0.000150       -0.000168       -0.001715
         -0.000629       -0.000255       -0.001565
         -0.001025       -0.000719       -0.000445
         -0.000696       -0.001154       -0.000151
          0.000438       -0.001237       -0.000878
          0.001273       -0.000742       -0.001312
          0.000740        0.000222       -0.000848
         -0.000574        0.001022       -0.000265
         -0.001103        0.001315       -0.000206
         -0.000407        0.001543       -0.000208
          0.000603        0.001848        0.000316
          0.001176        0.001524        0.000985
          0.001103        0.000427        0.001016
          0.000257       -0.000297        0.000436
         -0.000812        0.000054        0.000012
         -0.000761        0.000476        0.000048
          0.000634       -0.000126        0.000074
          0.001648       -0.001207       -0.000101
          0.001057       -0.001536        0.000007
         -0.000043       -0.000929        0.000489
         -0.000178       -0.000128        0.000662
          0.000349        0.000243        0.000293
          0.000587       -0.000005        0.000059
          0.000658       -0.000690        0.000276
          0.000984       -0.001286        0.000313
          0.001052       -0.001303       -0.000224
          0.000310       -0.000824       -0.000771
         -0.000576       -0.000420       -0.000728
         -0.000473       -0.000412       -0.000264
          0.000611       -0.000421        0.000122
          0.001456        0.000104        0.000291
          0.001171        0.000977        0.000576
          0.000300        0.001312        0.001253
         -0.000023        0.000535        0.001795
          0.000214       -0.000933        0.001301
         -0.000081       -0.002032        0.000192
         -0.001154       -0.001963        0.000154
         -0.001680       -0.000902        0.001393
         -0.000782        0.000123        0.001853
          0.000396        0.000351        0.000508
          0.000312        0.000169       -0.000838
         -0.000658        0.000351       -0.000566
         -0.000963        0.000682        0.000335
         -0.000409        0.000289        0.000457
         -0.000236       -0.000756        0.000266
         -0.000726       -0.001347        0.000584
         -0.000763       -0.000973        0.000817
         -0.000090       -0.000351        0.000269
          0.000153       -0.000249       -0.000396
         -0.000348       -0.000609       -0.000324
         -0.000550       -0.000951        0.000133
         -0.000170       -0.000988        0.000141
         -0.000153       -0.000843       -0.000421
         -0.000710       -0.000870       -0.001078
         -0.000911       -0.001102       -0.001312
         -0.000437       -0.001044       -0.000793
         -0.000104       -0.000378        0.000216
         -0.000435        0.000522        0.000821
         -0.000899        0.001142        0.000542
         -0.000812        0.001263        0.000002
         -0.000330        0.000726       -0.000192
         -0.000249       -0.000271       -0.000486
         -0.000884       -0.000701       -0.001302
         -0.001379        0.000154       -0.001884
         -0.000696        0.001268       -0.001414
          0.000673        0.001082       -0.000390
          0.001080       -0.000153        0.000165
          0.000147       -0.000817        0.000013
         -0.000534       -0.000335       -0.000409
          0.000108        0.000393       -0.000617
          0.000974        0.000668       -0.000370
          0.000733        0.000771        0.000053
         -0.000037        0.001130        0.000098
         -0.000101        0.001561       -0.000160
          0.000359        0.001523       -0.000019
          0.000438        0.000872        0.000599
          0.000133        0.000242        0.000818
         -0.000114        0.000381        0.000127
         -0.000343        0.001078       -0.000754
         -0.000541        0.001341       -0.000835
         -0.000376        0.000831       -0.000195
          0.000027        0.000367        0.000198
          0.000231        0.000583       -0.000075
          0.000339        0.000968       -0.000281
          0.000529        0.000756        0.000230
          0.000400       -0.000017        0.000789
         -0.000200       -0.000863        0.000234
         -0.000621       -0.001416       -0.001241
         -0.000427       -0.001307       -0.002022
          0.000042       -0.000413       -0.001144
          0.000425        0.000525        0.000403
          0.000676        0.000626        0.001016
          0.000617        0.000179        0.000495
          0.000120        0.000105       -0.000151
         -0.000347        0.000453       -0.000350
         -0.000145        0.000592       -0.000341
          0.000565        0.000333       -0.000197
          0.000901       -0.000046        0.000318
          0.000395       -0.000244        0.000894
         -0.000402        0.000025        0.000806
         -0.000617        0.000635        0.000088
         -0.000081        0.000797       -0.000316
          0.000627        0.000126        0.000130
          0.000941       -0.000561        0.000772
          0.000803       -0.000428        0.000613
          0.000566        0.000135       -0.000411
          0.000590        0.000289       -0.001360
          0.000790        0.000001       -0.001521
          0.000736       -0.000261       -0.001273
          0.000436       -0.000401       -0.001276
          0.000392       -0.000564       -0.001230
          0.000472       -0.000503       -0.000325
         -0.000153        0.000189        0.001257
         -0.001383        0.001173        0.002269
         -0.001881        0.001435        0.001938
         -0.001048        0.000606        0.000855
          0.000043       -0.000445        0.000184
          0.000330       -0.000878        0.000354
          0.000143       -0.000874        0.000739
          0.000211       -0.000757        0.000582
          0.000356       -0.000239        0.000022
          0.000067        0.000510       -0.000121
         -0.000323        0.000361        0.000481
         -0.000115       -0.000989        0.001144
          0.000390       -0.001988        0.001071
          0.000176       -0.001305        0.000446
         -0.000832        0.000160        0.000099
         -0.001491        0.000595        0.000234
         -0.001037       -0.000305        0.000298
         -0.000061       -0.001328        0.000120
          0.000424       -0.001458        0.000131
          0.000261       -0.000756        0.000374
          0.000099        0.000041        0.000315
          0.000356        0.000254       -0.000225
          0.000701       -0.000147       -0.000701
          0.000602       -0.000459       -0.000419
          0.000045       -0.000022        0.000668
         -0.000420        0.000883        0.001590
         -0.000240        0.001261        0.001257
          0.000448        0.000555        0.000042
          0.000718       -0.000699       -0.000506
         -0.000011       -0.001476        0.000172
         -0.000855       -0.001322        0.000980
         -0.000520       -0.000653        0.000907
          0.000533       -0.000096        0.000229
          0.000489        0.000127       -0.000278
         -0.000953        0.000098       -0.000308
         -0.001849       -0.000050       -0.000000
         -0.000819       -0.000082        0.000358
          0.000933        0.000190        0.000389
          0.001437        0.000550       -0.000147
          0.000748        0.000615       -0.001057
          0.000506        0.000430       -0.001792
          0.001120        0.000298       -0.001870
          0.001157        0.000241       -0.001323
         -0.000107        0.000211       -0.000722
         -0.001319        0.000385       -0.000542
         -0.001089        0.000664       -0.000541
          0.000077        0.000560       -0.000203
          0.000808        0.000067        0.000279
          0.000655       -0.000151        0.000117
          0.000149        0.000197       -0.000732
         -0.000181        0.000694       -0.001139
         -0.000291        0.001059       -0.000325
         -0.000342        0.001305        0.000919
         -0.000215        0.001128        0.001304
          0.000261        0.000315        0.000713
          0.000665       -0.000492        0.000022
          0.000434       -0.000628       -0.000154
         -0.000045       -0.000544        0.000046
          0.000103       -0.000974        0.000091
          0.000727       -0.001538       -0.000317
          0.000794       -0.001258       -0.000829
          0.000091       -0.000075       -0.000942
         -0.000382        0.000928       -0.000844
         -0.000037        0.000810       -0.001024
          0.000323       -0.000072       -0.001261
         -0.000144       -0.000504       -0.000984
         -0.000893       -0.000114       -0.000356
         -0.001073        0.000126        0.000013
         -0.001074       -0.000453        0.000044
         -0.001485       -0.001058        0.000098
         -0.001566       -0.000807        0.000330
         -0.000600       -0.000224        0.000597
          0.000399       -0.000203        0.000631
          0.000265       -0.000452        0.000214
         -0.000234       -0.000229       -0.000389
          0.000265        0.000191       -0.000436
          0.001297        0.000125        0.000339
          0.001279       -0.000141        0.001145
          0.000100        0.000183        0.001138
         -0.000577        0.000986        0.000655
          0.000180        0.001322        0.000666
          0.001074        0.000691        0.001187
          0.000510       -0.000385        0.001192
         -0.000982       -0.000989        0.000290
         -0.001625       -0.000746       -0.000557
         -0.000979       -0.000264       -0.000554
         -0.000123       -0.000453       -0.000213
          0.000203       -0.001126       -0.000255
          0.000244       -0.000947       -0.000495
          0.000307        0.000471       -0.000520
          0.000277        0.001472       -0.000401
          0.000019        0.000684       -0.000314
         -0.000279       -0.000629       -0.000428
         -0.000245       -0.000348       -0.000936
          0.000125        0.001170       -0.001415
          0.000277        0.001653       -0.001039
         -0.000127        0.000497        0.000009
         -0.000533       -0.000477        0.000686
         -0.000210       -0.000118        0.000758
          0.000668        0.000479        0.000718
          0.001197        0.000222        0.000410
          0.000796       -0.000279       -0.000408
         -0.000124       -0.000200       -0.000864
         -0.000565        0.000143       -0.000151
         -0.000165        0.000249        0.000858
          0.000252        0.000280        0.000821
         -0.000051        0.000423        0.000058
         -0.000522        0.000438       -0.000059
         -0.000204        0.000157        0.000581
          0.000823       -0.000144        0.000798
          0.001582       -0.000048        0.000349
          0.001242        0.000492        0.000288
         -0.000163        0.001010        0.000856
         -0.001530        0.001014        0.001002
         -0.001624        0.000540        0.000398
         -0.000588       -0.000001        0.000006
          0.000231       -0.000336        0.000306
          0.000163       -0.000327        0.000617
         -0.000108        0.000084        0.000393
          0.000039        0.000434       -0.000113
          0.000101       -0.000035       -0.000490
         -0.000554       -0.001149       -0.000658
         -0.001245       -0.001719       -0.000668
         -0.000730       -0.001182       -0.000439
          0.000559       -0.000280        0.000088
          0.000754        0.000245        0.000611
         -0.000319        0.000495        0.000738
         -0.000604        0.000756        0.000584
          0.000567        0.000923        0.000429
          0.001154        0.000724        0.000106
         -0.000053        0.000097       -0.000341
         -0.001461       -0.000553       -0.000239
         -0.001443       -0.000511        0.000405
         -0.000562        0.000389        0.000389
         -0.000073        0.001265       -0.000824
         -0.000117        0.001170       -0.001975
         -0.000152        0.000386       -0.001650
          0.000007        0.000038       -0.000155
          0.000191        0.000571        0.000871
          0.000422        0.001234        0.000377
          0.000875        0.001099       -0.000911
          0.001389        0.000078       -0.001540
          0.001573       -0.001146       -0.001280
          0.001331       -0.001836       -0.000951
          0.000787       -0.001707       -0.000690
          0.000058       -0.001042       -0.000042
         -0.000458       -0.000531        0.000670
         -0.000332       -0.000784        0.000806
          0.000095       -0.001639        0.000601
          0.000189       -0.002094        0.000566
          0.000036       -0.001355        0.000568
         -0.000040        0.000119        0.000351
         -0.000196        0.001095        0.000142
         -0.000468        0.001064        0.000268
         -0.000536        0.000690        0.000634
         -0.000360        0.000705        0.000824
         -0.000087        0.000903        0.000703
          0.000212        0.000582        0.000511
          0.000160       -0.000323        0.000129
         -0.000441       -0.001043       -0.000780
         -0.000875       -0.001032       -0.001504
         -0.000563       -0.000732       -0.000864
         -0.000021       -0.000867        0.000619
          0.000289       -0.001292        0.001214
          0.000620       -0.001234        0.000618
          0.000841       -0.000530        0.000023
          0.000409        0.000151       -0.000008
         -0.000281        0.000350        0.000080
         -0.000225        0.000361       -0.000028
          0.000481        0.000574       -0.000310
          0.000745        0.000793       -0.000768
          0.000393        0.000589       -0.001297
          0.000521        0.000077       -0.001633
          0.001424       -0.000132       -0.001526
          0.001644        0.000262       -0.000767
          0.000231        0.000927        0.000528
         -0.001430        0.001279        0.001584
         -0.001620        0.000964        0.001658
         -0.000712        0.000209        0.001126
         -0.000113       -0.000219        0.000986
         -0.000181        0.000158        0.001321
         -0.000421        0.000779        0.001190
         -0.000423        0.000612        0.000161
          0.000016       -0.000535       -0.000971
          0.000588       -0.001656       -0.001339
          0.000424       -0.001711       -0.001054
         -0.000644       -0.000869       -0.000652
         -0.001407       -0.000082       -0.000254
         -0.000788        0.000264        0.000310
          0.000603        0.000382        0.001025
          0.001221        0.000165        0.001512
          0.000585       -0.000501        0.001216
         -0.000171       -0.000989        0.000148
          0.000053       -0.000694       -0.000695
          0.000744       -0.000010       -0.000378
          0.000631        0.000389        0.000666
         -0.000322        0.000444        0.001162
         -0.000926        0.000268        0.000666
         -0.000597       -0.000198       -0.000050
         -0.000011       -0.000613       -0.000351
          0.000100       -0.000309       -0.000587
         -0.000132        0.000606       -0.001096
         -0.000132        0.001150       -0.001300
          0.000348        0.000862       -0.000709
          0.000917        0.000444        0.000009
          0.000807        0.000590       -0.000015
         -0.000193        0.000975       -0.000520
         -0.001041        0.000910       -0.000620
         -0.000604        0.000344       -0.000223
          0.000459       -0.000255       -0.000127
          0.000492       -0.000506       -0.000684
         -0.000395       -0.000340       -0.001038
         -0.000431        0.000048       -0.000357
          0.000603        0.000410        0.000724
          0.000777        0.000729        0.001058
         -0.000655        0.001068        0.000822
         -0.001862        0.001255        0.000883
         -0.001345        0.001168        0.000991
         -0.000052        0.001007        0.000348
          0.000425        0.000828       -0.000596
          0.000062        0.000359       -0.000657
         -0.000170       -0.000354        0.000067
          0.000082       -0.000760        0.000184
          0.000419       -0.000521       -0.000886
          0.000525        0.000147       -0.001932
          0.000380        0.000900       -0.001621
          0.000007        0.001439       -0.000321
         -0.000413        0.001399        0.000596
         -0.000519        0.000786        0.000563
         -0.000355        0.000218        0.000015
         -0.000405       -0.000004       -0.000422
         -0.000555       -0.000467       -0.000194
         -0.000050       -0.001376        0.000754
          0.000946       -0.001706        0.001410
          0.001189       -0.000870        0.000784
          0.000431       -0.000030       -0.000456
         -0.000075       -0.000317       -0.000788
          0.000256       -0.000961        0.000054
          0.000610       -0.000766        0.000954
          0.000572       -0.000166        0.000979
          0.000625       -0.000199        0.000290
          0.000706       -0.000664       -0.000203
          0.000268       -0.000886        0.000159
         -0.000335       -0.001107        0.000955
         -0.000352       -0.001610        0.001156
         -0.000042       -0.001594        0.000496
          0.000022       -0.000444       -0.000297
          0.000123        0.000843       -0.000694
          0.000489        0.001047       -0.000915
          0.000420        0.000565       -0.001218
         -0.000359        0.000398       -0.001394
         -0.000885        0.000358       -0.001072
         -0.000635       -0.000185       -0.000226
         -0.000523       -0.000803        0.000525
         -0.001192       -0.000726        0.000403
         -0.001687       -0.000265       -0.000356
         -0.000907       -0.000353       -0.000536
          0.000553       -0.001174        0.000269
          0.001013       -0.001891        0.000972
         -0.000080       -0.001554        0.000752
         -0.001317       -0.000222        0.000262
         -0.001100        0.000804        0.000384
          0.000218        0.000411        0.000830
          0.000891       -0.000709        0.000656
          0.000292       -0.000872       -0.000373
         -0.000429        0.000180       -0.001398
         -0.000269        0.000975       -0.001348
          0.000391        0.000605       -0.000063
          0.000730       -0.000102        0.001467
          0.000644       -0.000070        0.001867
          0.000589        0.000597        0.000603
          0.000720        0.000991       -0.001217
          0.000602        0.000449       -0.001856
          0.000030       -0.000768       -0.001192
         -0.000332       -0.001551       -0.000778
         -0.000016       -0.001196       -0.001176
          0.000122       -0.000455       -0.001138
         -0.000770       -0.000336       -0.000172
         -0.001735       -0.000439        0.000356
         -0.001259        0.000127       -0.000368
          0.000225        0.000955       -0.001194
          0.000903        0.001088       -0.001017
          0.000343        0.000775       -0.000417
         -0.000039        0.000886       -0.000334
          0.000676        0.001257       -0.000436
          0.001484        0.001027        0.000108
          0.000987        0.000281        0.001022
         -0.000528        0.000053        0.001318
         -0.001411        0.000534        0.000952
         -0.000784        0.000495        0.000824
          0.000470       -0.000737        0.001228
          0.000843       -0.001923        0.001496
         -0.000131       -0.001734        0.001171
         -0.001268       -0.000696        0.000541
         -0.001003       -0.000011        0.000051
          0.000420        0.000203       -0.000157
          0.000997        0.000275       -0.000144
         -0.000074        0.000059        0.000044
         -0.001088       -0.000314        0.000358
         -0.000628       -0.000140        0.000567
          0.000297        0.000806        0.000516
          0.000349        0.001943        0.000581
          0.000078        0.002653        0.001143
          0.000478        0.002606        0.001540
          0.001047        0.001777        0.000690
          0.000883        0.000654       -0.001049
          0.000395       -0.000116       -0.002021
          0.000390       -0.000352       -0.001450
          0.000448       -0.000168       -0.000189
         -0.000246        0.000340        0.000722
         -0.001169        0.000799        0.001034
         -0.001135        0.000697        0.000971
         -0.000228        0.000237        0.000835
          0.000399        0.000200        0.000710
          0.000276        0.000737        0.000338
         -0.000077        0.001130       -0.000199
         -0.000141        0.000855       -0.000150
          0.000223        0.000144        0.000615
          0.000894       -0.000515        0.000911
          0.001358       -0.000695       -0.000007
          0.001074       -0.000024       -0.001030
          0.000297        0.001229       -0.000782
         -0.000215        0.001711        0.000349
         -0.000366        0.000334        0.000950
         -0.000606       -0.001816        0.000615
         -0.000787       -0.002370        0.000158
         -0.000316       -0.000830        0.000193
          0.000636        0.000717        0.000466
          0.001168        0.000609        0.000494
          0.000811       -0.000281        0.000147
         -0.000046       -0.000325       -0.000373
         -0.000664        0.000394       -0.000713
         -0.000652        0.000627       -0.000681
         -0.000422        0.000025       -0.000629
         -0.000633       -0.000638       -0.001057
         -0.000982       -0.000888       -0.001570
         -0.000555       -0.000945       -0.001150
          0.000452       -0.000927        0.000044
          0.000853       -0.000785        0.000477
          0.000432       -0.000871       -0.000353
          0.000105       -0.001417       -0.000996
          0.000157       -0.001691       -0.000548
          0.000023       -0.000925       -0.000099
         -0.000335        0.000111       -0.000552
         -0.000372       -0.000028       -0.001057
         -0.000102       -0.001140       -0.000719
         -0.000060       -0.001536       -0.000028
         -0.000302       -0.000596        0.000263
         -0.000329        0.000485        0.000191
          0.000063        0.000682        0.000092
          0.000436        0.000350        0.000095
          0.000281        0.000196        0.000147
         -0.000229        0.000229       -0.000071
         -0.000334        0.000079       -0.000841
          0.000247       -0.000362       -0.001683
          0.000717       -0.000779       -0.001680
          0.000348       -0.000642       -0.000762
         -0.000235        0.000262        0.000162
          0.000012        0.001341        0.000347
          0.000717        0.001618       -0.000212
          0.000552        0.000846       -0.001033
         -0.000608       -0.000204       -0.001404
         -0.001362       -0.000716       -0.000896
         -0.000907       -0.000665        0.000003
         -0.000209       -0.000590        0.000350
         -0.000346       -0.000916       -0.000032
         -0.000713       -0.001511       -0.000415
         -0.000171       -0.001689       -0.000288
          0.000800       -0.000869        0.000098
          0.000837        0.000552        0.000410
          0.000146        0.001417        0.000756
          0.000188        0.001207        0.001210
          0.001025        0.000657        0.001435
          0.001178        0.000573        0.001241
          0.000283        0.000755        0.000975
         -0.000336        0.000655        0.000866
         -0.000119        0.000334        0.000523
         -0.000045        0.000073       -0.000315
         -0.000515       -0.000179       -0.001041
         -0.000691       -0.000397       -0.000847
         -0.000421       -0.000295        0.000108
         -0.000652        0.000035        0.000832
         -0.001431        0.000147        0.000867
         -0.001566        0.000025        0.000857
         -0.000751        0.000003        0.001357
         -0.000071        0.000080        0.001748
         -0.000002        0.000128        0.001284
          0.000160        0.000286        0.000532
          0.000630        0.000430        0.000464
          0.000790       -0.000004        0.000759
          0.000574       -0.000916        0.000502
          0.000511       -0.001195       -0.000153
          0.000593       -0.000330       -0.000434
          0.000509        0.000604       -0.000294
          0.000471        0.000551       -0.000192
          0.000785        0.000026       -0.000262
          0.001177       -0.000053       -0.000369
          0.001170        0.000149       -0.000461
          0.000728        0.000215       -0.000539
          0.000206        0.000489       -0.000550
         -0.000116        0.001131       -0.000455
         -0.000304        0.001405       -0.000343
         -0.000376        0.000854       -0.000335
          0.000039        0.000094       -0.000263
          0.000929       -0.000173        0.000182
          0.001278        0.000018        0.000766
          0.000417        0.000364        0.000708
         -0.000663        0.000677       -0.000198
         -0.000826        0.000706       -0.000983
         -0.000623        0.000323       -0.000599
         -0.001001       -0.000167        0.000682
         -0.001466       -0.000418        0.001530
         -0.001209       -0.000452        0.001271
         -0.000663       -0.000363        0.000654
         -0.000456       -0.000208        0.000490
         -0.000203       -0.000440        0.000363
          0.000357       -0.001435       -0.000333
          0.000412       -0.002320       -0.000894
         -0.000508       -0.001683       -0.000366
         -0.001373        0.000162        0.000542
         -0.001174        0.001261        0.000325
         -0.000580        0.000793       -0.000954
         -0.000743       -0.000022       -0.001793
         -0.001360       -0.000145       -0.001382
         -0.001286       -0.000020       -0.000341
         -0.000334       -0.000167        0.000318
          0.000720       -0.000223        0.000178
          0.001270        0.000062       -0.000320
          0.001184        0.000190       -0.000369
          0.000622       -0.000247        0.000166
          0.000083       -0.000919        0.000558
          0.000010       -0.001196        0.000352
          0.000217       -0.000867       -0.000031
          0.000333       -0.000357       -0.000179
          0.000547       -0.000239       -0.000382
          0.001071       -0.000447       -0.000930
          0.001308       -0.000288       -0.001296
          0.000637        0.000489       -0.000785
         -0.000372        0.001219        0.000224
         -0.000670        0.001366        0.000597
         -0.000247        0.001230        0.000186
          0.000100        0.001069        0.000080
          0.000060        0.000652        0.000715
         -0.000065        0.000234        0.001129
         -0.000114        0.000512        0.000743
         -0.000172        0.001178        0.000332
         -0.000190        0.001129        0.000456
         -0.000064        0.000335        0.000441
          0.000010       -0.000143       -0.000231
         -0.000325        0.000014       -0.000942
         -0.000990        0.000081       -0.001053
         -0.001322       -0.000278       -0.000772
         -0.000857       -0.000603       -0.000418
         -0.000024       -0.000613        0.000111
          0.000379       -0.000606        0.000691
          0.000254       -0.000779        0.000668
          0.000197       -0.000740       -0.000240
          0.000503       -0.000127       -0.001206
          0.000778        0.000510       -0.000976
          0.000583        0.000257        0.000640
         -0.000002       -0.000557        0.002200
         -0.000485       -0.000508        0.001966
         -0.000451        0.000716       -0.000071
         -0.000077        0.001699       -0.001927
         -0.000052        0.001459       -0.001778
         -0.000570        0.000713       -0.000039
         -0.000824        0.000444        0.001226
         -0.000228        0.000517        0.000846
          0.000480        0.000245       -0.000256
          0.000349       -0.000475       -0.000584
         -0.000191       -0.001035       -0.000020
          0.000083       -0.000900        0.000342
          0.001368       -0.000285       -0.000115
          0.002434        0.000058       -0.000747
          0.002062       -0.000302       -0.000718
          0.000542       -0.001037       -0.000221
         -0.000579       -0.001521       -0.000032
         -0.000393       -0.001496       -0.000311
          0.000400       -0.001083       -0.000607
          0.000791       -0.000482       -0.000560
          0.000733        0.000094       -0.000038
          0.000609        0.000434        0.000731
          0.000487        0.000508        0.000996
          0.000411        0.000516        0.000410
          0.000526        0.000652       -0.000206
          0.000661        0.000868       -0.000103
          0.000446        0.000863        0.000202
         -0.000126        0.000415        0.000109
         -0.000611       -0.000269        0.000208
         -0.000532       -0.000589        0.001078
          0.000144       -0.000049        0.001786
          0.000804        0.001017        0.001043
          0.000747        0.001486       -0.000661
          0.000119        0.000837       -0.001520
         -0.000165        0.000040       -0.000899
          0.000381        0.000113       -0.000002
          0.001153        0.000554        0.000098
          0.001190        0.000403       -0.000217
          0.000283       -0.000099       -0.000156
         -0.000789       -0.000207        0.000241
         -0.001077       -0.000094        0.000451
         -0.000428       -0.000298        0.000283
          0.000421       -0.000615       -0.000046
          0.000686       -0.000664       -0.000226
          0.000339       -0.000742       -0.000179
         -0.000043       -0.000995       -0.000270
         -0.000127       -0.000712       -0.000821
         -0.000245        0.000376       -0.001422
         -0.000764        0.001079       -0.001351
         -0.001292        0.000421       -0.000565
         -0.001044       -0.000666        0.000412
          0.000010       -0.000775        0.001161
          0.000932       -0.000090        0.001222
          0.000981        0.000382        0.000206
          0.000490        0.000521       -0.001085
          0.000241        0.000691       -0.001031
          0.000409        0.000754        0.000245
          0.000530        0.000629        0.000522
          0.000229        0.000727       -0.001028
         -0.000408        0.001082       -0.002230
         -0.000982        0.001119       -0.001258
         -0.001041        0.000617        0.000650
         -0.000485       -0.000062        0.001366
          0.000144       -0.000648        0.000844
          0.000178       -0.001096        0.000456
         -0.000270       -0.001235        0.000671
         -0.000464       -0.000897        0.000710
         -0.000180       -0.000189        0.000080
          0.000033        0.000600       -0.000536
         -0.000158        0.001134       -0.000310
         -0.000396        0.001068        0.000312
         -0.000446        0.000381        0.000169
         -0.000677       -0.000317       -0.000733
         -0.001252       -0.000356       -0.001042
         -0.001590        0.000031       -0.000172
         -0.001156        0.000028        0.000615
         -0.000251       -0.000345        0.000059
          0.000374       -0.000088       -0.001154
          0.000297        0.001032       -0.001527
         -0.000198        0.001710       -0.000945
         -0.000290        0.000894       -0.000283
          0.000472       -0.000600        0.000277
          0.001049       -0.001237        0.000959
         -0.000777       -0.000958        0.001386
         -0.006359       -0.001190        0.001207
         -0.014722       -0.002739        0.000743
         -0.024007       -0.004670        0.000172
         -0.033971       -0.005787       -0.000750
         -0.044546       -0.006268       -0.001895
         -0.051084       -0.006740       -0.002848
         -0.045179       -0.006490       -0.003403
         -0.023547       -0.004060       -0.002860
          0.007054        0.000486        0.000357
          0.036424        0.005058        0.006916
          0.059254        0.007471        0.014696
          0.076830        0.007455        0.019700
          0.096611        0.007068        0.019390
          0.130008        0.009585        0.015180
          0.180993        0.017083        0.011331
          0.228517        0.026904        0.011284
          0.218834        0.029316        0.014475
          0.086509        0.010566        0.014287
         -0.184971       -0.036377       -0.002368
         -0.496394       -0.098412       -0.047600
         -0.656877       -0.140462       -0.113712
         -0.541222       -0.125678       -0.160999
         -0.220885       -0.044322       -0.141441
          0.126840        0.075391       -0.048542
          0.409383        0.179401        0.067385
          0.607407        0.208970        0.147816
          0.622587        0.131098        0.178682
          0.337425       -0.022826        0.182572
         -0.141362       -0.151316        0.174822
         -0.482211       -0.152056        0.145155
         -0.460208       -0.018513        0.077831
         -0.185306        0.151007       -0.019296
          0.068774        0.248867       -0.114333
          0.170282        0.228379       -0.190775
          0.173703        0.079933       -0.269272
          0.145662       -0.179606       -0.349842
          0.085237       -0.445777       -0.348005
         -0.023353       -0.532641       -0.165402
         -0.180946       -0.331107        0.151878
         -0.324918        0.053806        0.397804
         -0.274852        0.377229        0.406691
          0.067829        0.459963        0.231462
          0.431004        0.305326        0.064580
          0.419778        0.058219        0.006901
          0.111976       -0.113100       -0.006689
         -0.030637       -0.137161       -0.052863
          0.090391       -0.081753       -0.098704
          0.087841       -0.045167       -0.086191
         -0.189733       -0.016752       -0.044844
         -0.397625        0.058250       -0.047014
         -0.303644        0.099293       -0.106811
         -0.114356       -0.034453       -0.164313
         -0.038839       -0.256491       -0.137616
         -0.001955       -0.272053       -0.013046
          0.074226        0.009845        0.088741
          0.114133        0.297810        0.033550
          0.116107        0.296742       -0.098755
          0.177625        0.083733       -0.066080
          0.227270       -0.058721        0.193538
          0.075815       -0.031628        0.456369
         -0.197066        0.045537        0.515123
         -0.251096        0.073545        0.391010
         -0.000804        0.051624        0.182660
          0.198930       -0.006010       -0.098650
          0.070756       -0.062396       -0.449259
         -0.169761       -0.048145       -0.754033
         -0.172153       -0.002998       -0.836192
          0.017296       -0.093709       -0.606592
          0.085354       -0.322268       -0.157449
         -0.055468       -0.392550        0.284371
         -0.192117       -0.105273        0.517368
         -0.134042        0.273726        0.495512
          0.091219        0.331358        0.321087
          0.307094        0.090784        0.151438
          0.352261       -0.036861        0.103158
          0.214318        0.137452        0.172685
          0.011462        0.320642        0.227868
         -0.156416        0.167082        0.136287
         -0.249219       -0.251512       -0.075374
         -0.214307       -0.538200       -0.240270
         -0.058749       -0.424332       -0.253242
          0.046040       -0.021725       -0.196031
         -0.028648        0.335345       -0.201920
         -0.116500        0.423252       -0.246733
          0.007305        0.298907       -0.193987
          0.217917        0.162752       -0.033793
          0.198499        0.085239        0.091070
         -0.054202       -0.058527        0.125170
         -0.219228       -0.338231        0.172016
         -0.129015       -0.552618        0.271751
          0.043567       -0.418131        0.310269
          0.104258        0.037586        0.212267
          0.095335        0.430096        0.040116
          0.138444        0.433291       -0.129561
          0.181093        0.138446       -0.255057
          0.062811       -0.089966       -0.275136
         -0.197635       -0.057444       -0.184039
         -0.347303        0.070881       -0.107981
         -0.210253        0.026344       -0.127279
          0.056794       -0.208899       -0.106678
          0.148249       -0.365735        0.097743
          0.002634       -0.199536        0.347928
         -0.130627        0.197527        0.363780
         -0.040954        0.447730        0.118808
          0.160396        0.293016       -0.106472
          0.214488       -0.097681       -0.084970
          0.084703       -0.326899        0.091106
         -0.022892       -0.255165        0.154112
          0.009631       -0.132737       -0.012383
          0.064932       -0.193434       -0.244821
          0.017242       -0.293368       -0.282972
         -0.079913       -0.122231       -0.071276
         -0.106072        0.316918        0.142490
         -0.039908        0.653747        0.074994
          0.045035        0.597890       -0.217393
          0.073458        0.264618       -0.358296
          0.038688       -0.025006       -0.124738
         -0.000897       -0.137041        0.249419
         -0.026288       -0.191256        0.392077
         -0.104453       -0.293754        0.268212
         -0.224448       -0.353254        0.129327
         -0.207990       -0.227069        0.105309
          0.013349        0.026468        0.094393
          0.182937        0.165545        0.012637
          0.063365        0.057496       -0.079240
         -0.152939       -0.150079       -0.124717
         -0.104576       -0.212254       -0.175555
          0.186073       -0.058627       -0.263946
          0.354321        0.184329       -0.270145
          0.221715        0.359885       -0.059364
         -0.020118        0.383809        0.250866
         -0.151430        0.244816        0.333590
         -0.194729        0.006110        0.066070
         -0.260227       -0.202380       -0.254100
         -0.284329       -0.262581       -0.271009
         -0.084789       -0.164287       -0.023263
          0.329943       -0.013144        0.158565
          0.655779        0.063228        0.111096
          0.603799        0.018430       -0.019712
          0.227066       -0.102603       -0.057339
         -0.184690       -0.237733       -0.010987
         -0.445558       -0.342297        0.026835
         -0.560395       -0.334756        0.050319
         -0.549678       -0.099209        0.101356
         -0.368997        0.346474        0.123730
         -0.025684        0.724039        0.003127
          0.326944        0.694931       -0.211300
          0.483263        0.239292       -0.273835
          0.374855       -0.276167       -0.053368
          0.131855       -0.471432        0.239606
         -0.056037       -0.304908        0.311938
         -0.104342       -0.010118        0.188037
         -0.054246        0.188170        0.133720
          0.009615        0.203071        0.218965
          0.022741        0.048899        0.207663
         -0.035997       -0.182714       -0.063325
         -0.126876       -0.335702       -0.409429
         -0.159709       -0.274732       -0.527285
         -0.077240        0.002253       -0.369034
          0.056608        0.329007       -0.149643
          0.109164        0.465042       -0.044212
          0.040891        0.287500       -0.019774
         -0.053999       -0.076325        0.031815
         -0.088122       -0.354521        0.123334
         -0.066169       -0.389476        0.197003
         -0.004073       -0.233969        0.236253
          0.108530       -0.004714        0.255159
          0.219012        0.224618        0.202047
          0.222804        0.358107       -0.009904
          0.115823        0.276163       -0.324506
          0.009160       -0.002409       -0.488198
         -0.038269       -0.276628       -0.287736
         -0.079260       -0.372398        0.176056
         -0.150784       -0.302202        0.542442
         -0.194626       -0.161163        0.532594
         -0.142322        0.016311        0.193892
         -0.022898        0.215894       -0.191542
          0.052411        0.357271       -0.385355
          0.008638        0.348146       -0.348120
         -0.099949        0.191680       -0.164724
         -0.128144       -0.013181        0.081327
          0.001466       -0.156744        0.312810
          0.182233       -0.182117        0.415253
          0.231666       -0.101356        0.294611
          0.123553        0.021344       -0.006976
          0.005934        0.120945       -0.312690
         -0.024575        0.177572       -0.463461
         -0.020734        0.194431       -0.439814
         -0.039966        0.143237       -0.304954
         -0.063148       -0.015873       -0.088082
         -0.077084       -0.247518        0.184160
         -0.093632       -0.424462        0.383557
         -0.080682       -0.432046        0.358396
          0.003775       -0.272900        0.137219
          0.111460       -0.051337       -0.074834
          0.140254        0.136239       -0.129428
          0.074044        0.272926       -0.055864
          0.002462        0.371228        0.045630
         -0.011466        0.385811        0.109701
         -0.006800        0.243831        0.109267
         -0.040054       -0.025883        0.053835
         -0.097101       -0.263014       -0.017617
         -0.129210       -0.325285       -0.085567
         -0.106328       -0.227438       -0.154713
          0.001281       -0.079853       -0.194991
          0.189824        0.060145       -0.144552
          0.315677        0.186085        0.000387
          0.182401        0.233312        0.143464
         -0.147623        0.111538        0.170092
         -0.322675       -0.132865        0.071648
         -0.170787       -0.308050       -0.031788
          0.025902       -0.281494       -0.022498
         -0.007301       -0.112665        0.072326
         -0.067316        0.056002        0.124357
          0.138866        0.163696        0.080329
          0.384142        0.240237        0.000976
          0.228653        0.303992       -0.076449
         -0.211826        0.304369       -0.172510
         -0.384387        0.170334       -0.230320
         -0.142281       -0.082876       -0.122982
          0.092826       -0.307039        0.128069
          0.047518       -0.334582        0.311799
         -0.051667       -0.168855        0.290145
          0.031612       -0.006991        0.152821
          0.154088       -0.015580        0.042533
          0.103553       -0.124845       -0.031455
         -0.030998       -0.124927       -0.131781
         -0.043529        0.053468       -0.252008
          0.043247        0.246594       -0.315820
          0.051198        0.256437       -0.271877
         -0.050468        0.069093       -0.138484
         -0.127478       -0.142743        0.026699
         -0.112216       -0.186334        0.160975
         -0.064947       -0.016054        0.212949
         -0.019768        0.221274        0.179191
          0.057465        0.309661        0.124590
          0.148894        0.166504        0.101205
          0.169963       -0.083197        0.054020
          0.090148       -0.247523       -0.096780
         -0.029502       -0.249115       -0.282774
         -0.106035       -0.146561       -0.320998
         -0.094047       -0.027062       -0.143933
         -0.028596        0.067517        0.111883
         -0.008364        0.127855        0.266069
         -0.055105        0.141754        0.255775
         -0.053068        0.083994        0.139361
          0.057398       -0.057471        0.022424
          0.145251       -0.224247       -0.017247
          0.097201       -0.280906        0.015658
          0.008674       -0.144840        0.048903
         -0.006533        0.081122        0.022561
         -0.024227        0.212456       -0.052808
         -0.128911        0.223954       -0.110312
         -0.200021        0.247995       -0.099590
         -0.105172        0.312740       -0.056392
          0.042812        0.260990       -0.065955
          0.056178        0.005386       -0.136233
         -0.019814       -0.293224       -0.174269
          0.002495       -0.405515       -0.121466
          0.138023       -0.287108       -0.026861
          0.211241       -0.074564        0.049683
          0.117315        0.086578        0.113390
         -0.050205        0.141273        0.178822
         -0.128799        0.108877        0.222183
         -0.066052        0.027718        0.214818
          0.038694       -0.084890        0.147684
          0.064762       -0.211598        0.032251
          0.023420       -0.273321       -0.075011
          0.005735       -0.158678       -0.094708
         -0.002438        0.122836       -0.035154
         -0.088158        0.380240       -0.024455
         -0.191255        0.425588       -0.148263
         -0.145799        0.274677       -0.302807
          0.024757        0.075084       -0.304577
          0.108284       -0.099425       -0.116768
          0.049919       -0.258307        0.123039
          0.033372       -0.358446        0.276237
          0.145314       -0.315975        0.315051
          0.216686       -0.140725        0.275350
          0.104725        0.061086        0.184045
         -0.086962        0.202601        0.049847
         -0.188037        0.249535       -0.111770
         -0.181229        0.188302       -0.247354
         -0.133113        0.053208       -0.268010
         -0.061099       -0.066708       -0.141511
          0.024262       -0.127156        0.020724
          0.070921       -0.168163        0.066432
          0.066435       -0.188579        0.001880
          0.058792       -0.090367       -0.031044
          0.052158        0.147495        0.016070
          0.014734        0.344409        0.046087
          0.000681        0.301702        0.020389
          0.080241        0.048985        0.042886
          0.150286       -0.197559        0.168296
          0.050143       -0.268408        0.267700
         -0.133857       -0.163248        0.186235
         -0.159330       -0.008878       -0.043358
         -0.033147        0.055425       -0.235676
         -0.007349        0.010285       -0.272511
         -0.133685       -0.018870       -0.214336
         -0.163225        0.065843       -0.180734
          0.026449        0.174233       -0.177293
          0.221098        0.140910       -0.100249
          0.200713       -0.031650        0.092285
          0.023039       -0.159338        0.277985
         -0.131490       -0.107561        0.291432
         -0.188413        0.056663        0.125354
         -0.151742        0.162772       -0.059884
         -0.021671        0.128195       -0.132499
          0.149977        0.021722       -0.109287
          0.246124       -0.051119       -0.059098
          0.214768       -0.089148        0.007655
          0.112200       -0.167539        0.100340
         -0.017740       -0.269896        0.181892
         -0.161005       -0.246652        0.196799
         -0.219338       -0.011611        0.127994
         -0.090485        0.286063        0.012684
          0.109084        0.386803       -0.081347
          0.137095        0.209051       -0.120646
         -0.026742       -0.067584       -0.147801
         -0.160204       -0.220399       -0.200097
         -0.134022       -0.206541       -0.208055
         -0.036189       -0.126671       -0.075205
          0.024955       -0.042058        0.153076
          0.037315        0.078544        0.303583
          0.037253        0.239529        0.259598
          0.072436        0.328682        0.067455
          0.130641        0.210140       -0.128520
          0.081840       -0.086448       -0.219527
         -0.126744       -0.327363       -0.205937
         -0.263306       -0.299887       -0.145092
         -0.092294       -0.061532       -0.054774
          0.201461        0.123927        0.072485
          0.237845        0.099885        0.184609
          0.025430       -0.034615        0.194451
         -0.093333       -0.101622        0.087961
         -0.021033       -0.055086       -0.053275
          0.016832        0.031445       -0.119465
         -0.050447        0.097509       -0.052767
         -0.029186        0.140132        0.076688
          0.125529        0.152817        0.105833
          0.177333        0.087898       -0.009596
          0.000991       -0.078210       -0.095828
         -0.191130       -0.256621       -0.015395
         -0.169615       -0.289909        0.097307
         -0.025184       -0.122456        0.049746
          0.005313        0.119253       -0.084989
         -0.076234        0.256609       -0.098785
         -0.048719        0.226334       -0.001963
          0.145857        0.089276        0.019391
          0.278994       -0.063644       -0.055740
          0.172140       -0.164009       -0.050178
         -0.053160       -0.174020        0.098890
         -0.189066       -0.097385        0.218672
         -0.215705        0.028361        0.144110
         -0.206596        0.157875       -0.069643
         -0.135958        0.233489       -0.235376
          0.034077        0.182414       -0.238705
          0.200810       -0.004005       -0.105718
          0.230429       -0.189742        0.070009
          0.136004       -0.195080        0.204011
          0.012924       -0.019944        0.234904
         -0.108888        0.121309        0.128110
         -0.206454        0.055495       -0.072429
         -0.153948       -0.120775       -0.218274
          0.128433       -0.159859       -0.177791
          0.436494        0.007579       -0.004622
          0.410137        0.174387        0.109389
         -0.015675        0.130964        0.072111
         -0.450722       -0.071994       -0.030695
         -0.480001       -0.223254       -0.109263
         -0.153762       -0.215197       -0.160226
          0.114981       -0.092305       -0.143191
          0.098694        0.076461        0.029608
          0.003882        0.229423        0.280982
          0.094834        0.269468        0.345867
          0.254691        0.141988        0.108335
          0.165598       -0.049190       -0.197074
         -0.151138       -0.129055       -0.271489
         -0.319480       -0.068358       -0.110256
         -0.172945       -0.002151        0.066545
          0.037113       -0.004673        0.129726
          0.097914        0.024461        0.128048
          0.106143        0.155522        0.116431
          0.141919        0.227326        0.058213
          0.083766        0.038543       -0.064724
         -0.068131       -0.293458       -0.147735
         -0.082734       -0.393856       -0.074226
          0.087340       -0.114973        0.089281
          0.155114        0.240989        0.136523
         -0.035261        0.295604       -0.005844
         -0.233896        0.029907       -0.184985
         -0.180309       -0.270486       -0.246371
          0.016863       -0.360710       -0.188371
          0.096489       -0.197387       -0.053059
          0.023718        0.119437        0.128633
         -0.032441        0.405876        0.232574
          0.025397        0.464036        0.118317
          0.112422        0.244816       -0.117900
          0.099430       -0.073444       -0.186909
         -0.006868       -0.269811        0.025258
         -0.068613       -0.309850        0.314672
         -0.017124       -0.295203        0.426385
          0.037382       -0.249444        0.303361
         -0.017954       -0.100128        0.044188
         -0.105082        0.137715       -0.239538
         -0.073665        0.296943       -0.461663
          0.057725        0.236049       -0.524873
          0.136715        0.033023       -0.327251
          0.110840       -0.063908        0.114922
          0.060524        0.084343        0.536210
          0.015430        0.305562        0.562552
         -0.079686        0.280207        0.125207
         -0.189560       -0.064588       -0.370231
         -0.168966       -0.418506       -0.467360
          0.001340       -0.423923       -0.177087
          0.127550       -0.087202        0.111981
          0.066911        0.241520        0.160667
         -0.059742        0.268670        0.082266
         -0.060786        0.034924        0.048375
          0.031801       -0.204086        0.048074
          0.041093       -0.266657        0.007113
         -0.045561       -0.164257       -0.040911
         -0.058512        0.001983       -0.013258
          0.059212        0.168704        0.086744
          0.144950        0.300554        0.176932
          0.065396        0.317752        0.183007
         -0.091352        0.144638        0.068145
         -0.156052       -0.145713       -0.151214
         -0.089856       -0.336378       -0.355812
          0.027551       -0.286233       -0.370625
          0.125037       -0.078785       -0.156859
          0.168767        0.107862        0.097480
          0.136589        0.196926        0.173426
          0.045088        0.204031        0.071870
         -0.048334        0.134218       -0.014580
         -0.116566        0.008839        0.042346
         -0.167082       -0.075482        0.161790
         -0.158867       -0.046005        0.181181
         -0.034207        0.023125        0.065180
          0.139467       -0.001076       -0.069878
          0.199324       -0.119705       -0.117612
          0.097472       -0.198268       -0.096455
         -0.047313       -0.148448       -0.085140
         -0.129743       -0.019623       -0.093996
         -0.155329        0.108298       -0.046106
         -0.139861        0.220034        0.100311
         -0.057697        0.285929        0.234776
          0.066760        0.190829        0.176983
          0.142463       -0.113751       -0.078832
          0.133083       -0.428864       -0.290126
          0.089458       -0.451777       -0.230581
          0.043309       -0.132127        0.041732
         -0.011091        0.245473        0.277678
         -0.035991        0.372459        0.325603
         -0.002318        0.204345        0.221417
          0.001427       -0.073103        0.054980
         -0.107193       -0.240924       -0.126171
         -0.217849       -0.191600       -0.279341
         -0.165398        0.007457       -0.330159
          0.016806        0.171426       -0.231757
          0.175010        0.188263       -0.037493
          0.246528        0.124371        0.124663
          0.219941        0.080218        0.152637
          0.067810        0.027647        0.049963
         -0.116911       -0.096146       -0.066347
         -0.140693       -0.211623       -0.055366
         -0.010690       -0.167264        0.095328
          0.029664        0.032403        0.221251
         -0.110414        0.202006        0.142290
         -0.206424        0.196145       -0.129874
         -0.077663        0.056829       -0.367429
          0.129655       -0.083404       -0.311559
          0.174636       -0.152769        0.071328
          0.061443       -0.149070        0.487378
         -0.022398       -0.084551        0.557477
         -0.002539       -0.002627        0.220649
          0.024138        0.010919       -0.198149
         -0.007595       -0.068155       -0.361208
         -0.042305       -0.125227       -0.238466
         -0.037875       -0.039279       -0.032439
         -0.037083        0.132962        0.068957
         -0.058812        0.219975        0.020478
         -0.049741        0.166485       -0.086901
          0.006072        0.075033       -0.122030
          0.049187        0.016847       -0.047415
          0.052595       -0.053769        0.061998
          0.055334       -0.153492        0.137194
          0.072597       -0.182668        0.166621
          0.073714       -0.079840        0.130337
          0.045517        0.048158        0.005374
          0.000172        0.069815       -0.149013
         -0.053721        0.018425       -0.220359
         -0.095664        0.014404       -0.167741
         -0.089882        0.064058       -0.045099
         -0.034029        0.061368        0.080412
          0.023910       -0.037711        0.169008
          0.040564       -0.139618        0.189499
          0.023337       -0.119553        0.123896
          0.000789        0.035620        0.004606
         -0.030323        0.201633       -0.086859
         -0.082710        0.234672       -0.094665
         -0.109904        0.111259       -0.053366
         -0.040129       -0.061072       -0.034441
          0.094260       -0.156730       -0.042084
          0.157853       -0.130057       -0.030865
          0.093058       -0.027522       -0.009746
         -0.001425        0.056424       -0.031454
         -0.027820        0.057239       -0.084167
         -0.017785        0.007839       -0.093414
         -0.039127       -0.002476       -0.033415
         -0.063421        0.040152        0.045085
         -0.006661        0.044128        0.098719
          0.123132       -0.044236        0.143205
          0.187214       -0.141104        0.206747
          0.080734       -0.137167        0.250939
         -0.093411       -0.048709        0.174705
         -0.137820        0.023789       -0.050249
         -0.054270        0.049790       -0.271111
         -0.038103        0.091282       -0.285690
         -0.136350        0.167220       -0.096697
         -0.157114        0.183459        0.069490
         -0.013128        0.059555        0.031979
          0.113664       -0.129146       -0.133099
          0.082767       -0.223636       -0.191281
          0.011114       -0.169358       -0.029136
          0.031065       -0.046556        0.207518
          0.069704        0.060604        0.283821
          0.028608        0.123700        0.154773
         -0.017826        0.111411       -0.008450
          0.026781       -0.010028       -0.061436
          0.085236       -0.182029       -0.033514
          0.034210       -0.249161       -0.012050
         -0.077180       -0.112479       -0.015907
         -0.103917        0.147837       -0.036912
         -0.035671        0.337101       -0.091769
          0.013218        0.313721       -0.165144
          0.010676        0.096291       -0.180182
          0.033903       -0.152825       -0.087196
          0.083720       -0.251685        0.061769
          0.045029       -0.152116        0.166206
         -0.103353        0.020159        0.179123
         -0.188157        0.095946        0.134174
         -0.071415        0.028772        0.090979
          0.121231       -0.077531        0.071594
          0.160158       -0.095915        0.045589
          0.040444       -0.014838       -0.024341
         -0.036698        0.061636       -0.118077
          0.010014        0.045763       -0.158109
          0.045824       -0.032693       -0.097904
         -0.020669       -0.067512        0.008502
         -0.086328        0.006766        0.057534
         -0.041302        0.146044        0.001452
          0.050369        0.231655       -0.117630
          0.057976        0.182762       -0.204903
         -0.030300        0.042246       -0.168963
         -0.116432       -0.070434       -0.002602
         -0.123984       -0.096174        0.170994
         -0.056284       -0.087706        0.213026
          0.037129       -0.106269        0.148498
          0.104175       -0.117450        0.124569
          0.114169       -0.048647        0.171561
          0.069607        0.074714        0.146206
          0.006969        0.130133       -0.037757
         -0.023038        0.049256       -0.255868
          0.000863       -0.097013       -0.322525
          0.044251       -0.189110       -0.207474
          0.054932       -0.177021       -0.044283
          0.016336       -0.081236        0.029248
         -0.057564        0.059479       -0.002433
         -0.134819        0.189921       -0.051527
         -0.140393        0.234296       -0.034142
         -0.010888        0.153173        0.072215
          0.167426       -0.004964        0.240077
          0.200351       -0.141405        0.379303
          0.038640       -0.189080        0.347141
         -0.146437       -0.151130        0.098899
         -0.192619       -0.080623       -0.185119
         -0.107943       -0.026633       -0.260776
          0.012185        0.011575       -0.105527
          0.083034        0.067160        0.072836
          0.064093        0.141313        0.091691
          0.012710        0.183977       -0.045568
          0.033764        0.145984       -0.211046
          0.097156        0.035461       -0.277255
          0.058215       -0.074246       -0.194838
         -0.072504       -0.100657       -0.013111
         -0.109719       -0.044433        0.162112
         -0.019634       -0.001250        0.240071
          0.016407       -0.030608        0.190663
         -0.051734       -0.056953        0.056010
         -0.048612        0.012162       -0.074392
          0.078755        0.114147       -0.130182
          0.138703        0.101017       -0.109252
          0.032117       -0.031425       -0.053656
         -0.079515       -0.118167        0.001529
         -0.062062       -0.060022        0.045690
         -0.014532        0.036105        0.085547
         -0.054626        0.023895        0.124913
         -0.097678       -0.067953        0.136749
         -0.005256       -0.094723        0.080551
          0.168285       -0.018453       -0.028826
          0.230508        0.048944       -0.113170
          0.106934        0.017603       -0.126528
         -0.074217       -0.071040       -0.107403
         -0.159187       -0.120483       -0.095015
         -0.146796       -0.085294       -0.055330
         -0.131848        0.011744        0.050368
         -0.119425        0.111579        0.171731
         -0.016966        0.159212        0.208483
          0.168854        0.141635        0.123048
          0.272580        0.087086       -0.023936
          0.189191        0.030717       -0.136477
          0.027509       -0.002944       -0.166496
         -0.055542       -0.007320       -0.147607
         -0.060308       -0.006431       -0.139043
         -0.072846       -0.024098       -0.124521
         -0.095118       -0.030960       -0.017338
         -0.082006        0.015343        0.182278
         -0.063390        0.072421        0.304933
         -0.079110        0.045195        0.199040
         -0.061081       -0.064563       -0.043975
          0.053169       -0.136575       -0.190398
          0.155226       -0.096738       -0.165424
          0.110051       -0.015863       -0.093211
         -0.000682        0.005070       -0.046385
         -0.011789       -0.026769        0.042403
          0.022821       -0.035213        0.172447
         -0.052891       -0.000602        0.190083
         -0.143418        0.025995        0.027587
         -0.013830        0.016021       -0.143331
          0.256061        0.006098       -0.140250
          0.303015        0.035497       -0.022824
          0.026557        0.081039        0.029369
         -0.248538        0.075990       -0.011996
         -0.263968       -0.016787       -0.029091
         -0.149482       -0.150042        0.031860
         -0.102537       -0.202544        0.102643
         -0.064863       -0.078238        0.119451
          0.068456        0.160930        0.090546
          0.184104        0.301576        0.043701
          0.148830        0.200237       -0.009635
          0.073078       -0.027959       -0.055395
          0.112396       -0.141774       -0.073383
          0.158486       -0.075857       -0.055092
          0.012142        0.011438       -0.008798
         -0.234996       -0.006941        0.038919
         -0.289978       -0.065161        0.046516
         -0.100072       -0.046617       -0.008053
          0.073876        0.034201       -0.092060
          0.053491        0.075418       -0.142221
         -0.029974        0.036029       -0.126617
          0.015414       -0.040200       -0.063611
          0.151391       -0.101071        0.017259
          0.187914       -0.116737        0.104976
          0.053891       -0.063158        0.182327
         -0.121986        0.056760        0.196207
         -0.178510        0.171306        0.103767
         -0.100659        0.180880       -0.041411
         -0.002372        0.079425       -0.115871
          0.041687       -0.019808       -0.083355
          0.065775       -0.041832       -0.055889
          0.091764       -0.062756       -0.127784
          0.062167       -0.161720       -0.215162
         -0.029186       -0.236629       -0.160915
         -0.070792       -0.126568        0.037194
          0.001971        0.117432        0.213277
          0.093185        0.260424        0.246216
          0.087547        0.195731        0.179258
         -0.000747        0.065414        0.102035
         -0.091538        0.023150        0.021789
         -0.146809        0.028375       -0.083925
         -0.149393       -0.040507       -0.171041
         -0.076989       -0.182812       -0.170965
          0.028914       -0.284432       -0.086402
          0.064544       -0.267960        0.020955
          0.012648       -0.156787        0.106935
         -0.005540       -0.020620        0.150650
          0.087025        0.087095        0.119153
          0.185558        0.146363        0.012786
          0.153316        0.163817       -0.063704
          0.026627        0.158479        0.010568
         -0.053376        0.139367        0.175814
         -0.061832        0.096205        0.203756
         -0.103757        0.029382       -0.012695
         -0.208082       -0.023049       -0.291231
         -0.245715       -0.029909       -0.381830
         -0.113787       -0.025276       -0.253940
          0.098472       -0.055187       -0.055051
          0.220000       -0.076993        0.108803
          0.212754       -0.008361        0.218566
          0.173684        0.115524        0.250906
          0.156501        0.144137        0.181792
          0.108944        0.009697        0.054078
         -0.006463       -0.167275       -0.049781
         -0.134027       -0.218710       -0.091508
         -0.196756       -0.111905       -0.090532
         -0.179922        0.045533       -0.080572
         -0.127816        0.132354       -0.089034
         -0.090618        0.111732       -0.132577
         -0.068621        0.036408       -0.186863
         -0.016152       -0.015381       -0.173209
          0.072150       -0.016948       -0.033369
          0.131149       -0.009456        0.173203
          0.129773       -0.034968        0.304257
          0.120481       -0.071975        0.286089
          0.121556       -0.066051        0.175268
          0.059801       -0.013289        0.053157
         -0.082689        0.027059       -0.066738
         -0.176502        0.017912       -0.180621
         -0.116033        0.014728       -0.219048
          0.009097        0.104382       -0.122643
          0.047430        0.257981        0.039105
          0.009817        0.300626        0.124976
          0.005740        0.096876        0.096609
          0.029881       -0.255184        0.045618
         -0.005692       -0.486206        0.040132
         -0.075211       -0.416309        0.041406
         -0.062999       -0.118994        0.001091
          0.034258        0.166825       -0.054085
          0.096273        0.268308       -0.085574
          0.065530        0.220432       -0.107109
          0.000300        0.167010       -0.128494
         -0.046058        0.150220       -0.112586
         -0.066319        0.084840       -0.039369
         -0.051097       -0.057008        0.056646
         -0.013684       -0.162561        0.135128
          0.001433       -0.140643        0.165377
          0.012210       -0.068576        0.110238
          0.075978       -0.090100       -0.018423
          0.128359       -0.212232       -0.117459
          0.039548       -0.277343       -0.092962
         -0.127430       -0.141070        0.015833
         -0.147926        0.147225        0.077596
          0.016994        0.366031        0.031366
          0.138933        0.353313       -0.035079
          0.070419        0.192424       -0.003309
         -0.041062        0.091701        0.095698
         -0.009307        0.098578        0.106161
          0.093739        0.061699       -0.015576
          0.067172       -0.102416       -0.110852
         -0.089118       -0.261179       -0.054069
         -0.168222       -0.268551        0.046795
         -0.072910       -0.177372        0.013959
          0.048861       -0.119859       -0.138517
          0.052651       -0.087802       -0.244521
          0.011472        0.006735       -0.210700
          0.050067        0.130386       -0.078552
          0.109658        0.163293        0.078272
          0.060388        0.097553        0.207950
         -0.055202        0.049766        0.262393
         -0.089532        0.086806        0.215112
         -0.031923        0.144972        0.104842
         -0.002757        0.118995        0.016073
         -0.053649       -0.021640       -0.000097
         -0.112007       -0.191940        0.026470
         -0.091331       -0.257367        0.021203
          0.017560       -0.170802       -0.054744
          0.132185       -0.028213       -0.159407
          0.144458        0.051394       -0.209246
          0.040337        0.064244       -0.168825
         -0.075159        0.084184       -0.084767
         -0.100691        0.129150       -0.016091
         -0.035001        0.139702        0.037425
          0.051333        0.071929        0.103808
          0.077631       -0.047625        0.166736
          0.014184       -0.149958        0.174794
         -0.062121       -0.172326        0.117470
         -0.040204       -0.101328        0.052553
          0.055280        0.003746        0.039577
          0.082343        0.053358        0.061622
          0.007639        0.013940        0.045371
         -0.044606       -0.066771       -0.037526
         -0.017517       -0.115974       -0.132798
         -0.011971       -0.082287       -0.182943
         -0.077432        0.046851       -0.190085
         -0.090624        0.202576       -0.174745
          0.043269        0.240912       -0.126749
          0.198769        0.100068       -0.028209
          0.177365       -0.072857        0.102565
         -0.012218       -0.087469        0.199733
         -0.156496        0.018448        0.187281
         -0.123483        0.043211        0.065474
         -0.017280       -0.044299       -0.050648
          0.009806       -0.044791       -0.046526
         -0.027883        0.132500        0.045414
         -0.032621        0.275900        0.087595
         -0.008455        0.157386        0.016982
         -0.013291       -0.128097       -0.090973
         -0.011020       -0.282666       -0.137110
          0.065553       -0.195177       -0.108706
          0.160089       -0.040065       -0.053254
          0.152799       -0.000479        0.011061
          0.041099       -0.050549        0.109292
         -0.064575       -0.057735        0.231615
         -0.097924        0.013751        0.286826
         -0.086864        0.082940        0.180981
         -0.074755        0.083466       -0.062667
         -0.082899        0.040917       -0.303796
         -0.119659        0.021604       -0.415380
         -0.143353        0.044090       -0.382803
         -0.067637        0.058048       -0.264370
          0.104149        0.005899       -0.098752
          0.222660       -0.103863        0.106117
          0.180087       -0.191988        0.311016
          0.069170       -0.177335        0.423647
          0.030104       -0.051946        0.367613
          0.038377        0.104931        0.172880
          0.002009        0.187682       -0.024328
         -0.033381        0.149772       -0.102534
          0.018198        0.037705       -0.073523
          0.064175       -0.053576       -0.046816
         -0.045192       -0.054505       -0.085830
         -0.226644        0.037497       -0.151669
         -0.248086        0.158111       -0.181227
         -0.076897        0.207785       -0.151476
          0.092804        0.124335       -0.065664
          0.135972       -0.045397        0.049530
          0.101739       -0.179169        0.127062
          0.055452       -0.208072        0.113928
          0.014926       -0.174693        0.051865
          0.009636       -0.150076        0.034755
          0.039947       -0.139025        0.076587
          0.029107       -0.087786        0.094458
         -0.057630        0.036973        0.046036
         -0.126872        0.183671        0.005178
         -0.094111        0.237997        0.040962
         -0.011059        0.141434        0.089024
          0.030598       -0.019684        0.040435
          0.030083       -0.097244       -0.082533
          0.036823       -0.055135       -0.153723
          0.051026        0.000765       -0.127348
          0.039230       -0.023694       -0.076479
          0.012545       -0.091085       -0.047790
          0.015499       -0.095967       -0.000340
          0.045715       -0.004403        0.078464
          0.061982        0.110437        0.110165
          0.066344        0.161225        0.052579
          0.079017        0.138204        0.000885
          0.047608        0.087511        0.053877
         -0.082223        0.027006        0.138523
         -0.224223       -0.061405        0.095553
         -0.241526       -0.158187       -0.089948
         -0.154918       -0.190384       -0.265237
         -0.084120       -0.115272       -0.301167
         -0.018765        0.020948       -0.208873
          0.140273        0.127886       -0.083644
          0.324665        0.148308       -0.004499
          0.319177        0.087802        0.025053
          0.087333        0.000680        0.064919
         -0.134366       -0.047417        0.147317
         -0.160114       -0.035062        0.221366
         -0.087649       -0.007099        0.235041
         -0.077642       -0.008763        0.217698
         -0.077648       -0.015632        0.208159
          0.028170        0.008828        0.164569
          0.132090        0.016542        0.036067
          0.049784       -0.058529       -0.125741
         -0.116737       -0.157252       -0.212605
         -0.096887       -0.150710       -0.191113
          0.078101       -0.033240       -0.131519
          0.090307        0.076302       -0.120441
         -0.131103        0.120963       -0.174109
         -0.269410        0.146468       -0.224199
         -0.118261        0.151919       -0.178845
          0.131360        0.061906       -0.018472
          0.235622       -0.107214        0.160848
          0.215923       -0.195894        0.223120
          0.187619       -0.099484        0.127740
          0.138153        0.076036       -0.020223
          0.025489        0.144815       -0.066383
         -0.094430        0.068700        0.043185
         -0.155008       -0.033351        0.207986
         -0.172474       -0.064158        0.272503
         -0.186904       -0.036843        0.176888
         -0.181172        0.006116       -0.004309
         -0.094869        0.055552       -0.161610
          0.089639        0.087793       -0.244086
          0.273178        0.048607       -0.243888
          0.295717       -0.054939       -0.149543
          0.123385       -0.119275        0.023865
         -0.072178       -0.075077        0.177839
         -0.108636        0.007990        0.182928
         -0.021082        0.029398        0.031075
          0.007463        0.007306       -0.115925
         -0.088368        0.021398       -0.106119
         -0.179480        0.063115        0.005659
         -0.142222        0.055018        0.041944
         -0.021499       -0.010964       -0.037245
          0.067073       -0.053492       -0.092582
          0.104764       -0.013876       -0.031970
          0.134108        0.074551        0.060747
          0.123090        0.126808        0.066323
          0.011656        0.086181       -0.006444
         -0.130678       -0.025064       -0.052636
         -0.159568       -0.119951       -0.008794
         -0.080373       -0.125684        0.083911
         -0.039100       -0.058829        0.131426
         -0.053404       -0.010866        0.079902
          0.030010       -0.046675       -0.032626
          0.221125       -0.126861       -0.107320
          0.276760       -0.153858       -0.076917
          0.070216       -0.089578        0.025915
         -0.163165        0.011499        0.103130
         -0.165870        0.093296        0.095188
         -0.030644        0.167290        0.033538
          0.008387        0.249027       -0.006734
         -0.043605        0.271881        0.012709
         -0.034394        0.149012        0.047125
          0.032947       -0.074802       -0.007845
          0.050692       -0.221334       -0.197760
          0.028521       -0.177040       -0.392200
          0.042469       -0.029142       -0.367998
          0.066143        0.056030       -0.064675
          0.030183        0.035494        0.315888
         -0.030162       -0.004600        0.514370
         -0.028593       -0.005509        0.449580
          0.017295       -0.007154        0.225790
          0.005102       -0.061980        0.000334
         -0.076144       -0.143965       -0.117332
         -0.100848       -0.164871       -0.119331
          0.001358       -0.063548       -0.099302
          0.112836        0.114370       -0.148142
          0.098058        0.228971       -0.232630
          0.008173        0.178113       -0.231731
         -0.032188        0.015976       -0.101235
         -0.043530       -0.108828        0.061384
         -0.110310       -0.120347        0.133376
         -0.165785       -0.063601        0.087428
         -0.077483       -0.016256       -0.023788
          0.096085       -0.023228       -0.132830
          0.154215       -0.084067       -0.167500
          0.054696       -0.132965       -0.071907
         -0.033274       -0.072893        0.111350
          0.002536        0.098119        0.238470
          0.074335        0.237918        0.220732
          0.070466        0.214024        0.131774
          0.021445        0.076085        0.087686
         -0.002461       -0.006331        0.084839
         -0.041191        0.032518        0.040689
         -0.148323        0.083817       -0.060551
         -0.213853        0.038367       -0.148077
         -0.078897       -0.062802       -0.162758
          0.173326       -0.112267       -0.120745
          0.257111       -0.092916       -0.084141
          0.074223       -0.064695       -0.083573
         -0.141978       -0.047463       -0.083794
         -0.162931       -0.011971       -0.049058
         -0.049426        0.041881       -0.010127
          0.019096        0.087195       -0.006366
          0.023264        0.129622       -0.001892
          0.054381        0.173945        0.055072
          0.108061        0.145506        0.126778
          0.102028       -0.041018        0.133228
          0.043349       -0.307987        0.075018
          0.009968       -0.426491        0.022532
         -0.014215       -0.275888        0.007813
         -0.102369       -0.000425        0.006415
         -0.174527        0.181098        0.009664
         -0.059730        0.230220        0.037007
          0.165993        0.242164        0.066434
          0.191866        0.234019        0.022305
         -0.039891        0.130059       -0.109258
         -0.186365       -0.073299       -0.191010
         -0.050203       -0.252651       -0.068715
          0.086719       -0.279558        0.188814
         -0.037809       -0.146389        0.315241
         -0.195153        0.020327        0.177431
         -0.068504        0.063654       -0.050441
          0.179845       -0.040265       -0.137779
          0.182195       -0.127686       -0.100002
         -0.009845       -0.037553       -0.122600
         -0.039431        0.148859       -0.256174
          0.133926        0.184564       -0.326473
          0.190981        0.006862       -0.168811
          0.016143       -0.138057        0.129510
         -0.128812       -0.020220        0.301570
         -0.071912        0.248918        0.212324
          0.006592        0.365040        0.009214
         -0.070940        0.228280       -0.079066
         -0.172841        0.021959       -0.009381
         -0.108593       -0.080750        0.078942
          0.041674       -0.112198        0.072018
          0.071124       -0.170788        0.001121
         -0.021601       -0.232427       -0.036860
         -0.057528       -0.203171       -0.010281
          0.030487       -0.088600        0.037804
          0.117952        0.000093        0.076685
          0.098629        0.003291        0.111104
          0.023202       -0.013783        0.115281
         -0.012903        0.023295        0.024434
         -0.007243        0.083324       -0.169783
         -0.009928        0.093644       -0.363161
         -0.023850        0.062350       -0.419186
         -0.021022        0.050307       -0.295166
         -0.007271        0.061075       -0.072710
          0.001981        0.054566        0.128636
          0.024445        0.037381        0.247828
          0.053426        0.037742        0.288897
          0.016696        0.020719        0.263704
         -0.105922       -0.063657        0.173209
         -0.190708       -0.166636        0.049520
         -0.126587       -0.178318       -0.031333
          0.005755       -0.078521       -0.017663
          0.061882        0.027777        0.057055
          0.057139        0.032224        0.116313
          0.088270       -0.065256        0.120722
          0.130142       -0.163045        0.070579
          0.102910       -0.149193       -0.027915
          0.035142        0.001805       -0.140889
         -0.016130        0.201288       -0.198816
         -0.066764        0.314698       -0.176509
         -0.084806        0.263339       -0.128782
          0.021170        0.075035       -0.089642
          0.165828       -0.138522       -0.014579
          0.117189       -0.255473        0.112698
         -0.103698       -0.225012        0.209279
         -0.174634       -0.091722        0.203218
          0.024548        0.055991        0.128655
          0.196934        0.150825        0.045663
          0.095270        0.170640       -0.051236
         -0.117709        0.132925       -0.181450
         -0.180857        0.078282       -0.300399
         -0.119287        0.042957       -0.329577
         -0.088441        0.038353       -0.235833
         -0.074233        0.053792       -0.059927
          0.003513        0.060099        0.109482
          0.070400        0.007986        0.186609
          0.024170       -0.129788        0.148910
         -0.049631       -0.284011        0.065962
         -0.007490       -0.313915        0.042427
          0.110974       -0.166162        0.108083
          0.159360        0.040894        0.184817
          0.104847        0.160373        0.181542
          0.015106        0.187435        0.089528
         -0.070055        0.198895       -0.035955
         -0.119168        0.185592       -0.138441
         -0.076842        0.077892       -0.173654
          0.030809       -0.085876       -0.119915
          0.077258       -0.163833       -0.023655
          0.016440       -0.105444        0.014109
         -0.042695       -0.015448       -0.051984
         -0.015809        0.013383       -0.145993
          0.034346        0.014637       -0.152076
          0.024560        0.047484       -0.039398
         -0.013904        0.087379        0.114278
          0.000911        0.077408        0.203059
          0.067604        0.011753        0.183821
          0.090082       -0.077629        0.100958
         -0.003055       -0.156225        0.032034
         -0.150433       -0.182387        0.011423
         -0.208355       -0.126554        0.011347
         -0.125945       -0.016662       -0.005771
         -0.010404        0.080232       -0.033492
          0.024328        0.126420       -0.034906
         -0.000085        0.123716       -0.004497
          0.003934        0.071536        0.014552
          0.051549       -0.024804        0.000723
          0.083369       -0.110177        0.007067
          0.054495       -0.112476        0.074307
         -0.007418       -0.036179        0.115956
         -0.014815        0.031365        0.010944
          0.075705        0.031811       -0.183590
          0.160539        0.008129       -0.265102
          0.090531        0.031571       -0.163175
         -0.099585        0.093933       -0.019525
         -0.203066        0.121062        0.046366
         -0.120264        0.075966        0.075184
          0.026644       -0.002981        0.126234
          0.095172       -0.062846        0.161062
          0.082851       -0.086946        0.116937
          0.046233       -0.083417       -0.013488
          0.004258       -0.063520       -0.183185
         -0.026622       -0.034623       -0.297789
         -0.012371        0.004728       -0.265124
          0.030522        0.052709       -0.106256
          0.025714        0.085841        0.042608
         -0.054306        0.082148        0.091545
         -0.130138        0.058517        0.086435
         -0.116495        0.045861        0.098414
         -0.030259        0.033981        0.118624
          0.053394       -0.011270        0.117358
          0.099108       -0.073153        0.121732
          0.109296       -0.074801        0.165845
          0.082300        0.026916        0.214403
          0.035443        0.159833        0.193039
          0.014604        0.188720        0.077249
          0.026082        0.066461       -0.078175
          0.016296       -0.090912       -0.194757
         -0.043987       -0.121396       -0.241575
         -0.123973       -0.011000       -0.242771
         -0.196309        0.079090       -0.224111
         -0.244247        0.006549       -0.184852
         -0.206808       -0.179551       -0.128385
         -0.044326       -0.306451       -0.073855
          0.139399       -0.273712       -0.017496
          0.192182       -0.125738        0.066917
          0.133649        0.028505        0.167468
          0.112233        0.102752        0.230069
          0.152391        0.071619        0.235157
          0.139114       -0.013449        0.220694
          0.041926       -0.053958        0.211676
         -0.048275        0.008447        0.180565
         -0.088276        0.129292        0.095488
         -0.101657        0.196400       -0.029684
         -0.071332        0.129846       -0.150477
          0.016723       -0.039557       -0.242636
          0.088563       -0.181562       -0.317287
          0.084285       -0.182261       -0.366948
          0.051521       -0.064594       -0.322498
          0.030566        0.046071       -0.134210
         -0.016689        0.089518        0.107066
         -0.072846        0.129122        0.231222
         -0.032254        0.206403        0.197785
          0.106317        0.237271        0.135902
          0.196885        0.137731        0.139730
          0.180302       -0.026573        0.147027
          0.163135       -0.118320        0.081200
          0.176447       -0.106556       -0.008740
          0.080260       -0.079293       -0.043568
         -0.163941       -0.112436       -0.064091
         -0.345692       -0.191284       -0.178320
         -0.302529       -0.237927       -0.381008
         -0.172539       -0.180883       -0.513638
         -0.153621       -0.022105       -0.437113
         -0.183816        0.152498       -0.196147
         -0.090392        0.252249        0.046548
          0.085695        0.265935        0.213265
          0.167878        0.250759        0.369357
          0.143295        0.262116        0.583558
          0.131602        0.308522        0.811442
          0.138666        0.338754        0.936288
          0.097723        0.261334        0.879607
          0.086241        0.028513        0.658347
          0.231654       -0.272315        0.349724
          0.431715       -0.459653        0.016848
          0.418813       -0.436225       -0.301286
          0.106426       -0.303721       -0.540571
         -0.322155       -0.256274       -0.639574
         -0.661424       -0.363174       -0.639001
         -0.849292       -0.487789       -0.654317
         -0.890125       -0.426422       -0.706579
         -0.770411       -0.121708       -0.670652
         -0.504385        0.248462       -0.436306
         -0.191135        0.406451       -0.055143
          0.039979        0.251033        0.293103
          0.159424       -0.008235        0.434220
          0.280689       -0.078103        0.320546
          0.516841        0.048531        0.080464
          0.806597        0.073867       -0.069730
          0.958004       -0.195966       -0.015130
          0.871676       -0.554645        0.151362
          0.648920       -0.634374        0.211609
          0.451456       -0.359597        0.005076
          0.303596        0.005231       -0.419867
          0.084525        0.264171       -0.781796
         -0.274368        0.565210       -0.750238
         -0.627199        1.119521       -0.257572
         -0.732441        1.722124        0.387317
         -0.558136        1.799974        0.786905
         -0.356151        1.073020        0.838129
         -0.345982        0.013935        0.729824
         -0.430971       -0.580261        0.597862
         -0.346145       -0.459424        0.365709
         -0.007736       -0.153036       -0.022979
          0.394226       -0.264007       -0.409374
          0.600782       -0.725722       -0.611963
          0.498686       -0.957030       -0.688169
          0.151162       -0.666727       -0.813028
         -0.315786       -0.236264       -0.953909
         -0.790397       -0.209472       -0.861573
         -1.113494       -0.581454       -0.408368
         -1.040765       -0.794094        0.211500
         -0.434478       -0.432096        0.692686
          0.484183        0.248173        0.943981
          1.217751        0.610617        1.098646
          1.397210        0.379533        1.232044
          1.028233       -0.108468        1.214609
          0.356671       -0.408100        0.907862
         -0.328731       -0.472865        0.391513
         -0.745478       -0.498213       -0.114924
         -0.720627       -0.470247       -0.494544
         -0.363904       -0.175966       -0.783715
          0.029167        0.381943       -1.009760
          0.310046        0.873580       -1.116612
          0.543979        1.016027       -1.104673
          0.742200        0.848513       -1.106971
          0.763701        0.550143       -1.147068
          0.522461        0.190819       -0.878927
          0.091305       -0.175625        0.137485
         -0.402038       -0.320740        1.761831
         -0.788235        0.010373        3.106838
         -0.826083        0.738108        3.294926
         -0.425498        1.396187        2.292488
          0.118861        1.530627        0.816611
          0.386216        1.099956       -0.456151
          0.318261        0.427173       -1.350572
          0.181988       -0.193820       -1.977214
          0.072666       -0.735988       -2.415060
         -0.193123       -1.253797       -2.699875
         -0.625639       -1.599188       -2.859389
         -0.858956       -1.523747       -2.771011
         -0.579464       -1.067359       -2.132764
          0.064957       -0.627379       -0.779301
          0.643197       -0.533440        1.006697
          0.881341       -0.704440        2.608235
          0.795091       -0.832489        3.467997
          0.495236       -0.764512        3.372224
          0.035125       -0.566025        2.534702
         -0.516711       -0.310750        1.506794
         -0.949692        0.010299        0.833493
         -0.981070        0.359465        0.637594
         -0.527814        0.590051        0.596341
          0.116603        0.636455        0.352792
          0.486685        0.695294       -0.168326
          0.382993        1.031626       -0.841710
          0.032406        1.565149       -1.516023
         -0.219231        1.827987       -1.994514
         -0.236865        1.468720       -2.014691
         -0.061783        0.697529       -1.461707
          0.246387        0.080631       -0.566829
          0.571299       -0.078395        0.277818
          0.694561       -0.031467        0.866773
          0.488208       -0.241746        1.166273
          0.097822       -0.829447        1.049756
         -0.209128       -1.432119        0.360806
         -0.335939       -1.606834       -0.733361
         -0.371081       -1.286667       -1.696205
         -0.359786       -0.778104       -2.001621
         -0.240207       -0.385538       -1.501748
         -0.021374       -0.183907       -0.523999
          0.163914       -0.139127        0.316301
          0.256345       -0.227842        0.576145
          0.351570       -0.314765        0.396314
          0.494439       -0.098954        0.332834
          0.565474        0.570860        0.708354
          0.487838        1.373243        1.290892
          0.368973        1.738079        1.672453
          0.290396        1.427944        1.743516
          0.130608        0.723311        1.646022
         -0.223012        0.015327        1.424247
         -0.626471       -0.562851        0.924520
         -0.827631       -1.007046        0.027546
         -0.769457       -1.157429       -1.102405
         -0.604094       -0.769974       -2.017415
         -0.485697        0.118072       -2.280041
         -0.462435        1.009405       -1.830314
         -0.508096        1.265550       -1.048779
         -0.549447        0.715594       -0.422975
         -0.466020       -0.085157       -0.188893
         -0.147370       -0.370323       -0.276299
          0.376136        0.032715       -0.444918
          0.870293        0.579809       -0.406212
          1.053345        0.713238        0.011203
          0.857856        0.431962        0.643204
          0.485003        0.041560        1.031726
          0.173904       -0.368600        0.875249
         -0.025768       -0.892892        0.395717
         -0.215643       -1.396651        0.068348
         -0.424379       -1.488982        0.029616
         -0.491026       -0.976395        0.003655
         -0.232299       -0.149076       -0.178552
          0.265761        0.490232       -0.287012
          0.615734        0.711078       -0.029328
          0.501557        0.687040        0.549728
          0.053147        0.663601        1.125998
         -0.287092        0.619190        1.388641
         -0.269265        0.374618        1.198159
         -0.048129       -0.030349        0.623223
          0.121950       -0.301812       -0.065218
          0.189235       -0.316815       -0.531149
          0.206571       -0.367865       -0.614412
          0.133998       -0.768345       -0.451243
         -0.081061       -1.329544       -0.353715
         -0.344133       -1.497918       -0.549138
         -0.511712       -1.006642       -0.973064
         -0.568795       -0.149743       -1.301778
         -0.551852        0.621519       -1.244575
         -0.399064        1.128440       -0.810584
         -0.066873        1.404334       -0.241917
          0.299863        1.431258        0.269170
          0.512275        1.109222        0.682331
          0.566074        0.404657        0.950380
          0.555408       -0.547239        0.934921
          0.480780       -1.407600        0.595823
          0.319248       -1.707833        0.186473
          0.147895       -1.166922        0.095441
          0.022325       -0.047612        0.423308
         -0.127779        0.962800        0.792615
         -0.329925        1.369500        0.689604
         -0.450492        1.269153        0.012178
         -0.394139        1.055865       -0.779518
         -0.278350        0.919578       -1.078853
         -0.257400        0.806175       -0.680614
         -0.275806        0.691244        0.057796
         -0.148886        0.615028        0.548771
          0.148066        0.499479        0.478863
          0.401018        0.181904        0.035807
          0.402213       -0.327558       -0.347579
          0.200333       -0.782155       -0.458734
          0.038064       -0.963483       -0.442533
          0.057112       -0.934167       -0.458557
          0.136162       -0.950319       -0.386105
          0.062408       -1.128354       -0.068867
         -0.178284       -1.280187        0.284496
         -0.374301       -1.157419        0.279246
         -0.360202       -0.803564       -0.087313
         -0.186301       -0.515962       -0.358039
          0.042839       -0.452968       -0.194753
          0.320822       -0.445568        0.264893
          0.589377       -0.264358        0.690669
          0.631665        0.064886        0.891198
          0.340766        0.315060        0.775713
         -0.065356        0.355184        0.324685
         -0.325598        0.309248       -0.223862
         -0.445983        0.435347       -0.447711
         -0.489218        0.868907       -0.225629
         -0.316250        1.452537        0.067694
          0.117523        1.814627        0.060323
          0.450757        1.677271       -0.141460
          0.325509        1.119874       -0.212779
         -0.059699        0.489956       -0.121283
         -0.236524        0.028245       -0.063982
         -0.168414       -0.339747       -0.048286
         -0.204599       -0.783496        0.115724
         -0.414969       -1.237263        0.444488
         -0.463158       -1.427860        0.674616
         -0.192247       -1.212900        0.540280
          0.090763       -0.752103        0.005786
          0.088952       -0.307118       -0.730111
         -0.015691        0.003596       -1.317769
          0.174234        0.183135       -1.406554
          0.652163        0.222751       -0.892510
          0.934368        0.137941       -0.051474
          0.659280        0.070787        0.662528
          0.022491        0.169071        0.976242
         -0.514784        0.346677        0.923688
         -0.729867        0.353325        0.668765
         -0.672625        0.161373        0.331755
         -0.417603        0.078144        0.015929
         -0.038727        0.298973       -0.152614
          0.298849        0.519108       -0.150760
          0.449963        0.253801       -0.142137
          0.436404       -0.503838       -0.290759
          0.364804       -1.176318       -0.533511
          0.283240       -1.191483       -0.642243
          0.193968       -0.545206       -0.458370
          0.110362        0.272087       -0.013216
          0.041624        0.824076        0.470794
         -0.021793        1.098675        0.663464
         -0.109218        1.314443        0.388938
         -0.281975        1.504064       -0.133005
         -0.554782        1.482451       -0.486840
         -0.771032        1.187692       -0.555269
         -0.710290        0.798581       -0.617155
         -0.379400        0.441663       -0.878581
         -0.026592        0.018140       -1.103572
          0.185231       -0.533348       -0.871379
          0.324787       -1.002299       -0.122535
          0.459988       -1.153420        0.720623
          0.500825       -1.097921        1.214337
          0.380579       -1.177404        1.321534
          0.217423       -1.493974        1.259722
          0.170456       -1.774221        1.098387
          0.248117       -1.743079        0.775004
          0.342900       -1.430820        0.400209
          0.340466       -1.004658        0.200120
          0.139030       -0.476849        0.167663
         -0.278047        0.220529        0.084704
         -0.707770        0.947581       -0.108992
         -0.832388        1.374115       -0.272193
         -0.555995        1.346782       -0.387163
         -0.113468        1.088845       -0.590901
          0.188972        0.922392       -0.816665
          0.216375        0.869939       -0.747828
          0.026282        0.664136       -0.290268
         -0.184246        0.149853        0.199393
         -0.194803       -0.446834        0.361703
          0.015999       -0.730123        0.263859
          0.211792       -0.562874        0.167624
          0.189413       -0.189948        0.109103
          0.048788        0.058944       -0.032887
          0.032269        0.092888       -0.230379
          0.175272        0.060481       -0.321011
          0.290042        0.124687       -0.236027
          0.258649        0.314371       -0.061308
          0.154395        0.545615        0.046718
          0.056906        0.690588       -0.050476
         -0.069377        0.630309       -0.335981
         -0.239471        0.340752       -0.547789
         -0.340613       -0.040685       -0.376804
         -0.272357       -0.326548        0.183432
         -0.095680       -0.493542        0.787238
          0.068613       -0.666728        1.072528
          0.203483       -0.836348        0.964803
          0.324529       -0.766099        0.641157
          0.326310       -0.336278        0.305728
          0.090746        0.161060        0.056856
         -0.269095        0.298819       -0.112002
         -0.468981        0.056154       -0.276968
         -0.387868       -0.133315       -0.519711
         -0.177089        0.072289       -0.816020
         -0.005144        0.502294       -1.001301
          0.133062        0.709668       -0.923714
          0.283348        0.508239       -0.627348
          0.364528        0.130429       -0.315362
          0.272402       -0.091715       -0.142032
          0.089560       -0.057036       -0.110417
          0.031098        0.092630       -0.150544
          0.145019        0.174017       -0.192733
          0.217685        0.121762       -0.144664
          0.082102       -0.003890        0.101982
         -0.123570       -0.103166        0.555222
         -0.165563       -0.128836        1.035543
         -0.067724       -0.134970        1.286235
         -0.071605       -0.223804        1.196602
         -0.294413       -0.398361        0.866909
         -0.563675       -0.523409        0.456541
         -0.595413       -0.517143        0.062110
         -0.290720       -0.471785       -0.258932
          0.161178       -0.425892       -0.492816
          0.485694       -0.169599       -0.716108
          0.572184        0.439008       -0.967763
          0.461734        1.061564       -1.062945
          0.213582        1.145983       -0.752387
         -0.064723        0.624442       -0.123413
         -0.188512        0.019344        0.365523
         -0.106344       -0.209724        0.353906
         -0.037905       -0.123636       -0.040664
         -0.193793       -0.026527       -0.381219
         -0.441325       -0.050221       -0.360468
         -0.461156       -0.189363       -0.034858
         -0.195453       -0.487721        0.310383
          0.060178       -0.922050        0.426487
          0.040629       -1.207431        0.247903
         -0.155800       -0.975971       -0.085695
         -0.205170       -0.206207       -0.272351
          0.034417        0.657049       -0.032274
          0.376226        1.105622        0.595672
          0.572585        1.045428        1.184313
          0.571216        0.796786        1.275125
          0.439967        0.662851        0.798020
          0.231905        0.621581        0.086266
          0.048995        0.470879       -0.445371
          0.031356        0.160959       -0.573309
          0.125808       -0.132784       -0.336566
          0.074102       -0.259077        0.034213
         -0.201694       -0.306607        0.279769
         -0.414521       -0.485220        0.249633
         -0.300492       -0.825189       -0.088414
         -0.012556       -1.099222       -0.630688
          0.072121       -1.061552       -1.047256
         -0.171975       -0.690696       -0.934970
         -0.505240       -0.188714       -0.289792
         -0.628489        0.200880        0.341471
         -0.463660        0.392084        0.434621
         -0.146288        0.510603        0.080848
          0.143218        0.689568       -0.226077
          0.305999        0.812464       -0.240759
          0.350108        0.620335       -0.130216
          0.339747        0.117174       -0.107067
          0.314913       -0.333864       -0.204166
          0.263131       -0.419574       -0.377983
          0.178872       -0.218937       -0.562729
          0.110494       -0.042035       -0.596733
          0.096439       -0.056126       -0.309170
          0.087514       -0.151175        0.254605
          0.014778       -0.103796        0.816493
         -0.078650        0.155285        1.116815
         -0.082241        0.421125        1.113095
         -0.008258        0.434402        0.918592
         -0.006699        0.244966        0.615669
         -0.139069        0.188159        0.196862
         -0.260357        0.403813       -0.294488
         -0.195064        0.580324       -0.644605
          0.054654        0.360101       -0.629419
          0.313286       -0.162689       -0.308625
          0.387478       -0.572869       -0.004370
          0.228437       -0.654970        0.076557
         -0.017880       -0.557048        0.048989
         -0.155875       -0.501523        0.102755
         -0.142939       -0.553872        0.211739
         -0.084839       -0.649144        0.200896
         -0.052339       -0.645957       -0.015661
         -0.018022       -0.368102       -0.358310
          0.017461        0.207303       -0.649788
         -0.029897        0.785065       -0.696066
         -0.197526        0.959890       -0.403430
         -0.392913        0.644777        0.094824
         -0.505623        0.156264        0.481774
         -0.518046       -0.160112        0.507899
         -0.451792       -0.232348        0.199492
         -0.298870       -0.143775       -0.202135
         -0.070760        0.079599       -0.470371
          0.167324        0.400213       -0.521328
          0.373410        0.614708       -0.370682
          0.560998        0.482386       -0.081946
          0.694886        0.023904        0.223469
          0.651504       -0.431871        0.415191
          0.385400       -0.556553        0.471538
          0.064661       -0.344737        0.483543
         -0.088548       -0.096660        0.521854
         -0.060475       -0.077426        0.568274
         -0.018915       -0.216191        0.560145
         -0.047224       -0.200417        0.410809
         -0.067418        0.094180        0.038925
         -0.041942        0.356245       -0.477936
         -0.068236        0.184734       -0.818258
         -0.194967       -0.330490       -0.682391
         -0.291793       -0.620268       -0.184617
         -0.214297       -0.342595        0.199948
         -0.015080        0.163906        0.174407
          0.120053        0.343307       -0.052782
          0.118989        0.140663       -0.107562
          0.096669       -0.034489        0.054880
          0.147554        0.044045        0.199415
          0.181297        0.150423        0.210933
          0.083159        0.028900        0.176293
         -0.063639       -0.207576        0.137938
         -0.106926       -0.256680        0.033229
         -0.100858       -0.034915       -0.132872
         -0.210986        0.263361       -0.280434
         -0.392255        0.448418       -0.426500
         -0.421985        0.538586       -0.666090
         -0.228477        0.666632       -0.945403
          0.045228        0.857482       -1.012557
          0.257134        0.960083       -0.670890
          0.345305        0.802158       -0.021898
          0.287008        0.364355        0.569172
          0.167035       -0.221102        0.734843
          0.158763       -0.788034        0.401888
          0.268913       -1.202425       -0.091880
          0.270685       -1.361734       -0.250830
          0.054378       -1.220119        0.082098
         -0.169258       -0.843988        0.532741
         -0.200685       -0.411142        0.629429
         -0.151195       -0.113116        0.363110
         -0.198768       -0.021960        0.144667
         -0.272875       -0.033404        0.258777
         -0.212769        0.041210        0.568307
         -0.049654        0.291894        0.747175
          0.081968        0.610323        0.605375
          0.155161        0.785370        0.185876
          0.186107        0.697224       -0.270295
          0.109425        0.414633       -0.459278
         -0.085677        0.120244       -0.290624
         -0.215651       -0.045918       -0.016786
         -0.109657       -0.082945        0.059596
          0.120152       -0.089301       -0.053132
          0.214694       -0.144268       -0.143595
          0.117364       -0.236749       -0.184499
         -0.004460       -0.280060       -0.345454
         -0.038844       -0.173671       -0.608662
         -0.028138        0.094741       -0.664616
         -0.003743        0.367052       -0.331102
          0.077218        0.408058        0.143598
          0.191330        0.145662        0.383717
          0.202547       -0.236275        0.338728
          0.022648       -0.483699        0.241586
         -0.269874       -0.494332        0.235127
         -0.495537       -0.344489        0.255226
         -0.495433       -0.176441        0.227826
         -0.226070       -0.087108        0.167192
          0.172765       -0.069072        0.063530
          0.454934       -0.032127       -0.149390
          0.502009        0.088732       -0.449096
          0.408282        0.234632       -0.665287
          0.275826        0.259904       -0.642991
          0.080237        0.100910       -0.405409
         -0.168545       -0.103430       -0.112595
         -0.329939       -0.131809        0.086324
         -0.334700        0.046580        0.130390
         -0.297312        0.220739        0.046832
         -0.292087        0.239606       -0.064975
         -0.206377        0.231907       -0.088270
          0.042343        0.367812        0.016973
          0.313266        0.523362        0.198061
          0.402274        0.417676        0.403820
          0.268391        0.044988        0.607552
          0.012331       -0.272364        0.692410
         -0.238631       -0.304764        0.465903
         -0.345820       -0.182715       -0.059550
         -0.207156       -0.141114       -0.502310
          0.086699       -0.166132       -0.435526
          0.257070       -0.078144        0.110139
          0.142225        0.117313        0.615549
         -0.082435        0.184881        0.608764
         -0.131116       -0.003656        0.148340
          0.024163       -0.272168       -0.303297
          0.166376       -0.371116       -0.427512
          0.141822       -0.273831       -0.344386
         -0.004794       -0.128719       -0.354795
         -0.143275       -0.007333       -0.529057
         -0.159563        0.159158       -0.650030
         -0.005678        0.405744       -0.506539
          0.221152        0.608525       -0.144091
          0.312603        0.583778        0.193660
          0.169308        0.283104        0.325567
         -0.083681       -0.134472        0.278900
         -0.268666       -0.420846        0.171628
         -0.330079       -0.434182        0.047250
         -0.278458       -0.241552       -0.082256
         -0.113926       -0.048381       -0.114249
          0.097685       -0.026882        0.064658
          0.203082       -0.182719        0.388901
          0.123242       -0.339012        0.628299
         -0.039408       -0.261855        0.601833
         -0.124877        0.095390        0.322490
         -0.093633        0.436060       -0.034581
         -0.035312        0.351287       -0.265357
         -0.031415       -0.180109       -0.292213
         -0.053014       -0.658091       -0.228703
         -0.016435       -0.597493       -0.250807
          0.077155       -0.090926       -0.382817
          0.128894        0.358616       -0.449856
          0.100759        0.460009       -0.264636
          0.093858        0.332796        0.156632
          0.182870        0.155791        0.569772
          0.263195       -0.058131        0.684458
          0.198606       -0.289800        0.398423
          0.049205       -0.402728       -0.095821
         -0.021393       -0.331154       -0.442088
         -0.010076       -0.193719       -0.422555
         -0.037323       -0.109936       -0.143238
         -0.093672       -0.046529        0.123949
         -0.069222        0.064548        0.250999
         -0.008332        0.194039        0.318539
         -0.069698        0.298124        0.409840
         -0.236179        0.407922        0.476906
         -0.315184        0.535260        0.425204
         -0.231489        0.595474        0.220592
         -0.097983        0.512958       -0.108658
          0.000128        0.310614       -0.482311
          0.091952        0.038781       -0.759616
          0.190456       -0.269782       -0.809522
          0.236591       -0.517751       -0.635520
          0.189335       -0.542397       -0.388337
          0.075494       -0.291438       -0.228801
         -0.051875        0.066878       -0.193191
         -0.148309        0.287987       -0.181267
         -0.173457        0.284005       -0.050114
         -0.092196        0.166507        0.256518
          0.079832        0.066574        0.629260
          0.222217       -0.027056        0.853879
          0.177269       -0.197191        0.790395
         -0.047917       -0.405584        0.487634
         -0.218934       -0.489447        0.097505
         -0.136298       -0.376957       -0.276172
          0.097305       -0.182759       -0.571341
          0.212096       -0.025696       -0.677808
          0.129609        0.124998       -0.520904
          0.030968        0.322598       -0.236444
          0.072655        0.472297       -0.071904
          0.179515        0.437134       -0.059058
          0.170615        0.271833        0.024753
          0.005050        0.188625        0.283770
         -0.171990        0.244933        0.501746
         -0.220885        0.200334        0.465661
         -0.181461       -0.179459        0.297473
         -0.190302       -0.735030        0.239157
         -0.259850       -1.018983        0.256124
         -0.265318       -0.825544        0.136007
         -0.157818       -0.423083       -0.096123
         -0.034714       -0.156828       -0.172092
          0.042030       -0.020375       -0.009081
          0.134667        0.185141        0.131681
          0.271520        0.426791        0.011220
          0.345914        0.450728       -0.257569
          0.258259        0.179313       -0.370146
          0.063588       -0.142183       -0.197012
         -0.095238       -0.233162        0.129245
         -0.148928       -0.052717        0.402973
         -0.141978        0.250849        0.487287
         -0.135188        0.531331        0.326151
         -0.122458        0.711725       -0.026865
         -0.066765        0.742726       -0.384935
          0.015591        0.597419       -0.552059
          0.062502        0.315644       -0.502638
          0.063085        0.002552       -0.380023
          0.087641       -0.238992       -0.325344
          0.178260       -0.356637       -0.363041
          0.257926       -0.342990       -0.420811
          0.220553       -0.240478       -0.383516
          0.079976       -0.155322       -0.162318
         -0.056415       -0.186763        0.190237
         -0.134626       -0.306465        0.458644
         -0.175702       -0.366650        0.466290
         -0.182750       -0.257434        0.283274
         -0.147172       -0.017849        0.126023
         -0.118258        0.202533        0.077928
         -0.128085        0.246708        0.052114
         -0.083942        0.058479        0.026274
          0.095205       -0.228402        0.125534
          0.275730       -0.348139        0.389279
          0.248149       -0.154325        0.615876
          0.045042        0.197754        0.577981
         -0.091660        0.401245        0.300292
         -0.053471        0.316209        0.009960
          0.021766        0.075448       -0.117896
         -0.007140       -0.098437       -0.086893
         -0.095796       -0.109822       -0.025408
         -0.118652       -0.033794       -0.066089
         -0.055903       -0.002038       -0.227701
         -0.001085       -0.064741       -0.396808
         -0.017346       -0.155517       -0.462979
         -0.054599       -0.176554       -0.437275
         -0.025914       -0.096321       -0.379433
          0.071375        0.023689       -0.272514
          0.143873        0.067557       -0.074709
          0.111373       -0.027620        0.138116
          0.008722       -0.156188        0.199208
         -0.051387       -0.125908        0.043705
         -0.026090        0.070611       -0.191335
         -0.000640        0.207867       -0.292885
         -0.051480        0.166076       -0.184514
         -0.110170        0.131586        0.001630
         -0.058270        0.272075        0.089854
          0.075241        0.399294        0.094573
          0.132586        0.225470        0.193719
          0.052597       -0.161130        0.415962
         -0.041762       -0.367407        0.516671
         -0.025174       -0.205453        0.327170
          0.062126        0.115497        0.064883
          0.092467        0.302402        0.049714
          0.024328        0.272134        0.238367
         -0.068962        0.105536        0.317563
         -0.106351       -0.115366        0.156834
         -0.080417       -0.338254       -0.116328
         -0.034022       -0.492045       -0.397877
          0.009847       -0.500599       -0.659548
          0.064235       -0.352703       -0.770353
          0.131870       -0.121080       -0.565220
          0.184192        0.101659       -0.121214
          0.185987        0.261642        0.258680
          0.101230        0.333171        0.388997
         -0.095284        0.295788        0.364948
         -0.342205        0.159786        0.342469
         -0.465677       -0.005912        0.323141
         -0.328996       -0.109654        0.245188
         -0.002795       -0.110685        0.147317
          0.289731       -0.049395        0.106629
          0.395998        0.002005        0.097227
          0.342850        0.020227        0.051248
          0.227417        0.050911        0.007137
          0.083331        0.128884        0.049485
         -0.091320        0.189423        0.133849
         -0.234956        0.116448        0.132080
         -0.256403       -0.085853        0.041971
         -0.168949       -0.232220       -0.018599
         -0.095003       -0.158579       -0.035229
         -0.103228        0.042756       -0.131701
         -0.117289        0.113819       -0.340513
         -0.036897       -0.025761       -0.508774
          0.107953       -0.163690       -0.498576
          0.188998       -0.091207       -0.351902
          0.139830        0.112400       -0.203409
          0.024850        0.204542       -0.136120
         -0.043906        0.099517       -0.161640
         -0.012378       -0.069483       -0.242679
          0.085810       -0.159802       -0.286826
          0.164305       -0.149362       -0.189190
          0.151405       -0.067587        0.067785
          0.045486        0.060685        0.377695
         -0.094099        0.168846        0.584026
         -0.193729        0.163376        0.588245
         -0.192935        0.041779        0.417347
         -0.082049       -0.081289        0.208003
          0.050707       -0.115256        0.095518
          0.081511       -0.101803        0.092011
          0.008366       -0.126975        0.082822
         -0.036816       -0.168659       -0.044288
          0.014884       -0.112210       -0.261170
          0.063274        0.081774       -0.399288
          0.004604        0.304435       -0.322022
         -0.099403        0.419363       -0.093788
         -0.118404        0.383617        0.093364
         -0.039268        0.219160        0.164472
          0.052605       -0.043574        0.213235
          0.115668       -0.329276        0.284959
          0.159838       -0.500373        0.280876
          0.152715       -0.460372        0.159307
          0.046069       -0.249541        0.046204
         -0.106777        0.000815        0.018713
         -0.174844        0.176043       -0.041605
         -0.111569        0.229141       -0.223821
         -0.005423        0.193098       -0.389078
          0.042205        0.173051       -0.383888
          0.010041        0.254670       -0.303946
         -0.065392        0.375959       -0.334376
         -0.117394        0.357605       -0.429448
         -0.067668        0.117487       -0.368366
          0.088189       -0.199303       -0.088539
          0.223841       -0.362967        0.225611
          0.204622       -0.293317        0.387519
          0.061288       -0.107548        0.392273
         -0.048601        0.026438        0.333421
         -0.046846        0.036034        0.258874
         -0.004014       -0.035833        0.165472
          0.003656       -0.110893        0.069119
         -0.001213       -0.156694        0.016633
          0.018777       -0.188219        0.033313
          0.014281       -0.213338        0.088777
         -0.081870       -0.218512        0.128929
         -0.216077       -0.203357        0.132491
         -0.239574       -0.173555        0.117500
         -0.096724       -0.100822        0.097485
          0.085037        0.039808        0.064063
          0.142417        0.194715        0.023505
          0.058187        0.280668        0.011272
         -0.058095        0.310215        0.034468
         -0.106468        0.362819        0.031769
         -0.042166        0.416990       -0.050357
          0.131503        0.337379       -0.158011
          0.311211        0.079727       -0.180495
          0.321857       -0.210002       -0.102079
          0.121929       -0.372930       -0.028837
         -0.102315       -0.402285       -0.055731
         -0.165944       -0.344940       -0.175038
         -0.110280       -0.162655       -0.313808
         -0.079276        0.157323       -0.384731
         -0.083089        0.430107       -0.310008
         -0.033361        0.407262       -0.091269
          0.061584        0.101699        0.138094
          0.092976       -0.178263        0.214665
          0.027828       -0.184867        0.106981
         -0.038973       -0.017205       -0.072319
         -0.035395        0.029631       -0.181206
         -0.012593       -0.151043       -0.132774
         -0.034209       -0.338828        0.062341
         -0.054515       -0.260209        0.281210
         -0.011065        0.064850        0.382226
          0.028400        0.349410        0.347588
         -0.044680        0.404255        0.269057
         -0.174781        0.330855        0.196972
         -0.184084        0.285112        0.095902
         -0.023509        0.215367       -0.046520
          0.157717        0.005212       -0.165574
          0.216175       -0.234167       -0.213210
          0.176025       -0.252668       -0.238873
          0.145907       -0.039007       -0.311563
          0.148859        0.115797       -0.387516
          0.106775        0.010849       -0.339333
         -0.016816       -0.193062       -0.137921
         -0.144404       -0.227904        0.079287
         -0.203050       -0.102629        0.185884
         -0.228786       -0.045491        0.241635
         -0.263560       -0.142137        0.386764
         -0.236499       -0.253483        0.597315
         -0.076332       -0.285867        0.671470
          0.129760       -0.312499        0.473898
          0.233116       -0.366761        0.092387
          0.220411       -0.325062       -0.267735
          0.172194       -0.106690       -0.452855
          0.091753        0.172006       -0.417891
         -0.062428        0.363350       -0.229798
         -0.216030        0.475833       -0.049460
         -0.214871        0.573187       -0.011148
         -0.030246        0.603462       -0.079436
          0.183320        0.474751       -0.102250
          0.257465        0.227736       -0.023608
          0.170186       -0.007007        0.048947
          0.026370       -0.178696        0.015063
         -0.057969       -0.313712       -0.083960
         -0.030922       -0.376308       -0.157727
          0.072430       -0.278143       -0.201114
          0.145706       -0.044878       -0.250423
          0.102445        0.146631       -0.271687
         -0.019990        0.143132       -0.196655
         -0.103847       -0.039229       -0.039588
         -0.107649       -0.250402        0.118700
         -0.099006       -0.324733        0.248918
         -0.126522       -0.191456        0.380705
         -0.163720        0.050552        0.493564
         -0.193056        0.200808        0.501605
         -0.228704        0.172532        0.374206
         -0.232780        0.080186        0.185043
         -0.127960        0.044365        0.006961
          0.067878        0.018009       -0.153477
          0.216536       -0.082473       -0.273770
          0.211556       -0.182204       -0.273975
          0.094771       -0.135655       -0.141378
         -0.008733        0.045865       -0.013646
         -0.029438        0.193865       -0.037912
          0.012157        0.199398       -0.196709
          0.084121        0.120287       -0.353208
          0.177223        0.057083       -0.416539
          0.240004        0.020127       -0.377381
          0.180369       -0.027087       -0.229044
          0.001201       -0.069518        0.028760
         -0.150672       -0.073774        0.301936
         -0.150069       -0.079620        0.427469
         -0.043036       -0.156886        0.346598
          0.032425       -0.270540        0.191758
          0.020213       -0.284121        0.136380
         -0.013397       -0.139078        0.196128
          0.016679        0.038422        0.245808
          0.109395        0.083650        0.197770
          0.179783        0.018067        0.071128
          0.153929        0.034776       -0.093108
          0.040517        0.232778       -0.261940
         -0.094391        0.450030       -0.353997
         -0.187144        0.444144       -0.297419
         -0.200531        0.208425       -0.171046
         -0.137809        0.007190       -0.139541
         -0.055751        0.059893       -0.211167
         -0.019473        0.265081       -0.217147
         -0.025423        0.324132       -0.079149
         -0.012013        0.110242        0.071495
          0.042461       -0.195003        0.115666
          0.083772       -0.347963        0.123982
          0.063518       -0.307467        0.202403
          0.010723       -0.195463        0.291252
         -0.011217       -0.104458        0.254123
          0.010688       -0.045063        0.089379
          0.034861       -0.019920       -0.075289
          0.025955       -0.045783       -0.154873
         -0.020813       -0.116558       -0.156507
         -0.094999       -0.204124       -0.082341
         -0.158831       -0.281694        0.094293
         -0.141533       -0.312184        0.331609
         -0.012923       -0.252373        0.484604
          0.144481       -0.120030        0.420937
          0.201764       -0.013605        0.153124
          0.129880        0.011505       -0.163631
          0.028982        0.052632       -0.363170
         -0.004782        0.243938       -0.398313
          0.003372        0.535997       -0.342628
         -0.034271        0.697543       -0.279246
         -0.115176        0.565765       -0.224023
         -0.126404        0.220009       -0.158288
         -0.006821       -0.113726       -0.075224
          0.139068       -0.265210        0.035451
          0.166189       -0.222285        0.189796
          0.084065       -0.112362        0.355103
          0.019659       -0.099849        0.440965
          0.007283       -0.233154        0.384806
         -0.045050       -0.377401        0.214424
         -0.163411       -0.350015        0.009249
         -0.231387       -0.126769       -0.161361
         -0.165433        0.126803       -0.255057
         -0.042881        0.227171       -0.259989
          0.020435        0.147275       -0.198889
          0.021197        0.019917       -0.104831
          0.022570       -0.014049        0.007762
          0.041839        0.053477        0.127326
          0.058043        0.116067        0.215235
          0.066274        0.096356        0.230099
          0.064072        0.032085        0.178102
          0.038092        0.004137        0.094538
          0.004857        0.020792       -0.025361
          0.004462        0.023241       -0.211823
          0.021877       -0.006579       -0.415199
         -0.011413       -0.011577       -0.493770
         -0.096689        0.030464       -0.362801
         -0.128195        0.018873       -0.098981
         -0.033943       -0.157811        0.157215
          0.105781       -0.422801        0.344379
          0.149894       -0.524300        0.463195
          0.069825       -0.307412        0.481066
         -0.034148        0.085742        0.352708
         -0.068628        0.358792        0.118647
         -0.034849        0.373814       -0.098271
          0.008246        0.252116       -0.205135
          0.007220        0.181442       -0.211221
         -0.050509        0.207687       -0.195379
         -0.107589        0.240040       -0.226888
         -0.062173        0.194765       -0.307289
          0.106264        0.080460       -0.368791
          0.249784       -0.037407       -0.329760
          0.187236       -0.111749       -0.163407
         -0.048468       -0.142396        0.069741
         -0.203957       -0.148198        0.248682
         -0.116663       -0.136516        0.283343
          0.071023       -0.110574        0.213844
          0.119191       -0.086281        0.184797
          0.012052       -0.078030        0.270174
         -0.077434       -0.077092        0.362807
         -0.062990       -0.061541        0.306040
         -0.013476       -0.021861        0.095219
          0.002379        0.026998       -0.135695
         -0.019798        0.055407       -0.293895
         -0.072126        0.061337       -0.396966
         -0.117413        0.105601       -0.474303
         -0.069300        0.241347       -0.488774
          0.090457        0.381423       -0.375850
          0.231721        0.333453       -0.123894
          0.222004        0.041569        0.181953
          0.095818       -0.292576        0.388835
         -0.011222       -0.422374        0.396757
         -0.035205       -0.324431        0.275313
         -0.013922       -0.171920        0.201271
         -0.002532       -0.107687        0.243226
         -0.024967       -0.132269        0.276922
         -0.069306       -0.163636        0.168740
         -0.092806       -0.125307       -0.032617
         -0.063004       -0.005591       -0.172535
         -0.003210        0.125516       -0.196152
          0.038412        0.188965       -0.170789
          0.051144        0.189052       -0.144919
          0.045763        0.182343       -0.106512
          0.008483        0.178213       -0.064871
         -0.061437        0.146666       -0.051340
         -0.103540        0.098882       -0.039131
         -0.064998        0.072292        0.021863
          0.013299        0.050595        0.089120
          0.051010       -0.017350        0.062056
          0.032806       -0.116754       -0.059377
         -0.000913       -0.156704       -0.154911
         -0.022515       -0.086500       -0.133004
         -0.024591        0.025488       -0.018969
         -0.005485        0.069829        0.102503
          0.012294        0.025693        0.164409
         -0.005724       -0.033914        0.144074
         -0.049787       -0.048224        0.069647
         -0.070796       -0.027389        0.004431
         -0.056071       -0.014332       -0.005248
         -0.040818       -0.037699        0.029570
         -0.031422       -0.100206        0.063474
          0.009959       -0.175686        0.070661
          0.084607       -0.218804        0.054981
          0.135198       -0.200146        0.020085
          0.122749       -0.126101       -0.025861
          0.061547       -0.019186       -0.043758
         -0.016919        0.098056       -0.006200
         -0.071004        0.196404        0.035718
         -0.052199        0.248027        0.001749
          0.026010        0.244469       -0.105321
          0.067488        0.185744       -0.208528
          0.015708        0.073261       -0.256628
         -0.059107       -0.054084       -0.241811
         -0.068385       -0.112567       -0.156744
         -0.030238       -0.055310       -0.013002
         -0.006835        0.060937        0.134280
          0.003828        0.136951        0.235819
          0.027315        0.135047        0.277226
          0.041350        0.081589        0.240009
          0.026793        0.006775        0.114861
          0.014318       -0.058202       -0.028094
          0.011321       -0.061075       -0.076532
         -0.031137        0.019307       -0.012040
         -0.111041        0.118186        0.068472
         -0.131340        0.147130        0.084353
         -0.038546        0.094626        0.046720
          0.087555        0.009017       -0.012852
          0.155571       -0.087842       -0.098777
          0.177625       -0.201930       -0.191535
          0.189342       -0.309200       -0.210099
          0.154349       -0.365877       -0.107241
          0.034248       -0.360255        0.045850
         -0.123340       -0.307858        0.142352
         -0.238536       -0.226314        0.168733
         -0.280316       -0.146578        0.176705
         -0.254742       -0.094610        0.165505
         -0.181184       -0.034017        0.088165
         -0.098925        0.102495       -0.038622
         -0.025342        0.299868       -0.131283
          0.080397        0.454621       -0.159339
          0.227757        0.493122       -0.174339
          0.313223        0.418323       -0.186027
          0.243087        0.253252       -0.112819
          0.093787        0.036044        0.067415
          0.019620       -0.142065        0.211209
          0.030503       -0.193721        0.174850
         -0.001539       -0.130588        0.022618
         -0.119892       -0.035776       -0.065468
         -0.208646        0.035134       -0.050088
         -0.175372        0.068714       -0.054711
         -0.083835        0.056158       -0.156648
         -0.040239        0.013501       -0.293284
         -0.048483        0.000601       -0.367973
         -0.051087        0.049373       -0.332587
         -0.027782        0.101578       -0.176565
          0.017369        0.076719        0.055118
          0.090800       -0.020163        0.234903
          0.169365       -0.106330        0.242740
          0.190882       -0.124756        0.106111
          0.130756       -0.099497       -0.007986
          0.037938       -0.081567        0.035133
         -0.023092       -0.070274        0.199930
         -0.024966       -0.022205        0.330980
          0.016731        0.062483        0.324647
          0.049828        0.108006        0.220470
          0.020325        0.057595        0.120440
         -0.066601       -0.029218        0.062860
         -0.141333       -0.046528        0.008301
         -0.140620       -0.004612       -0.079979
         -0.066218       -0.023395       -0.177051
          0.026466       -0.135537       -0.207911
          0.084096       -0.210208       -0.117234
          0.099259       -0.140702        0.048098
          0.093034       -0.007013        0.145550
          0.061521        0.040514        0.073878
         -0.013359       -0.010933       -0.105730
         -0.094045       -0.042379       -0.225900
         -0.102542        0.016461       -0.183767
         -0.030626        0.098075       -0.028952
          0.037519        0.091596        0.110942
          0.037155       -0.028373        0.165218
         -0.006469       -0.180639        0.158959
         -0.034395       -0.250079        0.126423
         -0.026372       -0.171069        0.049771
         -0.004430        0.023341       -0.067781
          0.003104        0.213627       -0.132380
         -0.008104        0.288551       -0.056636
         -0.017798        0.251173        0.106108
         -0.011408        0.197169        0.218238
         -0.001492        0.173462        0.226177
         -0.010225        0.116900        0.177632
         -0.038590       -0.028755        0.092909
         -0.056794       -0.195148       -0.058464
         -0.029102       -0.251007       -0.236807
          0.033968       -0.142948       -0.318552
          0.062721        0.077374       -0.270564
          0.015313        0.311611       -0.228121
         -0.042528        0.432308       -0.296741
         -0.022693        0.315814       -0.364160
          0.042870       -0.023138       -0.246283
          0.052054       -0.363625        0.027978
          0.007934       -0.466381        0.226846
          0.011389       -0.324655        0.207362
          0.075817       -0.134364        0.067934
          0.094050       -0.039273       -0.011661
          0.021593       -0.016480        0.019256
         -0.044130        0.002761        0.070593
         -0.023506        0.023974        0.050848
          0.021649        0.023540       -0.021893
         -0.002902        0.009067       -0.041885
         -0.072654        0.015526        0.057761
         -0.082296        0.062905        0.216778
          0.002026        0.114856        0.312108
          0.099339        0.092421        0.289711
          0.122980       -0.025605        0.183311
          0.073783       -0.128363        0.027279
          0.001477       -0.070663       -0.164344
         -0.067903        0.140472       -0.330251
         -0.123679        0.319337       -0.366442
         -0.141444        0.292506       -0.234755
         -0.108594        0.075846       -0.012249
         -0.048119       -0.161919        0.183239
          0.000729       -0.267584        0.270338
          0.004489       -0.206492        0.219632
         -0.040309       -0.049451        0.067528
         -0.075883        0.087647       -0.077684
         -0.022432        0.114854       -0.111950
          0.107743        0.029864       -0.039711
          0.189695       -0.087647        0.036022
          0.138096       -0.158113        0.033822
          0.029788       -0.167009       -0.024089
          0.000485       -0.143038       -0.049784
          0.056176       -0.103365        0.007191
          0.076909       -0.046236        0.095570
         -0.001827        0.021889        0.107584
         -0.107449        0.087357       -0.000828
         -0.152487        0.156191       -0.154497
         -0.147651        0.242787       -0.244935
         -0.137934        0.318342       -0.241288
         -0.102170        0.312634       -0.178988
          0.000375        0.200197       -0.076482
          0.130448        0.047939        0.069303
          0.201790       -0.062050        0.220434
          0.187943       -0.117892        0.301482
          0.129985       -0.144769        0.272342
          0.067591       -0.141356        0.161541
          0.015928       -0.110753        0.042961
         -0.021981       -0.100510       -0.003946
         -0.056535       -0.135967        0.033463
         -0.094625       -0.158366        0.047876
         -0.117408       -0.106984       -0.082683
         -0.111189       -0.022862       -0.305068
         -0.093631        0.010661       -0.414672
         -0.069066       -0.003454       -0.317876
         -0.012549        0.005399       -0.151902
          0.060274        0.054703       -0.071822
          0.087502        0.102801       -0.039278
          0.068829        0.144541        0.071428
          0.078285        0.198868        0.254524
          0.119741        0.200237        0.390067
          0.091060        0.036924        0.421884
         -0.038441       -0.254385        0.385588
         -0.142723       -0.451673        0.288459
         -0.120714       -0.387838        0.103720
         -0.043417       -0.143781       -0.102784
         -0.019825        0.080667       -0.181984
         -0.024241        0.204539       -0.103384
          0.030135        0.264517       -0.035601
          0.123781        0.252003       -0.128918
          0.149165        0.119114       -0.299334
          0.058913       -0.054663       -0.345362
         -0.084883       -0.072870       -0.224630
         -0.185098        0.120700       -0.078288
         -0.185789        0.310434       -0.000374
         -0.105771        0.250945        0.063828
         -0.019803       -0.017382        0.156437
          0.030575       -0.219926        0.192054
          0.090604       -0.199795        0.093853
          0.190592       -0.087757       -0.062422
          0.239993       -0.085414       -0.147078
          0.140993       -0.194360       -0.141096
         -0.032331       -0.247499       -0.097423
         -0.113869       -0.144828       -0.012761
         -0.083441        0.041210        0.138039
         -0.070249        0.177300        0.289601
         -0.121909        0.200046        0.330528
         -0.131643        0.126428        0.235809
         -0.026252        0.004694        0.066298
          0.110618       -0.110025       -0.119184
          0.152635       -0.166021       -0.265189
          0.078316       -0.134831       -0.296086
         -0.029688       -0.024948       -0.198729
         -0.078887        0.114963       -0.082315
         -0.048984        0.205148       -0.051451
         -0.001961        0.186096       -0.059040
          0.001722        0.087674        0.008880
         -0.013226        0.013978        0.135501
          0.017628        0.033577        0.183652
          0.088803        0.112256        0.106011
          0.125192        0.163507        0.027792
          0.083729        0.128483        0.076058
          0.000635        0.001833        0.206872
         -0.061465       -0.175916        0.261210
         -0.077126       -0.334687        0.152266
         -0.065308       -0.412551       -0.053035
         -0.053524       -0.389116       -0.216965
         -0.045040       -0.272919       -0.249077
         -0.022826       -0.081118       -0.154814
          0.017190        0.134627       -0.018452
          0.049904        0.275046        0.060734
          0.046027        0.267597        0.057020
          0.001476        0.150412        0.033628
         -0.061424        0.041141        0.031887
         -0.105497        0.024927       -0.006094
         -0.100328        0.096025       -0.126320
         -0.058260        0.193780       -0.235108
         -0.025060        0.260339       -0.210541
         -0.003481        0.257764       -0.106839
          0.059875        0.163837       -0.090661
          0.160019       -0.006487       -0.171464
          0.188940       -0.176535       -0.167194
          0.093361       -0.248965        0.012423
         -0.013374       -0.195229        0.217103
         -0.013334       -0.085666        0.287046
          0.030611       -0.017763        0.283429
         -0.010206       -0.025289        0.341032
         -0.106058       -0.061228        0.395234
         -0.116561       -0.059205        0.247292
         -0.018645       -0.005155       -0.114900
          0.068968        0.054310       -0.435368
          0.077773        0.072580       -0.479798
          0.062050        0.050110       -0.287802
          0.065231        0.001917       -0.071840
          0.046477       -0.087717        0.042288
         -0.016136       -0.223940        0.086451
         -0.059955       -0.335382        0.117746
         -0.039568       -0.322538        0.124481
         -0.009210       -0.178379        0.083503
         -0.028877       -0.004109        0.039778
         -0.058258        0.104752        0.062615
         -0.032664        0.146412        0.129564
          0.013392        0.180957        0.123789
          0.000247        0.245252       -0.007382
         -0.064164        0.313681       -0.144116
         -0.108554        0.327251       -0.125955
         -0.113340        0.253147        0.030198
         -0.100732        0.124399        0.139259
         -0.057844        0.020652        0.081556
          0.025572       -0.004148       -0.065594
          0.091980        0.023640       -0.154396
          0.093879        0.025373       -0.135118
          0.083656       -0.049609       -0.055549
          0.119252       -0.175953        0.029313
          0.140151       -0.272088        0.086028
          0.057614       -0.264714        0.087015
         -0.079079       -0.151170        0.022161
         -0.132523       -0.004007       -0.078485
         -0.072443        0.092539       -0.150667
         -0.004222        0.104243       -0.134002
          0.003935        0.046050       -0.025876
          0.011589       -0.051486        0.100422
          0.077762       -0.155331        0.157777
          0.139743       -0.227612        0.124112
          0.111121       -0.235895        0.041043
          0.032937       -0.174023       -0.037335
          0.013443       -0.073253       -0.065649
          0.057387        0.014294       -0.023488
          0.067315        0.062107        0.048323
         -0.008820        0.102279        0.072742
         -0.124321        0.187104        0.030101
         -0.207888        0.307954       -0.023984
         -0.222173        0.378244       -0.051746
         -0.167776        0.316349       -0.078469
         -0.079060        0.139720       -0.125177
         -0.008708       -0.030714       -0.160153
          0.012130       -0.074160       -0.140908
          0.005064        0.001299       -0.060036
          0.023829        0.053909        0.061073
          0.084356       -0.024879        0.182512
          0.128212       -0.166073        0.238703
          0.097052       -0.215362        0.170113
          0.029717       -0.147304        0.006660
          0.016610       -0.091051       -0.111184
          0.063467       -0.134785       -0.067255
          0.085497       -0.204648        0.075917
          0.038297       -0.182950        0.136963
         -0.036138       -0.066393        0.040365
         -0.095828        0.061540       -0.104790
         -0.137025        0.157259       -0.165739
         -0.142179        0.229857       -0.127568
         -0.083319        0.259808       -0.044498
          0.009603        0.200317        0.047908
          0.063953        0.060179        0.118351
          0.062807       -0.092824        0.123562
          0.060868       -0.216524        0.074752
          0.093017       -0.310277        0.060930
          0.132460       -0.343794        0.141311
          0.146554       -0.257304        0.256393
          0.127459       -0.062593        0.297357
          0.061842        0.127489        0.221019
         -0.058153        0.211298        0.051980
         -0.179294        0.195451       -0.170064
         -0.211829        0.155426       -0.382033
         -0.138293        0.143131       -0.490062
         -0.039706        0.157632       -0.446229
          0.020488        0.168960       -0.301891
          0.071963        0.140105       -0.132099
          0.140315        0.048564        0.043173
          0.152989       -0.081185        0.204235
          0.046993       -0.170419        0.268966
         -0.089282       -0.138899        0.184876
         -0.115677        0.017442        0.041836
         -0.044236        0.205467       -0.017939
         -0.000969        0.305194        0.012216
         -0.016998        0.265671        0.010112
         -0.017008        0.125020       -0.084004
          0.008031       -0.052578       -0.188462
         -0.009967       -0.220366       -0.208475
         -0.057066       -0.323309       -0.148582
         -0.035393       -0.298661       -0.065591
          0.060578       -0.161056        0.013500
          0.110153       -0.036946        0.084272
          0.041698       -0.033771        0.128507
         -0.067956       -0.100111        0.128482
         -0.106527       -0.095158        0.092435
         -0.064980        0.018366        0.041248
         -0.022486        0.133409       -0.009530
         -0.026284        0.149517       -0.038694
         -0.031057        0.083557       -0.013820
          0.025125        0.011182        0.077580
          0.114700       -0.033471        0.192802
          0.144557       -0.060945        0.246997
          0.083979       -0.071170        0.181027
          0.007620       -0.043574        0.025768
         -0.007060        0.022780       -0.115623
          0.024623        0.091394       -0.165067
          0.028901        0.120208       -0.135913
         -0.026006        0.099016       -0.090074
         -0.093982        0.055417       -0.057310
         -0.112584        0.036050       -0.026916
         -0.076699        0.071806        0.005358
         -0.031650        0.133279        0.029370
         -0.008374        0.126583        0.055169
          0.000486       -0.017917        0.108629
          0.010348       -0.235315        0.179947
          0.031298       -0.360470        0.211656
          0.071892       -0.313016        0.154629
          0.114794       -0.189379        0.016401
          0.112504       -0.112775       -0.146932
          0.051454       -0.064515       -0.264466
         -0.012918        0.040635       -0.285631
         -0.029716        0.175459       -0.215081
         -0.020538        0.226515       -0.114167
         -0.029595        0.174820       -0.046728
         -0.053566        0.120798       -0.020891
         -0.070302        0.119096        0.008918
         -0.089033        0.104014        0.083304
         -0.114219        0.019358        0.180249
         -0.099941       -0.071758        0.223577
         -0.007948       -0.079078        0.169416
          0.110853       -0.032713        0.073124
          0.162611       -0.047935        0.027979
          0.131973       -0.147080        0.044233
          0.086834       -0.202847        0.047314
          0.059890       -0.100778       -0.004069
          0.008980        0.099648       -0.069324
         -0.081069        0.229115       -0.107743
         -0.142660        0.206306       -0.132589
         -0.118257        0.106640       -0.154762
         -0.041269        0.040413       -0.143823
          0.021622        0.028766       -0.088630
          0.047410        0.017829       -0.037231
          0.036969       -0.040851       -0.020422
         -0.012168       -0.155671        0.021241
         -0.066931       -0.292438        0.161374
         -0.060568       -0.368636        0.347698
          0.012027       -0.298919        0.414188
          0.058791       -0.094908        0.266838
          0.008562        0.121671        0.004525
         -0.083828        0.249006       -0.195511
         -0.112348        0.300889       -0.273496
         -0.057667        0.329339       -0.301387
          0.017988        0.312563       -0.324996
          0.077989        0.192390       -0.288917
          0.132429       -0.005069       -0.154036
          0.167564       -0.156636       -0.009253
          0.140436       -0.163161        0.020667
          0.061297       -0.054995       -0.047650
          0.007088        0.039752       -0.066131
          0.011722        0.029270        0.040579
          0.008590       -0.053962        0.169405
         -0.056148       -0.108471        0.189787
         -0.117922       -0.085921        0.127578
         -0.091619       -0.029234        0.112830
         -0.021121       -0.002091        0.180173
         -0.016070       -0.016627        0.217433
         -0.071819       -0.034924        0.121825
         -0.081445       -0.021049       -0.067327
         -0.019683        0.018929       -0.221602
          0.019904        0.050648       -0.257565
         -0.006984        0.059520       -0.183126
         -0.017312        0.062385       -0.051848
          0.056377        0.064717        0.081119
          0.142124        0.043119        0.174647
          0.120876       -0.007305        0.211661
         -0.005607       -0.048581        0.195864
         -0.108291       -0.055244        0.136770
         -0.090772       -0.052113        0.055642
         -0.007272       -0.057121       -0.005457
          0.012571       -0.033561       -0.020473
         -0.061958        0.044021       -0.018692
         -0.118338        0.115689       -0.042445
         -0.052172        0.097346       -0.073083
          0.088036       -0.002666       -0.054243
          0.163118       -0.090540        0.007477
          0.120264       -0.101717        0.024542
          0.033827       -0.055218       -0.060461
         -0.019952       -0.000453       -0.184969
         -0.041969        0.033142       -0.228003
         -0.050533        0.025827       -0.149034
         -0.025430       -0.037074       -0.026940
          0.049088       -0.129549        0.046645
          0.131090       -0.180846        0.073514
          0.146523       -0.139901        0.111884
          0.062453       -0.025782        0.160043
         -0.072869        0.101154        0.147685
         -0.168651        0.192838        0.058246
         -0.174501        0.224879       -0.014821
         -0.117343        0.186164        0.011555
         -0.057551        0.087463        0.083081
         -0.025007       -0.026765        0.067911
          0.000262       -0.098701       -0.077425
          0.052739       -0.100820       -0.255050
          0.125218       -0.056409       -0.331975
          0.159208       -0.012317       -0.264413
          0.113130        0.004600       -0.118541
          0.023558       -0.002715        0.008824
         -0.038270       -0.027054        0.079594
         -0.056956       -0.067947        0.124356
         -0.074350       -0.108447        0.175494
         -0.107979       -0.111366        0.217387
         -0.122071       -0.065626        0.212695
         -0.090759       -0.010356        0.154088
         -0.039612        0.018354        0.070981
          0.001935        0.034160        0.001025
          0.045370        0.058024       -0.025137
          0.101812        0.068488        0.011098
          0.133139        0.046126        0.090751
          0.095365        0.034247        0.143454
          0.011655        0.088731        0.103844
         -0.043779        0.176204       -0.010880
         -0.028195        0.185986       -0.119482
          0.032262        0.063755       -0.176195
          0.079345       -0.104361       -0.207394
          0.075183       -0.171130       -0.250134
          0.023126       -0.082326       -0.305901
         -0.045894        0.069513       -0.350708
         -0.097568        0.148259       -0.335598
         -0.106697        0.114489       -0.196368
         -0.065504        0.047191        0.063341
          0.000922        0.032041        0.316936
          0.040775        0.055840        0.422431
          0.026475        0.035316        0.370478
         -0.004131       -0.062305        0.260798
          0.010289       -0.172320        0.167292
          0.068846       -0.219693        0.097450
          0.103498       -0.204095        0.045341
          0.071054       -0.166416        0.006825
          0.006750       -0.120347       -0.037815
         -0.033187       -0.062130       -0.098289
         -0.040842       -0.005210       -0.144369
         -0.045201        0.043396       -0.141423
         -0.062815        0.106881       -0.102628
         -0.081704        0.191796       -0.070781
         -0.080983        0.243440       -0.053889
         -0.055740        0.198237       -0.011453
         -0.022418        0.075470        0.084037
          0.002024       -0.026202        0.188697
          0.019891       -0.039386        0.210626
          0.042897       -0.008622        0.102394
          0.069748       -0.032984       -0.073193
          0.083234       -0.136237       -0.188718
          0.066830       -0.227701       -0.176953
          0.023396       -0.208675       -0.092945
         -0.021371       -0.093412       -0.033416
         -0.041615        0.011422       -0.024306
         -0.036942        0.041364       -0.026126
         -0.024760        0.039339       -0.018624
         -0.014476        0.067955       -0.021917
         -0.004647        0.111567       -0.045846
          0.003371        0.116796       -0.065908
          0.004570        0.088904       -0.049934
         -0.001993        0.076888        0.008788
         -0.010855        0.083833        0.078078
         -0.011300        0.064542        0.108839
          0.004519        0.006199        0.081981
          0.026243       -0.052506        0.022003
          0.026392       -0.084023       -0.034706
         -0.010233       -0.097361       -0.057112
         -0.060474       -0.092316       -0.021049
         -0.079037       -0.043449        0.057697
         -0.047631        0.042426        0.109356
          0.003552        0.097748        0.084501
          0.035322        0.067267        0.024147
          0.041497       -0.017153        0.002977
          0.033832       -0.077802        0.025736
          0.017671       -0.086668        0.035529
          0.009173       -0.075306        0.007541
          0.034281       -0.064167       -0.019463
          0.078440       -0.035828       -0.001723
          0.084760        0.012551        0.055201
          0.034916        0.038221        0.098972
         -0.018953        0.007556        0.072893
         -0.034879       -0.043280       -0.026099
         -0.037291       -0.040759       -0.122663
         -0.055820        0.036418       -0.129030
         -0.066322        0.126661       -0.045965
         -0.038453        0.149100        0.042958
          0.008928        0.084377        0.080186
          0.042818       -0.014040        0.077449
          0.059438       -0.082241        0.048671
          0.057500       -0.103911       -0.017329
          0.017582       -0.096377       -0.095377
         -0.055534       -0.061547       -0.116315
         -0.109155        0.008209       -0.060436
         -0.094473        0.080311       -0.001089
         -0.024243        0.094617       -0.014658
          0.035598        0.046411       -0.080442
          0.027570        0.007798       -0.106044
         -0.036927        0.030446       -0.041031
         -0.079322        0.058704        0.063587
         -0.037307       -0.012191        0.116438
          0.059072       -0.186856        0.087933
          0.125119       -0.319568        0.033286
          0.122312       -0.258559        0.020317
          0.082556       -0.034489        0.056608
          0.047432        0.153873        0.094570
          0.026562        0.167101        0.089843
          0.007292        0.082206        0.038177
         -0.025095        0.073937       -0.032472
         -0.066710        0.182130       -0.080204
         -0.083545        0.267799       -0.067003
         -0.046849        0.196420        0.002549
          0.015221        0.004413        0.056792
          0.039579       -0.145375        0.016881
          0.007952       -0.146968       -0.106989
         -0.035770       -0.052090       -0.221685
         -0.052384        0.016785       -0.255915
         -0.047989        0.016933       -0.210154
         -0.039397        0.009262       -0.110478
         -0.023741        0.045698        0.020071
         -0.001793        0.089965        0.137563
          0.006660        0.074696        0.185525
         -0.002133        0.001113        0.147904
          0.003732       -0.057831        0.063306
          0.044968       -0.053002       -0.014707
          0.090168       -0.027560       -0.045695
          0.094142       -0.057730       -0.009742
          0.053344       -0.130032        0.066758
         -0.006942       -0.135299        0.104665
         -0.070425       -0.022545        0.047624
         -0.120162        0.100223       -0.053449
         -0.125233        0.099245       -0.083278
         -0.080949        0.011992        0.000627
         -0.034945       -0.002861        0.120544
         -0.026853        0.084737        0.181661
         -0.023296        0.109101        0.172710
          0.035745       -0.048220        0.134415
          0.136064       -0.263221        0.074762
          0.192063       -0.319499       -0.027055
          0.158846       -0.178955       -0.147773
          0.085582        0.007987       -0.212269
          0.035408        0.115235       -0.178934
          0.009586        0.147563       -0.094780
         -0.015731        0.148499       -0.032346
         -0.037152        0.113668        0.003029
         -0.050248        0.028167        0.052710
         -0.070987       -0.075015        0.103743
         -0.091290       -0.130901        0.086455
         -0.068703       -0.094630       -0.003076
          0.004716        0.024286       -0.062290
          0.072907        0.152303       -0.021136
          0.082871        0.189148        0.048233
          0.042866        0.099485        0.032063
         -0.003303       -0.035391       -0.066828
         -0.030429       -0.099181       -0.143573
         -0.046642       -0.067646       -0.132168
         -0.068478       -0.007923       -0.068841
         -0.090797        0.033217       -0.024334
         -0.086712        0.067594       -0.018988
         -0.043525        0.092703       -0.016956
          0.012964        0.067943        0.015811
          0.047020       -0.011456        0.067024
          0.052264       -0.089123        0.091804
          0.040000       -0.120535        0.060171
          0.008163       -0.111363       -0.013780
         -0.041247       -0.072018       -0.084534
         -0.068357        0.000637       -0.104966
         -0.029393        0.079698       -0.038777
          0.051244        0.109983        0.124016
          0.091915        0.085150        0.317518
          0.055969        0.071869        0.394425
          0.000671        0.110821        0.258624
         -0.004394        0.131747        0.006909
          0.029207        0.034542       -0.156729
          0.035985       -0.154585       -0.167190
         -0.008157       -0.280855       -0.157564
         -0.062556       -0.235118       -0.237100
         -0.083649       -0.072610       -0.321710
         -0.067919        0.071707       -0.267951
         -0.030376        0.132760       -0.093611
          0.023108        0.132754        0.048080
          0.085121        0.092082        0.079857
          0.129590        0.000823        0.073954
          0.125978       -0.118304        0.115154
          0.067213       -0.189890        0.190845
         -0.023028       -0.164748        0.241012
         -0.104088       -0.077890        0.240310
         -0.139021        0.002773        0.196075
         -0.119882        0.051204        0.113595
         -0.080597        0.079436       -0.000824
         -0.064308        0.092925       -0.117582
         -0.065665        0.084799       -0.186746
         -0.033114        0.059253       -0.170868
          0.047979        0.033006       -0.076699
          0.109431        0.014173        0.043357
          0.083258       -0.005560        0.118350
          0.003660       -0.032599        0.098515
         -0.031879       -0.053938       -0.006960
          0.013670       -0.049491       -0.128812
          0.089409       -0.017090       -0.195124
          0.135282        0.030385       -0.191051
          0.129566        0.084017       -0.150607
          0.073804        0.126602       -0.106046
         -0.011244        0.111206       -0.063659
         -0.081726        0.004265       -0.015595
         -0.106282       -0.137142        0.037259
         -0.097074       -0.189114        0.072029
         -0.078107       -0.099932        0.067459
         -0.046347        0.038892        0.046588
          0.005600        0.103686        0.058542
          0.055458        0.080231        0.101940
          0.073614        0.044868        0.118800
          0.058722        0.045719        0.087681
          0.026390        0.069729        0.055227
         -0.012699        0.098648        0.042122
         -0.040967        0.116367        0.000664
         -0.032613        0.070692       -0.081203
          0.005032       -0.078168       -0.119931
          0.021888       -0.250962       -0.056270
         -0.004906       -0.284372        0.034832
         -0.025867       -0.124656        0.040788
          0.009155        0.081922       -0.026671
          0.066683        0.150200       -0.050441
          0.070873        0.060692        0.027437
          0.006443       -0.049302        0.132012
         -0.070994       -0.064747        0.155512
         -0.111795       -0.004299        0.081379
         -0.109685        0.044482       -0.012961
         -0.070615        0.046672       -0.047214
          0.001738        0.037440       -0.011620
          0.078834        0.040135        0.033738
          0.111134        0.022976        0.020910
          0.080791       -0.045676       -0.057612
          0.019661       -0.134545       -0.146178
         -0.037925       -0.169301       -0.190654
         -0.083551       -0.107642       -0.177835
         -0.104396        0.017262       -0.111186
         -0.073426        0.132407       -0.003507
          0.004662        0.203238        0.089778
          0.079383        0.255127        0.097788
          0.110469        0.298667        0.030368
          0.100902        0.273455       -0.014832
          0.061685        0.123201        0.015841
         -0.004767       -0.098797        0.053061
         -0.066040       -0.269883        0.014141
         -0.065696       -0.332342       -0.057887
         -0.008037       -0.320248       -0.043479
          0.020060       -0.268202        0.078213
         -0.033446       -0.178753        0.181865
         -0.099582       -0.083160        0.151314
         -0.083992       -0.039544        0.029208
          0.001555       -0.037498       -0.039528
          0.072526        0.011737        0.006399
          0.090956        0.139556        0.075230
          0.083423        0.248001        0.056202
          0.073336        0.240132       -0.029634
          0.052176        0.161592       -0.067614
          0.004431        0.126182       -0.014856
         -0.063975        0.139917        0.043866
         -0.112664        0.104367        0.016182
         -0.092805       -0.009332       -0.082282
         -0.013201       -0.100497       -0.158631
          0.046833       -0.089163       -0.148263
          0.033982       -0.035264       -0.068308
         -0.004219       -0.045460        0.003686
          0.004249       -0.120262       -0.005839
          0.045054       -0.162877       -0.092202
          0.051941       -0.113190       -0.160248
          0.016043       -0.013713       -0.122324
         -0.016045        0.053934       -0.008052
         -0.026563        0.056248        0.066275
         -0.032500        0.021375        0.044117
         -0.028155       -0.011328       -0.000600
          0.004641       -0.032981        0.035473
          0.044538       -0.053235        0.146713
          0.054224       -0.068064        0.228185
          0.041124       -0.062072        0.215586
          0.038797       -0.031879        0.155501
          0.043339        0.013621        0.115279
          0.017241        0.063254        0.084507
         -0.050984        0.096584        0.015177
         -0.125902        0.087112       -0.082711
         -0.163235        0.035071       -0.146486
         -0.147168       -0.016705       -0.148585
         -0.087926       -0.023463       -0.125205
         -0.005991        0.005974       -0.106615
          0.066045        0.015962       -0.067701
          0.091159       -0.020798        0.012059
          0.066598       -0.054933        0.079626
          0.033347       -0.019535        0.070285
          0.017834        0.073264        0.017138
         -0.004538        0.143212        0.011485
         -0.051618        0.150477        0.057710
         -0.080731        0.130797        0.062973
         -0.044843        0.106804       -0.011837
          0.030489        0.042028       -0.084628
          0.081709       -0.073363       -0.078843
          0.091834       -0.164401       -0.041072
          0.088915       -0.164588       -0.063712
          0.086350       -0.113593       -0.137866
          0.074459       -0.090947       -0.165477
          0.050658       -0.091547       -0.098579
          0.017279       -0.044616        0.015613
         -0.030492        0.062335        0.121411
         -0.082067        0.155569        0.201632
         -0.101208        0.173746        0.235526
         -0.069941        0.131661        0.197756
         -0.019592        0.076736        0.118552
          0.008382        0.034188        0.066292
          0.007246        0.006326        0.041943
         -0.007487       -0.015176       -0.033876
         -0.020284       -0.047800       -0.182676
         -0.009738       -0.102028       -0.286987
          0.034684       -0.159426       -0.223896
          0.073774       -0.181177       -0.040725
          0.051268       -0.140715        0.085935
         -0.015168       -0.044213        0.056633
         -0.042001        0.073639       -0.056317
         -0.003737        0.166659       -0.121101
          0.028965        0.197869       -0.087354
          0.006377        0.161205        0.001752
         -0.030694        0.090654        0.082784
         -0.036395        0.034362        0.120823
         -0.031260        0.004539        0.112907
         -0.046089       -0.037901        0.080330
         -0.062536       -0.129699        0.054805
         -0.047390       -0.240153        0.050193
         -0.001897       -0.284871        0.045996
          0.045238       -0.218350        0.014965
          0.068750       -0.096302       -0.030218
          0.063925       -0.019140       -0.039671
          0.044561       -0.013960        0.007510
          0.023383       -0.003095        0.059384
          0.000757        0.092072        0.047770
         -0.017902        0.238229       -0.017233
         -0.017474        0.312784       -0.053669
         -0.007052        0.239159       -0.019890
         -0.022621        0.074525        0.027592
         -0.065172       -0.050417        0.018743
         -0.081966       -0.066411       -0.031448
         -0.047810       -0.021538       -0.058639
         -0.009710       -0.004505       -0.050587
         -0.003392       -0.039897       -0.046031
          0.013270       -0.081125       -0.047929
          0.081461       -0.089120       -0.018318
          0.148077       -0.079346        0.032794
          0.126936       -0.084179        0.036091
          0.030787       -0.100774       -0.030457
         -0.032591       -0.098096       -0.094044
         -0.007397       -0.060573       -0.085203
          0.031552       -0.003657       -0.029618
         -0.009146        0.047586       -0.000431
         -0.099565        0.076680       -0.017393
         -0.129063        0.078136       -0.037994
         -0.064970        0.064987       -0.029543
          0.017332        0.071177       -0.003667
          0.054596        0.118223        0.025076
          0.055889        0.175891        0.072476
          0.038122        0.181127        0.146559
         -0.009533        0.104595        0.201249
         -0.073025       -0.013563        0.173673
         -0.093230       -0.097858        0.069592
         -0.034719       -0.105289       -0.026242
          0.056397       -0.061340       -0.040670
          0.092418       -0.027345        0.008059
          0.040456       -0.034722        0.034519
         -0.036169       -0.063859       -0.018040
         -0.051235       -0.084475       -0.111263
         -0.004537       -0.088700       -0.144206
          0.023232       -0.074275       -0.063917
         -0.006581       -0.027767        0.059503
         -0.035301        0.047737        0.095715
         -0.008726        0.111496        0.001874
          0.036592        0.125282       -0.122337
          0.046606        0.097547       -0.150337
          0.041048        0.055107       -0.074433
          0.058956       -0.006598       -0.000994
          0.073679       -0.101817       -0.012969
          0.040326       -0.196078       -0.079721
         -0.020605       -0.213568       -0.109596
         -0.055443       -0.114012       -0.057321
         -0.050492        0.050913        0.036913
         -0.021220        0.169369        0.097708
          0.023215        0.171440        0.094618
          0.058738        0.099056        0.075065
          0.041907        0.050482        0.103703
         -0.025747        0.058928        0.165804
         -0.079563        0.070056        0.168454
         -0.084035        0.041393        0.057682
         -0.084600       -0.000929       -0.105551
         -0.114643       -0.027988       -0.209614
         -0.121284       -0.063676       -0.193710
         -0.052923       -0.129855       -0.072709
          0.049418       -0.187610        0.086774
          0.120024       -0.184576        0.197317
          0.154516       -0.126096        0.208180
          0.162886       -0.056160        0.150704
          0.120449        0.001466        0.092679
          0.030337        0.046763        0.051246
         -0.045561        0.080391       -0.008841
         -0.069953        0.108840       -0.099875
         -0.069597        0.141660       -0.180623
         -0.064517        0.161414       -0.205268
         -0.042695        0.131542       -0.171011
         -0.022873        0.052208       -0.107549
         -0.049481       -0.026828       -0.040785
         -0.101076       -0.064488        0.014874
         -0.090974       -0.068216        0.043846
          0.008250       -0.063358        0.046914
          0.111508       -0.052406        0.068905
          0.127922       -0.024090        0.151827
          0.067710        0.014174        0.243501
          0.008083        0.036793        0.219949
         -0.007183        0.033645        0.037153
          0.003999        0.025637       -0.195716
          0.011419        0.037510       -0.332563
          0.010746        0.066082       -0.330975
          0.011096        0.086140       -0.248717
          0.012219        0.081233       -0.153912
          0.009086        0.058399       -0.074004
          0.003938        0.032968        0.001645
         -0.004221        0.003241        0.093544
         -0.029393       -0.054762        0.191226
         -0.074643       -0.155496        0.247277
         -0.107143       -0.260725        0.233960
         -0.084513       -0.288830        0.185563
         -0.008502       -0.196211        0.155085
          0.068885       -0.044284        0.147197
          0.101858        0.048227        0.120596
          0.095519        0.031074        0.044449
          0.076891       -0.024670       -0.064548
          0.042218       -0.016591       -0.154912
         -0.026103        0.067832       -0.184466
         -0.096181        0.147134       -0.154049
         -0.097388        0.151981       -0.095921
         -0.017200        0.102175       -0.036793
          0.061107        0.070795        0.011737
          0.057287        0.095244        0.036590
         -0.003346        0.140513        0.026924
         -0.034404        0.143823       -0.005256
         -0.012277        0.083573       -0.034240
          0.006408       -0.000432       -0.052267
         -0.011332       -0.054376       -0.068200
         -0.023916       -0.070556       -0.073967
          0.005782       -0.087449       -0.044263
          0.043767       -0.127630        0.015712
          0.042989       -0.155975        0.053750
          0.016924       -0.123897        0.033170
          0.000591       -0.045740       -0.009875
         -0.017717        0.007878       -0.009971
         -0.062197        0.001275        0.042087
         -0.101292       -0.022199        0.096327
         -0.082454       -0.005357        0.108641
         -0.015420        0.051349        0.067731
          0.042692        0.104258       -0.019511
          0.071816        0.115825       -0.116993
          0.097565        0.068275       -0.149134
          0.124583       -0.031675       -0.061888
          0.122869       -0.131465        0.096572
          0.081381       -0.154420        0.202042
          0.022426       -0.083462        0.183874
         -0.039243        0.006335        0.095162
         -0.104462        0.038423        0.023083
         -0.154441        0.026758       -0.033954
         -0.152381        0.034529       -0.136669
         -0.091771        0.076133       -0.267612
         -0.012283        0.115102       -0.309477
          0.041614        0.134758       -0.190331
          0.055074        0.148635        0.014441
          0.035292        0.145332        0.168988
         -0.001475        0.082555        0.219253
         -0.030344       -0.045443        0.203419
         -0.031937       -0.175638        0.160512
         -0.013818       -0.235023        0.087594
          0.000445       -0.205013       -0.022115
          0.005922       -0.113772       -0.140410
          0.021732       -0.000057       -0.210851
          0.057069        0.091431       -0.191003
          0.089862        0.112410       -0.099360
          0.093192        0.049628       -0.008992
          0.070138       -0.045844        0.031945
          0.041825       -0.095608        0.054907
          0.011179       -0.063268        0.110213
         -0.032067        0.019886        0.178054
         -0.075787        0.087508        0.191810
         -0.091727        0.091888        0.130524
         -0.080241        0.043381        0.032430
         -0.070294        0.000783       -0.069260
         -0.067007        0.006164       -0.164245
         -0.041400        0.037281       -0.224421
          0.012732        0.045886       -0.209088
          0.056472        0.023157       -0.124213
          0.064822       -0.004630       -0.027576
          0.067058       -0.023620        0.038277
          0.095546       -0.038308        0.078303
          0.125263       -0.046625        0.108497
          0.101263       -0.041688        0.132109
          0.012191       -0.025451        0.152018
         -0.093463       -0.001667        0.163100
         -0.159246        0.022718        0.136419
         -0.166435        0.020462        0.052280
         -0.131878       -0.029717       -0.057233
         -0.084317       -0.087908       -0.133730
         -0.046265       -0.082030       -0.150437
         -0.020097       -0.013932       -0.115596
          0.011706        0.029294       -0.038038
          0.058956        0.001916        0.068311
          0.103655       -0.031058        0.154021
          0.124993        0.002420        0.158432
          0.125406        0.067562        0.080649
          0.107972        0.075075       -0.009896
          0.062594        0.015231       -0.055063
          0.009147       -0.026633       -0.068323
          0.003219        0.010934       -0.089321
          0.048834        0.086047       -0.113259
          0.065028        0.115788       -0.105092
         -0.000258        0.077589       -0.064805
         -0.086187        0.014488       -0.037063
         -0.111566       -0.031434       -0.053378
         -0.084469       -0.050876       -0.089507
         -0.056011       -0.050690       -0.090509
         -0.033218       -0.043800       -0.028828
         -0.006213       -0.047622        0.069839
         -0.002613       -0.064253        0.150787
         -0.043853       -0.070076        0.169343
         -0.086536       -0.047915        0.115184
         -0.068331       -0.019802        0.023291
          0.007912       -0.021671       -0.036839
          0.077313       -0.047419       -0.014742
          0.087388       -0.046182        0.061043
          0.043445        0.009850        0.103012
         -0.010542        0.075436        0.063800
         -0.038127        0.081403       -0.011657
         -0.037622        0.027506       -0.052007
         -0.027682       -0.017380       -0.045888
         -0.012915       -0.017064       -0.034932
          0.018465       -0.014372       -0.044339
          0.058943       -0.042943       -0.054772
          0.070649       -0.049960       -0.040616
          0.029757        0.028652       -0.007986
         -0.035722        0.144581        0.021334
         -0.072728        0.164251        0.046828
         -0.056709        0.034689        0.080422
         -0.005714       -0.129660        0.103640
          0.045481       -0.163931        0.070689
          0.073352       -0.036085       -0.026952
          0.075356        0.124575       -0.123408
          0.058201        0.178322       -0.137841
          0.023626        0.114884       -0.071182
         -0.018906        0.027174       -0.012992
         -0.037682       -0.014623       -0.032327
         -0.013708       -0.016993       -0.090663
          0.019885       -0.009983       -0.101271
          0.020377       -0.001794       -0.047761
          0.002359        0.002726        0.012822
          0.005557       -0.010565        0.043201
          0.017969       -0.036137        0.053832
         -0.001240       -0.040616        0.051999
         -0.045956       -0.004584        0.034503
         -0.080666        0.043904        0.024207
         -0.104771        0.051343        0.047030
         -0.127509       -0.003692        0.074654
         -0.113644       -0.075502        0.049125
         -0.032147       -0.090166       -0.031901
          0.069196       -0.033873       -0.101630
          0.111316        0.022929       -0.103924
          0.086813        0.017911       -0.052698
          0.057368       -0.018139       -0.001939
          0.067729       -0.015558        0.017137
          0.108205        0.022762        0.013342
          0.139973        0.030417        0.007561
          0.119369       -0.011729        0.008935
          0.025068       -0.046655        0.014673
         -0.101659       -0.035602        0.017604
         -0.173008       -0.017861        0.012936
         -0.147190       -0.046850        0.005002
         -0.077512       -0.107044        0.004706
         -0.038400       -0.128083        0.015378
         -0.035523       -0.069494        0.027129
         -0.025805        0.029962        0.031469
          0.003692        0.093445        0.035821
          0.024267        0.088967        0.055401
          0.023076        0.053948        0.092073
          0.028784        0.035423        0.127540
          0.067542        0.037697        0.138543
          0.117108        0.048059        0.113665
          0.125045        0.075573        0.052511
          0.070611        0.123287       -0.041980
         -0.005970        0.149918       -0.156454
         -0.047740        0.110074       -0.256450
         -0.047483        0.020589       -0.299924
         -0.047963       -0.058970       -0.263334
         -0.075996       -0.104474       -0.150210
         -0.107315       -0.141020        0.008011
         -0.105474       -0.181099        0.147736
         -0.064368       -0.194730        0.203466
         -0.002347       -0.150614        0.175651
          0.055691       -0.055119        0.141879
          0.083629        0.055396        0.161519
          0.072434        0.138146        0.192406
          0.048944        0.163810        0.146174
          0.048547        0.135937        0.006978
          0.067002        0.085391       -0.151145
          0.065300        0.031530       -0.247687
          0.021346       -0.033651       -0.250419
         -0.046220       -0.106876       -0.169541
         -0.100819       -0.146727       -0.051818
         -0.115742       -0.116681        0.036137
         -0.090778       -0.039717        0.071566
         -0.057114        0.020648        0.107982
         -0.047227        0.027250        0.195346
         -0.047888       -0.007567        0.286877
         -0.013125       -0.055858        0.281322
          0.063568       -0.096614        0.149328
          0.130384       -0.105325       -0.033915
          0.146580       -0.062789       -0.178406
          0.126142        0.009483       -0.255217
          0.095095        0.057646       -0.283387
          0.051531        0.062930       -0.283812
         -0.011132        0.072568       -0.258113
         -0.077714        0.135774       -0.196000
         -0.124432        0.230111       -0.099630
         -0.135483        0.283322        0.002869
         -0.105830        0.258002        0.082417
         -0.049753        0.183514        0.138179
         -0.001193        0.105812        0.178136
          0.015902        0.038097        0.186383
          0.012649       -0.028435        0.147420
          0.015814       -0.094184        0.094219
          0.032192       -0.154329        0.086299
          0.046439       -0.215363        0.128211
          0.045929       -0.282921        0.144833
          0.033123       -0.336179        0.063215
          0.016551       -0.331615       -0.096791
          0.001061       -0.238170       -0.235806
         -0.012732       -0.070847       -0.269204
         -0.028185        0.105124       -0.189849
         -0.052889        0.210957       -0.051672
         -0.087583        0.212198        0.078648
         -0.108374        0.142150        0.154294
         -0.075195        0.063536        0.160978
          0.020438        0.018549        0.115979
          0.121210        0.019463        0.055674
          0.149504        0.058191        0.017622
          0.098576        0.103255        0.021662
          0.045026        0.108516        0.053619
          0.048378        0.051067        0.068308
          0.073871       -0.041652        0.027239
          0.049501       -0.110575       -0.057753
         -0.029676       -0.111788       -0.134362
         -0.095923       -0.051332       -0.168834
         -0.094440        0.021554       -0.168899
         -0.041550        0.061492       -0.142665
          0.002092        0.068364       -0.080339
         -0.000508        0.075246        0.002099
         -0.026921        0.097722        0.049616
         -0.029113        0.108094        0.031546
          0.003160        0.068110       -0.017346
          0.033122       -0.018654       -0.041748
          0.030950       -0.101613       -0.017744
          0.004727       -0.135282        0.047974
         -0.027898       -0.124274        0.125629
         -0.057654       -0.106430        0.162275
         -0.062039       -0.101398        0.122623
         -0.016280       -0.092848        0.037903
          0.051169       -0.062043       -0.028293
          0.067391       -0.021901       -0.061771
          0.014155       -0.001705       -0.099039
         -0.032397       -0.002406       -0.148137
         -0.004654        0.008794       -0.159617
          0.060081        0.049118       -0.090112
          0.076732        0.092504        0.041619
          0.028171        0.113694        0.172308
         -0.031228        0.129189        0.237369
         -0.062156        0.154420        0.199323
         -0.074729        0.147442        0.081533
         -0.085427        0.054907       -0.021762
         -0.087206       -0.092238       -0.028468
         -0.066814       -0.190923        0.023108
         -0.021647       -0.187476        0.012710
          0.041461       -0.133918       -0.095012
          0.100294       -0.097864       -0.193726
          0.116948       -0.067486       -0.175285
          0.075007        0.004839       -0.052346
          0.013940        0.099598        0.095753
         -0.008182        0.141252        0.219522
          0.012788        0.108481        0.286066
          0.025938        0.064116        0.245026
         -0.001989        0.055242        0.090245
         -0.047663        0.043145       -0.086837
         -0.068993       -0.027792       -0.183660
         -0.050960       -0.130131       -0.204834
         -0.007941       -0.171237       -0.228764
          0.036913       -0.102097       -0.274666
          0.069321        0.028342       -0.272811
          0.091093        0.131014       -0.169900
          0.106996        0.161631       -0.006772
          0.103761        0.138676        0.125836
          0.058846        0.100158        0.173881
         -0.025395        0.063400        0.148111
         -0.111705        0.021381        0.092301
         -0.154006       -0.038235        0.046221
         -0.127642       -0.113370        0.031175
         -0.049190       -0.177024        0.043936
          0.023884       -0.187244        0.051996
          0.035954       -0.126052        0.017366
         -0.009744       -0.035318       -0.053054
         -0.053246        0.011192       -0.101586
         -0.044897       -0.008231       -0.088765
          0.003929       -0.029770       -0.042852
          0.041411        0.018712       -0.009855
          0.035317        0.126756        0.016286
          0.004451        0.215999        0.069209
         -0.009959        0.227115        0.136186
          0.004447        0.162998        0.161944
          0.023000        0.063195        0.127150
          0.025725       -0.029919        0.078711
          0.023090       -0.085482        0.068761
          0.027830       -0.097200        0.094064
          0.025232       -0.090720        0.108953
         -0.002050       -0.099886        0.073249
         -0.033892       -0.125938       -0.022592
         -0.030401       -0.131057       -0.150816
          0.011701       -0.082965       -0.249931
          0.048829       -0.001180       -0.262829
          0.041186        0.053349       -0.189823
         -0.006840        0.039814       -0.085528
         -0.059363       -0.019103        0.002766
         -0.083636       -0.064949        0.069729
         -0.068499       -0.065559        0.123581
         -0.025795       -0.031149        0.154804
          0.016176        0.020107        0.147278
          0.029919        0.076448        0.104148
          0.012601        0.112794        0.050430
         -0.006607        0.102308        0.012360
          0.008717        0.062509       -0.002984
          0.064922        0.046046       -0.006883
          0.126182        0.064740       -0.011296
          0.142396        0.068850       -0.022005
          0.093651        0.027838       -0.048932
          0.009414       -0.019092       -0.101776
         -0.060241       -0.027620       -0.163028
         -0.093244       -0.014608       -0.187208
         -0.105999       -0.020354       -0.149106
         -0.114828       -0.044667       -0.078942
         -0.107996       -0.058013       -0.031296
         -0.069035       -0.047792       -0.031557
         -0.009043       -0.024783       -0.062176
          0.043268       -0.004267       -0.080769
          0.070746        0.000190       -0.044550
          0.069886       -0.016899        0.054322
          0.038600       -0.038517        0.164492
         -0.014673       -0.036268        0.212666
         -0.058039       -0.008938        0.181203
         -0.057553        0.009459        0.129393
         -0.014827       -0.006479        0.124368
          0.030158       -0.039885        0.167046
          0.037885       -0.054733        0.197463
          0.008313       -0.036111        0.157794
         -0.019771        0.003898        0.039326
         -0.012368        0.044298       -0.116229
          0.018791        0.068489       -0.243995
          0.033448        0.074238       -0.292156
          0.019396        0.076803       -0.252295
          0.004945        0.086133       -0.162804
          0.009209        0.082536       -0.074042
          0.013575        0.041520       -0.004017
         -0.000648       -0.017644        0.061012
         -0.018221       -0.042793        0.118243
         -0.018855       -0.016900        0.129651
         -0.012452        0.015289        0.077900
         -0.015324        0.000948        0.014895
         -0.016501       -0.064367        0.010028
         -0.001261       -0.142854        0.057994
          0.015728       -0.190029        0.083448
          0.013318       -0.171935        0.042894
         -0.003562       -0.079074       -0.021279
         -0.018523        0.050725       -0.047083
         -0.022048        0.144841       -0.033560
         -0.000371        0.157557       -0.021856
          0.054092        0.110002       -0.027639
          0.107650        0.058860       -0.037844
          0.106429        0.040656       -0.054073
          0.048388        0.051126       -0.087348
         -0.009808        0.059949       -0.117564
         -0.032170        0.039033       -0.107994
         -0.044298       -0.010568       -0.061973
         -0.076228       -0.055609       -0.021320
         -0.107117       -0.060916        0.000003
         -0.094811       -0.022387        0.039158
         -0.033221        0.031503        0.117850
          0.041930        0.063465        0.186025
          0.086164        0.050837        0.175720
          0.075250        0.000807        0.096048
          0.022063       -0.046303        0.021483
         -0.030077       -0.044095       -0.011155
         -0.047664        0.008666       -0.032791
         -0.034814        0.054296       -0.063245
         -0.006726        0.040196       -0.070088
          0.038563       -0.013197       -0.029309
          0.093693       -0.044963        0.027787
          0.118591       -0.045061        0.056658
          0.082717       -0.059206        0.050305
          0.007060       -0.099459        0.022795
         -0.066275       -0.114907       -0.025511
         -0.117351       -0.075306       -0.089470
         -0.137361       -0.026051       -0.122644
         -0.113762       -0.022424       -0.068813
         -0.057254       -0.049344        0.058326
         -0.009641       -0.046563        0.167251
          0.005679        0.007357        0.181865
          0.013521        0.070506        0.111535
          0.040407        0.091963        0.012265
          0.067768        0.067374       -0.082222
          0.066213        0.035165       -0.163077
          0.050142        0.028707       -0.213468
          0.053456        0.042481       -0.210766
          0.067966        0.046745       -0.153633
          0.054021        0.028029       -0.069167
          0.005155        0.005158        0.003080
         -0.042401        0.002811        0.036422
         -0.064556        0.018921        0.042820
         -0.074133        0.030908        0.066151
         -0.082911        0.031699        0.124741
         -0.073373        0.039206        0.170699
         -0.028460        0.059589        0.142271
          0.032391        0.062692        0.051198
          0.071012        0.019507       -0.023391
          0.072644       -0.050065       -0.030227
          0.050416       -0.101187        0.005257
          0.019743       -0.128411        0.033123
         -0.009628       -0.162713        0.038753
         -0.024348       -0.201331        0.035504
         -0.013777       -0.191263        0.034201
          0.011595       -0.104000        0.045371
          0.022282        0.015160        0.087190
          0.000205        0.099652        0.158873
         -0.035297        0.130758        0.212471
         -0.043993        0.128282        0.180438
         -0.013845        0.103537        0.044367
          0.020093        0.057069       -0.133531
          0.019169        0.008246       -0.261039
         -0.010179       -0.008106       -0.299450
         -0.030073        0.019079       -0.284377
         -0.022781        0.057911       -0.259025
         -0.005531        0.062581       -0.214771
          0.003986        0.018685       -0.128384
          0.012885       -0.042063       -0.030749
          0.031739       -0.070223        0.020253
          0.044718       -0.041523        0.028995
          0.027401        0.025814        0.059275
         -0.008491        0.091518        0.132250
         -0.022148        0.125885        0.188922
         -0.004535        0.124232        0.176282
          0.006009        0.097803        0.116777
         -0.013573        0.055374        0.061131
         -0.034653       -0.005015        0.016090
         -0.028852       -0.082288       -0.040888
         -0.014822       -0.151986       -0.101604
         -0.019802       -0.174371       -0.123330
         -0.030696       -0.134112       -0.080830
         -0.022799       -0.063403        0.003124
         -0.009378       -0.012025        0.080017
         -0.017633        0.001339        0.112566
         -0.031811       -0.004513        0.090202
         -0.009998       -0.008655        0.029085
          0.044783       -0.007550       -0.030140
          0.079807        0.003130       -0.041206
          0.068463        0.038817        0.006157
          0.044942        0.098532        0.065537
          0.045113        0.144123        0.075951
          0.052838        0.133304        0.028348
          0.031038        0.069054       -0.028163
         -0.020410       -0.004091       -0.053765
         -0.063738       -0.050165       -0.068437
         -0.070467       -0.070993       -0.109586
         -0.052750       -0.087166       -0.155042
         -0.042281       -0.105362       -0.132915
         -0.042083       -0.110161       -0.017635
         -0.021050       -0.085281        0.121883
          0.028851       -0.039188        0.190182
          0.063590       -0.002223        0.156557
          0.049902        0.006380        0.064113
          0.020266       -0.000323       -0.026698
          0.019066        0.001815       -0.082904
          0.033060        0.015802       -0.101804
          0.028080        0.027861       -0.090932
          0.012814        0.034853       -0.053587
          0.006862        0.046109        0.004421
         -0.012122        0.060851        0.062481
         -0.063453        0.064327        0.097323
         -0.103745        0.050132        0.107789
         -0.080841        0.032513        0.109475
         -0.016661        0.028915        0.105707
          0.027620        0.036094        0.084833
          0.040008        0.031532        0.044370
          0.050614       -0.001167       -0.004958
          0.064919       -0.052175       -0.056388
          0.064624       -0.091209       -0.104692
          0.050895       -0.094281       -0.132120
          0.033214       -0.067056       -0.126632
          0.001679       -0.035857       -0.112791
         -0.042865       -0.010833       -0.130008
         -0.064907        0.027438       -0.172881
         -0.044788        0.091748       -0.186502
         -0.017300        0.156088       -0.133916
         -0.020581        0.179912       -0.039271
         -0.041350        0.151332        0.049625
         -0.044471        0.088573        0.115452
         -0.025619        0.013462        0.171469
         -0.005181       -0.057636        0.223033
          0.006740       -0.108607        0.245311
          0.015603       -0.129700        0.205236
          0.027618       -0.127438        0.108471
          0.045170       -0.116268        0.012640
          0.066580       -0.098887       -0.024990
          0.079889       -0.064287       -0.007771
          0.065793       -0.010576        0.007829
          0.018709        0.037340       -0.026083
         -0.039348        0.044704       -0.100869
         -0.077435        0.007162       -0.152378
         -0.084443       -0.033568       -0.113327
         -0.067880       -0.031984        0.012659
         -0.034198        0.001483        0.136633
          0.009023        0.010205        0.170487
          0.040273       -0.026473        0.113387
          0.041476       -0.056975        0.023486
          0.024815       -0.033225       -0.066303
          0.014484        0.015229       -0.153516
          0.007857        0.031760       -0.212579
         -0.011534        0.026466       -0.203889
         -0.030457        0.051510       -0.134715
         -0.018242        0.094108       -0.055515
          0.019560        0.073541        0.005523
          0.041509       -0.034006        0.057020
          0.025861       -0.134566        0.098545
         -0.007477       -0.122409        0.113139
         -0.029183       -0.005446        0.108348
         -0.027855        0.114472        0.113986
         -0.008759        0.157501        0.128949
          0.012367        0.128093        0.115076
          0.016042        0.083316        0.056754
         -0.002716        0.070834       -0.016160
         -0.022066        0.090651       -0.079030
         -0.016745        0.101132       -0.139572
          0.002314        0.065842       -0.193913
         -0.002793       -0.006493       -0.203879
         -0.035827       -0.081184       -0.147176
         -0.049929       -0.147884       -0.050475
         -0.016823       -0.222969        0.050385
          0.027314       -0.298266        0.142149
          0.037952       -0.318750        0.207009
          0.024357       -0.235982        0.210737
          0.020787       -0.074990        0.148479
          0.033000        0.075954        0.069455
          0.045608        0.148996        0.025366
          0.049415        0.154870        0.011844
          0.035424        0.148848       -0.015814
         -0.008885        0.154949       -0.080363
         -0.074027        0.144085       -0.157469
         -0.117920        0.085818       -0.207051
         -0.099852        0.003487       -0.206879
         -0.023043       -0.038745       -0.153989
          0.062937       -0.006768       -0.059029
          0.105355        0.059432        0.048226
          0.093030        0.088131        0.126845
          0.054898        0.055343        0.151906
          0.020946        0.000527        0.126053
         -0.002342       -0.034805        0.068087
         -0.020478       -0.052389        0.004669
         -0.032246       -0.066992       -0.037695
         -0.031382       -0.064043       -0.049928
         -0.022498       -0.024770       -0.038391
         -0.025891        0.023891       -0.003143
         -0.054368        0.033707        0.051057
         -0.084381        0.009735        0.082723
         -0.073335        0.010112        0.043413
         -0.018845        0.058648       -0.048781
          0.028236        0.103206       -0.114856
          0.031739        0.082116       -0.107741
          0.017577        0.000632       -0.055574
          0.023219       -0.075865       -0.005141
          0.034222       -0.088728        0.028774
          0.013820       -0.043895        0.044106
         -0.024962       -0.010965        0.029637
         -0.026089       -0.049572       -0.008810
          0.027798       -0.130944       -0.029196
          0.083634       -0.162951        0.007860
          0.089679       -0.101841        0.087076
          0.064360       -0.000978        0.144016
          0.054558        0.063246        0.127075
          0.052030        0.074228        0.051846
          0.011782        0.069087       -0.009704
         -0.056709        0.084103       -0.002871
         -0.090526        0.122433        0.046787
         -0.071722        0.154087        0.061208
         -0.049074        0.139807        0.005948
         -0.048841        0.072223       -0.068520
         -0.040505       -0.008847       -0.099358
         -0.009280       -0.064060       -0.092249
          0.011282       -0.106930       -0.092841
          0.003794       -0.169627       -0.104970
          0.000791       -0.223109       -0.091452
          0.024791       -0.191683       -0.045130
          0.043895       -0.065194       -0.001307
          0.021110        0.063204        0.024247
         -0.023860        0.106139        0.057172
         -0.038421        0.078356        0.110148
         -0.008809        0.046042        0.149745
          0.025568        0.029544        0.141166
          0.029244        0.006697        0.095750
          0.013023       -0.023204        0.045074
          0.007388       -0.036231       -0.009495
          0.014691       -0.031624       -0.082053
          0.011435       -0.033653       -0.149662
         -0.007718       -0.043067       -0.166126
         -0.015544       -0.024515       -0.134691
          0.007895        0.043187       -0.114650
          0.039898        0.127477       -0.132573
          0.037458        0.170959       -0.134786
         -0.008351        0.148567       -0.065753
         -0.053993        0.080756        0.045108
         -0.050754        0.001419        0.124116
         -0.006611       -0.064658        0.153851
          0.022437       -0.098627        0.175345
          0.009655       -0.091598        0.202204
         -0.010325       -0.058337        0.193914
         -0.007903       -0.024565        0.121893
         -0.009069        0.005393        0.014956
         -0.037983        0.047241       -0.072769
         -0.058112        0.097107       -0.109101
         -0.030514        0.116338       -0.095926
          0.010564        0.071300       -0.058443
          0.009899       -0.023143       -0.025348
         -0.014242       -0.114202       -0.009120
         -0.002084       -0.161129       -0.007540
          0.046953       -0.163268       -0.020308
          0.079424       -0.140476       -0.047576
          0.074632       -0.102839       -0.073812
          0.057719       -0.052254       -0.072623
          0.039835       -0.002341       -0.032282
          0.007652        0.028979        0.031745
         -0.031384        0.048753        0.087052
         -0.045421        0.082757        0.103143
         -0.027092        0.130134        0.073474
         -0.008670        0.152566        0.029336
         -0.016024        0.124070        0.015769
         -0.034501        0.067285        0.037568
         -0.035920        0.024170        0.046192
         -0.018872        0.010020        0.000701
         -0.004209        0.010720       -0.077044
         -0.004287        0.009207       -0.131930
         -0.013474       -0.001394       -0.139018
         -0.019910       -0.022973       -0.110238
         -0.013656       -0.055576       -0.063957
          0.008453       -0.091854       -0.024089
          0.036192       -0.114151       -0.024503
          0.052594       -0.104250       -0.067761
          0.052839       -0.061320       -0.092851
          0.044950       -0.009636       -0.031879
          0.029640        0.020173        0.100601
         -0.000719        0.022862        0.212626
         -0.038358        0.022405        0.232424
         -0.060399        0.037449        0.171583
         -0.059975        0.057870        0.094452
         -0.049708        0.067758        0.058020
         -0.030926        0.071528        0.077206
          0.004561        0.074780        0.111549
          0.038324        0.057245        0.088167
          0.034727       -0.002398       -0.026169
         -0.003510       -0.080298       -0.176431
         -0.032048       -0.117258       -0.269094
         -0.029658       -0.079827       -0.264048
         -0.021706        0.006619       -0.197301
         -0.021458        0.085390       -0.124323
          0.001513        0.114969       -0.062833
          0.060395        0.092872        0.006278
          0.106434        0.045903        0.089789
          0.093684       -0.003702        0.150043
          0.048844       -0.057348        0.143118
          0.022538       -0.112036        0.083404
          0.008571       -0.130041        0.034824
         -0.026264       -0.076797        0.028542
         -0.065211        0.012898        0.026849
         -0.065001        0.055375       -0.009471
         -0.034645        0.020711       -0.054195
         -0.020503       -0.027408       -0.053155
         -0.026148       -0.019315       -0.003825
         -0.016533        0.028176        0.046281
          0.005741        0.041290        0.066515
          0.001365       -0.009380        0.063182
         -0.025558       -0.075339        0.041685
         -0.022278       -0.096376        0.000071
          0.021515       -0.068557       -0.036368
          0.047992       -0.031899       -0.025552
          0.024742       -0.008897        0.031146
         -0.001180        0.017346        0.082386
          0.016957        0.059345        0.096195
          0.047759        0.087511        0.094065
          0.035571        0.065213        0.098864
         -0.008323        0.009735        0.090709
         -0.026268       -0.019339        0.039947
         -0.003868        0.004677       -0.045541
          0.017136        0.047621       -0.130507
          0.009010        0.070072       -0.192571
         -0.008281        0.074076       -0.231225
         -0.008717        0.076058       -0.242283
          0.002417        0.065918       -0.203398
          0.004714        0.023760       -0.100101
         -0.006802       -0.039695        0.035789
         -0.019245       -0.088555        0.132757
         -0.021272       -0.101479        0.139571
         -0.017399       -0.086240        0.074339
         -0.019860       -0.062286        0.004983
         -0.026089       -0.046225       -0.015644
         -0.015896       -0.046138        0.009646
          0.016743       -0.053411        0.038794
          0.041139       -0.046908        0.038164
          0.022899       -0.017581        0.016049
         -0.026240        0.019807        0.012002
         -0.060307        0.048304        0.047607
         -0.058544        0.068117        0.089654
         -0.041007        0.084245        0.078075
         -0.026357        0.091939       -0.004720
         -0.009639        0.087315       -0.107767
          0.014747        0.074188       -0.161028
          0.038385        0.046930       -0.138637
          0.052533       -0.009803       -0.069793
          0.058107       -0.083589       -0.001470
          0.060164       -0.121218        0.040702
          0.060032       -0.085671        0.061275
          0.051582       -0.012821        0.074344
          0.028756        0.023673        0.078126
          0.001384        0.003223        0.053488
         -0.010661       -0.018220       -0.007717
         -0.008382        0.013116       -0.076024
         -0.017065        0.074527       -0.100396
         -0.045530        0.098565       -0.060456
         -0.068573        0.064056        0.007489
         -0.066531        0.017826        0.050334
         -0.053365        0.004710        0.055005
         -0.046252        0.015728        0.046385
         -0.036145        0.019849        0.037652
         -0.010570        0.009958        0.016116
          0.018709       -0.005766       -0.014979
          0.033441       -0.026640       -0.017433
          0.036328       -0.048269        0.032169
          0.040246       -0.056372        0.095354
          0.044565       -0.055300        0.107113
          0.042753       -0.073383        0.054951
          0.040809       -0.114477       -0.003043
          0.044951       -0.133262       -0.007524
          0.041684       -0.088940        0.031894
          0.015054       -0.003207        0.053828
         -0.024717        0.062606        0.023696
         -0.050851        0.075737       -0.031942
         -0.048206        0.056262       -0.070427
         -0.019419        0.041374       -0.079808
          0.018700        0.043697       -0.068749
          0.038412        0.046553       -0.040629
          0.025517        0.031948        0.000846
          0.000324        0.004978        0.039254
         -0.012973       -0.016577        0.057407
         -0.024162       -0.031252        0.052620
         -0.048948       -0.050933        0.032658
         -0.065375       -0.064439        0.004770
         -0.043925       -0.035710       -0.029391
         -0.002809        0.038673       -0.071677
          0.012696        0.097783       -0.115637
         -0.005656        0.079819       -0.140189
         -0.024709        0.005074       -0.130543
         -0.021249       -0.043717       -0.101364
         -0.003679       -0.023460       -0.077384
          0.013651        0.024457       -0.053467
          0.027037        0.040863        0.000387
          0.031230        0.024182        0.089116
          0.016900        0.014453        0.169653
         -0.008168        0.024954        0.191850
         -0.014133        0.023763        0.152379
          0.015786       -0.015692        0.093898
          0.053190       -0.071133        0.053812
          0.049669       -0.094625        0.029300
         -0.002713       -0.068767       -0.002675
         -0.056163       -0.019831       -0.046869
         -0.061455        0.023601       -0.085101
         -0.019963        0.060680       -0.098871
          0.028619        0.096888       -0.077981
          0.051837        0.116593       -0.016508
          0.044983        0.100235        0.070174
          0.022819        0.056062        0.126793
          0.004281        0.011793        0.097941
         -0.003637       -0.017597        0.000667
         -0.009741       -0.034979       -0.082371
         -0.017606       -0.044665       -0.101657
         -0.010409       -0.052636       -0.089226
          0.023593       -0.074009       -0.086372
          0.060743       -0.114215       -0.079375
          0.064287       -0.145399       -0.046675
          0.032357       -0.129351       -0.015355
         -0.002480       -0.067613       -0.016236
         -0.017663       -0.000453       -0.022851
         -0.018698        0.050220        0.007619
         -0.016845        0.102418        0.057618
         -0.015588        0.164269        0.068455
         -0.018826        0.199154        0.026717
         -0.029911        0.167768       -0.017583
         -0.041527        0.081819       -0.022604
         -0.043849       -0.009989       -0.000395
         -0.041912       -0.075286        0.024212
         -0.046933       -0.114053        0.058924
         -0.049798       -0.129511        0.116001
         -0.026564       -0.112355        0.167634
          0.019522       -0.066392        0.168627
          0.045732       -0.028035        0.111110
          0.021008       -0.032158        0.025860
         -0.027115       -0.064540       -0.060816
         -0.041418       -0.075710       -0.142690
         -0.003098       -0.040825       -0.208963
          0.050785        0.019867       -0.228702
          0.076383        0.077190       -0.173082
          0.069939        0.118845       -0.052871
          0.056164        0.135164        0.073137
          0.042563        0.109623        0.139342
          0.009745        0.042151        0.128200
         -0.045775       -0.031410        0.077100
         -0.086220       -0.063008        0.030564
         -0.075705       -0.038621       -0.001896
         -0.031474        0.007931       -0.037843
         -0.001443        0.029344       -0.086589
         -0.000744        0.005744       -0.131750
         -0.002803       -0.046478       -0.142732
          0.009411       -0.091566       -0.096712
          0.018719       -0.096072        0.002218
          0.010584       -0.047987        0.112399
          0.001287        0.035254        0.169938
          0.007238        0.119000        0.139509
          0.014916        0.171700        0.058862
          0.009642        0.175024        0.012091
          0.007801        0.126910        0.040960
          0.026755        0.044547        0.097424
          0.044975       -0.041355        0.105193
          0.030211       -0.102288        0.053137
         -0.006052       -0.123205       -0.004473
         -0.021018       -0.106811       -0.031077
         -0.004132       -0.075849       -0.047434
          0.009616       -0.058501       -0.081112
         -0.002530       -0.053931       -0.119111
         -0.016606       -0.025419       -0.132714
         -0.005643        0.047697       -0.116778
          0.012811        0.121394       -0.078325
          0.003800        0.120630       -0.014887
         -0.030065        0.024138        0.064265
         -0.054209       -0.103945        0.119193
         -0.051647       -0.170282        0.117947
         -0.034295       -0.131708        0.079391
         -0.011003       -0.026723        0.045066
          0.020536        0.057278        0.022091
          0.047632        0.054754       -0.012157
          0.043732       -0.020985       -0.058676
          0.009259       -0.090253       -0.087399
         -0.018003       -0.088668       -0.079824
         -0.012738       -0.032189       -0.049607
          0.003037        0.015026       -0.014976
         -0.001111        0.028365        0.021505
         -0.014377        0.046901        0.055497
         -0.005802        0.103594        0.068856
          0.022241        0.164495        0.052513
          0.037267        0.163987        0.023955
          0.026983        0.085377        0.005484
          0.014278       -0.019694       -0.000824
          0.019499       -0.084516       -0.003611
          0.033254       -0.078710       -0.004867
          0.034570       -0.018157       -0.006172
          0.017096        0.048973       -0.016263
         -0.011320        0.070725       -0.039751
         -0.039472        0.030752       -0.071777
         -0.056576       -0.036069       -0.108812
         -0.059520       -0.076494       -0.145437
         -0.057803       -0.066209       -0.156680
         -0.056102       -0.022244       -0.109584
         -0.039228        0.022240       -0.005936
          0.002718        0.047943        0.104151
          0.044487        0.056872        0.165236
          0.051255        0.054703        0.162937
          0.028109        0.034397        0.119303
          0.013469       -0.011342        0.056428
          0.024520       -0.066778       -0.017825
          0.036691       -0.100431       -0.092018
          0.021026       -0.094443       -0.138417
         -0.019304       -0.052644       -0.130447
         -0.055020        0.010417       -0.068199
         -0.057598        0.068803        0.025488
         -0.017915        0.087461        0.131824
          0.044201        0.052200        0.238283
          0.084728       -0.009353        0.310865
          0.069060       -0.057265        0.298380
          0.010234       -0.079148        0.189237
         -0.039685       -0.081490        0.039416
         -0.041994       -0.060468       -0.082744
         -0.004351       -0.013502       -0.158574
          0.037048        0.032946       -0.204246
          0.051989        0.045407       -0.223625
          0.031693        0.029859       -0.208194
         -0.012788        0.020033       -0.163219
         -0.057448        0.021520       -0.104149
         -0.077595        0.008641       -0.041389
         -0.064548       -0.018253        0.011849
         -0.033454       -0.017294        0.037209
         -0.008569        0.035383        0.035786
          0.003250        0.106674        0.031495
          0.016164        0.146008        0.030370
          0.037974        0.133381        0.005414
          0.055754        0.073854       -0.050451
          0.058308       -0.018922       -0.085547
          0.049491       -0.110391       -0.045194
          0.027548       -0.150120        0.047780
         -0.016141       -0.121769        0.110695
         -0.063204       -0.068558        0.097614
         -0.073235       -0.042581        0.041301
         -0.040193       -0.044334       -0.003238
         -0.003591       -0.034082       -0.016343
          0.008451        0.011151       -0.002649
          0.003977        0.072062        0.034334
         -0.008092        0.109319        0.078279
         -0.026377        0.097511        0.093310
         -0.029243        0.044831        0.063851
          0.005175       -0.011835        0.021018
          0.049483       -0.038476        0.005268
          0.053203       -0.034548        0.019589
          0.018538       -0.023637        0.035835
         -0.005263       -0.017345        0.031691
         -0.000692       -0.007366        0.008628
          0.003137        0.008146       -0.017595
         -0.006349        0.016056       -0.037234
         -0.007075        0.010555       -0.056580
          0.006678        0.000981       -0.081301
          0.008789       -0.005635       -0.093701
         -0.012592       -0.009735       -0.069046
         -0.034370       -0.010473       -0.017516
         -0.032699       -0.012723        0.021849
         -0.009504       -0.033638        0.039121
          0.017158       -0.077537        0.066094
          0.028037       -0.114281        0.111960
          0.012257       -0.110470        0.129550
         -0.018105       -0.076036        0.076973
         -0.029103       -0.050993       -0.019852
         -0.001375       -0.045220       -0.096238
          0.038657       -0.020549       -0.117422
          0.046415        0.052474       -0.096908
          0.017761        0.139476       -0.065116
         -0.005952        0.172081       -0.039034
          0.001557        0.134683       -0.018300
          0.016102        0.091580       -0.001799
          0.006921        0.104317        0.001764
         -0.014208        0.145279       -0.011443
         -0.017942        0.134167       -0.026478
         -0.008094        0.050677       -0.027909
         -0.012813       -0.038717       -0.021665
         -0.038335       -0.072651       -0.021530
         -0.060052       -0.065796       -0.026925
         -0.052468       -0.069595       -0.028502
         -0.011953       -0.100540       -0.019081
          0.039877       -0.130729        0.011031
          0.066853       -0.125204        0.065021
          0.047668       -0.073101        0.112570
          0.002273        0.000220        0.099643
         -0.024720        0.046757        0.009187
         -0.011537        0.040265       -0.103934
          0.021598        0.007155       -0.161657
          0.041939       -0.005446       -0.138253
          0.038875        0.012416       -0.068956
          0.023425        0.029990        0.004600
          0.005417        0.027053        0.066589
         -0.014490        0.021918        0.105675
         -0.032522        0.038033        0.101790
         -0.037424        0.060721        0.059332
         -0.024295        0.048267        0.028350
         -0.001633       -0.012401        0.055313
          0.021180       -0.077126        0.116457
          0.041675       -0.085993        0.134451
          0.052705       -0.030916        0.071801
          0.038063        0.032576       -0.019811
         -0.005401        0.046794       -0.061483
         -0.051705        0.012544       -0.036630
         -0.069982       -0.023353        0.004592
         -0.058978       -0.030282        0.012712
         -0.039921       -0.022757       -0.018900
         -0.022227       -0.027703       -0.068676
          0.001027       -0.045417       -0.109127
          0.028067       -0.055913       -0.113468
          0.045202       -0.050547       -0.071105
          0.048652       -0.038905       -0.005928
          0.045366       -0.027851        0.042000
          0.032193       -0.011584        0.060116
         -0.001267        0.014922        0.070207
         -0.046216        0.047221        0.085965
         -0.072852        0.079809        0.086603
         -0.062710        0.110245        0.050391
         -0.029541        0.130140       -0.000622
         -0.001282        0.122940       -0.016333
          0.009837        0.077934        0.019472
          0.012228        0.002911        0.065039
          0.015777       -0.077779        0.067943
          0.018444       -0.132396        0.020219
          0.015367       -0.134051       -0.045269
          0.012712       -0.080544       -0.097982
          0.021015       -0.004984       -0.129869
          0.036767        0.049532       -0.141036
          0.043090        0.069748       -0.130169
          0.029878        0.071751       -0.103170
          0.003137        0.062941       -0.072211
         -0.023841        0.030437       -0.039605
         -0.037421       -0.025044        0.002166
         -0.027470       -0.069156        0.050987
         -0.000340       -0.068528        0.093493
          0.017342       -0.035946        0.124338
          0.008718       -0.020046        0.144558
         -0.002614       -0.044907        0.139369
          0.019943       -0.074327        0.085894
          0.064905       -0.051092       -0.009352
          0.074785        0.032687       -0.103363
          0.023095        0.121619       -0.152752
         -0.048436        0.156096       -0.141585
         -0.090867        0.129029       -0.079003
         -0.105759        0.076412        0.007889
         -0.111777        0.027347        0.080199
         -0.095572       -0.019022        0.108270
         -0.040323       -0.070667        0.093723
          0.027171       -0.116552        0.063464
          0.065027       -0.135954        0.041668
          0.072033       -0.125569        0.030273
          0.073166       -0.100999        0.012047
          0.067959       -0.070904       -0.028964
          0.037019       -0.025384       -0.083937
         -0.010915        0.042553       -0.118023
         -0.040381        0.115809       -0.103331
         -0.036650        0.165573       -0.050962
         -0.020151        0.178722        0.002848
         -0.012610        0.161048        0.037766
         -0.012435        0.118494        0.058243
         -0.005842        0.050498        0.066720
          0.013003       -0.036792        0.055100
          0.035618       -0.122298        0.027618
          0.046798       -0.179775        0.007868
          0.039142       -0.193422        0.010888
          0.022257       -0.167170        0.021946
          0.014180       -0.122788        0.014006
          0.019679       -0.081201       -0.019540
          0.020663       -0.038596       -0.057041
         -0.002188        0.026522       -0.071911
         -0.038207        0.110470       -0.057840
         -0.052537        0.166099       -0.029214
         -0.030328        0.150956       -0.003329
          0.001352        0.083879        0.011114
          0.008767        0.027914        0.012479
         -0.006697        0.017489        0.002988
         -0.020031        0.025414       -0.010882
         -0.023333        0.010552       -0.018740
         -0.030171       -0.021515       -0.012238
         -0.041686       -0.027854        0.003773
         -0.034899        0.008725        0.009676
          0.002498        0.053588       -0.006123
          0.043596        0.062768       -0.024423
          0.051097        0.027831       -0.014556
          0.028096       -0.029317        0.023571
          0.012878       -0.081751        0.060442
          0.020460       -0.105350        0.079198
          0.020180       -0.085236        0.086332
         -0.014157       -0.035407        0.078398
         -0.058742        0.000853        0.036884
         -0.066994       -0.009266       -0.029164
         -0.027061       -0.050315       -0.070535
          0.027929       -0.072589       -0.055085
          0.059367       -0.042809       -0.017045
          0.057838        0.024696       -0.017826
          0.040738        0.083731       -0.063644
          0.026190        0.099233       -0.094226
          0.014349        0.076223       -0.060178
         -0.005750        0.046675        0.018524
         -0.034010        0.032290        0.086355
         -0.050607        0.029862        0.115492
         -0.035549        0.029098        0.112741
          0.005471        0.026825        0.090848
          0.043558        0.019923        0.065199
          0.055929       -0.001119        0.058933
          0.044238       -0.042700        0.073252
          0.023096       -0.094783        0.064534
          0.001646       -0.129545       -0.007597
         -0.018887       -0.117552       -0.113688
         -0.037326       -0.054907       -0.178741
         -0.048365        0.023582       -0.174407
         -0.046576        0.069032       -0.143099
         -0.034764        0.062632       -0.124560
         -0.023532        0.028964       -0.105799
         -0.016322        0.002897       -0.060275
         -0.004454       -0.006044        0.004113
          0.011246       -0.009707        0.058142
          0.010254       -0.014656        0.084784
         -0.015901       -0.016500        0.084526
         -0.039520       -0.015486        0.068957
         -0.030933       -0.015981        0.057009
         -0.001569       -0.008082        0.057783
          0.016401        0.025479        0.054582
          0.020577        0.073394        0.027188
          0.033204        0.092575       -0.009868
          0.051116        0.060569       -0.017577
          0.042179        0.009564        0.013891
          0.000129       -0.014174        0.049680
         -0.035832       -0.005944        0.058080
         -0.034432        0.003611        0.044675
         -0.012804       -0.008329        0.026417
         -0.001900       -0.041367        0.005198
         -0.001082       -0.082259       -0.015092
          0.006152       -0.107471       -0.019962
          0.016242       -0.088452       -0.013961
          0.016367       -0.019049       -0.025515
          0.014935        0.066304       -0.060553
          0.030980        0.118716       -0.082988
          0.058661        0.115192       -0.063760
          0.066493        0.064841       -0.022771
          0.036169       -0.007343       -0.001707
         -0.011681       -0.066148       -0.015699
         -0.039163       -0.076568       -0.047731
         -0.032882       -0.035188       -0.072704
         -0.014119        0.018792       -0.070768
         -0.009050        0.041212       -0.031126
         -0.020920        0.022331        0.035663
         -0.035002       -0.016261        0.091396
         -0.040815       -0.044349        0.096619
         -0.041362       -0.038626        0.050813
         -0.041957       -0.000556       -0.005923
         -0.036709        0.033051       -0.034120
         -0.014044        0.020391       -0.024690
          0.024709       -0.033808        0.008679
          0.062116       -0.076141        0.045906
          0.079824       -0.064064        0.070298
          0.067372       -0.010269        0.079240
          0.025353        0.041326        0.081780
         -0.022737        0.063874        0.077550
         -0.037767        0.059486        0.053956
         -0.010929        0.043281        0.012157
          0.015314        0.033299       -0.028375
          0.003060        0.040618       -0.061764
         -0.027517        0.052069       -0.103199
         -0.036934        0.038553       -0.148808
         -0.028980        0.000282       -0.159372
         -0.027636       -0.015508       -0.111245
         -0.021008        0.025793       -0.039444
          0.015103        0.078924        0.004791
          0.058253        0.052164        0.023580
          0.060763       -0.080460        0.056838
          0.020230       -0.229751        0.101570
         -0.017961       -0.277063        0.099435
         -0.022657       -0.195893        0.025887
         -0.005826       -0.063513       -0.053484
          0.006018        0.040658       -0.057869
          0.002763        0.110013        0.003951
         -0.007067        0.172272        0.053132
         -0.011433        0.218272        0.051281
         -0.009184        0.209548        0.035129
         -0.008809        0.140311        0.040505
         -0.013197        0.052948        0.050066
         -0.014135       -0.009128        0.034240
         -0.005580       -0.040012       -0.001587
          0.006171       -0.061701       -0.033859
          0.010045       -0.093458       -0.054199
          0.003085       -0.133140       -0.065743
         -0.006333       -0.158898       -0.065412
         -0.007042       -0.147098       -0.046784
          0.002599       -0.092638       -0.012907
          0.012963       -0.014291        0.022628
          0.015971        0.058308        0.044940
          0.013577        0.104467        0.046934
          0.008741        0.123475        0.032606
         -0.001569        0.126498        0.011756
         -0.014814        0.117914       -0.009022
         -0.016750        0.090965       -0.027365
         -0.000856        0.045000       -0.038889
          0.017751       -0.001731       -0.037316
          0.022321       -0.025712       -0.020471
          0.016475       -0.022214        0.011911
          0.013852       -0.010232        0.061896
          0.018812       -0.015445        0.118999
          0.026166       -0.050108        0.145973
          0.026685       -0.103112        0.106206
          0.010255       -0.143988        0.013785
         -0.022066       -0.141714       -0.069672
         -0.051630       -0.089774       -0.102050
         -0.060677       -0.016688       -0.100384
         -0.049973        0.033609       -0.098266
         -0.029022        0.040088       -0.092799
         -0.002658        0.023911       -0.061752
          0.022564        0.022067       -0.012223
          0.033491        0.041661        0.022410
          0.024247        0.053003        0.027587
          0.006344        0.032799        0.022277
         -0.004579       -0.002109        0.028903
         -0.007564       -0.017352        0.047125
         -0.013668       -0.004773        0.058588
         -0.025265        0.012979        0.046026
         -0.027995        0.012976        0.007849
         -0.010169       -0.008499       -0.036366
          0.017783       -0.038694       -0.053386
          0.034579       -0.055288       -0.021237
          0.033167       -0.039743        0.041854
          0.022484       -0.000867        0.081278
          0.010536        0.023705        0.059530
         -0.000021        0.009293        0.005728
         -0.004700       -0.019314       -0.013307
         -0.000410       -0.016070        0.023429
          0.006419        0.024473        0.065622
          0.005556        0.059630        0.060583
         -0.005558        0.056760        0.014957
         -0.021217        0.032662       -0.032041
         -0.032031        0.022465       -0.064458
         -0.027929        0.030470       -0.089107
         -0.007254        0.031859       -0.105215
          0.015174        0.013099       -0.109191
          0.021586       -0.009448       -0.111857
          0.013424       -0.010323       -0.117332
          0.005832        0.019143       -0.100567
          0.002049        0.063686       -0.042353
         -0.007355        0.091029        0.025169
         -0.019813        0.071884        0.048038
         -0.018687        0.009034        0.022030
         -0.001511       -0.056041       -0.003243
          0.012329       -0.078408        0.006551
          0.012290       -0.050254        0.034084
          0.013720       -0.001936        0.050689
          0.028966        0.027874        0.057434
          0.040599        0.018865        0.068661
          0.026012       -0.019182        0.081008
         -0.003667       -0.053581        0.080108
         -0.016816       -0.059977        0.063731
         -0.009963       -0.049875        0.042757
         -0.012593       -0.052293        0.029308
         -0.037108       -0.068930        0.033119
         -0.056250       -0.071029        0.055683
         -0.047039       -0.045472        0.077052
         -0.026635       -0.016844        0.064395
         -0.019055       -0.008946        0.011555
         -0.012522       -0.007920       -0.039659
          0.016655        0.012775       -0.038361
          0.054818        0.045360        0.015062
          0.063384        0.053656        0.063621
          0.036516        0.023118        0.054441
          0.011675       -0.018057       -0.006186
          0.016559       -0.030824       -0.065070
          0.032659       -0.002812       -0.079417
          0.023846        0.047523       -0.053574
         -0.014714        0.090045       -0.027825
         -0.049799        0.102619       -0.040627
         -0.049378        0.082830       -0.096767
         -0.018120        0.047207       -0.164624
          0.013598        0.016486       -0.201878
          0.027401        0.000387       -0.182453
          0.026471       -0.002636       -0.106904
          0.014816        0.002870       -0.004167
         -0.005050        0.009227        0.078363
         -0.015378        0.002389        0.108955
          0.001795       -0.025505        0.100909
          0.027425       -0.058229        0.091302
          0.019064       -0.066018        0.090581
         -0.027237       -0.040562        0.073917
         -0.064437       -0.005982        0.025637
         -0.058976        0.011376       -0.029574
         -0.031637        0.009695       -0.051833
         -0.015262        0.001294       -0.030820
         -0.007815       -0.008313        0.006525
          0.008195       -0.019692        0.028872
          0.030160       -0.029480        0.030585
          0.044721       -0.031412        0.027022
          0.051513       -0.021438        0.029178
          0.057778        0.000266        0.032870
          0.061542        0.024289        0.029416
          0.050994        0.031251        0.015001
          0.017431        0.008919       -0.009636
         -0.028686       -0.028682       -0.036298
         -0.055958       -0.049969       -0.045904
         -0.042920       -0.037201       -0.020706
         -0.011934       -0.002201        0.035051
         -0.007399        0.032653        0.091220
         -0.034570        0.058732        0.112505
         -0.050406        0.073910        0.087665
         -0.028013        0.062173        0.040906
          0.002152        0.010900        0.009019
         -0.001545       -0.049633        0.002581
         -0.031536       -0.063354       -0.004684
         -0.046503       -0.022097       -0.042691
         -0.028895        0.015403       -0.106198
          0.002807        0.002331       -0.156574
          0.026664       -0.034252       -0.160815
          0.034439       -0.039506       -0.120703
          0.025886       -0.007107       -0.062174
          0.011128        0.024727       -0.007429
          0.011253        0.032530        0.034154
          0.034217        0.029401        0.058296
          0.056170        0.033835        0.065031
          0.047111        0.041571        0.063402
          0.010309        0.034800        0.062993
         -0.022844        0.010005        0.059469
         -0.032439       -0.013657        0.039699
         -0.024755       -0.018056        0.002496
         -0.012392       -0.010270       -0.036614
         -0.001293       -0.011568       -0.062436
          0.005111       -0.027385       -0.071861
          0.008211       -0.043550       -0.068419
          0.018182       -0.050110       -0.053949
          0.039092       -0.051890       -0.025592
          0.053280       -0.052769        0.021121
          0.036839       -0.044742        0.079512
         -0.008999       -0.021032        0.124566
         -0.054309        0.009368        0.135353
         -0.069903        0.031047        0.123176
         -0.052214        0.041043        0.114912
         -0.020619        0.046741        0.109611
          0.000973        0.049273        0.079389
          0.002219        0.043596        0.014779
         -0.005926        0.031539       -0.059660
         -0.005409        0.018389       -0.117837
          0.003219        0.002044       -0.151960
          0.001165       -0.014656       -0.155993
         -0.017617       -0.009791       -0.119597
         -0.033846        0.031168       -0.052455
         -0.029305        0.079449        0.006983
         -0.006266        0.085684        0.026125
          0.025265        0.041762        0.011912
          0.055792       -0.007829       -0.005237
          0.067535       -0.023493       -0.012449
          0.046687       -0.016173       -0.020050
          0.011522       -0.024501       -0.030647
         -0.001012       -0.062241       -0.027291
          0.014172       -0.101979        0.000796
          0.020236       -0.105929        0.038630
         -0.009680       -0.065246        0.059509
         -0.053503       -0.009807        0.048523
         -0.068534        0.019808        0.012833
         -0.043978        0.011717       -0.020241
         -0.008567       -0.008400       -0.021995
          0.008518       -0.010307        0.006534
          0.007931        0.006525        0.030455
          0.007892        0.019488        0.020977
          0.015963        0.015706       -0.012611
          0.024476        0.004683       -0.042029
          0.024312        0.000331       -0.052511
          0.010715        0.004126       -0.042309
         -0.015029        0.009359       -0.011452
         -0.038499        0.012235        0.029269
         -0.039714        0.013308        0.054515
         -0.018661        0.013726        0.049986
          0.002217        0.015013        0.033511
          0.010355        0.018452        0.035120
          0.018695        0.020677        0.058571
          0.038050        0.015353        0.073115
          0.054190        0.004200        0.047477
          0.048517       -0.000615       -0.010469
          0.027519        0.007999       -0.054633
          0.014104        0.020499       -0.046834
          0.015079        0.021521        0.001157
          0.013440        0.007160        0.038772
         -0.003453       -0.013391        0.029484
         -0.021146       -0.028028       -0.014233
         -0.018101       -0.029281       -0.050896
         -0.003696       -0.016508       -0.057179
         -0.012191        0.003855       -0.045809
         -0.050122        0.020867       -0.040450
         -0.077326        0.025983       -0.047877
         -0.061072        0.020230       -0.058640
         -0.022238        0.013888       -0.061875
          0.000477        0.017003       -0.052777
          0.006952        0.029459       -0.034800
          0.021808        0.038573       -0.019402
          0.042818        0.024883       -0.015914
          0.040893       -0.021859       -0.018537
          0.007971       -0.082055       -0.010962
         -0.024656       -0.110527        0.013982
         -0.023506       -0.081186        0.048050
          0.007039       -0.022664        0.081763
          0.031944        0.014017        0.109715
          0.027628        0.019080        0.115652
          0.006269        0.025776        0.074295
         -0.005924        0.049471       -0.010235
         -0.004689        0.062563       -0.081737
         -0.006903        0.042478       -0.077192
         -0.017133        0.009168        0.003619
         -0.017787       -0.008862        0.093134
          0.000083       -0.017732        0.123472
          0.018516       -0.037320        0.086456
          0.018863       -0.058417        0.026661
          0.008146       -0.056145       -0.012385
          0.003989       -0.034556       -0.027288
          0.006872       -0.021706       -0.041229
          0.003750       -0.023499       -0.060545
         -0.007253       -0.016581       -0.060947
         -0.011925        0.009629       -0.023284
         -0.002067        0.035320        0.031768
          0.010397        0.043189        0.060317
          0.010483        0.041271        0.042702
          0.002700        0.040532        0.002848
          0.003825        0.033987       -0.021499
          0.017221        0.015117       -0.021416
          0.027699       -0.001548       -0.022487
          0.021344        0.001795       -0.046501
         -0.001222        0.018271       -0.078515
         -0.031011        0.023422       -0.085220
         -0.057574        0.004910       -0.059596
         -0.067520       -0.027070       -0.027744
         -0.048901       -0.054048       -0.010956
         -0.006025       -0.064524       -0.002403
          0.035118       -0.060186        0.011284
          0.046060       -0.053311        0.025609
          0.023347       -0.051301        0.029670
         -0.007992       -0.041592        0.028065
         -0.021688       -0.005164        0.035510
         -0.016128        0.050953        0.056256
         -0.008269        0.093144        0.079536
         -0.007564        0.102937        0.089730
         -0.006575        0.099268        0.073611
          0.002225        0.102861        0.025753
          0.011640        0.098936       -0.041594
          0.009003        0.061965       -0.097438
         -0.005344        0.004043       -0.114179
         -0.016488       -0.034227       -0.093790
         -0.010948       -0.038991       -0.061725
          0.009859       -0.038214       -0.034207
          0.032214       -0.055543       -0.008132
          0.043259       -0.076193        0.014079
          0.039420       -0.072375        0.014945
          0.025266       -0.044366       -0.008926
          0.010462       -0.019817       -0.028280
          0.005081       -0.019332       -0.009652
          0.009521       -0.035110        0.046771
          0.011416       -0.043984        0.107696
         -0.000056       -0.034869        0.138661
         -0.020492       -0.018485        0.130774
         -0.037289       -0.009923        0.101082
         -0.044875       -0.007169        0.069831
         -0.044285        0.005349        0.038554
         -0.032438        0.031381       -0.004368
         -0.005962        0.051900       -0.057664
          0.023106        0.048018       -0.099337
          0.031790        0.025552       -0.110798
          0.014502        0.003606       -0.098621
         -0.006127       -0.012183       -0.084053
         -0.006683       -0.026143       -0.077208
          0.009001       -0.029324       -0.069777
          0.019264       -0.004980       -0.050874
          0.013217        0.040545       -0.022332
         -0.001490        0.074887        0.004964
         -0.012977        0.075379        0.026023
         -0.015097        0.051902        0.046571
         -0.007686        0.027838        0.070874
          0.001858        0.013734        0.088262
          0.001829        0.008014        0.076719
         -0.009085        0.008840        0.024553
         -0.016323        0.012396       -0.049382
         -0.007218        0.008663       -0.103242
          0.012939       -0.008302       -0.108465
          0.029070       -0.030603       -0.075145
          0.031443       -0.046576       -0.033390
          0.017941       -0.055672        0.003025
         -0.006516       -0.064050        0.041420
         -0.026183       -0.070618        0.085025
         -0.022569       -0.067424        0.119957
          0.003161       -0.049629        0.129629
          0.023570       -0.017912        0.112729
          0.013333        0.021736        0.082050
         -0.017230        0.054600        0.047036
         -0.031200        0.063490        0.003289
         -0.013188        0.044591       -0.052768
          0.008840        0.010747       -0.102181
          0.005581       -0.020096       -0.113164
         -0.009132       -0.033140       -0.077668
         -0.004429       -0.021515       -0.023132
          0.014731        0.005454        0.018282
          0.020389        0.024793        0.037011
          0.013910        0.021669        0.037947
          0.018851        0.005297        0.024933
          0.030326       -0.003283        0.005456
          0.021317        0.005133       -0.005214
         -0.005475        0.021192       -0.001159
         -0.021394        0.029453        0.001529
         -0.022256        0.023683       -0.015613
         -0.025370        0.011464       -0.046355
         -0.023351        0.004385       -0.065975
          0.004194        0.004583       -0.060546
          0.036009        0.004561       -0.037142
          0.024556       -0.001178       -0.008974
         -0.027305       -0.010413        0.015040
         -0.059662       -0.017860        0.027642
         -0.040561       -0.019383        0.025650
         -0.008431       -0.013431        0.018013
         -0.006574       -0.004570        0.019664
         -0.018785       -0.003134        0.032187
         -0.003946       -0.014420        0.037839
          0.036189       -0.029880        0.018307
          0.061940       -0.035488       -0.022295
          0.052081       -0.028055       -0.056506
          0.022101       -0.018239       -0.059553
         -0.005239       -0.017578       -0.037157
         -0.019934       -0.025511       -0.018623
         -0.019606       -0.029261       -0.017053
         -0.006991       -0.016055       -0.011192
          0.007053        0.013501        0.019736
          0.011796        0.044826        0.059499
          0.007979        0.063519        0.075486
          0.003434        0.067327        0.064819
         -0.000054        0.060161        0.054007
         -0.007365        0.039659        0.056868
         -0.017818        0.003300        0.058289
         -0.022064       -0.032861        0.041934
         -0.015864       -0.039764        0.011719
         -0.008150       -0.010290       -0.021077
         -0.008270        0.026101       -0.054309
         -0.013258        0.037974       -0.088993
         -0.015002        0.029203       -0.118755
         -0.012074        0.025066       -0.133448
         -0.007614        0.030935       -0.124642
         -0.002974        0.027841       -0.084262
          0.000674        0.009149       -0.011878
          0.001918       -0.003599        0.069342
          0.005573        0.005213        0.118426
          0.020851        0.014637        0.111877
          0.044983       -0.007589        0.067468
          0.056648       -0.058960        0.023870
          0.038884       -0.103848        0.002365
          0.005353       -0.116547       -0.001301
         -0.011926       -0.100559        0.005764
         -0.002406       -0.067607        0.024199
          0.011480       -0.023697        0.046322
          0.006366        0.017986        0.050931
         -0.014229        0.035091        0.028947
         -0.029122        0.023205       -0.000658
         -0.024095        0.010896       -0.016352
         -0.005055        0.030199       -0.021784
          0.006289        0.076900       -0.031142
         -0.004412        0.113031       -0.040900
         -0.022409        0.106409       -0.037289
         -0.021228        0.058610       -0.022840
         -0.002183       -0.001540       -0.013973
          0.009154       -0.041201       -0.014756
          0.006161       -0.044380       -0.011121
          0.007783       -0.023967        0.006708
          0.018870       -0.013754        0.029203
          0.020188       -0.034672        0.038051
          0.007094       -0.066123        0.021822
          0.002989       -0.065703       -0.019033
          0.017747       -0.022172       -0.069220
          0.023318        0.028558       -0.098144
         -0.005021        0.048846       -0.079463
         -0.045561        0.041931       -0.021985
         -0.056963        0.034702        0.029548
         -0.034299        0.035468        0.037181
         -0.009075        0.031540        0.009441
         -0.001551        0.018696       -0.011126
         -0.002409        0.005169        0.003351
          0.000666       -0.013533        0.041327
          0.005028       -0.053333        0.074081
          0.005073       -0.103609        0.086034
          0.003242       -0.118731        0.077366
          0.004086       -0.070092        0.053908
          0.007434        0.011301        0.028133
          0.010119        0.066585        0.018210
          0.010253        0.070951        0.029925
          0.009097        0.044581        0.044010
          0.008465        0.015447        0.032304
          0.006208       -0.003735       -0.014589
         -0.001215       -0.007906       -0.077538
         -0.011098        0.004397       -0.122047
         -0.016075        0.023197       -0.123720
         -0.012833        0.032087       -0.088728
         -0.002737        0.025391       -0.047127
          0.011778        0.010924       -0.021636
          0.024444       -0.002669       -0.009288
          0.026287       -0.011622        0.003654
          0.017067       -0.013064        0.020748
          0.007364       -0.005556        0.035022
          0.002765        0.006494        0.038213
         -0.003675        0.014772        0.025055
         -0.014565        0.012711       -0.000938
         -0.015927       -0.001566       -0.022809
          0.002924       -0.021482       -0.023859
          0.026870       -0.030277       -0.008818
          0.032969       -0.014932        0.002331
          0.024033        0.013064        0.003311
          0.019602        0.024188        0.007607
          0.019080        0.006429        0.022675
          0.003162       -0.018596        0.037007
         -0.030161       -0.024721        0.038757
         -0.060488       -0.014001        0.029202
         -0.074642       -0.008947        0.011446
         -0.073491       -0.020934       -0.014630
         -0.053312       -0.038446       -0.036878
         -0.011268       -0.044864       -0.030309
          0.032162       -0.039655        0.013053
          0.046592       -0.036486        0.067165
          0.030093       -0.040261        0.097625
          0.010170       -0.035380        0.094074
          0.005316       -0.007858        0.069394
          0.007505        0.027958        0.039711
          0.005039        0.043680        0.013136
          0.001397        0.036352       -0.013348
          0.004166        0.031578       -0.051937
          0.011401        0.044431       -0.108287
          0.016987        0.061457       -0.164170
          0.018828        0.069032       -0.187140
          0.017637        0.073889       -0.161201
          0.015090        0.081419       -0.098969
          0.011204        0.077062       -0.024030
         -0.000930        0.049077        0.045527
         -0.026648        0.012662        0.094613
         -0.051489       -0.010067        0.109452
         -0.050435       -0.022840        0.090781
         -0.021800       -0.046379        0.061155
          0.009083       -0.082181        0.045491
          0.023960       -0.106315        0.044214
          0.026628       -0.101505        0.036564
          0.023184       -0.078171        0.012830
          0.012124       -0.055562       -0.009019
         -0.003951       -0.034570       -0.006749
         -0.015410       -0.003234        0.016532
         -0.014680        0.035792        0.038404
         -0.000525        0.060627        0.045916
          0.018748        0.057350        0.043536
          0.024503        0.038328        0.034831
          0.005857        0.025752        0.012099
         -0.020553        0.026783       -0.030961
         -0.027013        0.033480       -0.085147
         -0.010270        0.039507       -0.128953
          0.008757        0.045227       -0.142021
          0.018155        0.047320       -0.115167
          0.024345        0.034115       -0.055084
          0.028502       -0.002143        0.013719
          0.020430       -0.050871        0.056585
          0.002385       -0.085987        0.053405
         -0.005346       -0.084763        0.021848
          0.005838       -0.044438        0.003536
          0.016313        0.016609        0.017554
          0.004945        0.070019        0.040112
         -0.020225        0.090861        0.041573
         -0.032490        0.068525        0.027316
         -0.021817        0.013381        0.022877
         -0.005539       -0.047303        0.032255
         -0.003449       -0.087093        0.035807
         -0.015439       -0.098278        0.023802
         -0.028511       -0.091843        0.008236
         -0.033452       -0.081084        0.000974
         -0.027425       -0.068047        0.000089
         -0.011540       -0.045137        0.000980
          0.006772       -0.007346        0.003822
          0.018219        0.036279        0.004929
          0.022371        0.063491       -0.004296
          0.025367        0.058081       -0.023008
          0.027483        0.031758       -0.036681
          0.023176        0.016448       -0.033746
          0.011961        0.026823       -0.019680
         -0.000605        0.042963       -0.010307
         -0.010393        0.042742       -0.014497
         -0.014665        0.036695       -0.024558
         -0.010100        0.049899       -0.022130
         -0.001432        0.079170        0.003477
         -0.004294        0.092947        0.038700
         -0.024220        0.071035        0.051883
         -0.039807        0.022243        0.025294
         -0.026106       -0.036401       -0.020276
          0.008836       -0.093773       -0.044102
          0.031162       -0.133352       -0.029749
          0.024909       -0.132790        0.000813
          0.009010       -0.090984        0.018202
          0.007198       -0.040599        0.016159
          0.018931       -0.014277        0.006010
          0.028062       -0.006596       -0.005679
          0.026035        0.009532       -0.021991
          0.016236        0.035431       -0.041699
          0.005284        0.045024       -0.051167
         -0.001189        0.032370       -0.036993
         -0.002426        0.027415       -0.004200
         -0.007444        0.049886        0.026541
         -0.024139        0.073716        0.041218
         -0.039346        0.058087        0.044401
         -0.027663       -0.000574        0.047622
          0.011816       -0.065522        0.054528
          0.047213       -0.100230        0.060484
          0.052127       -0.096709        0.059358
          0.032472       -0.069884        0.047054
          0.006835       -0.040957        0.024397
         -0.017955       -0.024457        0.000082
         -0.040974       -0.015940       -0.015440
         -0.055297        0.006416       -0.023347
         -0.053929        0.053391       -0.035528
         -0.039434        0.102011       -0.053245
         -0.022475        0.118663       -0.057143
         -0.013939        0.100356       -0.031539
         -0.016841        0.073181        0.008639
         -0.022470        0.053149        0.030216
         -0.017388        0.030602        0.018425
          0.002934       -0.004494       -0.010970
          0.030166       -0.041699       -0.034246
          0.053715       -0.063481       -0.042188
          0.069213       -0.068478       -0.038929
          0.073080       -0.071435       -0.029951
          0.057968       -0.082753       -0.017766
          0.023790       -0.095205       -0.005437
         -0.013392       -0.091102       -0.000026
         -0.035406       -0.058035       -0.009603
         -0.040716        0.000653       -0.031506
         -0.040297        0.063973       -0.045874
         -0.040182        0.103977       -0.033311
         -0.035587        0.107910       -0.000166
         -0.019002        0.088592        0.028029
          0.008587        0.064216        0.039881
          0.033273        0.034429        0.048248
          0.040320       -0.007577        0.063174
          0.033451       -0.045629        0.072433
          0.030552       -0.049342        0.059027
          0.034711       -0.017472        0.026211
          0.026489        0.012990       -0.006608
         -0.003500        0.015035       -0.026511
         -0.032865        0.006518       -0.034269
         -0.037452        0.016182       -0.032496
         -0.027637        0.035490       -0.019466
         -0.029212        0.034286        0.003007
         -0.038640        0.010422        0.024736
         -0.028712       -0.011760        0.034773
          0.003678       -0.026112        0.031322
          0.028196       -0.048832        0.023253
          0.025146       -0.074266        0.020563
          0.010592       -0.066484        0.020045
          0.007898       -0.013878        0.005601
          0.016651        0.038067       -0.027948
          0.021292        0.037048       -0.059418
          0.015436       -0.008568       -0.066408
          0.006395       -0.040036       -0.058444
          0.002741       -0.019670       -0.062001
          0.005047        0.031599       -0.076403
          0.007021        0.066122       -0.071894
          0.003001        0.058240       -0.035072
         -0.005127        0.018680        0.009768
         -0.010153       -0.023563        0.034770
         -0.010714       -0.046350        0.042198
         -0.014316       -0.047135        0.049260
         -0.022724       -0.036857        0.056796
         -0.023070       -0.026446        0.053218
         -0.006772       -0.022120        0.040620
          0.010240       -0.026753        0.035658
          0.004893       -0.036785        0.043385
         -0.018558       -0.041889        0.046867
         -0.031677       -0.036291        0.030580
         -0.020247       -0.025964        0.004113
          0.000330       -0.015919       -0.008076
          0.010937        0.002259        0.003285
          0.010335        0.035985        0.021536
          0.006302        0.070457        0.021552
          0.003866        0.081262       -0.008484
          0.008141        0.067523       -0.057742
          0.022649        0.052213       -0.095979
          0.039448        0.047910       -0.091566
          0.044573        0.043108       -0.040650
          0.035775        0.026283        0.020235
          0.020375        0.004276        0.043333
         -0.003013       -0.008442        0.018100
         -0.038154       -0.005276       -0.016864
         -0.066405        0.009497       -0.016788
         -0.059256        0.023825        0.020974
         -0.022945        0.026590        0.059941
          0.001951        0.021133        0.068548
         -0.003842        0.023154        0.046625
         -0.015498        0.035139        0.011788
         -0.008643        0.033191       -0.019532
          0.007201       -0.002658       -0.032518
          0.016123       -0.052458       -0.017049
          0.025186       -0.075847        0.014926
          0.043856       -0.067113        0.028474
          0.057454       -0.062557       -0.001806
          0.045203       -0.085588       -0.062987
          0.010681       -0.111883       -0.115726
         -0.025776       -0.104707       -0.128274
         -0.053413       -0.063981       -0.093437
         -0.070193       -0.019984       -0.024855
         -0.067266        0.009547        0.050154
         -0.039201        0.034027        0.101871
         -0.002675        0.063528        0.116997
          0.020945        0.087252        0.104645
          0.035253        0.087527        0.077485
          0.054286        0.065058        0.037647
          0.068249        0.038039       -0.008584
          0.056411        0.019585       -0.039237
          0.025624        0.008453       -0.041297
          0.000983        0.000447       -0.034374
         -0.014047       -0.006323       -0.043389
         -0.032351       -0.016904       -0.055883
         -0.046643       -0.031527       -0.037482
         -0.037358       -0.033005        0.011912
         -0.012290       -0.005388        0.050980
          0.000359        0.033937        0.052598
         -0.002728        0.046287        0.034461
          0.000527        0.019700        0.020616
          0.011665       -0.017884        0.003061
          0.005367       -0.036804       -0.033828
         -0.022641       -0.034773       -0.072811
         -0.040245       -0.023726       -0.079776
         -0.026133       -0.011122       -0.051227
          0.001676       -0.003753       -0.016707
          0.019616       -0.009854        0.001904
          0.029313       -0.024611        0.007084
          0.039096       -0.027926        0.007189
          0.042766       -0.006891        0.010292
          0.032650        0.029939        0.031382
          0.014487        0.064470        0.073118
         -0.001318        0.082829        0.102056
         -0.010969        0.076647        0.079222
         -0.015649        0.046629        0.015640
         -0.016433        0.008483       -0.036281
         -0.012444       -0.018737       -0.048810
         -0.003237       -0.034843       -0.043312
          0.005539       -0.056499       -0.045761
          0.004137       -0.086990       -0.051259
         -0.008206       -0.101178       -0.041933
         -0.018888       -0.074285       -0.014840
         -0.016799       -0.019668        0.018389
         -0.005452        0.019653        0.044086
          0.002787        0.021253        0.051342
          0.000330        0.009471        0.034738
         -0.008619        0.019866        0.001304
         -0.010917        0.050741       -0.027594
          0.001318        0.069530       -0.031264
          0.015521        0.059400       -0.012129
          0.008336        0.034439        0.005331
         -0.021229        0.009963        0.005654
         -0.041407       -0.015042        0.001122
         -0.024563       -0.040215        0.008933
          0.016436       -0.052833        0.023651
          0.045473       -0.044923        0.028353
          0.047664       -0.025159        0.022235
          0.037102       -0.006263        0.018025
          0.026402        0.007310        0.016409
          0.011779        0.015974        0.002788
         -0.009288        0.021291       -0.026375
         -0.025402        0.027994       -0.050141
         -0.024912        0.039476       -0.046905
         -0.011117        0.049308       -0.022700
          0.003255        0.044864       -0.004445
          0.010493        0.020991       -0.008244
          0.011310       -0.013831       -0.022095
          0.006844       -0.044064       -0.020360
         -0.005596       -0.057777        0.006102
         -0.024139       -0.054199        0.035302
         -0.035466       -0.042681        0.035694
         -0.028072       -0.030566        0.005319
         -0.010944       -0.012990       -0.021097
         -0.004868        0.017884       -0.013632
         -0.013704        0.053533        0.014304
         -0.019216        0.068643        0.024819
         -0.008510        0.045297        0.007698
          0.008734       -0.005501       -0.006959
          0.018030       -0.049650        0.007709
          0.020067       -0.058211        0.038440
          0.021609       -0.030791        0.050767
          0.020534        0.008381        0.032082
          0.014467        0.034610        0.001180
          0.011926        0.038798       -0.018045
          0.019083        0.024156       -0.018234
          0.025426       -0.000276       -0.006923
          0.017016       -0.020166        0.004012
         -0.003564       -0.022002        0.005732
         -0.021234       -0.006758       -0.003583
         -0.026051        0.007535       -0.019321
         -0.020114        0.003034       -0.034187
         -0.012798       -0.018227       -0.038692
         -0.012829       -0.033439       -0.023043
         -0.019717       -0.019270        0.009488
         -0.022058        0.023495        0.033335
         -0.009626        0.064916        0.022963
          0.013356        0.071287       -0.011748
          0.031788        0.039200       -0.031998
          0.035257       -0.001095       -0.019905
          0.026049       -0.020796       -0.001476
          0.013059       -0.023738       -0.007666
          0.002015       -0.032882       -0.032445
         -0.006799       -0.051507       -0.046025
         -0.013682       -0.055336       -0.033415
         -0.016486       -0.027409       -0.003042
         -0.012983        0.016375        0.029378
         -0.003507        0.047833        0.049963
          0.008213        0.058293        0.050350
          0.014980        0.055666        0.035223
          0.010379        0.044089        0.018680
         -0.004191        0.026107        0.005784
         -0.019880        0.014904       -0.012593
         -0.027395        0.021175       -0.038835
         -0.020243        0.030011       -0.053336
          0.002483        0.012384       -0.034656
          0.028668       -0.035442        0.008241
          0.037209       -0.080921        0.039701
          0.021222       -0.092074        0.037509
         -0.000058       -0.071869        0.015808
         -0.003975       -0.045442        0.001038
          0.008182       -0.025405       -0.001048
          0.017142       -0.005546       -0.002326
          0.010712        0.017184       -0.006875
         -0.008181        0.032517       -0.004607
         -0.029633        0.032226        0.011161
         -0.041185        0.022564        0.032040
         -0.033086        0.013380        0.045367
         -0.011462        0.003354        0.050109
          0.002890       -0.013992        0.053242
          0.000700       -0.035582        0.052512
         -0.002942       -0.051432        0.035952
          0.004500       -0.057634        0.002165
          0.009747       -0.054726       -0.032419
         -0.002557       -0.037670       -0.053099
         -0.018852       -0.002620       -0.060796
         -0.015371        0.037625       -0.059320
          0.003074        0.061286       -0.043930
          0.010828        0.065013       -0.016077
          0.003425        0.069800        0.002609
          0.004169        0.090123       -0.008513
          0.024676        0.106488       -0.037296
          0.043358        0.083936       -0.048877
          0.036341        0.018612       -0.029423
          0.012200       -0.048926       -0.000577
         -0.002448       -0.076330        0.013020
         -0.001167       -0.064790        0.011366
         -0.000910       -0.047404        0.008650
         -0.011944       -0.040139        0.011392
         -0.024697       -0.026889        0.013914
         -0.027138        0.003821        0.006568
         -0.019874        0.031009       -0.013811
         -0.011323        0.026533       -0.036376
         -0.006887       -0.004349       -0.042480
         -0.005117       -0.027571       -0.025332
         -0.002509       -0.024279        0.001782
         -0.000960       -0.013112        0.023127
         -0.004386       -0.021454        0.039215
         -0.006411       -0.047274        0.058986
          0.004867       -0.063155        0.079421
          0.024590       -0.052324        0.084863
          0.031599       -0.024863        0.065759
          0.018644        0.002555        0.029208
          0.002510        0.027165       -0.008516
         -0.003839        0.051010       -0.032555
         -0.008578        0.062746       -0.035388
         -0.020712        0.047922       -0.022785
         -0.030842        0.018838       -0.013476
         -0.024273        0.011966       -0.021985
         -0.001946        0.041146       -0.039679
          0.021059        0.071997       -0.041721
          0.031736        0.064922       -0.015775
          0.028941        0.028553        0.021887
          0.020905        0.003199        0.040958
          0.014439        0.001787        0.025604
          0.005737       -0.000591       -0.011051
         -0.012984       -0.020085       -0.039871
         -0.035785       -0.039807       -0.043889
         -0.043419       -0.042020       -0.032168
         -0.028273       -0.038554       -0.024856
         -0.005549       -0.050463       -0.030084
          0.009291       -0.071643       -0.039689
          0.017935       -0.072837       -0.040966
          0.024653       -0.039342       -0.025414
          0.025212        0.009385        0.008236
          0.020630        0.041030        0.049532
          0.018157        0.044225        0.077212
          0.011449        0.035671        0.075488
         -0.011055        0.035088        0.051627
         -0.034271        0.041087        0.028976
         -0.028971        0.038683        0.019974
         -0.000169        0.024601        0.015328
          0.015743        0.011198        0.003962
          0.006634        0.005051       -0.007735
         -0.002305       -0.002793       -0.005553
          0.003635       -0.018776        0.011402
          0.007498       -0.032172        0.028125
         -0.003854       -0.029042        0.028078
         -0.017529       -0.012633        0.006191
         -0.017846        0.001603       -0.025958
         -0.006074        0.006281       -0.045598
          0.008094        0.005216       -0.038258
          0.015614        0.000053       -0.014475
          0.010321       -0.011382        0.001747
         -0.002982       -0.023799        0.001335
         -0.009624       -0.026659       -0.004767
         -0.004579       -0.020055       -0.008035
          0.001506       -0.015177       -0.012327
          0.003174       -0.015835       -0.018103
          0.009160       -0.011514       -0.016931
          0.021176        0.006610       -0.010770
          0.023291        0.032151       -0.017417
          0.007004        0.050499       -0.042760
         -0.009304        0.052446       -0.062535
         -0.004883        0.038455       -0.048386
          0.009739        0.016236       -0.005221
          0.005430       -0.003622        0.031203
         -0.022228       -0.015222        0.033679
         -0.044484       -0.022321        0.012502
         -0.038714       -0.031700        0.002188
         -0.016730       -0.041486        0.022495
         -0.003843       -0.040951        0.057855
         -0.005399       -0.023476        0.077374
         -0.009382        0.003689        0.069070
         -0.011232        0.025104        0.046459
         -0.015236        0.031578        0.025161
         -0.015552        0.027125        0.006585
         -0.000061        0.021602       -0.012217
          0.025051        0.019023       -0.026862
          0.039135        0.016224       -0.033052
          0.038943        0.011965       -0.034718
          0.040152        0.010457       -0.034631
          0.043749        0.012016       -0.026913
          0.032357        0.007492       -0.009624
          0.006872       -0.009304        0.004969
         -0.007209       -0.028299        0.004804
         -0.001535       -0.032447       -0.004573
         -0.000118       -0.018332       -0.008852
         -0.018124        0.000784       -0.006550
         -0.036461        0.010266       -0.009543
         -0.035061        0.005365       -0.021607
         -0.023168       -0.009634       -0.028050
         -0.016306       -0.025037       -0.015066
         -0.008035       -0.029119        0.006965
          0.012402       -0.016559        0.013377
          0.033119        0.003355       -0.001331
          0.033566        0.014058       -0.015836
          0.014490        0.011396       -0.012337
         -0.005004        0.007703        0.002854
         -0.013201        0.011069        0.016492
         -0.013429        0.012493        0.027428
         -0.011625        0.003175        0.037080
         -0.009916       -0.007465        0.036798
         -0.009254       -0.004379        0.018852
         -0.008047        0.010052       -0.007505
         -0.001770        0.018103       -0.021019
          0.008531        0.009053       -0.008670
          0.013184       -0.009624        0.021239
          0.006050       -0.024375        0.045327
         -0.006563       -0.033020        0.044320
         -0.013640       -0.043955        0.017058
         -0.009279       -0.057915       -0.021188
          0.005688       -0.059994       -0.049242
          0.021920       -0.037274       -0.051047
          0.023185        0.002662       -0.026268
          0.003205        0.040013        0.005982
         -0.019818        0.063066        0.020475
         -0.019711        0.070840        0.009395
          0.005163        0.064048       -0.008676
          0.028229        0.047642       -0.009959
          0.026449        0.037443        0.002342
          0.005012        0.047673       -0.002060
         -0.014449        0.069382       -0.039319
         -0.020763        0.073495       -0.083600
         -0.020116        0.041775       -0.097431
         -0.021285       -0.011610       -0.077067
         -0.023217       -0.055872       -0.045645
         -0.018869       -0.076533       -0.013743
         -0.007526       -0.083362        0.024505
          0.001370       -0.087117        0.062122
         -0.000044       -0.082448        0.077068
         -0.005964       -0.060961        0.063694
         -0.004285       -0.030594        0.043387
          0.006147       -0.010340        0.037166
          0.016501       -0.008411        0.044862
          0.024758       -0.012880        0.056369
          0.036175       -0.004413        0.066074
          0.044670        0.023282        0.068839
          0.032499        0.055355        0.057832
         -0.001127        0.069433        0.035919
         -0.027283        0.057395        0.016143
         -0.020279        0.029791        0.003003
          0.006416        0.000731       -0.013159
          0.016901       -0.021275       -0.036132
          0.000393       -0.027600       -0.054530
         -0.019651       -0.012054       -0.060870
         -0.022253        0.012463       -0.061626
         -0.010346        0.017526       -0.058304
          0.006565       -0.004944       -0.039792
          0.025088       -0.025266       -0.007722
          0.036138       -0.014967        0.012372
          0.024215        0.009687        0.004216
         -0.010013        0.010249       -0.012885
         -0.042380       -0.015211       -0.010967
         -0.050507       -0.028555        0.007909
         -0.036382       -0.008797        0.020541
         -0.017650        0.019554        0.019057
         -0.005910        0.026102        0.015899
         -0.000619        0.014945        0.016637
          0.003207        0.009395        0.009882
          0.009623        0.016820       -0.011770
          0.019710        0.026585       -0.037260
          0.028891        0.030221       -0.051067
          0.030297        0.027347       -0.050826
          0.023197        0.018254       -0.043011
          0.012063        0.003935       -0.028789
         -0.001656       -0.008708       -0.004732
         -0.016866       -0.011928        0.023463
         -0.025108       -0.009443        0.037900
         -0.019964       -0.016349        0.026205
         -0.010971       -0.039545        0.000015
         -0.010894       -0.061009       -0.012660
         -0.013017       -0.052381        0.002112
         -0.001893       -0.010283        0.027312
          0.016470        0.034141        0.035961
          0.019530        0.048240        0.024187
          0.004112        0.030735        0.011839
         -0.006803        0.004529        0.012513
          0.001307       -0.011925        0.018296
          0.014039       -0.014883        0.016861
          0.011434       -0.006009        0.008525
         -0.004272        0.011495        0.000022
         -0.015381        0.027752       -0.006328
         -0.012334        0.029226       -0.009509
         -0.000520        0.012322       -0.005240
          0.009111       -0.009813        0.006275
          0.009104       -0.018650        0.013425
          0.001044       -0.010232        0.003912
         -0.004517       -0.001167       -0.018313
         -0.000063       -0.008924       -0.034502
          0.007066       -0.028026       -0.029899
          0.003622       -0.036948       -0.005964
         -0.010128       -0.029080        0.023492
         -0.020261       -0.021041        0.041670
         -0.017538       -0.025712        0.038687
         -0.006579       -0.034066        0.021076
          0.002691       -0.031269        0.007400
          0.006321       -0.015651        0.006826
          0.008292        0.005074        0.008733
          0.012090        0.022811        0.000828
          0.012451        0.029589       -0.012894
          0.002846        0.021530       -0.022193
         -0.009211        0.005949       -0.028238
         -0.008416       -0.003574       -0.038476
          0.003073        0.001018       -0.049449
          0.004495        0.019079       -0.047449
         -0.010411        0.042732       -0.027286
         -0.018158        0.056858       -0.001228
          0.000549        0.048110        0.015629
          0.027992        0.021973        0.022430
          0.032274        0.002904        0.027612
          0.011661        0.008809        0.032121
         -0.007837        0.030239        0.028258
         -0.011877        0.043054        0.013028
         -0.009833        0.038250       -0.008228
         -0.010214        0.028383       -0.030738
         -0.008218        0.023765       -0.052320
         -0.000857        0.015453       -0.066264
          0.004719       -0.010387       -0.062336
          0.003969       -0.050328       -0.038930
          0.002995       -0.084703       -0.009096
          0.007993       -0.095641        0.011009
          0.014086       -0.079138        0.019308
          0.009039       -0.045445        0.027112
         -0.012295       -0.012432        0.039386
         -0.035594        0.006009        0.046695
         -0.033569        0.009375        0.043447
          0.003862        0.007858        0.039378
          0.048735        0.010624        0.040170
          0.061443        0.018025        0.031950
          0.037480        0.023946        0.003106
          0.008019        0.023862       -0.030530
         -0.005333        0.019498       -0.042086
         -0.010704        0.014608       -0.027515
         -0.017831        0.008002       -0.004840
         -0.019438       -0.004767        0.014043
         -0.011901       -0.022491        0.031084
         -0.008350       -0.036159        0.043767
         -0.016508       -0.038217        0.039811
         -0.024777       -0.030115        0.016223
         -0.023309       -0.017953       -0.010655
         -0.018957       -0.004861       -0.022995
         -0.018560        0.008935       -0.021993
         -0.017237        0.023303       -0.023183
         -0.011642        0.039498       -0.034757
         -0.005785        0.059057       -0.047256
          0.000602        0.076910       -0.045360
          0.011610        0.080304       -0.024634
          0.023962        0.059059        0.006768
          0.031871        0.014990        0.038111
          0.035983       -0.038050        0.060978
          0.034544       -0.079000        0.067982
          0.019788       -0.088658        0.057167
         -0.003828       -0.065255        0.037796
         -0.015578       -0.031992        0.021743
         -0.006842       -0.018373        0.008044
          0.003829       -0.030077       -0.013706
         -0.001360       -0.045004       -0.042418
         -0.012093       -0.040874       -0.059608
         -0.006581       -0.016461       -0.050474
          0.015789        0.016894       -0.021644
          0.034275        0.050066        0.008351
          0.032917        0.073568        0.026534
          0.014358        0.073822        0.026489
         -0.008568        0.047220        0.004542
         -0.024904        0.012017       -0.032914
         -0.030240       -0.006655       -0.066103
         -0.026483       -0.001563       -0.076157
         -0.019174        0.013803       -0.059123
         -0.012797        0.022240       -0.024227
         -0.007652        0.016105        0.013447
         -0.002738       -0.001295        0.039032
         -0.000615       -0.020980        0.047801
         -0.003882       -0.036972        0.049840
         -0.007044       -0.051572        0.056627
         -0.001852       -0.068189        0.064918
          0.007632       -0.078558        0.060999
          0.008435       -0.064583        0.036812
          0.000097       -0.018448       -0.004263
         -0.002980        0.042750       -0.051066
          0.004778        0.088817       -0.086359
          0.010551        0.103066       -0.091237
          0.003891        0.092648       -0.058772
         -0.007808        0.072472       -0.003630
         -0.012379        0.046946        0.047808
         -0.009510        0.013736        0.077475
         -0.006677       -0.021352        0.082931
         -0.007453       -0.045604        0.068935
         -0.010572       -0.055179        0.041281
         -0.013929       -0.058267        0.009814
         -0.013804       -0.059945       -0.013379
         -0.005373       -0.053788       -0.025638
          0.010601       -0.033405       -0.037092
          0.025019       -0.005210       -0.055056
          0.028589        0.016319       -0.069728
          0.020544        0.022577       -0.064957
          0.007775        0.015052       -0.042698
         -0.001085       -0.001097       -0.025573
         -0.000465       -0.020031       -0.028783
          0.007742       -0.032060       -0.037966
          0.013979       -0.027208       -0.025479
          0.011372       -0.006635        0.016021
          0.006213        0.016200        0.066640
          0.009698        0.029802        0.100876
          0.019047        0.033714        0.104883
          0.018979        0.031024        0.078789
          0.004440        0.021816        0.036488
         -0.011970        0.010014       -0.001318
         -0.019219        0.006746       -0.026391
         -0.019704        0.017084       -0.048383
         -0.017902        0.029717       -0.070579
         -0.013408        0.030037       -0.075126
         -0.010290        0.020126       -0.050080
         -0.016534        0.015761       -0.015918
         -0.027705        0.023606       -0.001425
         -0.026570        0.030221       -0.003727
         -0.006201        0.017809        0.002874
          0.019036       -0.013396        0.024938
          0.031295       -0.043628        0.041522
          0.027360       -0.054601        0.036388
          0.014511       -0.047153        0.017813
         -0.001267       -0.034169        0.004556
         -0.016192       -0.021679        0.007184
         -0.024016       -0.007699        0.023913
         -0.018369        0.002535        0.041751
         -0.001115       -0.003003        0.041478
          0.015051       -0.022421        0.014608
          0.016970       -0.035982       -0.022129
          0.005613       -0.031248       -0.040534
         -0.003439       -0.017027       -0.033251
          0.002511       -0.004145       -0.022917
          0.018160        0.010669       -0.032861
          0.026446        0.030759       -0.055750
          0.017372        0.044920       -0.061776
         -0.003214        0.040046       -0.037637
         -0.020236        0.018419       -0.004869
         -0.020725       -0.007404        0.009399
         -0.003988       -0.027259        0.008946
          0.013974       -0.032472        0.017987
          0.013389       -0.013926        0.040687
         -0.004893        0.025729        0.055831
         -0.017124        0.063923        0.052093
         -0.007677        0.074950        0.040935
          0.009428        0.055121        0.028761
          0.012971        0.024775        0.005798
          0.005915        0.005729       -0.025466
          0.005463        0.001323       -0.039494
          0.011175       -0.001105       -0.023300
          0.006765       -0.012412        0.000381
         -0.009216       -0.030506        0.004053
         -0.018954       -0.046888       -0.009564
         -0.014209       -0.057916       -0.019933
         -0.007365       -0.063000       -0.017631
         -0.008403       -0.055839       -0.004584
         -0.010427       -0.029487        0.017416
         -0.004800        0.008107        0.040772
          0.004904        0.035312        0.047365
          0.009892        0.039142        0.026544
          0.006409        0.028056       -0.008911
         -0.002698        0.018487       -0.035576
         -0.008767        0.017283       -0.041477
         -0.002907        0.021064       -0.028186
          0.010757        0.023794       -0.001127
          0.013880        0.019991        0.030266
         -0.002692        0.006443        0.048656
         -0.021234       -0.014821        0.039237
         -0.018026       -0.036254        0.007326
          0.003289       -0.047860       -0.021759
          0.017810       -0.042375       -0.026234
          0.015906       -0.022024       -0.010312
          0.011546       -0.000597        0.001222
          0.013372        0.005416       -0.007744
          0.011428       -0.009976       -0.025404
         -0.001634       -0.036903       -0.027022
         -0.017692       -0.055201       -0.006710
         -0.028955       -0.046940        0.013529
         -0.037538       -0.010017        0.009205
         -0.041519        0.038349       -0.017984
         -0.029807        0.075918       -0.042600
         -0.001035        0.094248       -0.044195
          0.026876        0.098753       -0.026265
          0.035864        0.091179       -0.005167
          0.026872        0.062130        0.010946
          0.014497        0.007109        0.024230
          0.010512       -0.056650        0.034454
          0.014885       -0.099238        0.036983
          0.017355       -0.104217        0.033119
          0.008353       -0.080248        0.030370
         -0.008802       -0.048601        0.029622
         -0.020341       -0.026098        0.022519
         -0.017893       -0.017480        0.005186
         -0.006333       -0.013965       -0.014432
          0.004267        0.000944       -0.025731
          0.007756        0.034705       -0.023774
          0.003045        0.073414       -0.008596
         -0.006075        0.093167        0.012107
         -0.009920        0.083182        0.019284
          0.001606        0.051775       -0.001844
          0.026629        0.013910       -0.036334
          0.046973       -0.017253       -0.047220
          0.043713       -0.030603       -0.020569
          0.018948       -0.022916        0.013343
         -0.005109       -0.005919        0.019656
         -0.012594        0.003138        0.004102
         -0.011168       -0.000310       -0.001156
         -0.016971       -0.007720        0.016585
         -0.032507       -0.013969        0.040899
         -0.047747       -0.022590        0.052601
         -0.052994       -0.034153        0.044591
         -0.042747       -0.042802        0.017041
         -0.018246       -0.046912       -0.022638
          0.006743       -0.049989       -0.056579
          0.015449       -0.047843       -0.067397
          0.009481       -0.028343       -0.053926
          0.007296        0.010679       -0.029900
          0.016835        0.053312       -0.009216
          0.024969        0.079845        0.002859
          0.019613        0.081940        0.008716
          0.006802        0.062068        0.014593
         -0.001413        0.027597        0.023643
         -0.001900       -0.009486        0.029080
          0.004287       -0.034679        0.020676
          0.017563       -0.040518        0.001152
          0.031128       -0.031596       -0.013223
          0.029809       -0.016140       -0.013196
          0.009552        0.003367       -0.007930
         -0.013262        0.026189       -0.010352
         -0.023916        0.044846       -0.020869
         -0.027597        0.049649       -0.031601
         -0.031785        0.040819       -0.036249
         -0.027196        0.027569       -0.028432
         -0.006963        0.015235       -0.001898
          0.010658        0.002125        0.036474
          0.005493       -0.011281        0.063553
         -0.009189       -0.020856        0.063236
         -0.003727       -0.027940        0.046479
          0.021210       -0.038621        0.035167
          0.035204       -0.050178        0.031395
          0.024651       -0.048806        0.018038
          0.008782       -0.027934       -0.011247
          0.004536       -0.001623       -0.038955
          0.003369        0.009307       -0.046025
         -0.006242        0.001499       -0.034077
         -0.015923       -0.009457       -0.017229
         -0.012483       -0.010722       -0.002694
         -0.001555       -0.004962        0.010484
          0.000068        0.000605        0.022060
         -0.010681        0.006325        0.030190
         -0.019685        0.014492        0.034570
         -0.015948        0.019797        0.033180
         -0.004495        0.013898        0.021972
          0.003645       -0.002302        0.001962
          0.006080       -0.015092       -0.019862
          0.007592       -0.008181       -0.038895
          0.009177        0.020891       -0.055751
          0.007740        0.053945       -0.069411
          0.005895        0.066224       -0.072830
          0.011193        0.049108       -0.057909
          0.021495        0.015036       -0.024365
          0.021797       -0.019091        0.016829
          0.004469       -0.045534        0.050293
         -0.015595       -0.062224        0.067276
         -0.018393       -0.066195        0.069371
         -0.006665       -0.056197        0.062367
         -0.001020       -0.035784        0.048570
         -0.007750       -0.009952        0.026737
         -0.010787        0.015897        0.000281
         -0.001867        0.032279       -0.018846
          0.003328        0.030126       -0.022453
         -0.006605        0.013747       -0.020146
         -0.015558        0.000528       -0.028786
         -0.005546        0.001028       -0.046996
          0.011623        0.007149       -0.054111
          0.011945        0.006907       -0.038184
         -0.003250        0.001700       -0.011612
         -0.010840       -0.000653        0.006979
         -0.000810       -0.001386        0.014829
          0.013325       -0.007515        0.021061
          0.017040       -0.018581        0.028626
          0.010098       -0.026661        0.030198
         -0.001097       -0.025134        0.020460
         -0.011320       -0.010546        0.004514
         -0.014736        0.016812       -0.008397
         -0.008076        0.046187       -0.014772
          0.001817        0.058256       -0.017396
          0.003928        0.043904       -0.019476
         -0.001890        0.016045       -0.021173
         -0.005756       -0.005131       -0.019801
         -0.004292       -0.012432       -0.012822
         -0.004150       -0.009365       -0.003308
         -0.006014        0.003052        0.000016
          0.000510        0.023048       -0.006185
          0.017936        0.036802       -0.012380
          0.030381        0.027194       -0.008205
          0.023991       -0.003700        0.001228
          0.006836       -0.032888        0.001510
         -0.004489       -0.041740       -0.009621
         -0.008320       -0.034419       -0.016852
         -0.014526       -0.025998       -0.004756
         -0.024971       -0.020453        0.024952
         -0.029834       -0.010414        0.053753
         -0.020816        0.004927        0.060874
         -0.001517        0.014432        0.040408
          0.014586        0.010601        0.008784
          0.016818        0.000081       -0.006944
          0.009272       -0.007982        0.006131
          0.005125       -0.015822        0.033745
          0.007997       -0.029077        0.049571
          0.008657       -0.039978        0.041540
          0.002580       -0.032737        0.019166
         -0.002339       -0.007508       -0.001521
         -0.001183        0.015039       -0.012771
         -0.001645        0.020000       -0.016375
         -0.008858        0.016641       -0.018527
         -0.012806        0.020110       -0.024558
         -0.004234        0.026451       -0.032924
          0.006940        0.021225       -0.034979
          0.005507        0.006036       -0.026518
         -0.005061       -0.000267       -0.016750
         -0.010538        0.013400       -0.017569
         -0.009831        0.035873       -0.026557
         -0.011412        0.046542       -0.030633
         -0.012293        0.036099       -0.025225
         -0.000131        0.011767       -0.018470
          0.025514       -0.013893       -0.015363
          0.048104       -0.032894       -0.010167
          0.051001       -0.039927        0.000150
          0.032626       -0.030175        0.006838
          0.004809       -0.007781        0.003691
         -0.020055        0.009983        0.001357
         -0.037198        0.009680        0.014276
         -0.044775        0.000113        0.037702
         -0.038813        0.000048        0.050595
         -0.021127        0.008291        0.041482
         -0.005475        0.002789        0.021449
         -0.003477       -0.025507        0.008927
         -0.009019       -0.054414        0.009135
         -0.008002       -0.057515        0.013968
          0.002287       -0.037758        0.017575
          0.014133       -0.020329        0.022822
          0.022328       -0.018514        0.029744
          0.026084       -0.020729        0.025471
          0.024652       -0.010119       -0.004208
          0.018639        0.014800       -0.052073
          0.010295        0.041989       -0.087314
         -0.000282        0.060845       -0.083559
         -0.012338        0.069450       -0.045182
         -0.018429        0.068372        0.000314
         -0.011174        0.054947        0.030585
          0.003819        0.030659        0.041554
          0.011838        0.009690        0.039006
          0.006715        0.007114        0.028623
         -0.003290        0.016531        0.013917
         -0.007195        0.012215       -0.002148
         -0.002725       -0.019681       -0.015439
          0.004003       -0.060385       -0.022314
          0.006307       -0.075827       -0.024288
          0.003487       -0.050689       -0.026453
          0.000050       -0.002050       -0.028186
         -0.000678        0.036769       -0.020573
         -0.000313        0.044020        0.002414
         -0.002051        0.025259        0.032318
         -0.004548        0.003214        0.049297
         -0.001521       -0.008496        0.039638
          0.009392       -0.016520        0.011221
          0.019222       -0.028763       -0.012531
          0.016561       -0.035170       -0.016462
          0.003728       -0.022709       -0.005733
         -0.006312       -0.002967        0.006724
         -0.009887       -0.002752        0.013748
         -0.015292       -0.024962        0.011894
         -0.022572       -0.040312       -0.000615
         -0.018633       -0.026090       -0.017027
         -0.000879        0.005323       -0.023644
          0.012361        0.028092       -0.015130
          0.007623        0.037507       -0.001235
         -0.003610        0.046829        0.006040
         -0.005059        0.058627        0.005859
         -0.001245        0.058413        0.005329
         -0.006416        0.037992        0.007630
         -0.018868        0.009345        0.007766
         -0.023210       -0.012117       -0.000838
         -0.012503       -0.026707       -0.017338
          0.005109       -0.042415       -0.031240
          0.018756       -0.055923       -0.030397
          0.024541       -0.055125       -0.013070
          0.024517       -0.038310        0.009056
          0.021427       -0.018748        0.022410
          0.015038       -0.008392        0.025061
          0.004604       -0.005838        0.025618
         -0.005032       -0.003282        0.029793
         -0.005913        0.002231        0.032961
          0.001582        0.009235        0.027715
          0.007033        0.017382        0.015010
          0.003463        0.025931        0.003376
         -0.004474        0.030342       -0.002872
         -0.008858        0.027399       -0.010043
         -0.008309        0.022099       -0.026154
         -0.006652        0.022291       -0.047868
         -0.007327        0.026298       -0.061044
         -0.011528        0.023608       -0.055080
         -0.018095        0.011244       -0.034350
         -0.023303        0.001496       -0.014015
         -0.022924        0.005069       -0.004148
         -0.016432        0.012283        0.000946
         -0.008544        0.003813        0.014154
         -0.004265       -0.021090        0.036033
         -0.001955       -0.041744        0.051193
          0.004924       -0.044597        0.048313
          0.016920       -0.039924        0.034999
          0.024534       -0.041966        0.024790
          0.020117       -0.045254        0.017571
          0.009017       -0.033646        0.003759
          0.002138       -0.005758       -0.016905
          0.002202        0.021785       -0.031345
          0.005470        0.033799       -0.027753
          0.011475        0.029055       -0.009266
          0.020076        0.015589        0.006540
          0.023060        0.003095        0.001485
          0.011488       -0.000503       -0.026044
         -0.009560        0.006751       -0.056358
         -0.024735        0.018252       -0.064393
         -0.026668        0.025591       -0.043171
         -0.020328        0.029386       -0.010070
         -0.010045        0.038432        0.012508
          0.005122        0.054921        0.019853
          0.020552        0.064474        0.022628
          0.023721        0.047650        0.025655
          0.010248        0.003114        0.022487
         -0.006631       -0.045551        0.012605
         -0.010853       -0.071134        0.007465
         -0.002208       -0.069136        0.012141
          0.006707       -0.057955        0.015531
          0.007815       -0.054732        0.007629
          0.004757       -0.058858       -0.005036
          0.004754       -0.059733       -0.007756
          0.008889       -0.050591        0.008324
          0.010776       -0.029489        0.041419
          0.003462        0.003725        0.075754
         -0.011076        0.041115        0.085607
         -0.021162        0.063056        0.059858
         -0.019015        0.054640        0.020321
         -0.011905        0.026471       -0.002632
         -0.011402        0.006713       -0.009276
         -0.014978        0.008482       -0.024804
         -0.010294        0.016495       -0.057088
          0.003542        0.012153       -0.083132
          0.012598        0.000320       -0.080828
          0.008524       -0.000082       -0.055352
          0.000565        0.014514       -0.026929
          0.001735        0.025475       -0.005432
          0.011278        0.015646        0.012799
          0.017900       -0.008325        0.029164
          0.015481       -0.022226        0.036626
          0.007884       -0.011736        0.031509
          0.000599        0.010315        0.020981
         -0.004300        0.017657        0.013166
         -0.005033       -0.000283        0.008229
         -0.000005       -0.027936        0.004296
          0.006931       -0.040926        0.002724
          0.007812       -0.028329        0.001539
          0.000825        0.000288       -0.006914
         -0.006211        0.023709       -0.024712
         -0.006816        0.026029       -0.042379
         -0.004957        0.009583       -0.050299
         -0.007891       -0.008706       -0.048272
         -0.014773       -0.013715       -0.037174
         -0.018488       -0.003015       -0.010986
         -0.014936        0.015466        0.030882
         -0.005115        0.030781        0.069791
          0.007840        0.035319        0.081450
          0.018188        0.029911        0.062735
          0.018392        0.022995        0.032845
          0.006703        0.021075        0.007923
         -0.008356        0.021094       -0.012723
         -0.015840        0.015825       -0.032994
         -0.013012        0.004778       -0.046073
         -0.005537       -0.005462       -0.042671
         -0.000299       -0.011144       -0.026042
         -0.000110       -0.015908       -0.009828
         -0.001869       -0.023959       -0.003658
          0.000663       -0.033186       -0.006892
          0.008322       -0.037248       -0.012508
          0.013432       -0.031635       -0.010780
          0.010937       -0.016864        0.004579
          0.007055        0.000482        0.025005
          0.008676        0.009360        0.028748
          0.011075        0.003066        0.005097
          0.006120       -0.010377       -0.029112
         -0.003577       -0.013207       -0.047595
         -0.008577        0.000845       -0.041941
         -0.005958        0.016931       -0.021387
         -0.000759        0.018793        0.004336
          0.002016        0.011033        0.029345
          0.000816        0.010181        0.046462
         -0.003259        0.018921        0.049463
         -0.005910        0.022574        0.037745
         -0.002262        0.009893        0.015493
          0.006054       -0.012857       -0.007785
          0.010646       -0.029115       -0.017296
          0.006092       -0.029150       -0.005246
         -0.004604       -0.021410        0.016179
         -0.015431       -0.025449        0.025792
         -0.021979       -0.047088        0.018474
         -0.020282       -0.064287        0.008420
         -0.009790       -0.049572        0.006874
          0.000923       -0.004746        0.008433
          0.001259        0.039545        0.002590
         -0.005646        0.058160       -0.010903
         -0.004715        0.053302       -0.023007
          0.008741        0.042544       -0.025463
          0.019504        0.037245       -0.016062
          0.013289        0.036006        0.000831
         -0.002337        0.031217        0.014700
         -0.008382        0.016674        0.014150
          0.000549       -0.007709       -0.002328
          0.012241       -0.033097       -0.022018
          0.014118       -0.044785       -0.028542
          0.005270       -0.035183       -0.016523
         -0.006591       -0.015086        0.005560
         -0.011975       -0.003834        0.023949
         -0.004577       -0.005354        0.028783
          0.012313       -0.003519        0.019336
          0.023920        0.013478        0.004972
          0.017284        0.034262       -0.001788
         -0.001545        0.038661        0.001573
         -0.012664        0.023778        0.002636
         -0.007396        0.005440       -0.011962
          0.001959       -0.003068       -0.037872
          0.001590       -0.004711       -0.055006
         -0.005704       -0.011239       -0.049531
         -0.009261       -0.027203       -0.028127
         -0.008011       -0.042581       -0.008822
         -0.008615       -0.041476       -0.002518
         -0.011016       -0.019329       -0.005444
         -0.007353        0.010580       -0.007284
          0.003960        0.029841       -0.004503
          0.012322        0.030764       -0.002824
          0.008359        0.017759       -0.004922
         -0.002243       -0.001078       -0.001922
         -0.006263       -0.018912        0.014640
         -0.001958       -0.030930        0.036872
          0.000013       -0.035395        0.048746
         -0.004418       -0.032651        0.048504
         -0.005525       -0.022062        0.047751
          0.003192       -0.004583        0.047585
          0.012578        0.011007        0.035290
          0.010476        0.014062        0.010180
         -0.001592        0.009830       -0.009582
         -0.011782        0.019837       -0.015456
         -0.012411        0.052058       -0.019984
         -0.005541        0.079831       -0.027737
          0.002285        0.069039       -0.021135
          0.006790        0.022836        0.007483
          0.008020       -0.020992        0.033737
          0.007046       -0.037883        0.031807
          0.002659       -0.040214        0.009218
         -0.005036       -0.047971       -0.008264
         -0.009045       -0.056951       -0.012679
         -0.001179       -0.048808       -0.015485
          0.014363       -0.019695       -0.021654
          0.021919        0.014292       -0.022537
          0.014380        0.035146       -0.015197
          0.003733        0.037105       -0.011940
          0.003665        0.024512       -0.022695
          0.010152        0.004447       -0.037778
          0.010458       -0.014101       -0.037685
          0.004328       -0.019329       -0.016196
          0.002516       -0.004622        0.013231
          0.007618        0.020792        0.033103
          0.009368        0.036541        0.039157
         -0.000498        0.031011        0.039647
         -0.017191        0.012509        0.039188
         -0.028542       -0.002654        0.030557
         -0.028349       -0.008424        0.008226
         -0.022343       -0.010362       -0.017830
         -0.019804       -0.012712       -0.033709
         -0.020390       -0.012007       -0.041236
         -0.014533       -0.004505       -0.050622
          0.001602        0.005999       -0.057427
          0.018287        0.011499       -0.046085
          0.023741        0.008784       -0.017523
          0.018301        0.002538        0.006545
          0.011783        0.000089        0.013338
          0.010178        0.003968        0.015682
          0.010254        0.008531        0.028548
          0.005991        0.003856        0.043313
         -0.003779       -0.014268        0.040717
         -0.014497       -0.036588        0.021412
         -0.020829       -0.045388        0.005681
         -0.021311       -0.030736        0.003507
         -0.017888       -0.000971        0.002693
         -0.012936        0.025531       -0.007812
         -0.008436        0.037173       -0.018895
         -0.004526        0.034666       -0.016235
          0.003535        0.023953       -0.001893
          0.020615        0.011031        0.011654
          0.039895        0.001722        0.020155
          0.044533       -0.002034        0.027487
          0.027879       -0.005469        0.033063
          0.003907       -0.013510        0.031199
         -0.009742       -0.021812        0.019937
         -0.011825       -0.022498        0.002307
         -0.013665       -0.015422       -0.017481
         -0.021304       -0.005582       -0.033019
         -0.028793        0.005969       -0.035899
         -0.027592        0.018717       -0.022868
         -0.017846        0.024736        0.000561
         -0.007635        0.016226        0.025046
         -0.001299       -0.000260        0.040235
          0.005913       -0.008194        0.034514
          0.016723       -0.001090        0.004058
          0.021938        0.010181       -0.035089
          0.011714        0.012164       -0.055815
         -0.007042        0.003628       -0.047261
         -0.016054       -0.007854       -0.025602
         -0.007940       -0.017242       -0.012788
          0.006941       -0.022845       -0.012533
          0.016434       -0.020203       -0.012932
          0.019641       -0.006034       -0.004829
          0.021093        0.010640        0.010518
          0.020382        0.012382        0.027141
          0.013954       -0.005247        0.039132
          0.003023       -0.023922        0.040589
         -0.006593       -0.022920        0.028002
         -0.011579       -0.005362        0.006431
         -0.013924        0.005537       -0.009466
         -0.016573       -0.003081       -0.006971
         -0.018748       -0.016983        0.009122
         -0.016509       -0.015241        0.017997
         -0.007942        0.000425        0.005905
          0.002613        0.009834       -0.016921
          0.007536        0.005297       -0.029932
          0.004567        0.001426       -0.027876
          0.000456        0.010037       -0.022953
          0.003270        0.022077       -0.024570
          0.012279        0.024176       -0.027372
          0.018660        0.020357       -0.020217
          0.015752        0.024586       -0.000567
          0.004924        0.038246        0.021849
         -0.008379        0.046420        0.033842
         -0.019122        0.035087        0.031424
         -0.022703        0.004706        0.023412
         -0.017272       -0.032050        0.019980
         -0.007491       -0.059217        0.019030
          0.000258       -0.064437        0.009327
          0.005896       -0.045359       -0.013446
          0.012232       -0.013751       -0.040740
          0.016867        0.011804       -0.060905
          0.016058        0.022331       -0.066385
          0.013031        0.024182       -0.051581
          0.013532        0.025141       -0.015475
          0.015243        0.021684        0.029090
          0.009405        0.007247        0.058095
         -0.006224       -0.013124        0.056220
         -0.021062       -0.026399        0.032278
         -0.022553       -0.026294        0.010915
         -0.012263       -0.015466        0.008515
         -0.004687        0.002099        0.019075
         -0.007650        0.020028        0.024947
         -0.012188        0.025676        0.018082
         -0.007522        0.010792        0.004911
          0.002777       -0.015063       -0.007099
          0.007993       -0.032600       -0.016716
          0.005893       -0.032882       -0.021867
          0.001977       -0.021008       -0.018393
         -0.000234       -0.004477       -0.010332
          0.000419        0.011577       -0.008462
          0.005829        0.021283       -0.012150
          0.013892        0.021604       -0.005882
          0.016012        0.018319        0.016958
          0.006849        0.019389        0.039348
         -0.006865        0.021872        0.042213
         -0.012697        0.013191        0.030666
         -0.005773       -0.011692        0.023426
          0.007050       -0.039491        0.022549
          0.014460       -0.050123        0.011562
          0.010775       -0.038016       -0.016234
         -0.000425       -0.016675       -0.044264
         -0.011913       -0.000651       -0.054022
         -0.019683        0.009914       -0.048103
         -0.022330        0.021250       -0.041625
         -0.018273        0.030877       -0.037963
         -0.009237        0.032198       -0.027059
         -0.002117        0.028830       -0.006568
         -0.000565        0.030081        0.010743
          0.000930        0.033745        0.014876
          0.007576        0.027510        0.010342
          0.014308        0.008583        0.004850
          0.013411       -0.011203       -0.000434
          0.006973       -0.022835       -0.003846
          0.002647       -0.030313        0.000026
          0.001539       -0.038543        0.009770
          0.000400       -0.042860        0.014934
          0.001522       -0.037970        0.010935
          0.007869       -0.027467        0.006107
          0.011770       -0.016497        0.007712
          0.003858       -0.003408        0.010850
         -0.008579        0.013152        0.009117
         -0.009239        0.025952        0.007294
          0.001753        0.026537        0.012753
          0.007582        0.016618        0.019919
          0.000625        0.005431        0.015201
         -0.008352       -0.001235       -0.003614
         -0.009381       -0.004038       -0.022870
         -0.006442       -0.004881       -0.029082
         -0.006405       -0.003672       -0.021364
         -0.006629        0.001043       -0.006708
         -0.000948        0.010895        0.008180
          0.008663        0.025142        0.017152
          0.013430        0.038020        0.015470
          0.008475        0.041860        0.005985
         -0.002222        0.034254       -0.001082
         -0.010769        0.019400        0.001002
         -0.012671        0.002484        0.008684
         -0.009038       -0.012980        0.014662
         -0.002963       -0.022539        0.016554
          0.004370       -0.022777        0.015962
          0.012432       -0.018531        0.012907
          0.017773       -0.020643        0.005792
          0.016051       -0.031676       -0.003654
          0.008789       -0.040184       -0.009104
          0.003474       -0.034297       -0.006246
          0.003990       -0.015895        0.000179
          0.005087        0.002796        0.001030
          0.000316        0.012353       -0.003963
         -0.008164        0.012806       -0.004819
         -0.012477        0.010707        0.002064
         -0.009564        0.012059        0.004559
         -0.004333        0.016713       -0.008726
         -0.002901        0.019624       -0.028745
         -0.005824        0.017831       -0.033729
         -0.008612        0.012932       -0.015218
         -0.007804        0.006064        0.011146
         -0.004865       -0.003167        0.021051
         -0.002618       -0.010512        0.004295
         -0.000073       -0.008000       -0.026841
          0.005099        0.004654       -0.049630
          0.010743        0.017325       -0.051139
          0.011993        0.022714       -0.036369
          0.007251        0.024271       -0.018023
         -0.002145        0.025477       -0.003290
         -0.014208        0.019187        0.008128
         -0.022932       -0.003783        0.019107
         -0.019382       -0.038265        0.031792
         -0.003875       -0.064133        0.045063
          0.010052       -0.064581        0.052924
          0.011938       -0.043953        0.048981
          0.006806       -0.024943        0.033930
          0.004098       -0.024637        0.015350
          0.004109       -0.034050       -0.000477
          0.003476       -0.028458       -0.012527
          0.003909       -0.000192       -0.019986
          0.006673        0.029401       -0.019141
          0.007151        0.038334       -0.009913
          0.002587        0.032931       -0.000566
         -0.002403        0.034685        0.001601
         -0.003852        0.047098        0.001015
         -0.004389        0.053838        0.006435
         -0.006551        0.046247        0.015077
         -0.007404        0.033533        0.014608
         -0.003863        0.024158        0.000559
          0.002383        0.014396       -0.018206
          0.007654        0.000594       -0.031639
          0.009400       -0.011203       -0.036842
          0.006349       -0.014735       -0.033921
          0.000129       -0.012365       -0.022930
         -0.004253       -0.009146       -0.007775
         -0.004163       -0.007562        0.003796
         -0.003560       -0.012536        0.008249
         -0.006347       -0.030834        0.010430
         -0.008132       -0.058461        0.016084
         -0.001457       -0.077086        0.023307
          0.011508       -0.070969        0.025836
          0.018643       -0.043141        0.022460
          0.012331       -0.010357        0.017195
         -0.000744        0.013301        0.010893
         -0.007700        0.024231       -0.000095
         -0.004520        0.026070       -0.015152
          0.001338        0.024491       -0.026177
          0.002423        0.024393       -0.026565
         -0.000246        0.028149       -0.018091
         -0.001902        0.033860       -0.006258
         -0.001159        0.035564        0.005548
          0.001406        0.028617        0.014839
          0.005927        0.017571        0.018724
          0.010084        0.015212        0.016909
          0.009053        0.028006        0.012373
          0.002341        0.044171        0.007535
         -0.005496        0.043534        0.001984
         -0.012835        0.020015       -0.006038
         -0.021742       -0.012376       -0.017481
         -0.029423       -0.037024       -0.030589
         -0.028114       -0.050685       -0.039508
         -0.016022       -0.058969       -0.036326
         -0.000855       -0.063047       -0.017420
          0.009291       -0.057788        0.011037
          0.012716       -0.041328        0.035204
          0.011877       -0.021107        0.043756
          0.010301       -0.008450        0.037406
          0.011611       -0.008233        0.027667
          0.016126       -0.014536        0.024956
          0.018146       -0.015710        0.027682
          0.011817       -0.003462        0.024418
          0.000485        0.020797        0.008495
         -0.005617        0.046268       -0.011624
         -0.003110        0.060769       -0.021656
         -0.000401        0.060577       -0.020288
         -0.004837        0.051004       -0.020375
         -0.011420        0.037119       -0.029431
         -0.010417        0.019113       -0.038466
         -0.001140       -0.000736       -0.035823
          0.008673       -0.013670       -0.023618
          0.013395       -0.014333       -0.011423
          0.012412       -0.011158        0.000741
          0.005759       -0.017336        0.020569
         -0.004662       -0.030902        0.044851
         -0.011179       -0.034197        0.056568
         -0.007454       -0.018741        0.046612
          0.000478       -0.000696        0.026646
          0.001004       -0.000193        0.011186
         -0.005041       -0.012056       -0.002441
         -0.006146       -0.013011       -0.023904
         -0.000554        0.003211       -0.048106
          0.000985        0.016219       -0.058853
         -0.004182        0.010310       -0.051067
         -0.004400       -0.001703       -0.035150
          0.005657        0.000660       -0.019121
          0.013681        0.013293        0.000307
          0.007979        0.014823        0.024408
         -0.004580        0.001167        0.041308
         -0.008142       -0.007552        0.037783
          0.001598        0.002896        0.017847
          0.014121        0.021950        0.000230
          0.017750        0.032169       -0.002684
          0.010822        0.030202        0.003875
         -0.000145        0.020316        0.007993
         -0.009251        0.001287        0.005558
         -0.015442       -0.026048       -0.000566
         -0.019135       -0.047105       -0.008879
         -0.019161       -0.045440       -0.017949
         -0.015421       -0.024405       -0.020085
         -0.011258       -0.004490       -0.007798
         -0.009927        0.000964        0.011647
         -0.009789       -0.002735        0.019125
         -0.004804       -0.004445        0.006866
          0.009102       -0.000926       -0.009441
          0.026540        0.004832       -0.009291
          0.033660        0.010581        0.006707
          0.022174        0.015732        0.017166
          0.001340        0.019284        0.005388
         -0.011142        0.019306       -0.020480
         -0.009436        0.013240       -0.034478
         -0.002775        0.000312       -0.019071
          0.000745       -0.013811        0.016893
          0.003247       -0.017826        0.047110
          0.007666       -0.005373        0.052812
          0.009182        0.016458        0.036455
          0.002335        0.033851        0.012933
         -0.008904        0.039627       -0.007000
         -0.014880        0.034556       -0.022601
         -0.012262        0.019110       -0.036031
         -0.006845       -0.005984       -0.044352
         -0.003919       -0.031562       -0.041489
         -0.001180       -0.044040       -0.026732
          0.005045       -0.041290       -0.007277
          0.011014       -0.035426        0.007982
          0.009754       -0.035080        0.014179
          0.001858       -0.032893        0.011183
         -0.004905       -0.017434        0.002999
         -0.006038        0.008238       -0.003870
         -0.004751        0.028901       -0.005143
         -0.006059        0.035929       -0.001578
         -0.010141        0.034561        0.004517
         -0.012251        0.032069        0.012549
         -0.008246        0.027930        0.020737
          0.000274        0.018656        0.024466
          0.006985        0.005201        0.022278
          0.007103       -0.008059        0.019199
          0.002358       -0.017953        0.018225
         -0.000002       -0.024861        0.013113
          0.005411       -0.032093       -0.002264
          0.013669       -0.040783       -0.021050
          0.012006       -0.043977       -0.029651
         -0.003382       -0.030857       -0.024985
         -0.017187       -0.001161       -0.015549
         -0.012102        0.028203       -0.006831
          0.006683        0.037276        0.002654
          0.018039        0.024288        0.010443
          0.014949        0.007195        0.008726
          0.010560        0.001159       -0.001151
          0.012492        0.001141       -0.004591
          0.011478       -0.006055        0.007140
          0.001799       -0.018768        0.022148
         -0.006752       -0.021718        0.022485
         -0.006316       -0.008535        0.007984
         -0.003582        0.009743       -0.005393
         -0.006206        0.020669       -0.008220
         -0.010216        0.023644       -0.007552
         -0.008279        0.023599       -0.013291
         -0.000622        0.021314       -0.023755
          0.006505        0.014875       -0.029172
          0.006646        0.003865       -0.024803
         -0.002381       -0.010945       -0.015737
         -0.013885       -0.026759       -0.009479
         -0.015229       -0.037267       -0.006833
         -0.002224       -0.036764       -0.001238
          0.013151       -0.024615        0.012521
          0.017009       -0.004085        0.028569
          0.011470        0.017887        0.032110
          0.009004        0.029569        0.016690
          0.012548        0.023167       -0.003013
          0.013325        0.007137       -0.004925
          0.007077       -0.000248        0.013569
         -0.000947        0.007059        0.032980
         -0.008151        0.016733        0.037096
         -0.017562        0.017860        0.028259
         -0.025624        0.016362        0.014233
         -0.022136        0.022523       -0.004420
         -0.008712        0.031626       -0.025018
         -0.002467        0.029242       -0.035160
         -0.011666        0.012042       -0.028342
         -0.020851       -0.008736       -0.017858
         -0.012486       -0.023499       -0.020224
          0.007024       -0.032455       -0.030213
          0.017181       -0.036365       -0.027384
          0.012574       -0.030526       -0.005554
          0.006863       -0.014042        0.018641
          0.009317        0.001910        0.028286
          0.012643        0.003481        0.024472
          0.008470       -0.009135        0.017350
          0.002084       -0.020969        0.010248
          0.001959       -0.020382        0.001467
          0.003254       -0.012256       -0.005894
         -0.004390       -0.007801       -0.007150
         -0.016092       -0.006391       -0.005889
         -0.015134        0.001803       -0.009983
          0.000988        0.016053       -0.018004
          0.014108        0.021401       -0.018861
          0.010631        0.009655       -0.006899
         -0.001566       -0.007375        0.009659
         -0.008812       -0.013040        0.018496
         -0.010226       -0.005666        0.017011
         -0.011275        0.003825        0.012973
         -0.010524        0.006971        0.013491
         -0.003665        0.003985        0.016807
          0.006525        0.000131        0.015683
          0.013471        0.001131        0.006828
          0.015790        0.008988       -0.005244
          0.016072        0.019480       -0.013598
          0.013757        0.026422       -0.016203
          0.005772        0.029127       -0.016617
         -0.006541        0.031504       -0.017629
         -0.016575        0.032962       -0.016093
         -0.019159        0.026136       -0.007347
         -0.014422        0.007164        0.004546
         -0.005459       -0.016887        0.006708
          0.003622       -0.035598       -0.006905
          0.008270       -0.045733       -0.024002
          0.006944       -0.048711       -0.026261
          0.003462       -0.042548       -0.011303
          0.002479       -0.024511        0.006087
          0.003930        0.000393        0.013863
          0.003959        0.020844        0.014127
         -0.000282        0.029036        0.013069
         -0.007005        0.025697        0.010298
         -0.009782        0.016909        0.004805
         -0.003844        0.008027        0.002989
          0.006421       -0.000243        0.010226
          0.011083       -0.008964        0.018782
          0.007132       -0.013858        0.015413
          0.001186       -0.007091        0.000142
         -0.001757        0.009520       -0.012343
         -0.004726        0.020572       -0.010927
         -0.010386        0.014780       -0.000234
         -0.013222        0.000773        0.007209
         -0.006629       -0.005195        0.006052
          0.005707       -0.002828        0.002701
          0.012583       -0.006165        0.006058
          0.009217       -0.019803        0.015755
          0.002744       -0.030783        0.021420
          0.002469       -0.027421        0.014267
          0.008948       -0.014895       -0.002183
          0.015242       -0.006873       -0.014964
          0.016015       -0.009054       -0.015420
          0.011573       -0.015683       -0.008401
          0.003943       -0.018216       -0.006646
         -0.006073       -0.013514       -0.017284
         -0.016227       -0.003674       -0.034850
         -0.021709        0.010459       -0.045636
         -0.019960        0.031636       -0.038399
         -0.013225        0.058447       -0.014549
         -0.004152        0.078420        0.010826
          0.005957        0.076338        0.021724
          0.012649        0.051149        0.016071
          0.010051        0.019228        0.005324
          0.000351       -0.002305        0.001285
         -0.007185       -0.011539        0.007418
         -0.009232       -0.017654        0.020025
         -0.010059       -0.026194        0.031613
         -0.009090       -0.035626        0.034619
         -0.000724       -0.044815        0.028073
          0.011273       -0.053808        0.020067
          0.014578       -0.057384        0.018212
          0.006807       -0.047959        0.018740
         -0.001258       -0.027365        0.012003
         -0.002993       -0.007318       -0.001599
         -0.001969        0.004764       -0.010279
          0.000125        0.012831       -0.008148
          0.006098        0.022073       -0.004761
          0.012193        0.029198       -0.011725
          0.009277        0.027515       -0.027083
         -0.001939        0.017021       -0.039875
         -0.009443        0.005005       -0.043843
         -0.006979       -0.001393       -0.038595
         -0.001808       -0.000369       -0.023293
         -0.001625        0.005504       -0.000230
         -0.003258        0.012016        0.018425
         -0.000083        0.014250        0.019737
          0.006233        0.008536        0.007437
          0.008358       -0.002695        0.000536
          0.004344       -0.010288        0.010928
         -0.000139       -0.007548        0.029720
         -0.000035        0.001164        0.039911
          0.002797        0.006025        0.035587
          0.002558        0.004397        0.022490
         -0.003030        0.002020        0.006281
         -0.009993        0.002824       -0.010172
         -0.013261        0.004081       -0.021366
         -0.012621        0.001832       -0.022116
         -0.011388       -0.003636       -0.016639
         -0.010903       -0.007823       -0.015384
         -0.009664       -0.005759       -0.020088
         -0.006755        0.001630       -0.020057
         -0.002367        0.004603       -0.007813
          0.004280       -0.005809        0.008366
          0.013285       -0.024078        0.013782
          0.020718       -0.033756        0.004584
          0.021555       -0.026901       -0.010172
          0.015918       -0.011758       -0.019563
          0.008070        0.001284       -0.018045
          0.000294        0.011794       -0.005865
         -0.007218        0.022377        0.010877
         -0.012214        0.028261        0.022466
         -0.012083        0.022001        0.022949
         -0.008415        0.005140        0.014997
         -0.004886       -0.010834        0.006146
         -0.002478       -0.014571        0.001983
         -0.000856       -0.004253        0.002957
         -0.001197        0.010873        0.005080
         -0.003046        0.017565        0.003798
         -0.001777        0.009993       -0.001197
          0.005658       -0.004806       -0.006259
          0.014869       -0.014149       -0.009199
          0.018661       -0.011790       -0.010948
          0.015898       -0.001385       -0.011459
          0.011555        0.010005       -0.008745
          0.009077        0.017884       -0.003291
          0.006862        0.020086        0.000750
          0.002648        0.015539        0.000190
         -0.002111        0.006273       -0.004039
         -0.004689       -0.001544       -0.008704
         -0.006593       -0.001387       -0.011283
         -0.012586        0.008504       -0.011441
         -0.022405        0.023341       -0.010863
         -0.027653        0.033816       -0.011415
         -0.021836        0.031359       -0.013012
         -0.010777        0.014610       -0.013404
         -0.006356       -0.009255       -0.009730
         -0.010138       -0.031142       -0.000541
         -0.010386       -0.046588        0.012559
          0.001951       -0.054971        0.025277
          0.020406       -0.055629        0.033417
          0.030777       -0.047002        0.035344
          0.027445       -0.028617        0.031632
          0.016793       -0.004650        0.022969
          0.007317        0.014265        0.009275
          0.001451        0.018253       -0.008387
         -0.003552        0.010965       -0.025287
         -0.009937        0.008927       -0.034185
         -0.015467        0.021419       -0.030387
         -0.015417        0.035745       -0.015733
         -0.008889        0.031843        0.002371
         -0.001036        0.009718        0.016351
          0.002888       -0.009202        0.023945
          0.003321       -0.010787        0.027589
          0.003835       -0.006138        0.028090
          0.005439       -0.012617        0.022973
          0.006381       -0.026517        0.013185
          0.005523       -0.027595        0.005766
          0.003462       -0.008134        0.005824
          0.001576        0.015505        0.009898
          0.001115        0.024264        0.009665
          0.002245        0.019683       -0.000874
          0.003596        0.017818       -0.020487
          0.003218        0.025271       -0.038203
         -0.000108        0.031531       -0.039229
         -0.006111        0.025163       -0.020803
         -0.012246        0.008741        0.000495
         -0.014302       -0.006203        0.004520
         -0.010613       -0.013322       -0.011379
         -0.005231       -0.015328       -0.032208
         -0.002536       -0.017216       -0.041456
          0.000312       -0.021342       -0.031409
          0.008380       -0.027784       -0.004183
          0.017195       -0.034196        0.028395
          0.016057       -0.035072        0.049942
          0.004664       -0.025286        0.052375
         -0.003724       -0.006363        0.041908
          0.000586        0.011990        0.029694
          0.011562        0.019386        0.021002
          0.016615        0.015784        0.014431
          0.011581        0.012610        0.005526
          0.001841        0.019013       -0.009579
         -0.006889        0.029955       -0.028685
         -0.013353        0.033478       -0.042267
         -0.017963        0.026489       -0.042681
         -0.019224        0.016820       -0.033288
         -0.014049        0.012574       -0.023554
         -0.002156        0.015475       -0.016814
          0.010044        0.021549       -0.008942
          0.013729        0.022756        0.000927
          0.007778        0.011272        0.005609
          0.000360       -0.012238        0.000167
         -0.001457       -0.036361       -0.007337
          0.000932       -0.048375       -0.002172
          0.001917       -0.044789        0.019462
         -0.001141       -0.032163        0.044175
         -0.005706       -0.020561        0.054833
         -0.006607       -0.016356        0.046320
         -0.001844       -0.018262        0.025767
          0.003855       -0.019613        0.002770
          0.004698       -0.015346       -0.015075
          0.001735       -0.005959       -0.021241
         -0.000156        0.004809       -0.013433
         -0.000871        0.013420        0.001744
         -0.003888        0.018098        0.012520
         -0.008529        0.019891        0.011389
         -0.010415        0.021221       -0.000875
         -0.008583        0.021103       -0.017527
         -0.006052        0.015130       -0.029150
         -0.003730        0.003818       -0.029452
          0.000757       -0.004207       -0.022537
          0.007503       -0.003945       -0.019905
          0.012448       -0.003980       -0.025807
          0.012710       -0.015091       -0.030810
          0.009850       -0.031550       -0.024532
          0.006345       -0.034712       -0.009026
          0.002792       -0.015959        0.005742
         -0.000444        0.013177        0.014459
         -0.003063        0.035561        0.018428
         -0.006478        0.044653        0.019064
         -0.011515        0.042911        0.016500
         -0.015366        0.032112        0.013098
         -0.014087        0.012646        0.012227
         -0.006005       -0.010483        0.014027
          0.007862       -0.028034        0.016915
          0.021605       -0.034239        0.021314
          0.024528       -0.031050        0.026622
          0.012515       -0.024271        0.027039
         -0.003149       -0.017968        0.017163
         -0.008804       -0.012760        0.001169
         -0.005834       -0.006690       -0.009600
         -0.003583        0.003227       -0.009530
         -0.002607        0.017899       -0.005235
          0.000598        0.032803       -0.006562
          0.000884        0.039184       -0.013047
         -0.006764        0.031207       -0.014039
         -0.013073        0.012528       -0.004305
         -0.005943       -0.005946        0.005782
          0.009288       -0.015809        0.002272
          0.016423       -0.017267       -0.013260
          0.011478       -0.015218       -0.025423
          0.005146       -0.012480       -0.024575
          0.004113       -0.008533       -0.015048
          0.002816       -0.001895       -0.003863
         -0.004585        0.007945        0.007987
         -0.013596        0.018086        0.020210
         -0.015442        0.021412        0.028672
         -0.009492        0.012618        0.030815
         -0.004109       -0.004469        0.028761
         -0.004400       -0.019941        0.022798
         -0.004406       -0.028042        0.008417
          0.003394       -0.029875       -0.014393
          0.014469       -0.026700       -0.034588
          0.016660       -0.016359       -0.040785
          0.007794        0.001547       -0.035351
         -0.000789        0.020644       -0.029557
         -0.000917        0.032251       -0.026990
          0.001796        0.035110       -0.021153
         -0.000805        0.036280       -0.008803
         -0.006413        0.039168        0.004046
         -0.007797        0.035503        0.010757
         -0.004280        0.016464        0.011182
          0.000034       -0.010259        0.008442
          0.003926       -0.023757        0.003630
          0.007844       -0.013541       -0.004252
          0.009522        0.005826       -0.014301
          0.006741        0.009268       -0.020679
          0.001057       -0.010891       -0.016165
         -0.004988       -0.036688       -0.001245
         -0.010527       -0.045410        0.013105
         -0.014022       -0.033341        0.016224
         -0.013345       -0.014600        0.010338
         -0.010202       -0.001558        0.008154
         -0.008420        0.005543        0.018153
         -0.006222        0.010648        0.036120
          0.001554        0.012482        0.050854
          0.011003        0.007861        0.053254
          0.009968        0.000268        0.039947
         -0.002597       -0.001492        0.014909
         -0.009817        0.006205       -0.010582
          0.000868        0.017703       -0.025143
          0.018614        0.025607       -0.025975
          0.023360        0.026942       -0.017632
          0.011223        0.020198       -0.005368
         -0.004572        0.003178        0.005946
         -0.011631       -0.021659        0.011598
         -0.007968       -0.044203        0.011940
          0.001406       -0.053666        0.012679
          0.009463       -0.047094        0.014944
          0.010991       -0.029621        0.010791
          0.006230       -0.009176       -0.005832
         -0.000366        0.007561       -0.028761
         -0.005590        0.017081       -0.045349
         -0.008712        0.019821       -0.048532
         -0.008181        0.018435       -0.039899
         -0.002371        0.014626       -0.025489
          0.005961        0.009088       -0.012542
          0.010846        0.003925       -0.006326
          0.009686        0.001132       -0.005091
          0.005150       -0.001754        0.000025
          0.000110       -0.008864        0.015229
         -0.005782       -0.016888        0.034347
         -0.013006       -0.014812        0.043222
         -0.018301        0.003245        0.035193
         -0.017232        0.028912        0.018423
         -0.010821        0.046852        0.005455
         -0.005949        0.048974       -0.000901
         -0.006476        0.039525       -0.007047
         -0.007134        0.028324       -0.016678
         -0.000904        0.020521       -0.025427
          0.009932        0.012274       -0.027016
          0.016537       -0.002962       -0.019110
          0.016517       -0.023776       -0.003018
          0.016546       -0.039999        0.016420
          0.020117       -0.044513        0.030081
          0.020440       -0.041591        0.029898
          0.011056       -0.040100        0.017231
         -0.002033       -0.041855        0.002432
         -0.007078       -0.040727       -0.004850
         -0.003230       -0.031436       -0.002569
         -0.001335       -0.015358        0.004907
         -0.007101        0.002226        0.010207
         -0.012888        0.017622        0.005924
         -0.010559        0.030698       -0.009659
         -0.004107        0.043102       -0.027584
         -0.002560        0.054793       -0.033642
         -0.006191        0.061234       -0.022424
         -0.007539        0.055165       -0.003889
         -0.003405        0.033510        0.006434
          0.000608        0.002341        0.002069
         -0.002058       -0.026895       -0.010627
         -0.009524       -0.045802       -0.019929
         -0.012177       -0.051863       -0.017665
         -0.003914       -0.044342       -0.004575
          0.009850       -0.023414        0.009414
          0.019327        0.003288        0.013392
          0.022179        0.019323        0.007545
          0.021626        0.013643        0.002800
          0.016663       -0.004412        0.005047
          0.004178       -0.012652        0.006899
         -0.010709       -0.000605        0.001037
         -0.017074        0.019827       -0.006261
         -0.012528        0.030032       -0.003424
         -0.006719        0.024208        0.009960
         -0.007919        0.009840        0.022593
         -0.012950       -0.005105        0.024168
         -0.014081       -0.018725        0.013660
         -0.010071       -0.029892       -0.001815
         -0.005043       -0.032517       -0.011866
         -0.000445       -0.019985       -0.008686
          0.005211        0.004258        0.007102
          0.010186        0.024659        0.025295
          0.009790        0.026888        0.032741
          0.003717        0.013121        0.022836
         -0.002346        0.000235       -0.000001
         -0.004397        0.001812       -0.023444
         -0.004586        0.014656       -0.035442
         -0.005207        0.023739       -0.033100
         -0.003093        0.018188       -0.025336
          0.005010        0.001031       -0.023852
          0.014552       -0.016040       -0.029075
          0.016825       -0.025242       -0.028077
          0.010146       -0.027393       -0.010153
          0.002479       -0.025727        0.018089
          0.001879       -0.021223        0.038478
          0.007764       -0.015653        0.041236
          0.012661       -0.012727        0.033433
          0.009917       -0.012279        0.026877
         -0.001128       -0.008464        0.023745
         -0.015158        0.001823        0.017829
         -0.024903        0.012871        0.006077
         -0.026466        0.017168       -0.006369
         -0.021219        0.015296       -0.012541
         -0.012373        0.013836       -0.011670
         -0.001389        0.015655       -0.009381
          0.010885        0.017624       -0.010557
          0.021591        0.017112       -0.012808
          0.026905        0.015175       -0.008984
          0.024865        0.012185        0.001716
          0.016248        0.005500        0.008099
          0.004714       -0.005018       -0.001382
         -0.003856       -0.012519       -0.022196
         -0.006097       -0.009122       -0.036567
         -0.005380        0.003799       -0.033951
         -0.006756        0.015054       -0.021646
         -0.008802        0.014752       -0.013216
         -0.006731        0.003782       -0.012918
         -0.002004       -0.008821       -0.014005
         -0.000835       -0.015174       -0.007190
         -0.003908       -0.013467        0.011269
         -0.005882       -0.007094        0.035559
         -0.005056       -0.002079        0.052693
         -0.005684       -0.002665        0.052315
         -0.009995       -0.006468        0.035669
         -0.014112       -0.006676        0.013689
         -0.012873       -0.001144       -0.002507
         -0.005752        0.004794       -0.007697
          0.001814        0.006947       -0.003174
          0.003384        0.007971        0.003805
         -0.000009        0.010431        0.003643
          0.000182        0.010309       -0.006757
          0.007320        0.003667       -0.018848
          0.013189       -0.005098       -0.019820
          0.010761       -0.008796       -0.005738
          0.005404       -0.008070        0.013709
          0.004876       -0.009620        0.023477
          0.006194       -0.015755        0.016840
          0.002061       -0.021910        0.001656
         -0.006030       -0.023736       -0.008138
         -0.010157       -0.021426       -0.007230
         -0.006985       -0.016891       -0.002176
          0.000787       -0.010572       -0.000521
          0.010200       -0.002072       -0.002912
          0.018592        0.007573       -0.007999
          0.021188        0.014464       -0.017566
          0.014858        0.013441       -0.030714
          0.003647        0.004104       -0.038409
         -0.004441       -0.004969       -0.031814
         -0.005917       -0.003039       -0.013648
         -0.003664        0.010273        0.005670
         -0.001642        0.023787        0.020683
         -0.001162        0.027408        0.031996
         -0.001371        0.021330        0.037294
         -0.000955        0.011610        0.031134
         -0.000044        0.002144        0.014041
         -0.000576       -0.005865       -0.006319
         -0.002966       -0.010429       -0.023436
         -0.004221       -0.009766       -0.034430
         -0.002933       -0.005867       -0.035291
         -0.003127       -0.002406       -0.022826
         -0.007843        0.001053       -0.003098
         -0.012601        0.007363        0.010190
         -0.011478        0.013717        0.009939
         -0.005610        0.012866        0.003494
          0.000551        0.005179        0.002905
          0.006362        0.001119        0.010992
          0.011781        0.005904        0.020401
          0.012485        0.009001        0.023500
          0.005707       -0.002511        0.018676
         -0.002990       -0.024281        0.008313
         -0.005979       -0.038049       -0.003643
         -0.003898       -0.034023       -0.011278
         -0.003001       -0.020806       -0.009982
         -0.004439       -0.010825       -0.002657
         -0.003725       -0.004114        0.002290
         -0.000002        0.007703        0.001275
          0.002029        0.025871       -0.001165
          0.000176        0.039950       -0.001107
         -0.002280        0.039313       -0.001163
         -0.002846        0.025744       -0.004454
         -0.002640        0.012789       -0.008277
         -0.001885        0.012341       -0.008532
          0.001199        0.021938       -0.006113
          0.005764        0.026891       -0.003372
          0.008025        0.016471        0.002127
          0.006353       -0.003936        0.012896
          0.002189       -0.019536        0.021963
         -0.003432       -0.023339        0.017024
         -0.009600       -0.022631       -0.002997
         -0.012597       -0.027726       -0.022735
         -0.008028       -0.037887       -0.026422
          0.003038       -0.041757       -0.014002
          0.012487       -0.031490        0.002402
          0.012163       -0.013003        0.012348
          0.003314        0.000612        0.013453
         -0.003054        0.004192        0.009526
          0.001784        0.004890        0.006623
          0.013409        0.011329        0.007387
          0.019421        0.022894        0.007676
          0.014076        0.032168        0.002780
          0.002731        0.034375       -0.003508
         -0.007099        0.030424       -0.002462
         -0.012901        0.022494        0.006533
         -0.015407        0.011400        0.014019
         -0.015691       -0.000898        0.013749
         -0.015313       -0.009906        0.010770
         -0.015201       -0.012306        0.012522
         -0.013347       -0.010190        0.017884
         -0.006660       -0.009620        0.019313
          0.004124       -0.013977        0.011635
          0.013691       -0.019968       -0.004151
          0.017121       -0.022497       -0.021845
          0.014152       -0.021896       -0.033239
          0.007943       -0.021105       -0.034398
          0.001074       -0.016813       -0.029848
         -0.005984       -0.002599       -0.027020
         -0.012790        0.016795       -0.026442
         -0.016733        0.024738       -0.021325
         -0.014507        0.012379       -0.007804
         -0.006481       -0.008734        0.007547
          0.001953       -0.019995        0.013079
          0.005776       -0.015909        0.005132
          0.006731       -0.005733       -0.006233
          0.011071       -0.000081       -0.007130
          0.019594       -0.001029        0.005160
          0.024163       -0.002988        0.020610
          0.018268       -0.000489        0.029307
          0.006904        0.003960        0.030153
         -0.000601        0.001305        0.025700
         -0.004009       -0.011203        0.015808
         -0.009886       -0.021786        0.001355
         -0.018415       -0.016238       -0.010608
         -0.022425        0.003114       -0.011933
         -0.019329        0.019630       -0.003541
         -0.014399        0.024008        0.003178
         -0.010536        0.023894       -0.002874
         -0.003416        0.029246       -0.020327
          0.009575        0.038200       -0.034979
          0.022067        0.042907       -0.033356
          0.025271        0.040591       -0.016704
          0.018607        0.031374        0.000709
          0.009730        0.012150        0.007520
          0.004894       -0.018124        0.006202
          0.002378       -0.049964        0.006749
         -0.003261       -0.068056        0.013210
         -0.012414       -0.064650        0.020268
         -0.019229       -0.044619        0.021938
         -0.018818       -0.018798        0.019569
         -0.011863        0.003824        0.019100
         -0.002167        0.018788        0.022207
          0.006585        0.025912        0.023541
          0.012383        0.027412        0.017932
          0.016255        0.024566        0.007879
          0.019670        0.017016        0.000777
          0.019095        0.006385       -0.000973
          0.009291       -0.002687       -0.003628
         -0.005889       -0.007715       -0.013735
         -0.014404       -0.011011       -0.028194
         -0.011102       -0.013971       -0.036388
         -0.003816       -0.012519       -0.032457
         -0.001225       -0.002557       -0.021878
         -0.002489        0.012179       -0.014459
         -0.002518        0.021682       -0.014269
         -0.000659        0.019202       -0.018084
          0.000417        0.007611       -0.019947
          0.000138       -0.003726       -0.015334
          0.000477       -0.007503       -0.004288
          0.002961       -0.004188        0.007827
          0.006860       -0.000244        0.014756
          0.009108       -0.000416        0.014708
          0.006357       -0.001531        0.010152
         -0.001580        0.003712        0.004498
         -0.011204        0.015149        0.001249
         -0.018731        0.021476        0.003424
         -0.022443        0.013282        0.009735
         -0.021745       -0.002818        0.013142
         -0.016463       -0.010116        0.008225
         -0.007856       -0.002107        0.000006
          0.001432        0.009802        0.000299
          0.009198        0.010818        0.013293
          0.014444       -0.001208        0.029024
          0.016225       -0.017686        0.034576
          0.013525       -0.031081        0.028506
          0.007465       -0.038745        0.019472
          0.002171       -0.038443        0.012998
          0.001208       -0.027246        0.006536
          0.003435       -0.006183       -0.002579
          0.004777        0.017235       -0.012330
          0.004115        0.033395       -0.021209
          0.004319        0.038012       -0.030306
          0.006558        0.034680       -0.037340
          0.007137        0.029444       -0.036706
          0.002670        0.024092       -0.028799
         -0.004188        0.016587       -0.020791
         -0.007633        0.006455       -0.014702
         -0.005897       -0.003632       -0.004146
         -0.002061       -0.011291        0.012918
          0.001166       -0.016333        0.027739
          0.003462       -0.018874        0.031699
          0.004105       -0.018261        0.025317
          0.001364       -0.015036        0.013211
         -0.004771       -0.011799       -0.000918
         -0.012031       -0.010093       -0.011477
         -0.017481       -0.007750       -0.012854
         -0.017829       -0.001991       -0.008025
         -0.011348        0.005553       -0.006818
         -0.001921        0.009916       -0.011966
          0.003837        0.008265       -0.015144
          0.005581        0.000898       -0.010701
          0.008459       -0.011532       -0.004117
          0.011985       -0.026048       -0.000795
          0.009310       -0.033251        0.004510
          0.000189       -0.023196        0.017988
         -0.005524        0.001208        0.033202
         -0.001482        0.022614        0.037511
          0.006285        0.026043        0.028465
          0.008058        0.013676        0.014717
          0.001825       -0.001078        0.003210
         -0.006733       -0.009495       -0.005958
         -0.010999       -0.011847       -0.013028
         -0.008479       -0.010696       -0.015285
         -0.002209       -0.007886       -0.012003
          0.002078       -0.006042       -0.006825
          0.001373       -0.006049       -0.002776
         -0.002474       -0.004014        0.000679
         -0.005690        0.004167        0.003278
         -0.005627        0.016332        0.001438
         -0.001573        0.025932       -0.006328
          0.004554        0.028734       -0.015323
          0.008723        0.024638       -0.019894
          0.008457        0.015179       -0.019714
          0.005285        0.003031       -0.017084
          0.002234       -0.007198       -0.010831
          0.000826       -0.011694        0.002008
          0.001463       -0.011935        0.018848
          0.003648       -0.013724        0.030976
          0.004820       -0.019413        0.032244
          0.002458       -0.022956        0.024452
         -0.001912       -0.016548        0.012192
         -0.004268       -0.001188       -0.002159
         -0.003585        0.014431       -0.014913
         -0.002057        0.024943       -0.019848
         -0.000654        0.031272       -0.016975
          0.001518        0.032087       -0.015912
          0.004197        0.021527       -0.022791
          0.005575       -0.000165       -0.029428
          0.004294       -0.021514       -0.023640
          0.000502       -0.031549       -0.005791
         -0.003510       -0.030878        0.012366
         -0.004104       -0.025396        0.021533
         -0.000873       -0.015757        0.020999
          0.000970       -0.000942        0.014551
         -0.002384        0.013065        0.006940
         -0.006099        0.017242        0.002613
         -0.003470        0.010526        0.002670
          0.002415        0.000862        0.003902
          0.003113       -0.003668        0.004033
         -0.000867       -0.001466        0.005573
         -0.001138        0.003341        0.010625
          0.003552        0.006018        0.014793
          0.004638        0.005960        0.012078
         -0.002336        0.006381        0.004392
         -0.010413        0.009015       -0.000243
         -0.010730        0.011288        0.001121
         -0.002986        0.010416        0.003136
          0.006533        0.007847        0.000727
          0.012833        0.006721       -0.004768
          0.014355        0.006431       -0.009095
          0.010354        0.003148       -0.010417
          0.001578       -0.003834       -0.010138
         -0.007030       -0.008875       -0.011036
         -0.009614       -0.005681       -0.014887
         -0.006119        0.003499       -0.020412
         -0.001563        0.007404       -0.023742
          0.001195       -0.002425       -0.021881
          0.003427       -0.021138       -0.015439
          0.005822       -0.035797       -0.006988
          0.006641       -0.039300        0.002457
          0.004778       -0.033708        0.012563
          0.001146       -0.021448        0.019661
         -0.002980       -0.001866        0.019234
         -0.006635        0.021079        0.014519
         -0.008239        0.035989        0.015984
         -0.005721        0.035113        0.027776
          0.001041        0.023694        0.040347
          0.007805        0.012808        0.041339
          0.008588        0.007127        0.029273
          0.002933        0.005384        0.012314
         -0.002066        0.007790       -0.002275
         -0.000325        0.014445       -0.012728
          0.004899        0.019196       -0.019358
          0.005149        0.014547       -0.021832
         -0.002040        0.003087       -0.021043
         -0.010121       -0.003959       -0.020727
         -0.011890       -0.001630       -0.024315
         -0.007535        0.002012       -0.030267
         -0.002930       -0.002174       -0.032267
         -0.002196       -0.011006       -0.024909
         -0.004025       -0.014059       -0.009193
         -0.004338       -0.009658        0.007703
         -0.000845       -0.007479        0.018646
          0.004591       -0.014062        0.022678
          0.007258       -0.023704        0.023391
          0.003973       -0.027320        0.021308
         -0.003301       -0.023820        0.012711
         -0.008806       -0.018002       -0.001109
         -0.008201       -0.011995       -0.009802
         -0.002253       -0.004452       -0.006040
          0.004216        0.003796        0.002994
          0.006680        0.008822        0.004615
          0.004436        0.009366       -0.002381
          0.000375        0.009197       -0.009040
         -0.002142        0.010868       -0.011561
         -0.002213        0.010789       -0.014114
         -0.001897        0.005316       -0.017081
         -0.003570       -0.001037       -0.014437
         -0.005963        0.000161       -0.005185
         -0.004127        0.009717        0.003056
          0.004025        0.019491        0.005773
          0.012515        0.022273        0.008571
          0.013394        0.017526        0.017726
          0.007572        0.007975        0.029068
          0.003299       -0.003383        0.030781
          0.003587       -0.012377        0.015813
          0.003191       -0.015073       -0.009971
         -0.000291       -0.011531       -0.031374
         -0.001665       -0.005392       -0.036256
          0.001757       -0.000045       -0.025791
          0.004032        0.002318       -0.012096
         -0.000340       -0.000327       -0.005286
         -0.008222       -0.007718       -0.004339
         -0.013438       -0.015001       -0.001254
         -0.014871       -0.016562        0.008680
         -0.014970       -0.012073        0.022715
         -0.014338       -0.005795        0.033800
         -0.011024       -0.001100        0.035295
         -0.003657        0.000986        0.025648
          0.005917       -0.000121        0.011238
          0.013528       -0.003392        0.001449
          0.016725       -0.004810       -0.001017
          0.016179       -0.001856       -0.000657
          0.012440        0.002200        0.000442
          0.005433        0.003219        0.004738
         -0.001676        0.003922        0.009313
         -0.003980        0.011125        0.003987
         -0.002086        0.025171       -0.013987
         -0.001805        0.037110       -0.031497
         -0.004923        0.037779       -0.034071
         -0.006229        0.026333       -0.023623
         -0.001647        0.009168       -0.014261
          0.005558       -0.006029       -0.014002
          0.008775       -0.014251       -0.017732
          0.005823       -0.015021       -0.016711
          0.001509       -0.012729       -0.008589
          0.002455       -0.013036        0.002622
          0.008737       -0.016639        0.011598
          0.012078       -0.018013        0.015148
          0.005247       -0.012613        0.014146
         -0.007659       -0.003476        0.013357
         -0.014515        0.002947        0.016570
         -0.009503        0.005928        0.021674
         -0.000118        0.010301        0.023583
          0.002573        0.017306        0.020875
         -0.002899        0.020675        0.015237
         -0.009237        0.013585        0.006101
         -0.011459       -0.003035       -0.007921
         -0.010572       -0.020285       -0.022669
         -0.007443       -0.028822       -0.030128
         -0.001070       -0.027243       -0.027593
          0.005842       -0.023052       -0.019531
          0.007089       -0.023239       -0.009556
          0.001694       -0.023927        0.002942
         -0.002970       -0.013944        0.016423
         -0.000052        0.008865        0.024466
          0.008249        0.030466        0.023038
          0.013858        0.035803        0.015213
          0.012241        0.026988        0.005678
          0.006083        0.018432       -0.004198
          0.001272        0.016529       -0.013080
          0.001493        0.013946       -0.016905
          0.005391        0.003888       -0.013214
          0.007549       -0.009744       -0.004879
          0.004145       -0.018538        0.002956
         -0.002005       -0.018260        0.007003
         -0.005111       -0.009827        0.006009
         -0.004423        0.001779        0.000616
         -0.004029        0.008778       -0.005221
         -0.005735        0.006403       -0.006169
         -0.007677       -0.002192       -0.001374
         -0.009001       -0.009807        0.004113
         -0.010190       -0.011529        0.005830
         -0.009841       -0.005401        0.005057
         -0.006447        0.007375        0.005334
         -0.002009        0.019514        0.007388
          0.001078        0.021471        0.010424
          0.004489        0.012743        0.014582
          0.009925        0.003683        0.018520
          0.013289        0.001949        0.018224
          0.009607        0.002932        0.012005
          0.001748       -0.001887        0.003493
         -0.003216       -0.012620       -0.003529
         -0.004960       -0.022186       -0.010101
         -0.009027       -0.025184       -0.018434
         -0.015462       -0.020449       -0.026004
         -0.016759       -0.009324       -0.027654
         -0.008782        0.003017       -0.022602
          0.002928        0.008639       -0.015131
          0.010177        0.004972       -0.008452
          0.011061       -0.001380       -0.002488
          0.009514       -0.003413        0.001827
          0.008673       -0.002310        0.001571
          0.007756       -0.002549       -0.002896
          0.005631       -0.002504       -0.006629
          0.004602        0.003762       -0.006393
          0.007355        0.016531       -0.004179
          0.011207        0.027501       -0.002586
          0.010545        0.027922       -0.000513
          0.005323        0.017220        0.004592
          0.000709        0.002943        0.012700
         -0.002663       -0.006355        0.020617
         -0.009643       -0.007629        0.024010
         -0.019494       -0.003775        0.020063
         -0.023340        0.000667        0.009769
         -0.016863        0.002570       -0.001791
         -0.007308        0.000174       -0.008223
         -0.003371       -0.006078       -0.006795
         -0.004667       -0.011839       -0.002412
         -0.005212       -0.011866       -0.004947
         -0.002044       -0.006141       -0.018589
          0.003092        0.000200       -0.034207
          0.006752        0.003416       -0.037030
          0.006124        0.003651       -0.022667
          0.001426        0.000945       -0.000996
         -0.002787       -0.005776        0.016412
         -0.001469       -0.014214        0.027017
          0.005096       -0.017993        0.033222
          0.011671       -0.013080        0.034094
          0.014192       -0.002688        0.027343
          0.012914        0.005368        0.015907
          0.009512        0.005169        0.005516
          0.004546       -0.002382       -0.002803
         -0.001004       -0.009467       -0.011332
         -0.005060       -0.007881       -0.018261
         -0.007271        0.002517       -0.018799
         -0.009444        0.013871       -0.013690
         -0.011118        0.020080       -0.010059
         -0.008423        0.023010       -0.011970
         -0.000442        0.026748       -0.014306
          0.006791        0.029957       -0.008578
          0.006914        0.027967        0.006203
          0.001786        0.018943        0.020048
         -0.000967        0.003931        0.020871
          0.001795       -0.014819        0.007490
          0.005168       -0.030773       -0.007767
          0.003402       -0.034436       -0.010802
         -0.002989       -0.025228        0.001124
         -0.008748       -0.016745        0.018572
         -0.009644       -0.021438        0.029728
         -0.005438       -0.033816        0.029258
          0.000549       -0.037532        0.019683
          0.004060       -0.026164        0.007259
          0.004044       -0.007947       -0.002804
          0.003679        0.008406       -0.008438
          0.005519        0.022545       -0.010107
          0.008129        0.035424       -0.010189
          0.009891        0.042038       -0.012843
          0.011766        0.036708       -0.021039
          0.013072        0.021898       -0.031321
          0.009772        0.006591       -0.034042
          0.000563       -0.003503       -0.022474
         -0.010437       -0.010155       -0.001348
         -0.019082       -0.016382        0.016165
         -0.023456       -0.020161        0.020192
         -0.020596       -0.017850        0.011975
         -0.008988       -0.011655        0.001510
          0.004914       -0.008384       -0.000528
          0.011101       -0.009757        0.009399
          0.008503       -0.008879        0.023951
          0.005440       -0.000019        0.030035
          0.006301        0.011606        0.021600
          0.006071        0.015265        0.006192
          0.000707        0.008928       -0.004487
         -0.005198        0.002401       -0.007786
         -0.005713        0.004772       -0.010024
         -0.002292        0.013483       -0.016452
         -0.000210        0.019422       -0.025299
         -0.000479        0.019090       -0.029406
         -0.000263        0.016051       -0.021629
          0.000809        0.012521       -0.001737
         -0.000429        0.006546        0.020445
         -0.005149       -0.002228        0.031491
         -0.009727       -0.009933        0.025566
         -0.010300       -0.013043        0.008864
         -0.007614       -0.011973       -0.006417
         -0.004985       -0.009393       -0.012600
         -0.002837       -0.007226       -0.012195
          0.001920       -0.005823       -0.012522
          0.010477       -0.004660       -0.015006
          0.018485       -0.002939       -0.013885
          0.020204       -0.000004       -0.006294
          0.014983        0.003525        0.002723
          0.007051        0.004989        0.007805
          0.000540        0.001918        0.009321
         -0.002411       -0.004191        0.008696
         -0.001249       -0.008160        0.004517
          0.001460       -0.006759       -0.002650
          0.000638       -0.002523       -0.007458
         -0.005326        0.000198       -0.006145
         -0.011550        0.001289       -0.001374
         -0.012620        0.003253        0.002515
         -0.009043        0.004748        0.005112
         -0.005522        0.001294        0.007845
         -0.005217       -0.006671        0.009495
         -0.007176       -0.011917        0.006935
         -0.007663       -0.009294       -0.000749
         -0.003807       -0.002204       -0.010566
          0.003081        0.003137       -0.017685
          0.008912        0.006140       -0.018338
          0.011647        0.010108       -0.011402
          0.012302        0.015265        0.000771
          0.011754        0.018668        0.012510
          0.009965        0.018895        0.018504
          0.007290        0.016567        0.018842
          0.003196        0.012608        0.017696
         -0.004204        0.008935        0.016000
         -0.013810        0.007338        0.009785
         -0.019668        0.005316       -0.002173
         -0.017354       -0.002320       -0.013961
         -0.009783       -0.015002       -0.019287
         -0.003590       -0.024388       -0.018784
         -0.002035       -0.024139       -0.016804
         -0.003455       -0.017704       -0.014240
         -0.004018       -0.012817       -0.009055
         -0.000481       -0.011561       -0.002001
          0.007132       -0.010197        0.002958
          0.014383       -0.006870        0.003696
          0.015856       -0.004179        0.001981
          0.010267       -0.003546        0.000623
          0.001427       -0.001979        0.001393
         -0.004853        0.002877        0.005459
         -0.004654        0.007965        0.012940
          0.000882        0.008567        0.021447
          0.006136        0.004908        0.026754
          0.007172        0.002099        0.025693
          0.006164        0.003936        0.018433
          0.006842        0.008222        0.008237
          0.008205        0.008610       -0.000996
          0.006824        0.001574       -0.007205
          0.002530       -0.008537       -0.010576
         -0.002537       -0.013092       -0.012161
         -0.007631       -0.008658       -0.012330
         -0.011996       -0.000989       -0.010374
         -0.012697        0.001868       -0.005841
         -0.008034       -0.001439        0.000007
         -0.001339       -0.005432        0.005031
          0.001897       -0.004908        0.007914
          0.000254        0.000312        0.007285
         -0.002039        0.006488        0.000402
         -0.000399        0.009220       -0.013798
          0.003931        0.006432       -0.030005
          0.005154        0.000667       -0.038080
          0.001070       -0.002197       -0.031247
         -0.003554        0.000741       -0.012190
         -0.003918        0.004843        0.009530
         -0.001348        0.003261        0.025302
          0.000604       -0.002939        0.031966
          0.001687       -0.004388        0.030216
          0.002883        0.004945        0.022100
          0.003064        0.019251        0.011180
          0.001307        0.026872        0.001954
         -0.000961        0.022824       -0.003744
         -0.002492        0.012280       -0.008561
         -0.003504        0.002172       -0.015832
         -0.003173       -0.006493       -0.024746
          0.000356       -0.015468       -0.030676
          0.006145       -0.022485       -0.029650
          0.010095       -0.023349       -0.021617
          0.009750       -0.019238       -0.010163
          0.006665       -0.015870        0.000227
          0.002859       -0.015561        0.007058
         -0.001952       -0.015270        0.010274
         -0.007555       -0.012303        0.010324
         -0.010692       -0.007222        0.007612
         -0.008735       -0.001406        0.004365
         -0.004078        0.004104        0.004538
         -0.001121        0.008136        0.010281
         -0.000442        0.011346        0.020030
         -0.000052        0.016825        0.030408
         -0.000530        0.024882        0.037842
         -0.003855        0.029558        0.038752
         -0.008293        0.025161        0.031204
         -0.009288        0.014653        0.016900
         -0.005062        0.006621        0.000060
          0.001778        0.004598       -0.014981
          0.007355        0.003698       -0.024452
          0.009441       -0.002073       -0.026228
          0.008513       -0.012721       -0.022472
          0.006581       -0.022921       -0.018721
          0.004195       -0.026884       -0.017582
          0.000228       -0.021866       -0.015379
         -0.004046       -0.009568       -0.008291
         -0.004445        0.004102        0.000068
         -0.000258        0.012037        0.001883
          0.003265        0.010883       -0.004214
          0.002514        0.003719       -0.010649
          0.000977       -0.002674       -0.010204
          0.002787       -0.004004       -0.003158
          0.005455       -0.002226        0.006427
          0.004057       -0.002745        0.016118
         -0.001067       -0.007785        0.023383
         -0.005428       -0.013295        0.023242
         -0.006175       -0.012985        0.013143
         -0.003262       -0.005103       -0.001478
          0.002148        0.005454       -0.011070
          0.007434        0.011992       -0.011748
          0.009130        0.012595       -0.008617
          0.006070        0.011259       -0.008797
          0.000516        0.012657       -0.012989
         -0.004502        0.016998       -0.015417
         -0.007737        0.020808       -0.011535
         -0.009603        0.021277       -0.003957
         -0.010387        0.017796        0.000084
         -0.008851        0.010268       -0.003881
         -0.003488       -0.001058       -0.013050
          0.004085       -0.014012       -0.018939
          0.008812       -0.025038       -0.013679
          0.007288       -0.031201        0.002825
          0.001755       -0.030497        0.021565
         -0.003082       -0.022292        0.032422
         -0.005811       -0.009811        0.033746
         -0.008140        0.000155        0.031984
         -0.010007        0.003432        0.032372
         -0.008882        0.003379        0.032986
         -0.004554        0.006846        0.028165
         -0.000404        0.015662        0.014998
          0.001992        0.024257       -0.004109
          0.005218        0.025400       -0.022892
          0.009890        0.016533       -0.034567
          0.010812        0.000826       -0.035792
          0.004323       -0.015821       -0.028517
         -0.004014       -0.027967       -0.017856
         -0.005178       -0.032607       -0.008614
          0.001745       -0.030144       -0.003457
          0.009245       -0.023127       -0.002015
          0.011132       -0.012723       -0.001129
          0.007658        0.001846        0.001585
          0.002151        0.017973        0.004146
         -0.002709        0.027071        0.003218
         -0.005383        0.023401        0.000366
         -0.005480        0.014118        0.000673
         -0.003777        0.012581        0.004542
         -0.001384        0.020173        0.006189
          0.000587        0.023135        0.002153
          0.000785        0.011622       -0.003381
         -0.001294       -0.005981       -0.004325
         -0.003953       -0.014468       -0.000134
         -0.004550       -0.011687        0.005005
         -0.002353       -0.009032        0.007484
          0.000703       -0.014657        0.006133
          0.002152       -0.023642        0.001053
          0.001490       -0.025830       -0.006283
          0.000467       -0.018649       -0.012545
          0.000939       -0.009064       -0.014680
          0.002606       -0.004387       -0.012604
          0.003263       -0.004691       -0.008514
          0.001354       -0.005182       -0.003951
         -0.001818       -0.002895        0.001252
         -0.002547        0.001508        0.007581
          0.001650        0.006510        0.014518
          0.008019        0.011229        0.020249
          0.009906        0.014695        0.021946
          0.004336        0.015954        0.017249
         -0.003576        0.015379        0.007159
         -0.007051        0.014831       -0.002826
         -0.006236        0.015570       -0.006716
         -0.005660        0.015973       -0.004325
         -0.005547        0.012755       -0.001657
         -0.002264        0.005810       -0.003041
          0.003590        0.000397       -0.004595
          0.006531        0.001855        0.000743
          0.004500        0.008380        0.011633
          0.002271        0.011500        0.016581
          0.004603        0.004611        0.006765
          0.009532       -0.009603       -0.012826
          0.010626       -0.020726       -0.029071
          0.004245       -0.020578       -0.035085
         -0.006947       -0.012056       -0.034384
         -0.016480       -0.005962       -0.032632
         -0.018793       -0.008077       -0.030560
         -0.012763       -0.012966       -0.024908
         -0.002771       -0.012784       -0.012302
          0.004398       -0.007634        0.007531
          0.006100       -0.002820        0.029202
          0.006330        0.000376        0.043405
          0.009051        0.005243        0.044563
          0.011378        0.012510        0.035756
          0.008144        0.018260        0.023915
          0.000949        0.019304        0.012675
         -0.003689        0.016699        0.002654
         -0.004239        0.013329       -0.004817
         -0.005507        0.010868       -0.008971
         -0.009343        0.009254       -0.012307
         -0.010420        0.006288       -0.016668
         -0.004465       -0.001674       -0.017783
          0.003964       -0.014466       -0.010008
          0.006810       -0.024144        0.003176
          0.003121       -0.022405        0.010472
         -0.001097       -0.012709        0.007090
         -0.002358       -0.007673        0.000937
         -0.002683       -0.011984        0.000729
         -0.002964       -0.015669        0.004870
         -0.000651       -0.008746        0.007449
          0.003797        0.004698        0.008416
          0.005081        0.013165        0.010618
          0.001194        0.012740        0.011783
         -0.002810        0.008692        0.007395
         -0.003225        0.006154       -0.000713
         -0.003749        0.005769       -0.005185
         -0.007966        0.006427       -0.002164
         -0.011416        0.006951        0.004727
         -0.007619        0.005841        0.009164
          0.001900        0.002810        0.007835
          0.009728        0.000017        0.001336
          0.011893       -0.000799       -0.007778
          0.010110       -0.001831       -0.015934
          0.007246       -0.007034       -0.018202
          0.004852       -0.015906       -0.009993
          0.003456       -0.022140        0.007899
          0.002337       -0.020354        0.026317
          0.000386       -0.012625        0.033264
         -0.001562       -0.006261        0.024073
         -0.001569       -0.005438        0.004567
         -0.000349       -0.006560       -0.015613
         -0.000902       -0.002635       -0.029778
         -0.003479        0.007626       -0.035002
         -0.004604        0.016403       -0.031557
         -0.002562        0.015423       -0.023545
         -0.000129        0.007690       -0.016601
          0.000074        0.005219       -0.012719
         -0.000780        0.013094       -0.008840
         -0.001000        0.021809       -0.001403
         -0.001398        0.019755        0.009012
         -0.002373        0.008114        0.018326
         -0.001981       -0.002533        0.023257
          0.000157       -0.006707        0.023819
          0.000829       -0.008072        0.021806
         -0.002137       -0.010531        0.018037
         -0.006322       -0.012448        0.011605
         -0.007575       -0.010722        0.001539
         -0.004005       -0.005338       -0.010817
          0.003014        0.001724       -0.021171
          0.009313        0.008618       -0.025034
          0.010174        0.013727       -0.021696
          0.004755        0.015986       -0.014621
         -0.002383        0.015323       -0.007755
         -0.005777        0.011581       -0.002680
         -0.003924        0.004247        0.000670
          0.001068       -0.005393        0.002758
          0.006397       -0.013620        0.004668
          0.009941       -0.017557        0.007135
          0.010519       -0.017701        0.007920
          0.007976       -0.015770        0.002899
          0.002831       -0.011561       -0.007746
         -0.003647       -0.004069       -0.016803
         -0.009070        0.004812       -0.016513
         -0.011331        0.010280       -0.006666
         -0.010665        0.009781        0.005350
         -0.008717        0.006738        0.011306
         -0.006037        0.006872        0.008371
         -0.002459        0.010981        0.000725
          0.000861        0.013523       -0.003970
          0.002296        0.009058       -0.001068
          0.002169       -0.001252        0.006753
          0.002414       -0.010668        0.011761
          0.004255       -0.014001        0.008607
          0.007156       -0.012470        0.000021
          0.009156       -0.010708       -0.005535
          0.008286       -0.010171       -0.002572
          0.004981       -0.008074        0.005833
          0.001896       -0.003012        0.011788
         -0.000478        0.002124        0.010903
         -0.005300        0.004951        0.005791
         -0.013268        0.007486        0.001800
         -0.018121        0.011592        0.000818
         -0.013474        0.014025        0.000827
         -0.002623        0.010729        0.000964
          0.004484        0.003511        0.003171
          0.004383       -0.002287        0.006838
          0.003976       -0.005008        0.006590
          0.009283       -0.007229        0.000105
          0.016417       -0.010303       -0.005787
          0.017651       -0.012546       -0.002681
          0.011618       -0.012793        0.007966
          0.003160       -0.011939        0.015940
         -0.003349       -0.009979        0.013663
         -0.006642       -0.004959        0.003229
         -0.007208        0.003282       -0.007067
         -0.006418        0.011135       -0.011207
         -0.005696        0.014953       -0.010644
         -0.005496        0.014545       -0.011371
         -0.005736        0.011532       -0.015837
         -0.006072        0.006563       -0.019264
         -0.004874        0.000009       -0.015509
         -0.000756       -0.005904       -0.005058
          0.003859       -0.007701        0.005772
          0.004923       -0.004211        0.013101
          0.003556        0.001000        0.018734
          0.004834        0.002413        0.023811
          0.008123       -0.001455        0.024393
          0.005979       -0.006444        0.017688
         -0.003794       -0.008028        0.008404
         -0.012454       -0.006217        0.002565
         -0.011748       -0.003873       -0.001923
         -0.004706       -0.002348       -0.010736
          0.000237       -0.000852       -0.021121
          0.000381        0.001477       -0.023856
         -0.001076        0.005093       -0.017563
         -0.001503        0.010542       -0.011644
         -0.000587        0.017465       -0.012540
          0.001628        0.023653       -0.015311
          0.004621        0.026602       -0.012578
          0.006757        0.025694       -0.005247
          0.007017        0.021484        0.000367
          0.006136        0.013103        0.001817
          0.004652       -0.000855        0.002246
          0.001942       -0.017244        0.004824
         -0.001128       -0.027639        0.009003
         -0.001235       -0.027168        0.011871
          0.002964       -0.021968        0.011439
          0.007608       -0.022066        0.008445
          0.007854       -0.027652        0.005125
          0.003599       -0.028704        0.002473
         -0.001758       -0.018777       -0.000031
         -0.006221       -0.002912       -0.001667
         -0.009820        0.010160        0.000507
         -0.012086        0.018156        0.008055
         -0.012140        0.024023        0.017273
         -0.010365        0.028191        0.020542
         -0.007824        0.026686        0.012510
         -0.004973        0.016784       -0.004475
         -0.002360        0.001525       -0.020760
         -0.000894       -0.012394       -0.026020
          0.000032       -0.019290       -0.017241
          0.002733       -0.016447       -0.001154
          0.007522       -0.004755        0.011360
          0.010781        0.009875        0.013848
          0.009585        0.018478        0.008254
          0.006435        0.016392        0.001499
          0.005504        0.007664       -0.001346
          0.005727       -0.000535       -0.000583
          0.002855       -0.006269        0.000325
         -0.002492       -0.012466       -0.001364
         -0.005047       -0.019828       -0.006502
         -0.003500       -0.024315       -0.014455
         -0.002601       -0.021948       -0.022670
         -0.005018       -0.013063       -0.027060
         -0.006565       -0.001549       -0.025090
         -0.002415        0.007682       -0.018380
          0.005588        0.010749       -0.010574
          0.011089        0.007514       -0.002735
          0.010812        0.002798        0.006898
          0.007181        0.002287        0.018154
          0.003981        0.006669        0.026937
          0.001677        0.011875        0.029779
         -0.002078        0.014523        0.027975
         -0.007967        0.014217        0.024663
         -0.012568        0.011188        0.019314
         -0.011882        0.005596        0.008652
         -0.006591       -0.000820       -0.005952
         -0.001348       -0.005755       -0.015483
          0.000929       -0.008912       -0.011930
          0.000826       -0.011216        0.001272
         -0.001117       -0.012651        0.012329
         -0.004922       -0.012807        0.014407
         -0.007616       -0.011923        0.010809
         -0.004770       -0.010090        0.007105
          0.002550       -0.007194        0.003914
          0.007521       -0.003975       -0.001475
          0.006688       -0.001290       -0.010920
          0.004429        0.001537       -0.023771
          0.005297        0.006038       -0.036117
          0.006930        0.012373       -0.041540
          0.004981        0.018573       -0.035505
          0.000886        0.022081       -0.019813
         -0.000756        0.022177       -0.002054
          0.000050        0.020531        0.009562
         -0.000816        0.018504        0.011871
         -0.004290        0.014872        0.008580
         -0.006293        0.008270        0.006019
         -0.003875        0.000632        0.006793
          0.000472       -0.005218        0.008861
          0.002358       -0.010523        0.010223
          0.001169       -0.018698        0.011282
         -0.000068       -0.028426        0.012094
          0.000363       -0.033394        0.010980
          0.000917       -0.030110        0.007186
          0.000535       -0.021974        0.001804
          0.001126       -0.014054       -0.004660
          0.003666       -0.007256       -0.011838
          0.004762        0.000513       -0.015755
          0.001254        0.009698       -0.010222
         -0.004142        0.017340        0.005219
         -0.006508        0.019365        0.021631
         -0.005778        0.014677        0.027838
         -0.005098        0.007341        0.020537
         -0.004392        0.003500        0.006542
         -0.000923        0.005162       -0.003747
          0.005073        0.008029       -0.004876
          0.009858        0.006407       -0.000081
          0.010725       -0.000404        0.002738
          0.008243       -0.007669       -0.000552
          0.004298       -0.010903       -0.006099
         -0.000337       -0.010380       -0.006920
         -0.005584       -0.008921       -0.000909
         -0.009518       -0.006954        0.007249
         -0.008892       -0.002786        0.011035
         -0.004275        0.002603        0.007214
         -0.001438        0.004971       -0.002995
         -0.003910        0.002444       -0.015528
         -0.007504       -0.001436       -0.025956
         -0.006637       -0.002047       -0.031499
         -0.002367        0.001462       -0.031158
          0.001057        0.006700       -0.024693
          0.003775        0.010439       -0.013143
          0.008070        0.009539       -0.000217
          0.011550        0.002706        0.009353
          0.009567       -0.006889        0.013901
          0.003234       -0.012880        0.015823
         -0.001124       -0.011522        0.018312
         -0.000483       -0.005306        0.022529
          0.001961        0.000593        0.027219
          0.002812        0.004202        0.029226
          0.002571        0.006864        0.025735
          0.002473        0.008715        0.018145
          0.001844        0.007866        0.011664
          0.000652        0.004441        0.008515
          0.000440        0.001835        0.004626
          0.000592        0.002573       -0.003234
         -0.002004        0.005192       -0.010688
         -0.007453        0.006534       -0.011810
         -0.011505        0.005701       -0.009279
         -0.011623        0.004327       -0.011247
         -0.009769        0.003520       -0.018767
         -0.007498        0.002452       -0.024056
         -0.003285        0.000352       -0.022681
          0.003203       -0.002204       -0.019852
          0.008963       -0.005248       -0.020808
          0.012050       -0.010524       -0.021404
          0.013641       -0.018494       -0.014204
          0.013753       -0.025378       -0.000503
          0.009911       -0.025661        0.009926
          0.002363       -0.017790        0.010357
         -0.004461       -0.005503        0.003404
         -0.007812        0.006964       -0.004518
         -0.008983        0.018397       -0.010087
         -0.008847        0.028018       -0.012169
         -0.006740        0.032957       -0.008282
         -0.004368        0.031632        0.003225
         -0.004715        0.027093        0.018206
         -0.006341        0.023337        0.028148
         -0.004501        0.019884        0.028254
          0.001261        0.012982        0.022362
          0.005940        0.001159        0.018122
          0.006533       -0.012369        0.018016
          0.005878       -0.022214        0.017152
          0.007401       -0.025455        0.010269
          0.009784       -0.024821       -0.001387
          0.009161       -0.026140       -0.011316
          0.004310       -0.030602       -0.013826
         -0.002335       -0.031506       -0.008471
         -0.007705       -0.022166       -0.001218
         -0.010626       -0.005465       -0.000560
         -0.011667        0.008887       -0.008530
         -0.011253        0.015715       -0.016931
         -0.008516        0.017888       -0.017010
         -0.002855        0.018404       -0.010584
          0.003692        0.014988       -0.006293
          0.007607        0.005211       -0.007616
          0.007957       -0.007294       -0.010797
          0.007305       -0.015521       -0.012347
          0.007884       -0.016471       -0.012152
          0.009121       -0.013173       -0.010211
          0.009486       -0.009657       -0.006039
          0.008144       -0.006156       -0.001286
          0.004446       -0.000476        0.001431
         -0.000925        0.007405        0.002447
         -0.004283        0.014787        0.004556
         -0.002827        0.020259        0.008619
         -0.000564        0.025182        0.012608
         -0.004738        0.029924        0.015229
         -0.014827        0.031118        0.017412
         -0.020932        0.024720        0.019024
         -0.015931        0.010801        0.017146
         -0.004211       -0.005904        0.010217
          0.004853       -0.019472        0.001773
          0.007890       -0.026409       -0.003054
          0.008467       -0.027346       -0.003427
          0.009736       -0.026339       -0.002551
          0.010166       -0.027222       -0.003026
          0.007074       -0.029212       -0.004902
          0.001814       -0.027208       -0.006749
         -0.001661       -0.017728       -0.006162
         -0.003054       -0.003170       -0.000599
         -0.005921        0.010985        0.010018
         -0.010179        0.020818        0.022254
         -0.010114        0.024214        0.031781
         -0.003352        0.020205        0.035806
          0.003662        0.011918        0.032455
          0.004053        0.007178        0.020449
          0.000056        0.010913        0.001357
         -0.001167        0.018097       -0.019486
          0.002047        0.018913       -0.036144
          0.005066        0.010380       -0.045342
          0.004604       -0.001358       -0.046506
          0.002405       -0.009708       -0.041072
          0.002005       -0.013657       -0.032435
          0.004518       -0.014481       -0.023624
          0.007121       -0.011574       -0.014019
          0.005538       -0.004507       -0.001241
         -0.000527        0.003667        0.012869
         -0.006145        0.007840        0.021768
         -0.007743        0.004862        0.021508
         -0.007731       -0.003525        0.015815
         -0.009012       -0.010306        0.011709
         -0.009027       -0.008024        0.011430
         -0.004273        0.002740        0.010869
          0.002901        0.011897        0.006297
          0.007309        0.010941        0.000492
          0.007909        0.003591       -0.000782
          0.007111        0.000254        0.002491
          0.005848        0.003082        0.003968
          0.003749        0.003351       -0.000053
          0.002078       -0.004957       -0.005661
          0.002298       -0.015761       -0.006981
          0.002858       -0.018716       -0.003060
          0.000746       -0.011492        0.002414
         -0.004296       -0.000232        0.005280
         -0.009232        0.008475        0.003515
         -0.010874        0.011909       -0.002085
         -0.008485        0.010034       -0.008292
         -0.004233        0.004269       -0.011337
         -0.001625       -0.002749       -0.009293
         -0.002353       -0.008162       -0.002812
         -0.004354       -0.010062        0.005472
         -0.004035       -0.008026        0.011434
         -0.000353       -0.003488        0.011168
          0.004437        0.000903        0.004898
          0.007957        0.003542       -0.001517
          0.009956        0.005022       -0.001813
          0.010882        0.006103        0.003766
          0.009833        0.005547        0.008783
          0.005380        0.001778        0.007543
         -0.001996       -0.003549       -0.000068
         -0.009087       -0.005662       -0.009731
         -0.011840       -0.001810       -0.016156
         -0.008720        0.004774       -0.016295
         -0.002473        0.008241       -0.011781
          0.002326        0.007002       -0.007301
          0.003447        0.004633       -0.004453
          0.001890        0.004234        0.000506
         -0.000260        0.005128        0.009895
         -0.001128        0.005428        0.018626
          0.000412        0.004464        0.019378
          0.003135        0.001847        0.011942
          0.003606       -0.002825        0.003420
          0.000288       -0.008167        0.000235
         -0.003738       -0.011414        0.002876
         -0.004360       -0.011470        0.007287
         -0.001260       -0.009207        0.009059
          0.002691       -0.004595        0.007006
          0.004924        0.003027        0.003461
          0.004563        0.010906        0.000248
          0.002591        0.012996       -0.004289
          0.001425        0.006751       -0.011552
          0.001910       -0.002417       -0.017877
          0.001329       -0.006392       -0.017793
         -0.002147       -0.003401       -0.011338
         -0.004685        0.000554       -0.004151
         -0.001601       -0.000529       -0.000759
          0.004488       -0.005564       -0.000854
          0.006446       -0.008244       -0.001559
          0.002755       -0.004600       -0.000914
         -0.001164        0.002894        0.000537
         -0.001454        0.008380        0.000401
          0.000036        0.008458       -0.002834
          0.000169        0.004799       -0.007269
         -0.001620        0.001527       -0.008243
         -0.003905        0.000599       -0.001848
         -0.004281        0.000404        0.011385
         -0.000796       -0.001110        0.025234
          0.004722       -0.003465        0.031213
          0.006783       -0.004985        0.025327
          0.002549       -0.005730        0.011206
         -0.004269       -0.006957       -0.004251
         -0.008323       -0.008267       -0.016413
         -0.008672       -0.007629       -0.023051
         -0.007491       -0.004512       -0.022690
         -0.005534       -0.001184       -0.016343
         -0.001716       -0.000317       -0.008623
          0.004192       -0.002163       -0.003496
          0.010354       -0.004144       -0.000171
          0.013961       -0.002782        0.003909
          0.013321        0.003366        0.007889
          0.009521        0.011723        0.008951
          0.005454        0.017076        0.007339
          0.002387        0.016171        0.005660
         -0.001212        0.011226        0.003887
         -0.006300        0.007908       -0.000612
         -0.010822        0.009347       -0.007626
         -0.012700        0.013007       -0.012329
         -0.012837        0.013876       -0.010464
         -0.012148        0.009447       -0.003165
         -0.008276        0.000902        0.004815
          0.000268       -0.008862        0.010013
          0.008771       -0.016740        0.011724
          0.010708       -0.020117        0.010302
          0.006675       -0.018212        0.006710
          0.003303       -0.012755        0.002673
          0.003401       -0.006061       -0.001553
          0.003055        0.001103       -0.008218
         -0.000655        0.008277       -0.017491
         -0.004711        0.012759       -0.023477
         -0.005054        0.010994       -0.019608
         -0.002381        0.003065       -0.007617
         -0.000505       -0.006185        0.003634
         -0.001211       -0.011331        0.008406
         -0.002796       -0.010514        0.008225
         -0.002813       -0.005586        0.005973
         -0.000942       -0.000228        0.002298
          0.000919        0.002041       -0.000701
          0.001068        0.000503        0.001210
          0.000293       -0.001576        0.008408
          0.001168       -0.000408        0.015578
          0.004428        0.003585        0.018560
          0.006873        0.006246        0.018773
          0.004851        0.004790        0.018039
         -0.000531        0.000785        0.013245
         -0.004461       -0.002201        0.000634
         -0.004695       -0.002760       -0.016386
         -0.003589       -0.002486       -0.028139
         -0.003721       -0.002974       -0.028054
         -0.004748       -0.003492       -0.018832
         -0.005003       -0.002480       -0.008933
         -0.003520       -0.000150       -0.004630
         -0.000217        0.001548       -0.005160
          0.003714        0.000722       -0.003963
          0.005944       -0.003346        0.004248
          0.005504       -0.009362        0.016239
          0.004098       -0.013283        0.022355
          0.002897       -0.010714        0.017591
         -0.000055       -0.002348        0.007440
         -0.006284        0.004720        0.000594
         -0.012320        0.003872       -0.000775
         -0.012336       -0.003674       -0.000438
         -0.005374       -0.010292       -0.000606
          0.003219       -0.009805        0.000609
          0.008579       -0.002411        0.004511
          0.011377        0.006894        0.008715
          0.013914        0.012528        0.010660
          0.014776        0.011458        0.011285
          0.011470        0.004728        0.012328
          0.005690       -0.002874        0.012001
          0.001345       -0.005837        0.006706
         -0.000773       -0.001988       -0.003549
         -0.002099        0.006378       -0.014018
         -0.001950        0.015046       -0.019821
          0.000994        0.020213       -0.020320
          0.003817        0.018798       -0.018276
          0.001431        0.009692       -0.015749
         -0.005875       -0.003599       -0.012708
         -0.011915       -0.013791       -0.009293
         -0.012900       -0.015612       -0.006295
         -0.011609       -0.010219       -0.002566
         -0.011535       -0.002908        0.004339
         -0.011396        0.002527        0.012999
         -0.008284        0.005603        0.017319
         -0.002710        0.006199        0.013690
          0.003061        0.002771        0.005913
          0.008995       -0.005066        0.000269
          0.015270       -0.013771       -0.001361
          0.018222       -0.017815       -0.000866
          0.013711       -0.014694        0.000258
          0.004025       -0.007019        0.001114
         -0.003832        0.001040       -0.000160
         -0.006598        0.008047       -0.004800
         -0.006354        0.014105       -0.011046
         -0.004332        0.017116       -0.015356
          0.000506        0.014399       -0.015841
          0.006195        0.007991       -0.013612
          0.007561        0.003838       -0.010713
          0.003385        0.004496       -0.007470
         -0.001188        0.006497       -0.003033
         -0.001789        0.006610        0.001610
         -0.000383        0.006781        0.003717
         -0.001104        0.009734        0.002962
         -0.003851        0.012520        0.002535
         -0.005021        0.008718        0.004337
         -0.002696       -0.003345        0.006291
          0.001178       -0.017324        0.006497
          0.003058       -0.024162        0.006597
          0.001563       -0.019875        0.008505
         -0.000720       -0.008691        0.011095
         -0.000317        0.001243        0.012785
          0.001689        0.005672        0.014119
          0.000113        0.007341        0.014987
         -0.006686        0.011192        0.012630
         -0.012982        0.018090        0.005812
         -0.012523        0.024172       -0.001860
         -0.006388        0.024922       -0.006076
         -0.000636        0.018922       -0.006788
          0.001535        0.008580       -0.006287
          0.001629       -0.002056       -0.005050
          0.001500       -0.010523       -0.002570
          0.000903       -0.016994       -0.000313
         -0.000649       -0.022146       -0.000880
         -0.001971       -0.025387       -0.004614
         -0.000938       -0.026279       -0.008888
          0.002990       -0.025778       -0.011165
          0.007128       -0.023785       -0.011702
          0.007564       -0.017568       -0.012015
          0.003581       -0.006124       -0.011339
         -0.001058        0.005653       -0.006925
         -0.002259        0.011309        0.001771
          0.000029        0.010356        0.011317
          0.002658        0.007718        0.017318
          0.003489        0.006577        0.017568
          0.003138        0.005315        0.012404
          0.002928        0.001390        0.004216
          0.003032       -0.004384       -0.003103
          0.003301       -0.008082       -0.006243
          0.004327       -0.006814       -0.004918
          0.006139       -0.002393       -0.001340
          0.006650        0.000393        0.002938
          0.003560       -0.000164        0.008464
         -0.001872       -0.000587        0.015737
         -0.005271        0.002260        0.022804
         -0.005002        0.006177        0.025958
         -0.005067        0.006875        0.022372
         -0.008935        0.004327        0.011847
         -0.012933        0.002647       -0.002820
         -0.011138        0.004304       -0.016608
         -0.005180        0.007448       -0.024859
         -0.002291        0.009199       -0.026576
         -0.004019        0.008588       -0.024923
         -0.004479        0.005295       -0.023632
         -0.000682       -0.000992       -0.022883
          0.003148       -0.007692       -0.019388
          0.003729       -0.009422       -0.010950
          0.003967       -0.004901       -0.000103
          0.006601       -0.001325        0.008149
          0.008741       -0.006931        0.011629
          0.007306       -0.019710        0.011815
          0.005182       -0.028237        0.009802
          0.006605       -0.024616        0.005120
          0.009724       -0.012217       -0.000141
          0.009461        0.001156       -0.000076
          0.005670        0.012696        0.008238
          0.002900        0.022970        0.018354
          0.002909        0.029098        0.019354
          0.002338        0.026625        0.007869
         -0.001862        0.017731       -0.008026
         -0.008066        0.010882       -0.018020
         -0.011918        0.010283       -0.019794
         -0.010994        0.010903       -0.018511
         -0.006915        0.006791       -0.018758
         -0.003319       -0.000322       -0.019650
         -0.001876       -0.004746       -0.017034
         -0.000672       -0.005751       -0.008593
          0.002689       -0.007428        0.003155
          0.007144       -0.010618        0.012133
          0.009093       -0.010248        0.013662
          0.006922       -0.002665        0.009114
          0.002470        0.007494        0.004919
         -0.001847        0.010861        0.006238
         -0.004987        0.003370        0.012493
         -0.006330       -0.009251        0.019409
         -0.005456       -0.017640        0.023422
         -0.003410       -0.018192        0.023174
         -0.001911       -0.014830        0.018951
         -0.000914       -0.012049        0.012301
          0.001004       -0.009330        0.005174
          0.003604       -0.004454       -0.001170
          0.004454        0.000647       -0.005677
          0.002131        0.002000       -0.006989
         -0.001437        0.000698       -0.005453
         -0.002689        0.002818       -0.004606
         -0.000237        0.010915       -0.007661
          0.003418        0.019293       -0.012937
          0.004346        0.019925       -0.015906
          0.001613        0.011215       -0.015466
         -0.001477       -0.000809       -0.014629
         -0.001457       -0.009050       -0.014734
          0.000757       -0.011498       -0.012507
          0.001051       -0.010871       -0.004378
         -0.002268       -0.009768        0.008003
         -0.006129       -0.007613        0.017884
         -0.007025       -0.002191        0.019095
         -0.005637        0.007122        0.011828
         -0.005038        0.018097        0.002581
         -0.005941        0.026714       -0.002241
         -0.006381        0.029221       -0.001795
         -0.004988        0.024361        0.001039
         -0.002210        0.014458        0.004599
          0.000860        0.003489        0.008498
          0.003261       -0.006612        0.010230
          0.004565       -0.016676        0.005871
          0.005068       -0.026479       -0.004920
          0.004774       -0.031924       -0.016753
          0.002981       -0.028328       -0.022383
          0.000335       -0.016148       -0.018480
         -0.000337       -0.001682       -0.008164
          0.002369        0.007939        0.001644
          0.005542        0.009701        0.006263
          0.005528        0.005842        0.006963
          0.003101        0.001781        0.007713
          0.001749        0.002071        0.009203
          0.001770        0.006409        0.008739
          0.000152        0.009866        0.005506
         -0.003732        0.008614        0.002327
         -0.006837        0.004947        0.001751
         -0.007539        0.004497        0.003247
         -0.007207        0.008451        0.004694
         -0.005744        0.011376        0.004545
         -0.001290        0.008282        0.002259
          0.003913        0.001082       -0.002106
          0.003854       -0.004629       -0.008302
         -0.002136       -0.006915       -0.015302
         -0.006730       -0.008223       -0.019894
         -0.004560       -0.010503       -0.018192
          0.000662       -0.013146       -0.010837
          0.002778       -0.014908       -0.004053
          0.001935       -0.015017       -0.002137
          0.001984       -0.012853       -0.001447
          0.002991       -0.008497        0.004068
          0.002103       -0.003326        0.013567
         -0.000061        0.000999        0.020102
          0.000352        0.003869        0.019385
          0.004128        0.005654        0.013606
          0.007896        0.006773        0.007214
          0.009488        0.007188        0.002742
          0.009816        0.006612        0.000703
          0.009049        0.004939        0.000277
