INSTITUTO GEOFISICO DEL PERU
CENTRO NACIONAL DE MONITOREO SISMICO
Calle Calatrava 216 - La Molina 15023
http://www.igp.gob.pe

1. ESTACION SISMICA
NOMBRE  : Isla San Lorenzo, Callao
CODIGO  : SLN1
LATITUD : -12.076
LONGITUD: -77.235

2. SISMO
FECHA LOCAL     : 2024/05/05
HORA LOCAL      : 04:32:39
LATITUD         : -12.200
LONGITUD        : -77.870
PROFUNDIDAD     : 36.0 km
MAGNITUD        : M4.6
DIST. EPICENTRAL: 70.3 km

3. REGISTRO DE ACELERACION
TIEMPO DE INICIO           : 2024/05/05 09:32:44 UTC
NUMERO DE MUESTRAS         : 8118
MUESTREO                   : 100.0 muestras/segundo
REGISTROS                  : Formato corregido por instrumento
CORRECCION POR LINEA BASE  : Si
UNIDADES                   : cm/s2
REGISTROS POR COMPONENTE   : Z: Vertical  N: Norte-Sur  E: Este-Oeste
PGA                        :    1.5402         2.2439        3.2791

              Z              N              E
          0.000268       -0.000749        0.000347
         -0.000073       -0.000718       -0.000000
         -0.000146       -0.000465       -0.000458
         -0.000142       -0.000406       -0.000660
         -0.000208       -0.000521       -0.000394
         -0.000178       -0.000463       -0.000104
         -0.000014       -0.000138       -0.000340
         -0.000014        0.000207       -0.000840
         -0.000292        0.000382       -0.000820
         -0.000457        0.000396       -0.000153
         -0.000222        0.000291        0.000437
          0.000054        0.000144        0.000416
         -0.000048        0.000103        0.000070
         -0.000264        0.000199       -0.000061
         -0.000103        0.000294        0.000043
          0.000321        0.000329        0.000034
          0.000497        0.000397       -0.000141
          0.000280        0.000498       -0.000170
         -0.000028        0.000462        0.000150
         -0.000173        0.000132        0.000687
         -0.000215       -0.000459        0.001121
         -0.000296       -0.001029        0.001123
         -0.000295       -0.001190        0.000676
          0.000043       -0.000872        0.000273
          0.000566       -0.000484        0.000333
          0.000723       -0.000363        0.000506
          0.000346       -0.000283        0.000184
          0.000000        0.000073       -0.000440
          0.000172        0.000447       -0.000643
          0.000522        0.000397       -0.000385
          0.000452        0.000097       -0.000363
          0.000027        0.000098       -0.000766
         -0.000167        0.000451       -0.000879
          0.000058        0.000707       -0.000258
          0.000261        0.000664        0.000426
          0.000106        0.000491        0.000378
         -0.000105        0.000178       -0.000075
          0.000005       -0.000442       -0.000044
          0.000161       -0.001120        0.000545
         -0.000090       -0.001316        0.000995
         -0.000462       -0.000962        0.000916
         -0.000341       -0.000565        0.000552
          0.000116       -0.000480        0.000236
          0.000227       -0.000514        0.000026
         -0.000061       -0.000310       -0.000170
         -0.000227        0.000199       -0.000358
         -0.000157        0.000767       -0.000452
         -0.000160        0.001115       -0.000458
         -0.000247        0.001170       -0.000444
         -0.000193        0.001063       -0.000322
         -0.000090        0.000932        0.000060
         -0.000158        0.000743        0.000569
         -0.000225        0.000358        0.000883
          0.000026       -0.000241        0.000989
          0.000435       -0.000874        0.001186
          0.000504       -0.001346        0.001465
          0.000144       -0.001639        0.001329
         -0.000217       -0.001825        0.000514
         -0.000317       -0.001810       -0.000501
         -0.000378       -0.001381       -0.001055
         -0.000595       -0.000615       -0.001057
         -0.000771        0.000064       -0.000853
         -0.000694        0.000475       -0.000629
         -0.000480        0.000891       -0.000331
         -0.000329        0.001403       -0.000042
         -0.000249        0.001585       -0.000049
         -0.000140        0.001118       -0.000414
          0.000048        0.000260       -0.000732
          0.000247       -0.000499       -0.000625
          0.000290       -0.000829       -0.000303
          0.000085       -0.000711       -0.000297
         -0.000196       -0.000546       -0.000685
         -0.000246       -0.000788       -0.000944
          0.000048       -0.001208       -0.000611
          0.000449       -0.001042        0.000154
          0.000564       -0.000101        0.000788
          0.000270        0.000875        0.000954
         -0.000067        0.001167        0.000784
         -0.000036        0.000883        0.000581
          0.000184        0.000639        0.000459
          0.000076        0.000741        0.000342
         -0.000367        0.000904        0.000164
         -0.000615        0.000739       -0.000085
         -0.000442        0.000358       -0.000435
         -0.000188        0.000193       -0.000814
         -0.000133        0.000285       -0.000893
         -0.000161        0.000254       -0.000404
         -0.000107        0.000020        0.000287
          0.000045       -0.000069        0.000415
          0.000285        0.000058       -0.000128
          0.000542        0.000074       -0.000522
          0.000620       -0.000015       -0.000176
          0.000409        0.000221        0.000409
          0.000077        0.000803        0.000416
         -0.000150        0.001173       -0.000178
         -0.000232        0.001028       -0.000732
         -0.000240        0.000634       -0.000797
         -0.000200        0.000227       -0.000473
         -0.000145       -0.000209       -0.000173
         -0.000119       -0.000581       -0.000198
         -0.000070       -0.000731       -0.000400
          0.000111       -0.000715       -0.000374
          0.000370       -0.000625       -0.000030
          0.000509       -0.000374        0.000335
          0.000458        0.000033        0.000503
          0.000328        0.000299        0.000415
          0.000212        0.000191       -0.000014
          0.000107       -0.000089       -0.000596
         -0.000015       -0.000109       -0.000746
         -0.000155        0.000265       -0.000221
         -0.000319        0.000726        0.000410
         -0.000506        0.000915        0.000543
         -0.000635        0.000778        0.000273
         -0.000580        0.000470       -0.000006
         -0.000345        0.000102       -0.000183
         -0.000091       -0.000269       -0.000285
          0.000094       -0.000548       -0.000252
          0.000326       -0.000670       -0.000066
          0.000706       -0.000687        0.000196
          0.001044       -0.000677        0.000472
          0.001020       -0.000617        0.000665
          0.000629       -0.000437        0.000612
          0.000233       -0.000149        0.000310
          0.000089        0.000184       -0.000004
          0.000087        0.000559       -0.000157
          0.000037        0.000962       -0.000188
         -0.000065        0.001168       -0.000112
         -0.000164        0.000882        0.000110
         -0.000215        0.000237        0.000309
         -0.000111       -0.000200        0.000280
          0.000137       -0.000160        0.000198
          0.000251       -0.000065        0.000354
          0.000116       -0.000350        0.000621
          0.000078       -0.000785        0.000659
          0.000355       -0.000917        0.000402
          0.000549       -0.000761       -0.000002
          0.000301       -0.000612       -0.000416
         -0.000076       -0.000520       -0.000659
         -0.000180       -0.000359       -0.000526
         -0.000184       -0.000148       -0.000101
         -0.000350        0.000006        0.000184
         -0.000463        0.000137        0.000051
         -0.000304        0.000368       -0.000191
         -0.000149        0.000668       -0.000034
         -0.000263        0.000813        0.000479
         -0.000339        0.000603        0.000772
         -0.000007        0.000029        0.000526
          0.000447       -0.000680        0.000100
          0.000446       -0.001123       -0.000022
          0.000037       -0.001124        0.000118
         -0.000190       -0.001017        0.000130
          0.000009       -0.001124       -0.000111
          0.000299       -0.001168       -0.000318
          0.000376       -0.000747       -0.000244
          0.000256       -0.000108       -0.000019
         -0.000013        0.000173        0.000063
         -0.000399        0.000043        0.000025
         -0.000642       -0.000057        0.000214
         -0.000454        0.000047        0.000722
         -0.000023        0.000140        0.001078
          0.000151        0.000186        0.000774
         -0.000044        0.000383       -0.000080
         -0.000181        0.000618       -0.000849
          0.000023        0.000526       -0.001041
          0.000269        0.000174       -0.000709
          0.000170        0.000047       -0.000226
         -0.000130        0.000255        0.000089
         -0.000214        0.000303        0.000119
         -0.000066       -0.000137        0.000050
         -0.000049       -0.000668        0.000273
         -0.000283       -0.000672        0.000799
         -0.000426       -0.000176        0.001027
         -0.000210        0.000205        0.000577
          0.000112        0.000204       -0.000108
          0.000091        0.000253       -0.000452
         -0.000260        0.000689       -0.000441
         -0.000516        0.001137       -0.000324
         -0.000509        0.001094       -0.000299
         -0.000446        0.000676       -0.000553
         -0.000402        0.000354       -0.001027
         -0.000267        0.000281       -0.001275
         -0.000165        0.000235       -0.001009
         -0.000218        0.000005       -0.000470
         -0.000084       -0.000388        0.000009
          0.000444       -0.000700        0.000380
          0.000764       -0.000696        0.000622
          0.000354       -0.000476        0.000547
         -0.000196       -0.000385        0.000103
         -0.000099       -0.000506       -0.000365
          0.000316       -0.000501       -0.000450
          0.000277       -0.000116       -0.000185
         -0.000110        0.000442        0.000057
         -0.000228        0.000790        0.000099
         -0.000025        0.000801        0.000054
          0.000149        0.000635       -0.000000
          0.000235        0.000528       -0.000100
          0.000316        0.000568       -0.000222
          0.000223        0.000607       -0.000308
         -0.000122        0.000452       -0.000343
         -0.000312        0.000129       -0.000252
          0.000060       -0.000160        0.000089
          0.000700       -0.000275        0.000614
          0.000907       -0.000228        0.000953
          0.000481       -0.000117        0.000768
         -0.000090       -0.000047        0.000201
         -0.000344       -0.000059       -0.000264
         -0.000309       -0.000168       -0.000409
         -0.000226       -0.000432       -0.000442
         -0.000206       -0.000776       -0.000504
         -0.000262       -0.000884       -0.000432
         -0.000417       -0.000555       -0.000105
         -0.000624       -0.000020        0.000354
         -0.000700        0.000393        0.000738
         -0.000478        0.000672        0.000822
         -0.000025        0.000918        0.000429
          0.000354        0.001009       -0.000286
          0.000367        0.000807       -0.000824
          0.000041        0.000457       -0.000835
         -0.000253        0.000235       -0.000430
         -0.000140        0.000233        0.000004
          0.000358        0.000294        0.000111
          0.000818        0.000223       -0.000149
          0.000835        0.000001       -0.000381
          0.000466       -0.000285       -0.000197
          0.000188       -0.000650        0.000235
          0.000313       -0.001022        0.000422
          0.000558       -0.001025        0.000254
          0.000450       -0.000542        0.000054
          0.000013       -0.000171        0.000011
         -0.000310       -0.000381       -0.000009
         -0.000281       -0.000670       -0.000126
         -0.000042       -0.000414       -0.000202
          0.000176        0.000023       -0.000041
          0.000228       -0.000030        0.000317
          0.000081       -0.000397        0.000606
         -0.000128       -0.000488        0.000608
         -0.000203       -0.000331        0.000298
         -0.000103       -0.000236       -0.000182
          0.000058       -0.000007       -0.000566
          0.000147        0.000637       -0.000648
          0.000070        0.001273       -0.000539
         -0.000160        0.001236       -0.000522
         -0.000416        0.000588       -0.000586
         -0.000572        0.000008       -0.000400
         -0.000553       -0.000125        0.000177
         -0.000347       -0.000070        0.000811
         -0.000114       -0.000215        0.001000
         -0.000086       -0.000576        0.000623
         -0.000192       -0.000900        0.000143
         -0.000128       -0.000998        0.000128
          0.000102       -0.000838        0.000460
          0.000161       -0.000574        0.000401
         -0.000019       -0.000478       -0.000293
         -0.000125       -0.000534       -0.000864
          0.000027       -0.000308       -0.000667
          0.000241        0.000350       -0.000180
          0.000217        0.000871       -0.000182
         -0.000096        0.000784       -0.000530
         -0.000345        0.000382       -0.000540
         -0.000099        0.000075       -0.000065
          0.000453       -0.000226        0.000495
          0.000562       -0.000574        0.000890
          0.000041       -0.000610        0.001140
         -0.000372       -0.000241        0.001236
         -0.000194        0.000027        0.001143
          0.000057       -0.000153        0.000945
         -0.000171       -0.000420        0.000728
         -0.000526       -0.000276        0.000469
         -0.000395        0.000172        0.000147
          0.000098        0.000399       -0.000131
          0.000332        0.000250       -0.000237
          0.000145        0.000099       -0.000176
          0.000045        0.000205       -0.000064
          0.000378        0.000381        0.000045
          0.000727        0.000418        0.000206
          0.000515        0.000388        0.000390
         -0.000055        0.000330        0.000394
         -0.000271        0.000100        0.000104
         -0.000014       -0.000228       -0.000286
          0.000155       -0.000240       -0.000519
         -0.000029        0.000180       -0.000537
         -0.000180        0.000464       -0.000387
         -0.000023        0.000125       -0.000162
          0.000128       -0.000407       -0.000073
         -0.000084       -0.000354       -0.000164
         -0.000455        0.000248       -0.000112
         -0.000461        0.000737        0.000222
          0.000036        0.000864        0.000415
          0.000563        0.000865        0.000156
          0.000609        0.000824       -0.000224
          0.000278        0.000688       -0.000374
          0.000129        0.000594       -0.000424
          0.000358        0.000653       -0.000528
          0.000516        0.000716       -0.000512
          0.000213        0.000590       -0.000240
         -0.000317        0.000217        0.000143
         -0.000624       -0.000284        0.000385
         -0.000650       -0.000534        0.000299
         -0.000601       -0.000253       -0.000105
         -0.000536        0.000220       -0.000524
         -0.000369        0.000351       -0.000647
         -0.000151        0.000237       -0.000573
         -0.000117        0.000270       -0.000635
         -0.000348        0.000344       -0.000823
         -0.000567        0.000204       -0.000797
         -0.000443        0.000069       -0.000477
         -0.000019        0.000147       -0.000209
          0.000320        0.000149       -0.000251
          0.000258       -0.000166       -0.000381
         -0.000125       -0.000556       -0.000171
         -0.000405       -0.000702        0.000423
         -0.000244       -0.000571        0.000910
          0.000186       -0.000284        0.000809
          0.000356        0.000028        0.000278
          0.000123        0.000261       -0.000091
         -0.000030        0.000443       -0.000084
          0.000242        0.000638       -0.000048
          0.000569        0.000677       -0.000143
          0.000514        0.000260       -0.000036
          0.000263       -0.000539        0.000354
          0.000134       -0.001187        0.000519
          0.000044       -0.001286        0.000172
         -0.000064       -0.000954       -0.000277
          0.000043       -0.000479       -0.000466
          0.000372        0.000029       -0.000574
          0.000565        0.000434       -0.000767
          0.000461        0.000398       -0.000864
          0.000240       -0.000162       -0.000790
          0.000032       -0.000708       -0.000739
         -0.000112       -0.000626       -0.000728
         -0.000050       -0.000054       -0.000505
          0.000198        0.000311       -0.000006
          0.000298        0.000193        0.000485
          0.000071       -0.000015        0.000714
         -0.000198       -0.000068        0.000682
         -0.000195       -0.000258        0.000497
          0.000045       -0.000732        0.000273
          0.000279       -0.001080        0.000153
          0.000294       -0.000970        0.000164
          0.000014       -0.000660        0.000156
         -0.000360       -0.000509        0.000024
         -0.000476       -0.000489       -0.000167
         -0.000302       -0.000477       -0.000316
         -0.000174       -0.000481       -0.000330
         -0.000222       -0.000352       -0.000071
         -0.000163        0.000134        0.000499
          0.000121        0.000655        0.001122
          0.000302        0.000492        0.001400
          0.000132       -0.000405        0.001162
         -0.000164       -0.001153        0.000613
         -0.000220       -0.001099        0.000120
          0.000033       -0.000655       -0.000018
          0.000384       -0.000610        0.000260
          0.000569       -0.001027        0.000639
          0.000442       -0.001226        0.000645
          0.000060       -0.000742        0.000246
         -0.000348        0.000060       -0.000058
         -0.000528        0.000506        0.000029
         -0.000383        0.000514        0.000233
         -0.000060        0.000543        0.000359
          0.000147        0.000752        0.000660
          0.000090        0.000816        0.001145
         -0.000094        0.000634        0.001260
         -0.000188        0.000584        0.000783
         -0.000117        0.000823        0.000284
          0.000117        0.000965        0.000206
          0.000453        0.000757        0.000252
          0.000604        0.000498        0.000028
          0.000293        0.000417       -0.000434
         -0.000191        0.000225       -0.000893
         -0.000235       -0.000281       -0.001052
          0.000153       -0.000723       -0.000691
          0.000288       -0.000665       -0.000080
         -0.000154       -0.000223        0.000221
         -0.000700        0.000213        0.000198
         -0.000822        0.000513        0.000302
         -0.000510        0.000748        0.000525
         -0.000050        0.000872        0.000433
          0.000263        0.000783        0.000014
          0.000172        0.000580       -0.000305
         -0.000289        0.000463       -0.000291
         -0.000667        0.000454       -0.000041
         -0.000619        0.000397        0.000168
         -0.000371        0.000224       -0.000010
         -0.000265        0.000054       -0.000607
         -0.000188        0.000051       -0.001107
          0.000061        0.000229       -0.001055
          0.000244        0.000377       -0.000641
          0.000050        0.000287       -0.000324
         -0.000300        0.000107       -0.000297
         -0.000349        0.000192       -0.000531
         -0.000102        0.000523       -0.000880
          0.000036        0.000675       -0.001048
         -0.000053        0.000446       -0.000908
         -0.000058        0.000081       -0.000720
          0.000168       -0.000161       -0.000651
          0.000338       -0.000198       -0.000522
          0.000220        0.000019       -0.000335
          0.000006        0.000404       -0.000427
         -0.000017        0.000590       -0.000743
          0.000150        0.000335       -0.000684
          0.000332       -0.000063       -0.000043
          0.000441       -0.000090        0.000509
          0.000419        0.000309        0.000273
          0.000149        0.000606       -0.000544
         -0.000301        0.000329       -0.001066
         -0.000522       -0.000290       -0.000840
         -0.000257       -0.000542       -0.000315
          0.000101       -0.000218       -0.000067
          0.000043        0.000049       -0.000009
         -0.000246       -0.000234        0.000206
         -0.000254       -0.000608        0.000488
         -0.000027       -0.000418        0.000568
          0.000058        0.000121        0.000471
          0.000012        0.000334        0.000275
          0.000038        0.000191       -0.000107
          0.000058        0.000202       -0.000540
          0.000009        0.000465       -0.000564
          0.000112        0.000548       -0.000018
          0.000407        0.000241        0.000555
          0.000528       -0.000179        0.000479
          0.000306       -0.000391       -0.000216
          0.000116       -0.000359       -0.000759
          0.000230       -0.000248       -0.000527
          0.000346       -0.000263        0.000214
          0.000148       -0.000494        0.000689
         -0.000103       -0.000771        0.000605
         -0.000031       -0.000812        0.000359
          0.000161       -0.000579        0.000315
          0.000021       -0.000269        0.000393
         -0.000307        0.000021        0.000423
         -0.000220        0.000312        0.000443
          0.000330        0.000483        0.000509
          0.000647        0.000354        0.000538
          0.000379       -0.000050        0.000487
          0.000058       -0.000509        0.000478
          0.000175       -0.000765        0.000659
          0.000424       -0.000685        0.001004
          0.000337       -0.000485        0.001293
          0.000035       -0.000571        0.001289
         -0.000149       -0.000891        0.001012
         -0.000250       -0.000906        0.000737
         -0.000404       -0.000478        0.000644
         -0.000396       -0.000133        0.000628
         -0.000030       -0.000186        0.000560
          0.000358       -0.000333        0.000479
          0.000305       -0.000341        0.000419
         -0.000081       -0.000403        0.000304
         -0.000342       -0.000560        0.000106
         -0.000337       -0.000446       -0.000110
         -0.000229        0.000093       -0.000274
         -0.000082        0.000608       -0.000317
          0.000072        0.000661       -0.000211
          0.000042        0.000453       -0.000070
         -0.000217        0.000436       -0.000026
         -0.000367        0.000585       -0.000066
         -0.000172        0.000556       -0.000178
          0.000088        0.000287       -0.000455
          0.000077       -0.000046       -0.000750
         -0.000045       -0.000374       -0.000598
          0.000042       -0.000611        0.000084
          0.000245       -0.000529        0.000618
          0.000230       -0.000138        0.000435
         -0.000038        0.000146       -0.000048
         -0.000282        0.000025       -0.000110
         -0.000315       -0.000253        0.000104
         -0.000153       -0.000265       -0.000059
          0.000096       -0.000054       -0.000488
          0.000236       -0.000031       -0.000473
          0.000106       -0.000250       -0.000045
         -0.000128       -0.000325        0.000031
         -0.000106       -0.000191       -0.000337
          0.000172       -0.000222       -0.000411
          0.000351       -0.000426        0.000035
          0.000284       -0.000361        0.000389
          0.000101       -0.000031        0.000302
         -0.000127        0.000026        0.000063
         -0.000301       -0.000321       -0.000090
         -0.000164       -0.000569       -0.000224
          0.000266       -0.000360       -0.000378
          0.000513        0.000114       -0.000517
          0.000315        0.000452       -0.000568
          0.000015        0.000456       -0.000411
         -0.000058        0.000257       -0.000160
         -0.000045        0.000160       -0.000252
         -0.000112        0.000309       -0.000835
         -0.000136        0.000532       -0.001386
         -0.000065        0.000504       -0.001270
         -0.000060        0.000149       -0.000499
         -0.000187       -0.000101        0.000219
         -0.000377        0.000202        0.000210
         -0.000570        0.000693       -0.000392
         -0.000605        0.000590       -0.000809
         -0.000288        0.000001       -0.000642
          0.000227       -0.000214       -0.000218
          0.000490        0.000099        0.000140
          0.000343        0.000275        0.000377
          0.000076        0.000098        0.000282
         -0.000052       -0.000015       -0.000255
         -0.000107        0.000092       -0.000695
         -0.000214        0.000210       -0.000490
         -0.000323        0.000319        0.000064
         -0.000351        0.000476        0.000394
         -0.000351        0.000515        0.000493
         -0.000422        0.000370        0.000589
         -0.000514        0.000272        0.000627
         -0.000436        0.000314        0.000495
         -0.000128        0.000289        0.000238
          0.000197        0.000174       -0.000075
          0.000271        0.000273       -0.000323
          0.000098        0.000659       -0.000335
         -0.000065        0.000927       -0.000196
          0.000005        0.000776       -0.000169
          0.000276        0.000451       -0.000237
          0.000532        0.000292       -0.000197
          0.000646        0.000255       -0.000068
          0.000658        0.000186        0.000034
          0.000551        0.000152        0.000169
          0.000229        0.000228        0.000357
         -0.000125        0.000321        0.000485
         -0.000117        0.000388        0.000541
          0.000191        0.000531        0.000533
          0.000264        0.000792        0.000323
          0.000025        0.001016       -0.000047
          0.000027        0.000940       -0.000226
          0.000314        0.000420       -0.000071
          0.000155       -0.000312        0.000137
         -0.000588       -0.000745        0.000142
         -0.000951       -0.000605       -0.000059
         -0.000388       -0.000149       -0.000285
          0.000307        0.000087       -0.000248
          0.000276       -0.000195        0.000086
         -0.000152       -0.000744        0.000247
         -0.000193       -0.000993       -0.000035
          0.000158       -0.000694       -0.000258
          0.000334       -0.000196       -0.000004
          0.000239        0.000003        0.000325
          0.000321       -0.000213        0.000378
          0.000694       -0.000571        0.000456
          0.000854       -0.000724        0.000600
          0.000464       -0.000557        0.000326
         -0.000096       -0.000270       -0.000269
         -0.000243       -0.000140       -0.000439
          0.000050       -0.000226       -0.000050
          0.000326       -0.000406        0.000303
          0.000278       -0.000598        0.000385
          0.000016       -0.000762        0.000447
         -0.000202       -0.000803        0.000517
         -0.000239       -0.000675        0.000441
         -0.000098       -0.000512        0.000361
          0.000076       -0.000432        0.000441
          0.000062       -0.000259        0.000426
         -0.000181        0.000199        0.000049
         -0.000396        0.000588       -0.000418
         -0.000363        0.000311       -0.000535
         -0.000183       -0.000469       -0.000360
         -0.000085       -0.000847       -0.000259
         -0.000134       -0.000456       -0.000295
         -0.000248        0.000101       -0.000261
         -0.000329        0.000274       -0.000107
         -0.000351        0.000142       -0.000000
         -0.000358       -0.000128       -0.000071
         -0.000375       -0.000531       -0.000275
         -0.000347       -0.000890       -0.000420
         -0.000280       -0.000950       -0.000343
         -0.000276       -0.000736       -0.000093
         -0.000308       -0.000379        0.000123
         -0.000219        0.000106        0.000155
         -0.000080        0.000565        0.000004
         -0.000171        0.000638       -0.000230
         -0.000516        0.000272       -0.000410
         -0.000781       -0.000051       -0.000428
         -0.000739        0.000067       -0.000241
         -0.000513        0.000367        0.000082
         -0.000294        0.000369        0.000332
         -0.000121        0.000125        0.000303
          0.000002        0.000075        0.000035
          0.000044        0.000258       -0.000179
          0.000083        0.000226       -0.000045
          0.000248       -0.000230        0.000486
          0.000443       -0.000707        0.001071
          0.000366       -0.000686        0.001204
         -0.000049       -0.000179        0.000846
         -0.000477        0.000306        0.000519
         -0.000570        0.000398        0.000411
         -0.000306        0.000258        0.000010
          0.000037        0.000254       -0.000834
          0.000121        0.000458       -0.001389
         -0.000118        0.000648       -0.001226
         -0.000337        0.000689       -0.000900
         -0.000189        0.000665       -0.000844
          0.000213        0.000614       -0.000692
          0.000460        0.000428       -0.000180
          0.000339        0.000122        0.000314
          0.000023       -0.000071        0.000446
         -0.000145       -0.000049        0.000288
         -0.000064       -0.000032       -0.000014
          0.000018       -0.000190       -0.000327
         -0.000044       -0.000348       -0.000395
          0.000023       -0.000322       -0.000124
          0.000412       -0.000227        0.000237
          0.000749       -0.000250        0.000423
          0.000617       -0.000362        0.000367
          0.000231       -0.000401        0.000080
          0.000092       -0.000239       -0.000387
          0.000222        0.000099       -0.000889
          0.000248        0.000404       -0.001225
          0.000026        0.000453       -0.001203
         -0.000212        0.000242       -0.000788
         -0.000206       -0.000046       -0.000203
          0.000081       -0.000221        0.000305
          0.000475       -0.000170        0.000708
          0.000709        0.000083        0.000973
          0.000646        0.000358        0.000904
          0.000458        0.000514        0.000478
          0.000445        0.000593       -0.000014
          0.000634        0.000577       -0.000324
          0.000741        0.000285       -0.000399
          0.000606       -0.000172       -0.000239
          0.000445       -0.000295        0.000054
          0.000503        0.000042        0.000244
          0.000635        0.000336        0.000232
          0.000498        0.000306        0.000186
          0.000133        0.000272        0.000287
          0.000010        0.000402        0.000534
          0.000329        0.000419        0.000775
          0.000651        0.000236        0.000846
          0.000521        0.000111        0.000719
          0.000126        0.000095        0.000505
         -0.000043       -0.000023        0.000279
          0.000133       -0.000227        0.000067
          0.000419       -0.000275        0.000001
          0.000606       -0.000127        0.000232
          0.000574        0.000040        0.000649
          0.000317        0.000101        0.000917
          0.000057        0.000030        0.000842
          0.000002       -0.000122        0.000562
          0.000001       -0.000228        0.000377
         -0.000161       -0.000242        0.000442
         -0.000273       -0.000237        0.000645
         -0.000012       -0.000164        0.000797
          0.000459        0.000100        0.000806
          0.000728        0.000322        0.000610
          0.000779        0.000079        0.000231
          0.000810       -0.000500       -0.000024
          0.000648       -0.000756        0.000095
          0.000051       -0.000422        0.000274
         -0.000586        0.000028        0.000044
         -0.000588        0.000104       -0.000434
         -0.000007       -0.000083       -0.000658
          0.000379       -0.000110       -0.000577
          0.000115        0.000136       -0.000473
         -0.000384        0.000338       -0.000399
         -0.000488        0.000211       -0.000304
         -0.000191       -0.000087       -0.000358
          0.000001       -0.000152       -0.000697
         -0.000154        0.000147       -0.001101
         -0.000352        0.000497       -0.001215
         -0.000252        0.000502       -0.000919
          0.000050        0.000127       -0.000439
          0.000176       -0.000277       -0.000135
         -0.000020       -0.000401       -0.000081
         -0.000276       -0.000297        0.000040
         -0.000296       -0.000202        0.000350
         -0.000179       -0.000186        0.000418
         -0.000226       -0.000150       -0.000011
         -0.000408       -0.000079       -0.000447
         -0.000408       -0.000104       -0.000397
         -0.000193       -0.000231       -0.000122
         -0.000143       -0.000238       -0.000128
         -0.000461       -0.000021       -0.000411
         -0.000825        0.000205       -0.000612
         -0.000893        0.000279       -0.000507
         -0.000792        0.000375       -0.000149
         -0.000796        0.000576        0.000203
         -0.000872        0.000576        0.000312
         -0.000862        0.000200        0.000207
         -0.000840       -0.000153        0.000069
         -0.001008       -0.000078       -0.000032
         -0.001324        0.000123       -0.000013
         -0.001433       -0.000144        0.000298
         -0.001078       -0.000770        0.000768
         -0.000524       -0.000983        0.000892
         -0.000304       -0.000475        0.000490
         -0.000586        0.000132        0.000015
         -0.001049        0.000268       -0.000171
         -0.001307        0.000206       -0.000267
         -0.001165        0.000381       -0.000533
         -0.000616        0.000547       -0.000862
          0.000025        0.000304       -0.001044
          0.000156       -0.000112       -0.000963
         -0.000473       -0.000280       -0.000554
         -0.001218       -0.000356        0.000018
         -0.001165       -0.000637        0.000332
         -0.000333       -0.000887        0.000265
          0.000298       -0.000795        0.000181
          0.000060       -0.000578        0.000285
         -0.000566       -0.000502        0.000319
         -0.000728       -0.000350        0.000161
         -0.000412        0.000057        0.000096
         -0.000285        0.000396        0.000264
         -0.000530        0.000368        0.000392
         -0.000687        0.000155        0.000291
         -0.000641        0.000029        0.000152
         -0.000780       -0.000006        0.000143
         -0.001042        0.000041        0.000057
         -0.000835        0.000250       -0.000356
         -0.000176        0.000507       -0.000915
          0.000169        0.000507       -0.001176
         -0.000121        0.000134       -0.000981
         -0.000501       -0.000433       -0.000574
         -0.000482       -0.000891       -0.000305
         -0.000147       -0.000907       -0.000385
          0.000186       -0.000369       -0.000743
          0.000233        0.000251       -0.001012
         -0.000101        0.000284       -0.000845
         -0.000477       -0.000184       -0.000303
         -0.000428       -0.000363        0.000204
         -0.000020        0.000030        0.000323
          0.000339        0.000345        0.000017
          0.000587        0.000052       -0.000442
          0.000808       -0.000498       -0.000699
          0.000713       -0.000698       -0.000644
          0.000121       -0.000474       -0.000518
         -0.000411       -0.000168       -0.000601
         -0.000267       -0.000045       -0.000882
          0.000292       -0.000117       -0.001094
          0.000618       -0.000188       -0.001020
          0.000673       -0.000050       -0.000745
          0.000811        0.000247       -0.000579
          0.000977        0.000459       -0.000653
          0.000872        0.000515       -0.000726
          0.000600        0.000540       -0.000613
          0.000500        0.000555       -0.000525
          0.000565        0.000480       -0.000617
          0.000544        0.000375       -0.000586
          0.000452        0.000381       -0.000180
          0.000556        0.000450        0.000257
          0.000933        0.000339        0.000327
          0.001351       -0.000122        0.000262
          0.001577       -0.000772        0.000524
          0.001613       -0.001130        0.001000
          0.001570       -0.000823        0.001203
          0.001454       -0.000060        0.001054
          0.001233        0.000545        0.000939
          0.001072        0.000713        0.000997
          0.001227        0.000755        0.000895
          0.001617        0.000967        0.000426
          0.001777        0.001174       -0.000100
          0.001485        0.001133       -0.000293
          0.001156        0.000958       -0.000149
          0.001253        0.000800        0.000133
          0.001551        0.000485        0.000425
          0.001510       -0.000087        0.000616
          0.001185       -0.000495        0.000649
          0.001166       -0.000289        0.000730
          0.001614        0.000332        0.001071
          0.002006        0.000820        0.001423
          0.001930        0.001038        0.001334
          0.001618        0.001204        0.000838
          0.001515        0.001291        0.000399
          0.001670        0.001037        0.000219
          0.001789        0.000504        0.000139
          0.001734        0.000094        0.000131
          0.001718       -0.000018        0.000331
          0.001948       -0.000039        0.000623
          0.002276       -0.000080        0.000727
          0.002412       -0.000005        0.000660
          0.002342        0.000146        0.000697
          0.002289        0.000060        0.000977
          0.002330       -0.000313        0.001373
          0.002238       -0.000524        0.001613
          0.001788       -0.000160        0.001476
          0.001180        0.000540        0.001078
          0.000996        0.000870        0.000844
          0.001515        0.000542        0.001003
          0.002229        0.000086        0.001343
          0.002424        0.000089        0.001621
          0.002046        0.000434        0.001813
          0.001566        0.000646        0.001872
          0.001259        0.000595        0.001699
          0.001106        0.000467        0.001455
          0.001100        0.000396        0.001417
          0.001206        0.000395        0.001530
          0.001240        0.000408        0.001539
          0.001103        0.000316        0.001495
          0.000904        0.000073        0.001697
          0.000745       -0.000199        0.002154
          0.000624       -0.000324        0.002422
          0.000554       -0.000255        0.002156
          0.000558       -0.000156        0.001651
          0.000596       -0.000318        0.001494
          0.000615       -0.000816        0.001723
          0.000603       -0.001293        0.001858
          0.000553       -0.001312        0.001691
          0.000441       -0.000885        0.001417
          0.000255       -0.000400        0.001135
          0.000033       -0.000112        0.000886
         -0.000162        0.000004        0.000875
         -0.000312        0.000015        0.001061
         -0.000435        0.000001        0.001009
         -0.000555        0.000096        0.000622
         -0.000738        0.000232        0.000373
         -0.001051        0.000037        0.000539
         -0.001357       -0.000588        0.000884
         -0.001383       -0.001071        0.001235
         -0.001160       -0.000891        0.001609
         -0.001020       -0.000431        0.001796
         -0.001061       -0.000457        0.001545
         -0.001227       -0.000944        0.001073
         -0.001819       -0.001114        0.000740
         -0.002771       -0.000574        0.000400
         -0.002790        0.000157       -0.000214
         -0.001395        0.000279       -0.000719
         -0.001064       -0.000361       -0.000490
         -0.003520       -0.001041        0.000163
         -0.004977       -0.001031        0.000177
         -0.001927       -0.000694       -0.000464
         -0.000310       -0.000985       -0.000426
         -0.006435       -0.001602        0.000388
         -0.009843       -0.001180       -0.000026
          0.000987       -0.000262       -0.001553
          0.000519       -0.002092       -0.000231
         -0.060880       -0.009152        0.003442
         -0.189308       -0.021885       -0.002609
         -0.328455       -0.040428       -0.031358
         -0.411040       -0.057495       -0.077563
         -0.373319       -0.046967       -0.114692
         -0.151379        0.018073       -0.110206
          0.209876        0.117066       -0.045292
          0.478938        0.173150        0.065090
          0.454744        0.122091        0.162982
          0.223584       -0.020519        0.177336
         -0.008421       -0.173505        0.088768
         -0.222115       -0.244797       -0.037393
         -0.429744       -0.175772       -0.108918
         -0.388506        0.000847       -0.103736
          0.104891        0.139741       -0.072209
          0.748117        0.111441       -0.034701
          0.990375       -0.034708        0.039279
          0.675631       -0.136705        0.106443
          0.086512       -0.133732        0.036585
         -0.480702       -0.074311       -0.166521
         -0.823634        0.050406       -0.279131
         -0.726423        0.272478       -0.151600
         -0.149785        0.450705        0.071786
          0.575717        0.348151        0.207050
          0.999482       -0.037045        0.283459
          0.890063       -0.414694        0.314583
          0.276069       -0.524062        0.121464
         -0.576539       -0.330984       -0.288201
         -1.173030        0.094066       -0.493730
         -1.102378        0.620673       -0.207440
         -0.463601        0.920768        0.261512
          0.230242        0.614853        0.454903
          0.604078       -0.248349        0.342241
          0.660201       -1.078565        0.120690
          0.488111       -1.271094       -0.174874
          0.079637       -0.687777       -0.507269
         -0.401227        0.377448       -0.614028
         -0.479452        1.377811       -0.276924
          0.080394        1.651174        0.359023
          0.701037        0.848542        0.865697
          0.567846       -0.588714        0.839376
         -0.151610       -1.686088        0.232195
         -0.462041       -1.796630       -0.516534
         -0.136572       -1.021010       -0.865920
         -0.058934        0.150106       -0.708235
         -0.520941        1.238372       -0.299915
         -0.560084        1.762261        0.159571
          0.228760        1.285604        0.526497
          0.700851       -0.064660        0.534869
          0.042513       -1.315555        0.066576
         -0.755459       -1.456581       -0.509996
         -0.529995       -0.554636       -0.597344
          0.203533        0.438047        0.000804
          0.334442        0.902016        0.782831
          0.003124        0.936418        0.980881
          0.030141        0.660456        0.425952
          0.366112        0.000920       -0.208405
          0.379805       -0.716934       -0.361833
          0.058037       -0.787345       -0.394179
         -0.139968       -0.063976       -0.732914
         -0.114043        0.676088       -0.734967
         -0.035910        0.656621        0.352817
          0.050635        0.004118        1.619286
          0.059160       -0.592935        1.317143
         -0.108890       -0.760758       -0.452492
         -0.165784       -0.571349       -1.610522
          0.190709       -0.131077       -1.043767
          0.543294        0.438899        0.051465
          0.280796        0.813127        0.396987
         -0.319516        0.708201        0.429786
         -0.510823        0.189628        0.859439
         -0.306367       -0.484257        1.031558
         -0.258047       -1.063591        0.124050
         -0.323419       -1.259551       -1.137031
         -0.040764       -0.872834       -1.384087
          0.425020       -0.064538       -0.558422
          0.462502        0.781991        0.259827
          0.062057        1.397583        0.482185
         -0.223918        1.548591        0.398816
         -0.202079        0.907608        0.287541
         -0.142305       -0.469667        0.093383
         -0.125521       -1.713026       -0.145605
          0.035865       -1.807924       -0.226307
          0.323968       -0.726191       -0.090395
          0.480993        0.593534        0.115128
          0.391582        1.360240        0.185082
          0.158886        1.488117       -0.001685
         -0.100319        1.089800       -0.294779
         -0.287247        0.154246       -0.325632
         -0.296060       -1.020882       -0.000121
         -0.167488       -1.689296        0.285956
         -0.095803       -1.361173        0.207386
         -0.127273       -0.343073       -0.049284
         -0.083089        0.648038       -0.200457
          0.089043        1.135557       -0.275889
          0.180158        1.039772       -0.306920
          0.077508        0.523065       -0.135317
         -0.044169       -0.117060        0.153128
         -0.034605       -0.558720        0.165767
          0.011287       -0.607426       -0.147477
         -0.004871       -0.288253       -0.334397
          0.010692        0.145101       -0.123896
          0.110682        0.370014        0.276876
          0.118743        0.322987        0.649335
         -0.085840        0.253139        0.925361
         -0.297382        0.282127        0.852115
         -0.262209        0.172842        0.184253
         -0.049502       -0.187144       -0.689403
          0.104646       -0.417461       -0.988022
          0.134442       -0.194855       -0.546191
          0.112806        0.129999        0.048687
          0.086419       -0.000765        0.393680
          0.086658       -0.472113        0.616067
          0.100858       -0.652689        0.697325
          0.019240       -0.331301        0.316986
         -0.156544        0.067389       -0.387354
         -0.189793        0.194473       -0.737832
          0.014569        0.166679       -0.497897
          0.162438        0.163762       -0.178769
          0.034060        0.115718       -0.120030
         -0.133574       -0.036177       -0.051238
         -0.073344       -0.121806        0.181154
          0.073104        0.013461        0.251013
          0.080367        0.254733        0.012012
          0.039660        0.359086       -0.197720
          0.119162        0.249612       -0.174852
          0.224204        0.083276       -0.140395
          0.166080        0.047736       -0.219880
         -0.030116        0.120563       -0.215767
         -0.179919        0.097250       -0.036182
         -0.186720       -0.094075        0.154444
         -0.111768       -0.242819        0.280399
         -0.053871       -0.162264        0.407381
         -0.039037        0.012499        0.446795
         -0.020794        0.048528        0.219611
          0.043457       -0.011426       -0.182517
          0.113395        0.033945       -0.437956
          0.078234        0.164556       -0.387833
         -0.088886        0.167221       -0.142065
         -0.216641       -0.004171        0.137045
         -0.118363       -0.168320        0.330172
          0.124326       -0.217161        0.327063
          0.256817       -0.235114        0.122612
          0.208055       -0.278243       -0.100559
          0.112115       -0.255195       -0.149873
          0.024087       -0.117510       -0.035710
         -0.101511        0.017252        0.098324
         -0.202986        0.050792        0.170663
         -0.163759        0.058101        0.185961
         -0.022288        0.132637        0.149210
          0.089197        0.213095        0.049558
          0.133999        0.186522       -0.103940
          0.131708        0.061695       -0.248749
          0.044643       -0.050789       -0.263173
         -0.135263       -0.064010       -0.082209
         -0.275613        0.014182        0.144775
         -0.227145        0.089041        0.167281
         -0.021086        0.071359       -0.025434
          0.157166       -0.014056       -0.168135
          0.166226       -0.067020       -0.117707
          0.019515       -0.062183       -0.057225
         -0.149511       -0.066048       -0.157641
         -0.184207       -0.100197       -0.277768
         -0.050325       -0.101845       -0.209766
          0.087411       -0.037604       -0.013718
          0.062198        0.049868        0.125437
         -0.032603        0.127678        0.194798
          0.013856        0.206415        0.272124
          0.153076        0.259934        0.304849
          0.137454        0.203371        0.203775
         -0.044835        0.011597        0.039387
         -0.133126       -0.199463       -0.055657
         -0.027876       -0.281219       -0.086112
          0.078704       -0.203613       -0.138403
          0.066330       -0.037958       -0.212549
          0.051104        0.141841       -0.238213
          0.102187        0.254892       -0.188476
          0.105769        0.204449       -0.093102
          0.017013        0.001776       -0.004060
         -0.031520       -0.179807        0.022850
          0.021746       -0.196259        0.003406
          0.055892       -0.096697        0.060183
         -0.008289       -0.002241        0.232431
         -0.084744        0.061692        0.308276
         -0.087911        0.111206        0.091091
         -0.052338        0.102327       -0.211737
         -0.043871       -0.006787       -0.195115
         -0.063776       -0.165256        0.145381
         -0.062200       -0.264530        0.386815
         -0.002533       -0.222824        0.292264
          0.082910       -0.045325        0.074231
          0.114957        0.144807       -0.031024
          0.068322        0.187453       -0.082130
         -0.001116        0.064810       -0.189511
         -0.051211       -0.070326       -0.256215
         -0.093341       -0.098360       -0.146406
         -0.116273       -0.061832        0.069697
         -0.068469       -0.041817        0.214448
          0.049167       -0.030516        0.248959
          0.153559        0.015899        0.251430
          0.176886        0.100246        0.198607
          0.131559        0.190445       -0.015458
          0.048117        0.227389       -0.310216
         -0.085107        0.151762       -0.413436
         -0.258609       -0.000187       -0.239268
         -0.362413       -0.088491       -0.032743
         -0.267573       -0.037887        0.009474
         -0.003945        0.061271        0.004822
          0.229561        0.089804        0.090563
          0.283070        0.044994        0.141858
          0.202689       -0.012392        0.018735
          0.096480       -0.055604       -0.150505
         -0.020479       -0.074147       -0.172965
         -0.129754       -0.044057       -0.078211
         -0.115851        0.025423       -0.008251
          0.047583        0.067236        0.003200
          0.167522        0.023104       -0.001188
          0.093661       -0.083428       -0.012690
         -0.039585       -0.169766       -0.043033
         -0.048302       -0.186696       -0.079933
         -0.013757       -0.149282       -0.081477
         -0.108508       -0.073349       -0.004941
         -0.242177        0.038607        0.115285
         -0.175788        0.121831        0.167671
          0.063075        0.075441        0.126745
          0.174295       -0.079094        0.098877
          0.030899       -0.188277        0.101790
         -0.131246       -0.174099        0.015184
         -0.078470       -0.115720       -0.110795
          0.087739       -0.069412       -0.018574
          0.132058        0.028398        0.280174
          0.043457        0.191673        0.373245
         -0.020085        0.280820        0.070881
         -0.017998        0.195797       -0.235580
         -0.028458        0.047542       -0.175085
         -0.044630       -0.006695        0.023896
          0.009691        0.006531       -0.038531
          0.106640       -0.016837       -0.251352
          0.143680       -0.015488       -0.221432
          0.112323        0.139625        0.024488
          0.088215        0.347600        0.087767
          0.090964        0.355728       -0.119238
          0.070412        0.154180       -0.240576
         -0.007638       -0.001441       -0.084394
         -0.131575       -0.020213        0.087138
         -0.243740       -0.105012        0.033319
         -0.250528       -0.334157       -0.082152
         -0.121909       -0.449921       -0.017994
          0.022937       -0.264194        0.138015
          0.038185        0.012220        0.159135
         -0.050371        0.083741        0.043349
         -0.084859       -0.011475       -0.073981
         -0.009996       -0.036901       -0.173167
          0.059358        0.061446       -0.271101
          0.042262        0.144529       -0.259443
          0.028428        0.136570       -0.050433
          0.105203        0.079916        0.230827
          0.171465       -0.004263        0.369932
          0.097416       -0.130007        0.305374
         -0.030384       -0.233499        0.154629
         -0.039399       -0.184946        0.059417
          0.034584        0.041548        0.049128
          0.019189        0.272153        0.031610
         -0.087484        0.276771       -0.062690
         -0.115146        0.028654       -0.132054
          0.000075       -0.231065       -0.012728
          0.134084       -0.251947        0.228787
          0.161674       -0.061462        0.294908
          0.071992        0.093824        0.074279
         -0.076183        0.065504       -0.133571
         -0.179448       -0.057883       -0.031674
         -0.123083       -0.131035        0.207934
          0.066381       -0.129700        0.200527
          0.177110       -0.090561       -0.051011
          0.080007       -0.003054       -0.189671
         -0.067288        0.125409       -0.090641
         -0.074932        0.184100       -0.011141
         -0.033075        0.082818       -0.118468
         -0.117108       -0.077546       -0.243577
         -0.230675       -0.103004       -0.205542
         -0.155274        0.033651       -0.076587
          0.053893        0.171342       -0.004847
          0.144961        0.203071       -0.005017
          0.070817        0.184590       -0.027353
          0.017840        0.167736       -0.049875
          0.081013        0.094440       -0.023426
          0.156313       -0.057499        0.106859
          0.130533       -0.173363        0.255622
          0.016585       -0.164635        0.241933
         -0.070487       -0.110303        0.055418
         -0.016164       -0.109311       -0.099990
          0.133904       -0.104332       -0.111405
          0.147504        0.003895       -0.102751
         -0.087699        0.148317       -0.170397
         -0.304557        0.151993       -0.203150
         -0.186905       -0.026836       -0.113025
          0.108519       -0.211036       -0.019930
          0.143592       -0.188447       -0.038122
         -0.117034        0.051098       -0.090847
         -0.258916        0.282743       -0.090893
         -0.078002        0.279792       -0.086769
          0.164367        0.075713       -0.106556
          0.206832       -0.091275       -0.085338
          0.103072       -0.110239       -0.020095
          0.007988       -0.113941        0.033500
         -0.030018       -0.190342        0.108387
         -0.029332       -0.198322        0.229915
         -0.033957       -0.037055        0.271936
         -0.073837        0.119949        0.165635
         -0.077835        0.085080        0.082155
          0.030854       -0.036581        0.151989
          0.143416       -0.033439        0.231898
          0.099039        0.079155        0.179265
         -0.024945        0.125262        0.069838
         -0.026058        0.045657       -0.035188
          0.079935       -0.054112       -0.184414
          0.101344       -0.057102       -0.279795
         -0.003740        0.033338       -0.135632
         -0.086549        0.075822        0.148804
         -0.051952       -0.042092        0.299759
          0.038437       -0.193832        0.299116
          0.077950       -0.149378        0.268110
          0.009686        0.049778        0.117487
         -0.148071        0.128919       -0.200621
         -0.281425        0.021365       -0.382669
         -0.248415       -0.072374       -0.225005
         -0.061469       -0.070420       -0.039074
          0.074674       -0.062370       -0.135890
          0.026674       -0.012578       -0.295506
         -0.060738        0.158949       -0.195674
          0.005836        0.276641        0.042036
          0.136777        0.142044        0.130566
          0.106704       -0.058377        0.075709
         -0.047700       -0.039470        0.038731
         -0.084601        0.071899        0.029081
          0.029422       -0.000241       -0.024606
          0.088992       -0.128241       -0.078229
          0.031049       -0.019041       -0.027199
          0.035548        0.195212        0.100030
          0.198626        0.146896        0.134270
          0.349393       -0.121336       -0.001079
          0.277617       -0.215499       -0.156408
          0.010025       -0.047015       -0.175778
         -0.216325        0.031413       -0.131870
         -0.219262       -0.189308       -0.160160
         -0.068819       -0.422988       -0.189847
          0.009626       -0.298418       -0.072072
         -0.078257        0.106736        0.129106
         -0.188280        0.375889        0.206112
         -0.149038        0.305256        0.105562
          0.023214        0.109577       -0.019524
          0.172064        0.065721       -0.016063
          0.167357        0.160868        0.118649
          0.003876        0.196646        0.263855
         -0.177222        0.106894        0.294191
         -0.201572        0.016131        0.183984
         -0.073752        0.016284        0.020515
          0.025071        0.040058       -0.080884
          0.007955       -0.001801       -0.085427
         -0.018472       -0.081608       -0.063201
          0.031680       -0.122279       -0.081985
          0.117085       -0.113230       -0.100392
          0.200510       -0.100746       -0.041732
          0.272624       -0.122161        0.056475
          0.255293       -0.173528        0.091819
          0.089418       -0.211500        0.075126
         -0.122534       -0.204730        0.097809
         -0.241820       -0.181492        0.130291
         -0.275738       -0.158575        0.048842
         -0.284374       -0.059304       -0.126538
         -0.240085        0.161418       -0.234125
         -0.119397        0.351280       -0.222593
          0.015385        0.312777       -0.177327
          0.127715        0.105763       -0.107508
          0.237601       -0.012550        0.031488
          0.300556        0.047401        0.127421
          0.242823        0.120447        0.025308
          0.110340        0.083232       -0.164303
          0.000217        0.007101       -0.183751
         -0.087858       -0.037872       -0.027593
         -0.170168       -0.100341        0.092123
         -0.190310       -0.174626        0.124595
         -0.153383       -0.125828        0.187126
         -0.148001        0.073396        0.251084
         -0.131573        0.212542        0.173012
          0.032904        0.123717        0.013465
          0.252842       -0.049164       -0.004705
          0.266911       -0.063765        0.133332
          0.086116        0.044658        0.183522
         -0.027941        0.036626        0.006713
         -0.040139       -0.138645       -0.218149
         -0.126539       -0.275907       -0.230028
         -0.216601       -0.243699       -0.046675
         -0.099699       -0.146424        0.035595
          0.082166       -0.102770       -0.136446
          0.042138       -0.067356       -0.300922
         -0.081476        0.024406       -0.158958
          0.020838        0.100088        0.117796
          0.215850        0.088928        0.137207
          0.198885        0.092059       -0.064793
          0.099779        0.214348       -0.107356
          0.185232        0.313074        0.078681
          0.277535        0.175502        0.208524
          0.087580       -0.093411        0.191755
         -0.201036       -0.173551        0.174724
         -0.255672       -0.018404        0.122342
         -0.173343        0.113062       -0.082098
         -0.207735        0.130586       -0.236797
         -0.253234        0.195873       -0.086286
         -0.109577        0.271459        0.159503
          0.063055        0.088540        0.118824
          0.034907       -0.280362       -0.132687
         -0.060025       -0.354879       -0.242354
          0.000337       -0.002934       -0.160923
          0.145407        0.270406       -0.059086
          0.224064        0.101712        0.070739
          0.217840       -0.192575        0.269736
          0.063631       -0.218993        0.338782
         -0.257565       -0.124848        0.137419
         -0.416809       -0.182186       -0.088499
         -0.129223       -0.224181       -0.059929
          0.220732        0.009703        0.083176
          0.078368        0.312721        0.035026
         -0.289624        0.284732       -0.183191
         -0.156876       -0.035794       -0.329251
          0.412027       -0.225498       -0.356753
          0.600063       -0.067303       -0.385443
          0.148162        0.217574       -0.387822
         -0.266771        0.297204       -0.214496
         -0.128328        0.085658        0.139022
          0.213699       -0.221019        0.500575
          0.209709       -0.348419        0.686871
         -0.100277       -0.199625        0.596209
         -0.288273        0.041381        0.259769
         -0.170008        0.121223       -0.129294
          0.032950        0.038863       -0.362675
          0.005998        0.016307       -0.416712
         -0.277824        0.132558       -0.395127
         -0.444420        0.203570       -0.314627
         -0.132191        0.106176       -0.097868
          0.416343       -0.018185        0.232072
          0.529788       -0.032690        0.481184
          0.047875       -0.056897        0.459055
         -0.371623       -0.225748        0.199222
         -0.178578       -0.349218       -0.031437
          0.302030       -0.111616       -0.002178
          0.417857        0.384757        0.192904
          0.118350        0.571561        0.221484
         -0.108286        0.095872       -0.053213
         -0.004613       -0.640849       -0.361309
          0.158453       -0.906622       -0.378957
          0.034201       -0.516523       -0.174022
         -0.298895        0.035458       -0.083332
         -0.418862        0.308782       -0.174935
         -0.123812        0.391423       -0.124097
          0.258199        0.508243        0.245971
          0.293459        0.538824        0.596693
          0.019381        0.249344        0.525613
         -0.186407       -0.213103        0.150020
         -0.179802       -0.418380       -0.113169
         -0.145157       -0.195806       -0.173433
         -0.182967        0.180273       -0.266875
         -0.138652        0.355962       -0.426877
          0.103804        0.271032       -0.402941
          0.361315        0.107717       -0.149974
          0.331028       -0.020275        0.019352
          0.014925       -0.165338       -0.072886
         -0.217463       -0.314509       -0.172419
         -0.124108       -0.286709       -0.005224
          0.071605       -0.030403        0.296053
          0.080068        0.183351        0.429385
          0.010046        0.111755        0.352877
          0.090166       -0.091109        0.206260
          0.217805       -0.121284        0.012272
          0.194225        0.024478       -0.246897
          0.122074        0.119488       -0.433119
          0.138582        0.082040       -0.411860
          0.049130        0.015123       -0.240990
         -0.309193       -0.014356       -0.015247
         -0.613144       -0.027401        0.226759
         -0.454298       -0.059319        0.335924
          0.006449       -0.137637        0.160070
          0.243607       -0.213535       -0.114124
          0.097088       -0.133497       -0.144249
         -0.091206        0.131412        0.037174
         -0.016999        0.331892        0.112676
          0.199419        0.263295        0.037453
          0.217237        0.081533        0.051606
         -0.043841        0.019016        0.201017
         -0.251276       -0.008560        0.264883
         -0.111899       -0.187599        0.143059
          0.141669       -0.378663        0.003556
          0.056658       -0.260663        0.014079
         -0.291001        0.156056        0.106022
         -0.352084        0.475533        0.084016
          0.011560        0.439285       -0.070424
          0.272393        0.241063       -0.139301
          0.088819        0.132187       -0.023340
         -0.153562       -0.032664        0.029208
         -0.008204       -0.464628       -0.176546
          0.307838       -0.834588       -0.374756
          0.314789       -0.596357       -0.267713
          0.048072        0.073344       -0.111423
         -0.062091        0.336191       -0.274477
          0.113163       -0.104510       -0.466430
          0.281790       -0.521900       -0.157006
          0.218757       -0.243282        0.440288
          0.022139        0.384043        0.637497
         -0.100312        0.599797        0.378919
         -0.089038        0.336649        0.224328
         -0.053856        0.130614        0.322986
         -0.098426        0.216102        0.256571
         -0.172788        0.306855       -0.110381
         -0.177927        0.177466       -0.405485
         -0.153238       -0.030072       -0.425816
         -0.180025       -0.107430       -0.390513
         -0.171378       -0.064404       -0.440726
         -0.004060       -0.039013       -0.399014
          0.204824       -0.088295       -0.121989
          0.222507       -0.155482        0.260455
          0.058078       -0.201495        0.535759
         -0.065414       -0.263238        0.619249
         -0.065055       -0.328633        0.537767
         -0.061711       -0.278726        0.350353
         -0.100189       -0.078910        0.122503
         -0.082102        0.103406       -0.083614
         -0.006403        0.129644       -0.219257
         -0.004396        0.098727       -0.268959
         -0.075732        0.155726       -0.275820
         -0.044539        0.249499       -0.295946
          0.142107        0.271586       -0.305122
          0.298075        0.263424       -0.220748
          0.266646        0.258790       -0.023956
          0.116293        0.108607        0.206119
         -0.003227       -0.255143        0.346806
         -0.037689       -0.562619        0.283193
         -0.010503       -0.529154        0.015354
          0.030919       -0.267004       -0.242944
          0.019029       -0.068608       -0.226700
         -0.070650        0.031782        0.046587
         -0.152883        0.171443        0.240914
         -0.124535        0.327063        0.101915
         -0.014117        0.374842       -0.187563
          0.054559        0.332000       -0.205606
          0.041513        0.294108        0.127728
          0.024435        0.257366        0.371091
          0.032400        0.170899        0.160120
         -0.024611        0.042332       -0.216952
         -0.178852       -0.117959       -0.225917
         -0.281308       -0.324374        0.073708
         -0.197914       -0.501234        0.144172
         -0.036861       -0.483294       -0.114028
          0.003516       -0.239947       -0.218194
         -0.045482        0.021469        0.029384
          0.026166        0.107982        0.207368
          0.245918        0.107164        0.028897
          0.386624        0.243768       -0.186928
          0.314230        0.506319       -0.102796
          0.177715        0.593600        0.094395
          0.134473        0.300982        0.091478
          0.100633       -0.167796       -0.018066
         -0.057995       -0.423384        0.025570
         -0.267760       -0.376375        0.167196
         -0.356631       -0.305179        0.170914
         -0.282433       -0.408627        0.052591
         -0.125878       -0.519136        0.014519
          0.021577       -0.399230        0.044055
          0.100771       -0.124181       -0.056633
          0.121840        0.048237       -0.256294
          0.154311        0.057628       -0.281576
          0.197602        0.052995       -0.076010
          0.140111        0.112500        0.087088
         -0.055556        0.193071        0.052247
         -0.237542        0.295802       -0.009571
         -0.255830        0.427723        0.030313
         -0.159065        0.444245        0.044240
         -0.076696        0.208600       -0.026507
         -0.034237       -0.104451       -0.005612
         -0.014064       -0.156930        0.143228
         -0.026492        0.080239        0.151066
          0.007828        0.289405       -0.095389
          0.205985        0.269894       -0.297280
          0.428625        0.154243       -0.215154
          0.355304        0.117319       -0.039361
         -0.007658        0.138835       -0.022389
         -0.256031        0.122735       -0.086891
         -0.177381        0.043534       -0.067168
         -0.039968       -0.076791       -0.016417
         -0.110027       -0.187691       -0.012043
         -0.227459       -0.211057        0.043070
         -0.111244       -0.154849        0.178262
          0.158011       -0.165899        0.200673
          0.248526       -0.326743        0.017999
          0.067892       -0.491474       -0.149570
         -0.112664       -0.471632       -0.105253
         -0.046294       -0.270451        0.015540
          0.145387       -0.006070       -0.000770
          0.136423        0.226323       -0.084685
         -0.117532        0.288935       -0.021637
         -0.244139        0.034723        0.185309
          0.012370       -0.404070        0.338142
          0.310141       -0.576617        0.349232
          0.158536       -0.209422        0.286018
         -0.266855        0.372395        0.178254
         -0.322952        0.572419        0.039241
          0.080923        0.271167        0.002335
          0.320390       -0.016585        0.132177
          0.058459        0.129472        0.191584
         -0.256786        0.435001       -0.049260
         -0.164573        0.382328       -0.373318
          0.131080        0.013202       -0.382857
          0.188617       -0.199721       -0.113966
         -0.017490       -0.131007        0.039271
         -0.171466       -0.095693       -0.034039
         -0.059044       -0.205443       -0.044037
          0.229392       -0.194890        0.126920
          0.383100        0.028423        0.170118
          0.187026        0.158959       -0.149493
         -0.158484       -0.003553       -0.587242
         -0.247600       -0.201791       -0.752044
         -0.056309       -0.087319       -0.581415
          0.055186        0.300618       -0.256945
         -0.019705        0.605629        0.105152
         -0.010436        0.568117        0.432881
          0.123022        0.255655        0.576950
          0.060713       -0.048661        0.462620
         -0.241082       -0.136161        0.234874
         -0.386901       -0.055357        0.080648
         -0.203121        0.017100        0.021381
         -0.001655        0.023628       -0.028611
         -0.011720        0.005560       -0.141288
         -0.070157       -0.095512       -0.340265
         -0.030151       -0.372417       -0.516900
         -0.005887       -0.681862       -0.436071
         -0.070700       -0.706473       -0.058291
         -0.096562       -0.378122        0.269398
          0.003959       -0.015931        0.262626
          0.156556        0.083007        0.170129
          0.271798       -0.004697        0.379838
          0.303107       -0.035084        0.725930
          0.206100        0.032848        0.701107
          0.020821        0.071816        0.265368
         -0.090580        0.053299       -0.099742
         -0.049062        0.065710       -0.149392
          0.010878        0.130432       -0.162366
         -0.028412        0.172519       -0.353468
         -0.054255        0.157408       -0.475662
          0.066818        0.130142       -0.259208
          0.220010        0.103023        0.103709
          0.216400        0.017630        0.229918
          0.100221       -0.105583        0.086375
          0.037558       -0.093680       -0.040022
          0.024849        0.136109        0.011138
         -0.046320        0.353986        0.111889
         -0.148391        0.283813        0.076871
         -0.179159        0.032214       -0.107773
         -0.171273       -0.043037       -0.277132
         -0.222035        0.128694       -0.274767
         -0.278658        0.246369       -0.157452
         -0.195471        0.119011       -0.116687
          0.012290       -0.095595       -0.154806
          0.142267       -0.221570       -0.054366
          0.065955       -0.317952        0.222729
         -0.101417       -0.444796        0.391532
         -0.155508       -0.457457        0.276982
         -0.061183       -0.254274        0.092325
          0.029631       -0.014557        0.068806
          0.010559        0.049626        0.096278
         -0.025954        0.013752       -0.020026
          0.064357        0.075672       -0.184406
          0.245267        0.214201       -0.151966
          0.334031        0.263433        0.087400
          0.250240        0.214439        0.263849
          0.102889        0.188487        0.139592
          0.009809        0.195388       -0.206028
         -0.045203        0.159397       -0.429157
         -0.115104        0.098496       -0.309880
         -0.157453        0.044049       -0.032400
         -0.104694       -0.099987        0.080612
          0.006196       -0.357155        0.023207
          0.093976       -0.479022        0.016249
          0.154275       -0.253764        0.055077
          0.193425        0.111517       -0.051544
          0.139721        0.248134       -0.219182
         -0.024881        0.158687       -0.128502
         -0.155403        0.141799        0.212705
         -0.128557        0.261497        0.407510
         -0.025640        0.275281        0.283105
          0.010906        0.093152        0.116131
         -0.013579       -0.064689        0.095197
         -0.007687       -0.044789        0.028598
          0.033048        0.032142       -0.188028
          0.024639        0.042891       -0.282946
         -0.075187        0.036247       -0.100824
         -0.194277        0.022455        0.038820
         -0.210729       -0.103627       -0.149713
         -0.095008       -0.288553       -0.403205
          0.036005       -0.273744       -0.310026
          0.051695        0.001590        0.034873
         -0.024875        0.222237        0.184746
         -0.044697        0.117387        0.010496
          0.057712       -0.154597       -0.145019
          0.139562       -0.236484        0.025003
          0.027420       -0.051357        0.379464
         -0.187184        0.119677        0.527226
         -0.219661        0.005481        0.330456
         -0.034349       -0.310483        0.052620
          0.066244       -0.468194       -0.018423
         -0.047311       -0.260565        0.071319
         -0.089716        0.100424        0.076672
          0.132560        0.247488       -0.072697
          0.376470        0.113926       -0.183773
          0.408134       -0.039547       -0.067635
          0.364594       -0.018661        0.191446
          0.365186        0.084835        0.299632
          0.213784        0.099410        0.114091
         -0.169856        0.016107       -0.164594
         -0.446022       -0.063647       -0.279705
         -0.336334       -0.091456       -0.249573
         -0.058361       -0.071282       -0.224266
          0.027278        0.015541       -0.217572
         -0.088752        0.154733       -0.218181
         -0.173687        0.226996       -0.305912
         -0.124211        0.142009       -0.411221
         -0.030548        0.012018       -0.285441
         -0.010401        0.024914        0.062475
         -0.091372        0.156177        0.290352
         -0.193727        0.189248        0.270658
         -0.213308        0.041183        0.259760
         -0.138146       -0.110455        0.364053
         -0.022884       -0.079131        0.342136
          0.120794        0.098455        0.106484
          0.271793        0.250963       -0.068241
          0.306560        0.280535       -0.016419
          0.161873        0.198970        0.058906
          0.002396        0.028637       -0.041053
         -0.006209       -0.227418       -0.212275
          0.033796       -0.503723       -0.259636
         -0.044305       -0.633637       -0.172759
         -0.167174       -0.483070       -0.080903
         -0.171973       -0.137243       -0.060048
         -0.073010        0.136191       -0.060921
          0.038266        0.167276        0.001090
          0.142282        0.056051        0.121910
          0.184896        0.010721        0.212924
          0.087774        0.089666        0.226920
         -0.036819        0.170292        0.204648
          0.005535        0.121818        0.173876
          0.133637       -0.043209        0.101750
          0.110060       -0.168981       -0.006246
         -0.009094       -0.113126       -0.072431
          0.015617        0.068039       -0.072102
          0.114070        0.155486       -0.066107
          0.029281        0.056679       -0.056147
         -0.152904       -0.045898        0.017873
         -0.133619        0.045405        0.083052
          0.042804        0.255291       -0.015901
          0.086362        0.368454       -0.192266
         -0.022034        0.329252       -0.162400
         -0.088296        0.223013        0.068764
         -0.091954        0.078020        0.148690
         -0.105411       -0.115925       -0.038674
         -0.071393       -0.292652       -0.156149
          0.007063       -0.376734        0.018098
         -0.034371       -0.367274        0.241201
         -0.173151       -0.270558        0.252915
         -0.143611       -0.102220        0.155609
          0.055358        0.009839        0.116551
          0.078441       -0.056211        0.076696
         -0.123154       -0.173910       -0.023527
         -0.133437       -0.100369       -0.070016
          0.193172        0.137064       -0.018063
          0.412793        0.264858       -0.023920
          0.220781        0.179424       -0.192187
         -0.061256        0.043393       -0.414612
         -0.070237       -0.030861       -0.532582
          0.039647       -0.078036       -0.490436
         -0.012352       -0.067376       -0.320356
         -0.125790        0.069920       -0.104989
         -0.078220        0.202068        0.066278
          0.052613        0.129276        0.171037
          0.073492       -0.047581        0.234133
          0.016570       -0.040741        0.230803
          0.003373        0.145860        0.114889
         -0.001453        0.216187       -0.050901
         -0.054580        0.079849       -0.118964
         -0.066028       -0.019734       -0.042981
          0.020363        0.051322        0.071909
          0.073552        0.093889        0.137988
         -0.010527       -0.055815        0.179708
         -0.114710       -0.220415        0.219879
         -0.095487       -0.158292        0.222712
         -0.017838        0.047450        0.206294
         -0.007161        0.116921        0.242517
         -0.008258       -0.016982        0.290297
          0.079231       -0.154472        0.219973
          0.157179       -0.135877        0.047091
          0.091386       -0.007832       -0.074827
         -0.021773        0.098732       -0.123754
         -0.041958        0.097039       -0.220916
         -0.052143       -0.038514       -0.340198
         -0.132777       -0.245831       -0.287777
         -0.122173       -0.367700       -0.047555
          0.065947       -0.286696        0.121746
          0.184122       -0.068941        0.049939
          0.055976        0.112366       -0.106950
         -0.079389        0.172096       -0.117822
          0.018531        0.150835        0.022337
          0.147640        0.109272        0.169145
          0.006842        0.083287        0.231047
         -0.277023        0.092901        0.161781
         -0.340737        0.098889       -0.060247
         -0.126355        0.012009       -0.290164
          0.102640       -0.148914       -0.272528
          0.171153       -0.188009       -0.026204
          0.135648        0.025351        0.084909
          0.094905        0.307543       -0.106311
          0.085350        0.352132       -0.262993
          0.107216        0.141144       -0.071129
          0.102547       -0.062162        0.248833
          0.000758       -0.120519        0.319777
         -0.116760       -0.152062        0.199561
         -0.066480       -0.222979        0.175403
          0.129835       -0.203806        0.211207
          0.211275       -0.026457        0.068545
          0.058303        0.163280       -0.177239
         -0.133325        0.221947       -0.223115
         -0.165343        0.185673       -0.068674
         -0.091544        0.140735       -0.000732
         -0.067266        0.085256       -0.070389
         -0.137868        0.006968       -0.031783
         -0.233286       -0.044439        0.169867
         -0.240491       -0.048778        0.269792
         -0.097251       -0.065506        0.126175
          0.097339       -0.119433       -0.059983
          0.163060       -0.135253       -0.074397
          0.100125       -0.056992        0.025400
          0.104157        0.047471        0.056754
          0.242653        0.075934       -0.025249
          0.322904        0.035727       -0.091715
          0.183813        0.023491       -0.016852
         -0.072059        0.076396        0.126986
         -0.235131        0.120099        0.118487
         -0.224438        0.094262       -0.088979
         -0.106300        0.049433       -0.241616
         -0.003471        0.032127       -0.156249
         -0.009236       -0.045939       -0.022594
         -0.092587       -0.264178       -0.085606
         -0.106224       -0.471081       -0.225001
          0.028403       -0.418099       -0.152784
          0.202421       -0.109270        0.114678
          0.270865        0.199068        0.277417
          0.238644        0.352553        0.180862
          0.194303        0.425054       -0.013898
          0.144025        0.468416       -0.100760
          0.030171        0.381079       -0.098804
         -0.142621        0.123472       -0.156941
         -0.303588       -0.126198       -0.278720
         -0.397486       -0.186940       -0.311639
         -0.396923       -0.141130       -0.212535
         -0.284302       -0.199146       -0.122317
         -0.091441       -0.334170       -0.112795
          0.085968       -0.293790       -0.070642
          0.173253       -0.033787        0.068263
          0.183652        0.141366        0.177753
          0.163425        0.035631        0.153353
          0.117170       -0.120935        0.082312
          0.035347       -0.056928        0.087406
         -0.040295        0.101941        0.152116
         -0.037124        0.093712        0.192035
          0.061462       -0.010257        0.173307
          0.185983        0.032040        0.099759
          0.261221        0.172107       -0.004972
          0.300141        0.168164       -0.071018
          0.363439        0.038387       -0.046458
          0.410268        0.034295        0.000582
          0.293906        0.207072       -0.045680
          0.008608        0.331600       -0.167670
         -0.181862        0.249116       -0.223405
         -0.079447        0.024164       -0.166915
          0.078376       -0.219344       -0.145079
         -0.102501       -0.402017       -0.291699
         -0.570439       -0.459439       -0.510576
         -0.876244       -0.402931       -0.601259
         -0.813633       -0.383650       -0.554040
         -0.610965       -0.520170       -0.530647
         -0.464502       -0.689959       -0.561644
         -0.286332       -0.673697       -0.506145
          0.011077       -0.489494       -0.341427
          0.318523       -0.380815       -0.199522
          0.505458       -0.440995       -0.055185
          0.548273       -0.437136        0.263956
          0.445761       -0.097994        0.652567
          0.223549        0.522100        0.752879
          0.035827        1.045888        0.595784
          0.042936        1.127787        0.729436
          0.173423        0.790922        1.401782
          0.220615        0.377851        2.075037
          0.158151        0.131783        2.136753
          0.114546       -0.068566        1.695542
          0.081512       -0.406868        1.249715
         -0.047624       -0.690247        0.900472
         -0.188723       -0.535139        0.381919
         -0.154552        0.022154       -0.298500
         -0.014828        0.503536       -0.737516
         -0.031202        0.680926       -0.705252
         -0.230025        0.846443       -0.484863
         -0.358170        1.180535       -0.457275
         -0.280305        1.323706       -0.560654
         -0.131198        0.929067       -0.441626
         -0.054144        0.238349       -0.073920
         -0.045297       -0.292909        0.091511
         -0.073936       -0.606154       -0.329364
         -0.131635       -0.868360       -1.199634
         -0.137130       -0.987112       -2.043129
          0.037433       -0.751656       -2.482916
          0.406299       -0.299506       -2.431219
          0.794304       -0.033469       -2.026868
          0.914196       -0.100901       -1.465187
          0.572391       -0.248517       -0.817576
         -0.078959       -0.224757       -0.042595
         -0.567368       -0.111742        0.806800
         -0.578152       -0.147090        1.530947
         -0.343588       -0.314636        1.957181
         -0.312613       -0.292272        1.975691
         -0.508967        0.105964        1.464460
         -0.553972        0.582113        0.506966
         -0.309450        0.689566       -0.372841
         -0.069229        0.457207       -0.615385
          0.009103        0.332136       -0.243121
          0.204205        0.466015        0.343034
          0.680458        0.503017        1.062456
          1.054232        0.250173        2.073228
          0.929420        0.064621        3.050757
          0.541798        0.223584        3.247074
          0.375161        0.354607        2.437588
          0.374096       -0.004351        1.223373
          0.091779       -0.594977        0.144274
         -0.494134       -0.771175       -0.961743
         -0.853892       -0.480994       -2.301433
         -0.609406       -0.327744       -3.279147
          0.046156       -0.660026       -2.982382
          0.671106       -1.130856       -1.438361
          0.999975       -1.255788        0.238420
          0.986379       -0.954934        1.083002
          0.658857       -0.395011        1.130071
          0.069298        0.305051        0.851259
         -0.655978        1.017526        0.359819
         -1.278518        1.572782       -0.418826
         -1.540241        1.947016       -1.284834
         -1.386815        2.216481       -1.972648
         -1.076180        2.243880       -2.483123
         -0.917263        1.730069       -2.806499
         -0.863960        0.683651       -2.673626
         -0.546234       -0.448098       -1.972239
          0.189585       -1.223099       -1.059778
          0.953798       -1.566300       -0.323864
          1.210730       -1.642982        0.186908
          0.877404       -1.575576        0.441155
          0.320205       -1.364547        0.271636
         -0.139873       -0.999857       -0.130987
         -0.443460       -0.590814       -0.141801
         -0.554632       -0.313075        0.500483
         -0.367806       -0.160414        1.313210
          0.027384        0.088655        1.774325
          0.315001        0.455002        1.903377
          0.388905        0.522414        1.923783
          0.526637       -0.025117        1.876816
          0.887351       -0.800656        1.774034
          1.149691       -1.094007        1.645304
          0.989400       -0.751089        1.285703
          0.632222       -0.219755        0.416197
          0.488293        0.187150       -0.777694
          0.448405        0.564814       -1.659718
          0.080304        0.987499       -1.790343
         -0.559499        1.322612       -1.293886
         -0.903708        1.496199       -0.604808
         -0.756676        1.496591       -0.088798
         -0.617972        1.152406        0.144555
         -0.849116        0.369604        0.249222
         -1.047772       -0.480627        0.440040
         -0.721630       -0.871727        0.740960
         -0.163024       -0.722971        1.010172
         -0.012956       -0.302089        1.138551
         -0.209918        0.214583        1.070646
         -0.109173        0.616310        0.765970
          0.426206        0.448400        0.345163
          0.815905       -0.428169        0.099188
          0.739142       -1.326939        0.104984
          0.590959       -1.470985        0.023377
          0.700498       -1.075248       -0.434275
          0.731547       -1.018393       -1.016513
          0.283908       -1.516482       -1.224498
         -0.369118       -1.807417       -0.967980
         -0.645773       -1.226308       -0.627512
         -0.488573       -0.003466       -0.551907
         -0.332160        1.170763       -0.772483
         -0.375075        1.880485       -1.141807
         -0.383962        2.057812       -1.466840
         -0.216643        1.743973       -1.509697
         -0.064953        1.117940       -1.090980
         -0.060436        0.544984       -0.254620
         -0.032343        0.298257        0.742898
          0.154240        0.303195        1.583860
          0.318923        0.306930        2.027464
          0.251554        0.198227        2.038795
          0.074240        0.044722        1.842667
          0.060221       -0.063203        1.710860
          0.192312       -0.078999        1.615978
          0.193079       -0.008378        1.237983
          0.009635        0.041650        0.428301
         -0.052679       -0.091812       -0.471389
          0.161506       -0.433693       -0.951585
          0.322541       -0.777523       -0.902824
          0.092512       -0.864781       -0.678747
         -0.289080       -0.644699       -0.619224
         -0.296922       -0.326082       -0.688586
          0.107828       -0.176238       -0.620009
          0.412403       -0.274774       -0.294037
          0.261318       -0.470001        0.092783
         -0.135243       -0.565697        0.226608
         -0.368026       -0.486725        0.046250
         -0.315576       -0.233651       -0.161980
         -0.162084        0.201977       -0.167474
         -0.112522        0.747054       -0.168720
         -0.189725        1.166934       -0.469863
         -0.248648        1.273219       -0.890500
         -0.161903        1.188682       -0.955647
          0.009150        1.197603       -0.662076
          0.096430        1.305593       -0.498630
          0.083055        1.169870       -0.605494
          0.133980        0.551272       -0.528668
          0.314549       -0.369262       -0.041679
          0.458261       -1.209376        0.404461
          0.422568       -1.693703        0.413066
          0.298272       -1.674901        0.269719
          0.230486       -1.157701        0.387517
          0.196987       -0.457905        0.594409
          0.102157       -0.054119        0.488143
         -0.056083       -0.090497        0.135004
         -0.233758       -0.237484       -0.121492
         -0.420751       -0.165433       -0.267353
         -0.572143        0.088269       -0.480611
         -0.579763        0.324525       -0.588613
         -0.406238        0.453674       -0.245939
         -0.173337        0.415351        0.427417
         -0.057828        0.137543        0.937985
         -0.126659       -0.236436        1.130739
         -0.274088       -0.377842        1.272732
         -0.313790       -0.226994        1.400420
         -0.178640       -0.107937        1.152621
         -0.019761       -0.189427        0.409511
         -0.023856       -0.202388       -0.406205
         -0.150119        0.043687       -0.907480
         -0.164752        0.275957       -1.212520
          0.056418        0.260002       -1.563848
          0.366630        0.303155       -1.833159
          0.521430        0.782774       -1.746539
          0.441676        1.445187       -1.352992
          0.254816        1.685199       -0.914112
          0.121343        1.374377       -0.493857
          0.109268        0.916194       -0.001453
          0.223238        0.538938        0.472418
          0.414362        0.040400        0.706706
          0.532518       -0.687664        0.695552
          0.441160       -1.335183        0.647648
          0.229292       -1.580184        0.656404
          0.118012       -1.509225        0.644329
          0.122233       -1.407347        0.642956
          0.046731       -1.335120        0.833780
         -0.148184       -1.136449        1.210436
         -0.274283       -0.745961        1.443437
         -0.277574       -0.274517        1.236525
         -0.358135        0.170249        0.651998
         -0.599016        0.552364       -0.043167
         -0.747675        0.781020       -0.668287
         -0.551563        0.721872       -1.113095
         -0.137970        0.436387       -1.236677
          0.137025        0.227686       -1.008602
          0.146099        0.278130       -0.609962
          0.112363        0.372445       -0.193965
          0.255785        0.182665        0.298604
          0.474398       -0.241286        0.875960
          0.480493       -0.476449        1.232357
          0.176966       -0.245345        1.042102
         -0.220976        0.230025        0.417525
         -0.426834        0.481508       -0.205774
         -0.348954        0.312093       -0.572968
         -0.108531       -0.052898       -0.727010
          0.107426       -0.286820       -0.701426
          0.171183       -0.299558       -0.446491
          0.084877       -0.237424       -0.078840
         -0.011539       -0.251942        0.131827
          0.032873       -0.327745        0.116915
          0.207584       -0.301980        0.086823
          0.359927       -0.018422        0.168345
          0.385764        0.509025        0.205938
          0.298358        1.037477        0.040081
          0.121047        1.221278       -0.219386
         -0.136605        0.896899       -0.349918
         -0.378213        0.284189       -0.300428
         -0.461717       -0.184699       -0.153694
         -0.389065       -0.296845        0.065940
         -0.302385       -0.241612        0.322284
         -0.249922       -0.326423        0.399273
         -0.131786       -0.626822        0.107559
          0.066736       -0.971990       -0.346412
          0.191260       -1.141876       -0.517730
          0.163803       -0.998671       -0.309877
          0.120093       -0.550151       -0.092666
          0.177477        0.015588       -0.128856
          0.230697        0.449347       -0.203023
          0.120434        0.680517       -0.023081
         -0.113520        0.855013        0.277696
         -0.275568        1.062666        0.344263
         -0.239796        1.149162        0.160515
         -0.054540        0.939441        0.050290
          0.131216        0.549296        0.114137
          0.215844        0.272815        0.028667
          0.230088        0.198512       -0.423793
          0.244042        0.158460       -0.921383
          0.229496        0.057859       -0.980963
          0.139485       -0.004143       -0.579944
          0.071402       -0.018366       -0.085625
          0.143183       -0.204486        0.304160
          0.230710       -0.681357        0.686926
          0.071207       -1.189445        1.065801
         -0.343645       -1.377290        1.221014
         -0.692397       -1.246872        1.066282
         -0.699586       -1.057845        0.827893
         -0.428693       -0.862790        0.704354
         -0.140110       -0.452319        0.564663
          0.027167        0.202211        0.181670
          0.150090        0.760482       -0.363524
          0.337178        0.917668       -0.718454
          0.530367        0.779823       -0.688278
          0.553192        0.650658       -0.482778
          0.346195        0.588942       -0.466106
          0.058469        0.401999       -0.714013
         -0.139248        0.044738       -0.933425
         -0.240831       -0.207606       -0.861806
         -0.345324       -0.105282       -0.610424
         -0.499803        0.193048       -0.461347
         -0.657773        0.283887       -0.419035
         -0.713983        0.042604       -0.196995
         -0.558370       -0.227815        0.330814
         -0.197372       -0.220747        0.876963
          0.179327        0.004763        1.051272
          0.375399        0.173805        0.810271
          0.409232        0.132618        0.466736
          0.429819       -0.078452        0.288723
          0.474623       -0.323864        0.224697
          0.465884       -0.421503        0.067281
          0.369255       -0.247335       -0.226171
          0.202365        0.071314       -0.478950
         -0.016524        0.204127       -0.506960
         -0.193770        0.003884       -0.302285
         -0.173111       -0.274707       -0.034932
          0.033055       -0.286419        0.091650
          0.178556       -0.018953        0.027910
          0.105014        0.239994       -0.079617
         -0.028575        0.271695       -0.083047
         -0.013265        0.129235       -0.012390
          0.072309        0.032817        0.028158
          0.017536        0.155400        0.047122
         -0.149377        0.459758        0.106885
         -0.205667        0.707111        0.172241
         -0.090575        0.696613        0.182749
          0.023451        0.494819        0.179503
          0.004401        0.318916        0.187903
         -0.081327        0.211631        0.102699
         -0.089556        0.002075       -0.099118
          0.038969       -0.380194       -0.182177
          0.225523       -0.731141        0.029427
          0.309534       -0.805074        0.289245
          0.202050       -0.600672        0.224991
         -0.001631       -0.325888       -0.091982
         -0.131583       -0.170766       -0.257079
         -0.152832       -0.190959       -0.157434
         -0.170786       -0.326343       -0.059376
         -0.240440       -0.442366       -0.086779
         -0.278085       -0.401491       -0.080907
         -0.186522       -0.171360       -0.016650
          0.001838        0.137547       -0.065860
          0.154576        0.357666       -0.156509
          0.204445        0.383888        0.033405
          0.230054        0.239752        0.490020
          0.308728        0.070967        0.729524
          0.342145        0.037496        0.448850
          0.176014        0.131307       -0.058373
         -0.118410        0.132785       -0.327213
         -0.280929       -0.127573       -0.272500
         -0.223360       -0.473556       -0.152433
         -0.146252       -0.521236       -0.210978
         -0.208075       -0.166483       -0.490266
         -0.278808        0.243844       -0.817453
         -0.165647        0.351780       -0.879718
          0.071324        0.251269       -0.487848
          0.209720        0.315640        0.140224
          0.183561        0.629329        0.536519
          0.124246        0.834907        0.527792
          0.111999        0.610684        0.427459
          0.071923        0.093410        0.541437
         -0.050691       -0.325464        0.707596
         -0.175571       -0.475387        0.579592
         -0.222459       -0.486584        0.202292
         -0.224701       -0.496796       -0.034900
         -0.217500       -0.501749        0.024933
         -0.145770       -0.469863        0.119433
          0.004991       -0.407131        0.025648
          0.116271       -0.285391       -0.098726
          0.104070       -0.051360       -0.014129
          0.062314        0.252834        0.166559
          0.110757        0.472380        0.111477
          0.204140        0.486890       -0.215609
          0.220284        0.334893       -0.460785
          0.158031        0.175303       -0.384733
          0.120752        0.142177       -0.198783
          0.141305        0.220993       -0.205498
          0.138390        0.248339       -0.322063
          0.053498        0.076143       -0.238608
         -0.059214       -0.234611        0.081674
         -0.120845       -0.451227        0.366236
         -0.148232       -0.435882        0.447174
         -0.220300       -0.276300        0.414612
         -0.332421       -0.111944        0.343180
         -0.360520        0.024883        0.151460
         -0.228135        0.131651       -0.183251
         -0.051868        0.170233       -0.508254
         -0.002087        0.165877       -0.703978
         -0.044632        0.205252       -0.821827
          0.006113        0.263774       -0.914670
          0.163217        0.224550       -0.901122
          0.215483        0.132076       -0.708741
          0.067885        0.189829       -0.418685
         -0.094096        0.405231       -0.161833
         -0.086040        0.488128        0.036630
          0.039896        0.249583        0.226343
          0.148776       -0.126233        0.419620
          0.208458       -0.373437        0.582504
          0.213072       -0.489502        0.681959
          0.116563       -0.588417        0.679800
         -0.042339       -0.596416        0.533462
         -0.112263       -0.342446        0.281021
         -0.026397        0.135362        0.089839
          0.097854        0.580262        0.118634
          0.122207        0.782122        0.318258
          0.049961        0.708845        0.461937
         -0.019368        0.412323        0.417494
         -0.028478       -0.033725        0.305196
         -0.017849       -0.474164        0.309172
         -0.058356       -0.697790        0.401817
         -0.138008       -0.634798        0.371426
         -0.143293       -0.457871        0.106877
          0.006309       -0.362310       -0.258683
          0.228453       -0.297221       -0.516638
          0.347560       -0.081645       -0.604753
          0.287677        0.235438       -0.600071
          0.130656        0.363722       -0.558961
         -0.009840        0.191281       -0.464758
         -0.096968       -0.014930       -0.311359
         -0.151886        0.018202       -0.126522
         -0.194607        0.190615        0.095462
         -0.215404        0.227767        0.371198
         -0.176412        0.101049        0.621334
         -0.057733       -0.004673        0.709520
          0.090566       -0.048536        0.622411
          0.184409       -0.183326        0.497680
          0.188140       -0.453875        0.437636
          0.111121       -0.674076        0.394637
         -0.037013       -0.655898        0.269350
         -0.204066       -0.416967        0.040325
         -0.265655       -0.116272       -0.218394
         -0.162716        0.115912       -0.390542
         -0.023264        0.241287       -0.404760
         -0.005781        0.274327       -0.317405
         -0.071210        0.235274       -0.268150
         -0.073227        0.138655       -0.309857
         -0.008010        0.011477       -0.345836
          0.025665       -0.092725       -0.290078
          0.042180       -0.114922       -0.217534
          0.115082       -0.029595       -0.269181
          0.174903        0.136153       -0.446795
          0.104258        0.308834       -0.598485
         -0.019565        0.402478       -0.606939
         -0.016092        0.390418       -0.496388
          0.106057        0.347987       -0.325902
          0.167962        0.361658       -0.085526
          0.096189        0.384371        0.217048
         -0.012287        0.276083        0.449777
         -0.072984        0.031192        0.462114
         -0.106164       -0.147340        0.270901
         -0.155837       -0.090466        0.038224
         -0.213900        0.116515       -0.110514
         -0.228296        0.264317       -0.160422
         -0.152671        0.280559       -0.150990
          0.006784        0.233661       -0.134574
          0.182034        0.160999       -0.136727
          0.280758        0.046871       -0.112376
          0.250070       -0.077061       -0.021308
          0.126288       -0.150650        0.069041
          0.007382       -0.178391        0.084095
         -0.046798       -0.197279        0.082486
         -0.062608       -0.188378        0.134956
         -0.091121       -0.117273        0.164421
         -0.142193       -0.030374        0.083267
         -0.190719       -0.025946       -0.036785
         -0.212862       -0.141655       -0.096888
         -0.209952       -0.315926       -0.112115
         -0.204026       -0.442850       -0.067067
         -0.197722       -0.450002        0.167762
         -0.156194       -0.356179        0.597690
         -0.059820       -0.257444        0.973925
          0.054214       -0.215972        1.083706
          0.138398       -0.174160        1.009140
          0.184239       -0.043806        0.938588
          0.192138        0.130466        0.870204
          0.143340        0.200026        0.670024
          0.044460        0.131733        0.326662
         -0.041527        0.083636       -0.012719
         -0.047399        0.186917       -0.231260
          0.038643        0.345557       -0.343949
          0.178934        0.352295       -0.404918
          0.323225        0.147845       -0.421119
          0.430490       -0.120346       -0.402101
          0.479227       -0.256607       -0.407798
          0.465633       -0.173452       -0.476305
          0.383319        0.060906       -0.563996
          0.221132        0.270433       -0.621535
          0.003035        0.300436       -0.672181
         -0.201077        0.148478       -0.758605
         -0.347313       -0.039423       -0.871289
         -0.458453       -0.112170       -0.964971
         -0.530778       -0.046305       -0.975690
         -0.470305        0.046138       -0.824097
         -0.236535        0.027751       -0.515431
          0.012194       -0.121835       -0.219892
          0.070150       -0.277556       -0.098596
         -0.044554       -0.328302       -0.058085
         -0.116234       -0.324768        0.142746
         -0.027668       -0.358939        0.529251
          0.094816       -0.346122        0.836542
          0.061022       -0.126330        0.842099
         -0.132809        0.211280        0.628084
         -0.281179        0.343921        0.462237
         -0.197513        0.135122        0.517980
          0.060046       -0.166368        0.740203
          0.246308       -0.253535        0.909270
          0.225926       -0.119410        0.830295
          0.123412        0.030716        0.524533
          0.116374        0.099455        0.223065
          0.180316        0.184398        0.123254
          0.154750        0.383413        0.192041
         -0.000971        0.631002        0.250107
         -0.150369        0.757160        0.175278
         -0.169547        0.654962       -0.032295
         -0.089648        0.366004       -0.302331
         -0.020520        0.038312       -0.536155
         -0.001914       -0.177603       -0.648865
          0.010848       -0.226449       -0.628665
          0.049800       -0.171232       -0.533619
          0.101248       -0.101789       -0.420478
          0.157466       -0.027031       -0.310050
          0.215798        0.090381       -0.208165
          0.229936        0.206771       -0.109514
          0.151610        0.211850       -0.000497
          0.021655        0.106002        0.089952
         -0.062664        0.048285        0.086709
         -0.075563        0.138176       -0.013934
         -0.095354        0.235274       -0.088709
         -0.197048        0.118319       -0.055850
         -0.341388       -0.216030       -0.034742
         -0.395094       -0.533469       -0.196723
         -0.284135       -0.628151       -0.494871
         -0.106310       -0.498883       -0.694938
         -0.022927       -0.270857       -0.664029
         -0.045794       -0.071306       -0.473374
         -0.035222       -0.001349       -0.205865
          0.076287       -0.096934        0.158037
          0.185178       -0.257733        0.587102
          0.188576       -0.312905        0.889725
          0.129217       -0.217372        0.899996
          0.090876       -0.112889        0.705120
          0.057308       -0.150449        0.557147
         -0.019137       -0.305636        0.569705
         -0.083345       -0.407809        0.614878
         -0.036191       -0.329998        0.556183
          0.101539       -0.126166        0.463568
          0.206960        0.031333        0.464156
          0.238144        0.048122        0.464664
          0.265473        0.004903        0.254868
          0.287818        0.038446       -0.117161
          0.181414        0.174559       -0.352656
         -0.070823        0.323178       -0.349561
         -0.259290        0.403175       -0.347219
         -0.208963        0.420567       -0.505401
         -0.034590        0.430786       -0.633385
          0.031787        0.458152       -0.520083
         -0.034309        0.466911       -0.290825
         -0.073853        0.406625       -0.215695
         -0.027248        0.272306       -0.317612
         -0.015128        0.114457       -0.385592
         -0.133128        0.003811       -0.305889
         -0.296984       -0.015384       -0.185946
         -0.345464        0.028086       -0.146253
         -0.235805        0.027255       -0.154324
         -0.075962       -0.108558       -0.128280
          0.024596       -0.333872       -0.071825
          0.079944       -0.499473       -0.007290
          0.169397       -0.527165        0.108586
          0.283792       -0.478737        0.273446
          0.309667       -0.420438        0.351124
          0.199454       -0.316554        0.252520
          0.070243       -0.123888        0.115394
          0.043901        0.096867        0.124416
          0.062488        0.253729        0.210631
         -0.004320        0.346325        0.119720
         -0.121604        0.431582       -0.226230
         -0.137101        0.512107       -0.601041
         -0.054515        0.539934       -0.752349
         -0.050606        0.507494       -0.688164
         -0.176758        0.461148       -0.601747
         -0.254474        0.416633       -0.571639
         -0.156076        0.312091       -0.460640
          0.000822        0.084691       -0.150483
          0.048652       -0.214917        0.227596
          0.002521       -0.435511        0.418638
         -0.010811       -0.483877        0.374098
          0.061437       -0.427118        0.317413
          0.169234       -0.390860        0.439305
          0.230025       -0.407022        0.653841
          0.179095       -0.427191        0.745529
          0.028369       -0.428427        0.653814
         -0.105462       -0.413369        0.487444
         -0.114679       -0.343627        0.328593
         -0.040676       -0.172608        0.171000
         -0.006134        0.061155        0.034070
         -0.026244        0.248716       -0.001766
         -0.007312        0.325087        0.089044
          0.073744        0.318544        0.215929
          0.118397        0.282829        0.273053
          0.059657        0.227558        0.244197
         -0.038528        0.136740        0.171996
         -0.078774        0.026822        0.082114
         -0.057064       -0.050288       -0.014169
         -0.038749       -0.065810       -0.095432
         -0.042051       -0.051026       -0.163762
         -0.008861       -0.056408       -0.248924
          0.091452       -0.079113       -0.321305
          0.183267       -0.052477       -0.279187
          0.171332        0.072322       -0.106778
          0.073107        0.242013        0.048918
         -0.015397        0.340101        0.073521
         -0.054617        0.324277        0.056890
         -0.072611        0.272363        0.118819
         -0.084550        0.257922        0.157768
         -0.094957        0.240203       -0.014341
         -0.124752        0.135571       -0.314073
         -0.153202       -0.049524       -0.411556
         -0.107913       -0.226746       -0.190815
          0.016294       -0.337934        0.047257
          0.116262       -0.388066        0.003088
          0.115972       -0.380565       -0.206408
          0.056832       -0.296096       -0.280376
          0.016614       -0.148709       -0.205165
          0.018440       -0.001456       -0.195311
          0.036030        0.095752       -0.277397
          0.025890        0.136126       -0.262965
         -0.036573        0.114815       -0.106493
         -0.108183        0.024596        0.009368
         -0.104270       -0.080517       -0.031154
         -0.014712       -0.088690       -0.133891
          0.061933        0.043674       -0.177938
          0.046413        0.205193       -0.158712
         -0.015985        0.226359       -0.121891
         -0.031243        0.061113       -0.088051
          0.013099       -0.160412       -0.056789
          0.056713       -0.266609       -0.002235
          0.067311       -0.212688        0.116279
          0.059965       -0.103071        0.278767
          0.038710       -0.062988        0.389311
         -0.001633       -0.115619        0.393437
         -0.028073       -0.180977        0.340731
         -0.013762       -0.161592        0.268896
         -0.020588       -0.029167        0.125236
         -0.124031        0.139774       -0.095557
         -0.253283        0.225374       -0.241245
         -0.246268        0.200179       -0.182954
         -0.088749        0.169884       -0.027105
          0.054452        0.220474        0.032646
          0.088045        0.276628        0.008929
          0.102696        0.206375        0.059777
          0.181093        0.029245        0.191646
          0.246409       -0.092025        0.259649
          0.191219       -0.064222        0.231134
          0.041115        0.029211        0.210504
         -0.087352        0.057829        0.218051
         -0.121662        0.013244        0.160961
         -0.087869       -0.000484        0.007375
         -0.072969        0.072426       -0.187140
         -0.128455        0.145240       -0.375020
         -0.183800        0.100361       -0.484854
         -0.107338       -0.032955       -0.388929
          0.107579       -0.102198       -0.065808
          0.295036       -0.056025        0.297903
          0.316460       -0.041993        0.506078
          0.226316       -0.197959        0.546151
          0.155954       -0.423338        0.474180
          0.110761       -0.483773        0.260327
          0.001841       -0.322264       -0.099394
         -0.161553       -0.132068       -0.443327
         -0.247055       -0.084752       -0.583864
         -0.180948       -0.107800       -0.517884
         -0.044208       -0.022882       -0.372947
          0.055915        0.177284       -0.217261
          0.117528        0.311449       -0.046851
          0.173362        0.248271        0.108200
          0.171164        0.064502        0.201397
          0.054812       -0.052320        0.250661
         -0.080043       -0.009943        0.281906
         -0.079166        0.104054        0.236936
          0.025625        0.139049        0.065239
          0.044264        0.062515       -0.126413
         -0.080074       -0.016622       -0.164257
         -0.192191       -0.008560       -0.052702
         -0.178534        0.046713        0.022168
         -0.120923        0.068329       -0.026079
         -0.132756        0.052779       -0.062523
         -0.194772        0.032338        0.024320
         -0.227077       -0.008252        0.123844
         -0.204951       -0.075565        0.086767
         -0.139344       -0.093413       -0.035054
         -0.035657       -0.009548       -0.090428
          0.078321        0.071001       -0.058620
          0.154635        0.009358       -0.027454
          0.190507       -0.132936       -0.033695
          0.231281       -0.156541       -0.053497
          0.273467       -0.032874       -0.072814
          0.228811        0.040503       -0.070574
          0.056981       -0.045874       -0.011947
         -0.116920       -0.127067        0.066951
         -0.135414       -0.003814        0.052717
         -0.033167        0.271142       -0.090304
          0.019646        0.473971       -0.227742
         -0.018854        0.479022       -0.205180
         -0.036131        0.332453       -0.052088
          0.001936        0.137435        0.063552
         -0.003787       -0.021382        0.075339
         -0.085728       -0.092823        0.085439
         -0.145766       -0.094927        0.156968
         -0.124377       -0.102784        0.192608
         -0.068483       -0.141005        0.113949
         -0.005084       -0.140657        0.017204
          0.096898       -0.058426        0.020118
          0.210967        0.032546        0.073612
          0.247557        0.043080        0.062670
          0.198520       -0.008922       -0.003641
          0.151171       -0.052983       -0.032607
          0.127566       -0.076470       -0.005339
          0.048742       -0.100251        0.009444
         -0.099954       -0.109443       -0.045508
         -0.203046       -0.094809       -0.152939
         -0.177255       -0.112300       -0.222020
         -0.091735       -0.213060       -0.161707
         -0.054149       -0.334685        0.001930
         -0.060444       -0.338612        0.130457
         -0.039505       -0.173133        0.142652
          0.016544        0.045300        0.100664
          0.058273        0.154893        0.082525
          0.069155        0.140897        0.074759
          0.059935        0.147624        0.048830
          0.018009        0.274806        0.040104
         -0.047105        0.422684        0.082141
         -0.061654        0.403820        0.137699
          0.010657        0.182237        0.155817
          0.083098       -0.072933        0.143714
          0.063734       -0.190791        0.122058
         -0.004046       -0.197276        0.046781
         -0.020120       -0.245308       -0.135655
          0.018545       -0.367231       -0.344708
          0.039380       -0.404259       -0.392812
          0.012055       -0.228973       -0.242719
         -0.032002        0.068977       -0.119619
         -0.051417        0.311917       -0.204435
         -0.026141        0.449670       -0.329403
          0.018145        0.516943       -0.216879
          0.017863        0.467805        0.074595
         -0.042035        0.238430        0.243665
         -0.086038       -0.058697        0.222427
         -0.059747       -0.198060        0.216253
         -0.014491       -0.124290        0.278862
          0.002465       -0.013749        0.207318
          0.040574       -0.016014       -0.069901
          0.121999       -0.081540       -0.314899
          0.146549       -0.103242       -0.316402
          0.050582       -0.087264       -0.170301
         -0.061789       -0.084371       -0.087765
         -0.081978       -0.056633       -0.088727
         -0.066588        0.058247       -0.027033
         -0.103785        0.194605        0.163046
         -0.135688        0.197035        0.356981
         -0.072128        0.019446        0.371225
          0.023582       -0.205785        0.171461
          0.032148       -0.320574       -0.067309
         -0.014881       -0.297246       -0.143403
          0.002054       -0.221792       -0.058771
          0.072716       -0.175589        0.019203
          0.078986       -0.163332        0.026114
          0.010581       -0.138713        0.085109
         -0.017298       -0.083630        0.264127
          0.034323       -0.043463        0.407522
          0.074857       -0.060530        0.334927
          0.057049       -0.096664        0.094533
          0.047819       -0.076571       -0.117620
          0.075906        0.003184       -0.212739
          0.049125        0.070148       -0.255148
         -0.086844        0.076926       -0.303059
         -0.214730        0.049908       -0.322891
         -0.193603        0.041386       -0.260686
         -0.071679        0.078720       -0.128040
         -0.010464        0.151237        0.001709
         -0.039843        0.213919        0.062950
         -0.044309        0.223595        0.054463
          0.026697        0.196726        0.035512
          0.094645        0.198867        0.081386
          0.106246        0.243972        0.229679
          0.109646        0.236827        0.426849
          0.142543        0.070892        0.533938
          0.153221       -0.213649        0.447210
          0.085585       -0.423296        0.216218
         -0.024104       -0.405134       -0.011358
         -0.088987       -0.214863       -0.141469
         -0.074114       -0.029355       -0.171649
         -0.014771        0.074376       -0.129317
          0.040491        0.147029       -0.060881
          0.066522        0.199309       -0.041554
          0.062207        0.172998       -0.113819
          0.045036        0.101314       -0.241324
          0.029288        0.107631       -0.357873
          0.001872        0.185939       -0.413854
         -0.050132        0.179530       -0.371787
         -0.096416        0.057334       -0.232073
         -0.099088        0.005674       -0.065766
         -0.078432        0.129646        0.042542
         -0.079735        0.247336        0.076476
         -0.090707        0.131802        0.072084
         -0.063748       -0.163400        0.053679
         -0.007656       -0.367531        0.026144
          0.017114       -0.324855       -0.003181
         -0.004083       -0.146010       -0.033347
         -0.014248       -0.033463       -0.074932
          0.021245       -0.042726       -0.119254
          0.047526       -0.065642       -0.131842
         -0.005883       -0.014605       -0.104663
         -0.114656        0.060977       -0.080856
         -0.179610        0.070422       -0.088022
         -0.139038        0.017598       -0.077973
         -0.013442       -0.031162        0.012885
          0.129130       -0.066883        0.157452
          0.205322       -0.126007        0.247813
          0.161723       -0.166574        0.215237
          0.034567       -0.076018        0.097043
         -0.080912        0.140844       -0.024689
         -0.137543        0.285032       -0.106808
         -0.148474        0.184870       -0.141648
         -0.100535       -0.067404       -0.111114
          0.038478       -0.228490       -0.000551
          0.212783       -0.212574        0.150453
          0.297371       -0.136956        0.265780
          0.264865       -0.082419        0.311724
          0.222967        0.007342        0.318978
          0.232352        0.159761        0.318045
          0.202027        0.283232        0.291107
          0.042775        0.303220        0.202375
         -0.177012        0.249841        0.049812
         -0.317339        0.163263       -0.119475
         -0.329615        0.040836       -0.223144
         -0.254462       -0.085387       -0.185789
         -0.132181       -0.142680       -0.013729
         -0.005060       -0.124629        0.172555
          0.054248       -0.104717        0.235192
          0.021170       -0.128536        0.164316
         -0.018114       -0.174362        0.072958
          0.014810       -0.209806        0.026243
          0.063221       -0.210582       -0.042639
          0.043997       -0.149577       -0.186327
          0.013106       -0.044705       -0.306211
          0.071639        0.013402       -0.272536
          0.169729       -0.035718       -0.119957
          0.170105       -0.116386       -0.008314
          0.061990       -0.103532       -0.026329
         -0.040302        0.002326       -0.120388
         -0.073066        0.093414       -0.178395
         -0.067395        0.135930       -0.127989
         -0.055737        0.192801        0.000778
         -0.042814        0.256137        0.086682
         -0.040191        0.223244        0.049925
         -0.053322        0.081564       -0.040183
         -0.059885       -0.037002       -0.071451
         -0.042793       -0.031513       -0.052646
         -0.015935        0.063325       -0.046797
          0.001257        0.155527       -0.009893
          0.008878        0.160946        0.121061
          0.019332        0.021418        0.231735
          0.034369       -0.209934        0.147414
          0.030489       -0.342884       -0.068551
         -0.014511       -0.247380       -0.165545
         -0.073216       -0.039956       -0.070297
         -0.086368        0.062030        0.021823
         -0.042695        0.039722       -0.037161
          0.002711        0.074942       -0.144570
         -0.000123        0.246456       -0.144866
         -0.042305        0.374025       -0.067217
         -0.076189        0.242758       -0.029256
         -0.068383       -0.094380       -0.005335
         -0.032747       -0.332741        0.121678
         -0.006553       -0.243144        0.297867
          0.009238        0.071479        0.303986
          0.055376        0.295571        0.084959
          0.141217        0.254968       -0.136224
          0.201591        0.071401       -0.184574
          0.163565       -0.049328       -0.165885
          0.042228       -0.072882       -0.217573
         -0.066610       -0.099955       -0.235981
         -0.091368       -0.163164       -0.080440
         -0.047220       -0.189130        0.119376
          0.011962       -0.135433        0.135408
          0.054550       -0.049509        0.005624
          0.068044        0.013280       -0.057321
          0.052239        0.044667       -0.032942
          0.032187        0.048526       -0.067961
          0.021173        0.018046       -0.140940
         -0.022971       -0.036774       -0.066769
         -0.132020       -0.081469        0.159609
         -0.240189       -0.092816        0.305176
         -0.249723       -0.081409        0.228105
         -0.159818       -0.068612        0.040900
         -0.047582       -0.052368       -0.099958
          0.050579       -0.007813       -0.172521
          0.155031        0.075720       -0.201521
          0.255140        0.164977       -0.162817
          0.282510        0.204199       -0.061086
          0.192187        0.174001        0.018327
          0.032605        0.113709        0.024544
         -0.092746        0.067774        0.025815
         -0.125006        0.030412        0.101932
         -0.093651       -0.020915        0.222323
         -0.063718       -0.057380        0.307173
         -0.061180       -0.029455        0.342981
         -0.063500        0.030035        0.352706
         -0.051545        0.014112        0.311643
         -0.044327       -0.106359        0.191857
         -0.067462       -0.212970        0.053852
         -0.099607       -0.193742        0.000563
         -0.079599       -0.109520        0.051829
          0.017030       -0.106710        0.130755
          0.127090       -0.192299        0.162795
          0.160506       -0.217977        0.135233
          0.112451       -0.105971        0.071068
          0.068329        0.030014       -0.004626
          0.080349        0.052206       -0.071739
          0.098335       -0.009271       -0.126151
          0.061567       -0.027220       -0.189420
         -0.001675        0.018977       -0.281660
         -0.022560        0.030631       -0.376736
          0.007829       -0.020790       -0.404722
          0.042409       -0.013909       -0.320147
          0.048940        0.143155       -0.168268
          0.032579        0.334738       -0.063197
          0.011757        0.350809       -0.082087
          0.001102        0.158439       -0.188249
          0.002484       -0.048123       -0.272905
          0.001652       -0.090108       -0.259368
         -0.013014       -0.003172       -0.150063
         -0.031005        0.060855        0.000988
         -0.033093        0.055659        0.126447
         -0.018728        0.063895        0.179160
         -0.010250        0.117523        0.168954
         -0.031508        0.110998        0.152251
         -0.079434       -0.043085        0.156026
         -0.115444       -0.240105        0.139483
         -0.100767       -0.269714        0.066820
         -0.046766       -0.078156       -0.015378
         -0.008894        0.147222       -0.027218
         -0.020118        0.198797        0.034336
         -0.052849        0.085099        0.092419
         -0.059768       -0.023335        0.099670
         -0.029928       -0.037738        0.093704
          0.011445       -0.033874        0.124135
          0.038817       -0.084538        0.179247
          0.044582       -0.129393        0.219157
          0.040076       -0.083334        0.228258
          0.054253        0.015886        0.193787
          0.103386        0.068040        0.095765
          0.142121        0.059870       -0.032115
          0.090771        0.052526       -0.109482
         -0.051438        0.058808       -0.133138
         -0.172852        0.035509       -0.193972
         -0.177659       -0.015306       -0.301416
         -0.097868       -0.030177       -0.317431
         -0.028895        0.018912       -0.173430
         -0.002825        0.083137       -0.034372
          0.017244        0.116237       -0.103059
          0.046780        0.137354       -0.335491
          0.048066        0.176051       -0.492252
          0.001150        0.197926       -0.433596
         -0.041024        0.140980       -0.236954
         -0.014738        0.011450       -0.038374
          0.059963       -0.108805        0.120863
          0.105194       -0.152476        0.264487
          0.090402       -0.125678        0.386518
          0.046223       -0.083223        0.443496
         -0.004786       -0.086793        0.415799
         -0.054001       -0.169753        0.334678
         -0.068631       -0.288698        0.243616
         -0.031725       -0.332065        0.162693
          0.002865       -0.241468        0.107412
         -0.021986       -0.100282        0.102153
         -0.064314       -0.030195        0.128944
         -0.032170       -0.024974        0.101658
          0.071645        0.026790       -0.030666
          0.139328        0.159137       -0.173988
          0.110479        0.260365       -0.184525
          0.054864        0.221333       -0.084642
          0.057641        0.088402       -0.061524
          0.089160        0.004520       -0.194153
          0.060506        0.013077       -0.311542
         -0.032610       -0.004405       -0.232475
         -0.103752       -0.143689       -0.030300
         -0.103100       -0.285106        0.087992
         -0.075993       -0.209573        0.069683
         -0.078047        0.075141        0.015158
         -0.089300        0.277186       -0.030736
         -0.051596        0.185240       -0.099851
          0.037258       -0.046472       -0.160991
          0.110198       -0.119905       -0.138957
          0.108308        0.013498       -0.054999
          0.041130        0.158123        0.005165
         -0.034351        0.195427        0.047013
         -0.076182        0.195802        0.140657
         -0.089246        0.220332        0.247188
         -0.096418        0.201603        0.231617
         -0.092039        0.076802        0.070706
         -0.050634       -0.093826       -0.096662
          0.018879       -0.211750       -0.155660
          0.069655       -0.255495       -0.119834
          0.079504       -0.253203       -0.029388
          0.068920       -0.211763        0.110439
          0.044165       -0.131905        0.247332
         -0.010403       -0.048483        0.270640
         -0.061164       -0.009570        0.153903
         -0.034374       -0.031686        0.024297
          0.059262       -0.084391        0.021058
          0.103742       -0.107689        0.132220
          0.045123       -0.070264        0.229395
         -0.015707       -0.027476        0.232413
          0.018617       -0.065991        0.171017
          0.082155       -0.162411        0.089288
          0.055994       -0.176264       -0.026247
         -0.030706       -0.033007       -0.182125
         -0.044587        0.164531       -0.310131
          0.035822        0.265465       -0.333555
          0.083905        0.245438       -0.271244
          0.018521        0.195161       -0.217140
         -0.080963        0.185146       -0.221092
         -0.097944        0.200907       -0.229307
         -0.034027        0.196482       -0.164251
          0.019768        0.168187       -0.050549
          0.011805        0.155229       -0.008347
         -0.037581        0.172587       -0.085776
         -0.091730        0.171751       -0.158758
         -0.116894        0.098474       -0.082291
         -0.082968       -0.022284        0.097956
         -0.010523       -0.102861        0.198476
          0.024595       -0.102924        0.151402
         -0.008357       -0.084853        0.072345
         -0.041154       -0.138132        0.053839
         -0.008661       -0.267143        0.043445
          0.051143       -0.370523       -0.006348
          0.063080       -0.335811       -0.019141
          0.037267       -0.162579        0.072113
          0.051244        0.018097        0.202641
          0.122205        0.074817        0.288499
          0.168798        0.016193        0.337690
          0.122102       -0.040005        0.355075
          0.021183       -0.018439        0.271803
         -0.046176        0.058359        0.077461
         -0.064791        0.150658       -0.101831
         -0.092876        0.243371       -0.167437
         -0.149784        0.293230       -0.177988
         -0.173096        0.236192       -0.211348
         -0.110806        0.096172       -0.212385
          0.000288       -0.001252       -0.102380
          0.082342        0.010939        0.050616
          0.099490        0.044590        0.104745
          0.065234       -0.005547        0.036815
          0.011134       -0.103281       -0.058282
         -0.027971       -0.139700       -0.134919
         -0.041098       -0.093899       -0.244383
         -0.061957       -0.030946       -0.398304
         -0.110821        0.005936       -0.491702
         -0.130579        0.012945       -0.429994
         -0.062355       -0.015803       -0.265391
          0.035155       -0.066643       -0.124601
          0.052006       -0.089095       -0.045788
          0.000721       -0.072648        0.028088
         -0.003108       -0.086864        0.131197
          0.068069       -0.166697        0.237467
          0.117989       -0.219396        0.318335
          0.093700       -0.143980        0.368574
          0.053765        0.008666        0.392555
          0.040146        0.102208        0.403460
          0.007170        0.098827        0.401393
         -0.066580        0.069485        0.337853
         -0.100822        0.059131        0.171986
         -0.031510        0.053761       -0.022480
          0.069527        0.056992       -0.103512
          0.091316        0.089551       -0.046963
          0.045008        0.117848        0.008537
          0.026129        0.079975       -0.058722
          0.061536       -0.006453       -0.209712
          0.092904       -0.041380       -0.314635
          0.077107        0.028217       -0.301403
          0.026022        0.127453       -0.198133
         -0.025050        0.131374       -0.069910
         -0.046579        0.006246        0.039906
         -0.038940       -0.145117        0.108892
         -0.035369       -0.189114        0.120994
         -0.054330       -0.112718        0.084298
         -0.064351       -0.041884        0.038929
         -0.028258       -0.085414        0.011063
          0.032642       -0.190498       -0.019992
          0.054409       -0.203895       -0.069571
          0.016869       -0.069622       -0.092107
         -0.019474        0.095104       -0.039477
          0.000469        0.147054        0.045912
          0.032942        0.088615        0.074664
         -0.001531        0.039105        0.040261
         -0.079408        0.064282        0.019736
         -0.094022        0.104566        0.041341
         -0.015943        0.078412        0.043338
          0.066186       -0.006729       -0.016116
          0.082590       -0.082998       -0.088125
          0.067352       -0.118207       -0.096120
          0.068478       -0.127196       -0.017644
          0.047186       -0.112060        0.096084
         -0.057978       -0.064287        0.145607
         -0.189307       -0.020199        0.063923
         -0.195052       -0.031429       -0.089921
         -0.041570       -0.069606       -0.174181
          0.107133       -0.040795       -0.132354
          0.114204        0.081379       -0.039825
          0.056377        0.201641        0.037069
          0.059198        0.215512        0.116156
          0.081462        0.140500        0.197029
          0.027000        0.095838        0.206502
         -0.058644        0.147850        0.112907
         -0.077713        0.213728        0.002082
         -0.052870        0.164824       -0.032346
         -0.054294        0.003357       -0.018224
         -0.060206       -0.134065       -0.059918
         -0.023361       -0.146151       -0.181550
          0.020254       -0.065007       -0.267605
          0.017487        0.022692       -0.194922
         -0.010867        0.072470       -0.008315
         -0.023211        0.072623        0.111684
         -0.025884        0.011392        0.086979
         -0.033432       -0.092445        0.042037
         -0.029358       -0.166817        0.086679
         -0.010306       -0.151395        0.124252
         -0.010310       -0.075795        0.015582
         -0.040754       -0.027048       -0.171192
         -0.049589       -0.033266       -0.244446
          0.016622       -0.027513       -0.156582
          0.125659        0.042009       -0.034100
          0.175329        0.114212        0.011024
          0.111752        0.092276       -0.024500
          0.000230       -0.008931       -0.084044
         -0.060304       -0.072947       -0.100436
         -0.065852       -0.036980       -0.040658
         -0.087343        0.037739        0.042778
         -0.135670        0.061610        0.057020
         -0.130101        0.017660       -0.005852
         -0.025562       -0.049797       -0.050337
          0.099888       -0.091072       -0.005508
          0.137765       -0.073439        0.086891
          0.086212        0.005845        0.136934
          0.032906        0.101393        0.118190
          0.022642        0.145904        0.087061
          0.009982        0.115436        0.106324
         -0.045032        0.044703        0.173706
         -0.092355       -0.027927        0.230611
         -0.056119       -0.091777        0.222678
          0.036258       -0.131577        0.138214
          0.068179       -0.114299        0.007693
          0.002206       -0.036781       -0.112245
         -0.055279        0.047842       -0.170505
         -0.018145        0.082982       -0.157745
          0.045995        0.073301       -0.106370
          0.038353        0.071543       -0.059837
         -0.005601        0.100911       -0.051422
          0.006369        0.115554       -0.082113
          0.049182        0.062036       -0.097280
          0.022682       -0.034366       -0.036737
         -0.063393       -0.085735        0.060834
         -0.087832       -0.048374        0.083477
         -0.012447        0.024676        0.025604
          0.051052        0.052459        0.029943
          0.015787        0.017401        0.161102
         -0.051144       -0.035045        0.261722
         -0.048465       -0.070564        0.168751
          0.004939       -0.102110       -0.032750
          0.026988       -0.140266       -0.131439
          0.012148       -0.151745       -0.088707
          0.022009       -0.113794       -0.044690
          0.079114       -0.073613       -0.067845
          0.139021       -0.088110       -0.077523
          0.148587       -0.133675       -0.024237
          0.100639       -0.144076        0.013393
          0.037677       -0.106062       -0.038485
         -0.001440       -0.050205       -0.134562
         -0.033805        0.017510       -0.185941
         -0.094404        0.107852       -0.173472
         -0.151946        0.196942       -0.137065
         -0.132210        0.236492       -0.101477
         -0.039154        0.207041       -0.054375
          0.030585        0.132893        0.023514
          0.029319        0.049816        0.130958
          0.021553       -0.022385        0.237617
          0.050708       -0.072027        0.292299
          0.051627       -0.081383        0.259032
         -0.019511       -0.045358        0.156768
         -0.079604        0.001852        0.038045
         -0.047308        0.009338       -0.074182
          0.023131       -0.030532       -0.177636
          0.037190       -0.062534       -0.222853
         -0.002493       -0.027712       -0.149478
         -0.037757        0.058531       -0.007765
         -0.049781        0.112302        0.070465
         -0.050263        0.085768        0.052073
         -0.045991        0.034711        0.032597
         -0.041089        0.030926        0.061338
         -0.025552        0.036510        0.076632
          0.022211       -0.044193        0.048819
          0.080184       -0.186592        0.040698
          0.086968       -0.231249        0.076253
          0.041850       -0.095371        0.080973
          0.013463        0.098413        0.009800
          0.009182        0.182826       -0.073274
         -0.044368        0.158246       -0.102511
         -0.138225        0.145469       -0.114379
         -0.141611        0.181193       -0.176216
         -0.006390        0.179903       -0.257957
          0.126544        0.089574       -0.251339
          0.123767       -0.023354       -0.120030
          0.043041       -0.071687        0.032662
          0.019548       -0.051607        0.084252
          0.068889       -0.010042        0.038553
          0.103176        0.028583       -0.001563
          0.074078        0.050092        0.024949
          0.017400        0.016071        0.088170
         -0.010442       -0.089471        0.141513
          0.006712       -0.205319        0.173656
          0.034469       -0.247094        0.182987
          0.026909       -0.201796        0.161847
         -0.015918       -0.123778        0.118131
         -0.041627       -0.061194        0.068510
         -0.017858       -0.030399        0.011221
          0.004296       -0.030620       -0.055832
         -0.053430       -0.032632       -0.106982
         -0.168767        0.012626       -0.118402
         -0.212144        0.096039       -0.100888
         -0.110017        0.120934       -0.071551
          0.041976        0.025126       -0.031680
          0.089011       -0.106617       -0.002293
          0.004620       -0.141597       -0.027243
         -0.089735       -0.077925       -0.093732
         -0.083208       -0.020781       -0.100540
         -0.006263       -0.002947        0.024203
          0.024912        0.049746        0.200914
         -0.024572        0.165390        0.274054
         -0.058756        0.255035        0.203651
          0.003851        0.238256        0.097806
          0.103444        0.154816        0.047416
          0.124193        0.091230        0.025682
          0.053389        0.050144       -0.015892
         -0.025258       -0.029124       -0.054065
         -0.056444       -0.131805       -0.061312
         -0.049137       -0.141717       -0.081896
         -0.021380       -0.005818       -0.159752
          0.012375        0.143739       -0.247340
          0.025610        0.128993       -0.258436
          0.016497       -0.035680       -0.175218
          0.028383       -0.153660       -0.055576
          0.076435       -0.111831        0.033457
          0.099842       -0.027335        0.063223
          0.052064       -0.060548        0.056466
         -0.016949       -0.167850        0.062176
         -0.044532       -0.163761        0.091749
         -0.053532        0.000654        0.096558
         -0.078227        0.166962        0.039055
         -0.075425        0.199356       -0.049402
         -0.013580        0.140978       -0.118116
          0.042179        0.081890       -0.154315
          0.042788        0.007190       -0.147844
          0.050546       -0.125975       -0.063837
          0.115605       -0.251284        0.087496
          0.164721       -0.241615        0.213992
          0.114954       -0.075128        0.242431
          0.004648        0.111551        0.205618
         -0.069634        0.157760        0.171295
         -0.071971        0.055954        0.144786
         -0.034285       -0.036686        0.105204
         -0.006886        0.011061        0.075756
         -0.022121        0.138048        0.085312
         -0.056567        0.175366        0.108002
         -0.040246        0.075042        0.101738
          0.040527       -0.034353        0.059881
          0.084025       -0.034992       -0.021396
         -0.001585        0.028374       -0.165579
         -0.145457        0.037229       -0.352904
         -0.186238       -0.028863       -0.489425
         -0.078800       -0.086073       -0.486636
          0.069262       -0.077806       -0.336924
          0.148570       -0.035187       -0.101864
          0.139270       -0.009734        0.120857
          0.073408       -0.007332        0.228801
         -0.002479       -0.004194        0.188681
         -0.040998        0.011270        0.079823
         -0.033692        0.031876        0.005753
         -0.020031        0.047413       -0.018781
         -0.027675        0.056640       -0.035369
         -0.039895        0.072067       -0.037129
         -0.036040        0.105476        0.017858
         -0.019358        0.133917        0.105789
          0.001167        0.099582        0.138463
          0.013845       -0.021671        0.079228
         -0.002437       -0.162677       -0.008584
         -0.040568       -0.222350       -0.053255
         -0.041929       -0.185493       -0.058209
          0.027918       -0.136110       -0.052299
          0.105964       -0.134698       -0.005744
          0.107708       -0.140774        0.124901
          0.046916       -0.099176        0.278950
         -0.001049       -0.045369        0.317925
         -0.018695       -0.050979        0.206272
         -0.042490       -0.099926        0.074976
         -0.075692       -0.106644        0.043889
         -0.085857       -0.045804        0.068850
         -0.062555        0.022060        0.045834
         -0.023278        0.051188       -0.023043
          0.014752        0.051815       -0.073301
          0.042967        0.035181       -0.108655
          0.061273        0.008790       -0.166605
          0.071941        0.021557       -0.213245
          0.063144        0.115836       -0.190517
          0.017491        0.236908       -0.121377
         -0.051964        0.282667       -0.065137
         -0.098135        0.235539       -0.020221
         -0.089015        0.164499        0.030298
         -0.046601        0.118697        0.037458
         -0.016693        0.094123       -0.036674
         -0.008167        0.077303       -0.114473
          0.001835        0.056540       -0.100291
          0.004198        0.014376       -0.039700
         -0.039458       -0.046413       -0.043731
         -0.114343       -0.092794       -0.089045
         -0.143233       -0.101687       -0.053959
         -0.087031       -0.084741        0.057942
          0.011048       -0.061633        0.101959
          0.101833       -0.039871        0.020076
          0.177782       -0.032585       -0.073178
          0.221901       -0.058381       -0.072836
          0.189396       -0.098978       -0.019777
          0.082289       -0.096103       -0.005996
         -0.021101       -0.030815       -0.042992
         -0.055366        0.029537       -0.071292
         -0.036694        0.014823       -0.038158
         -0.009562       -0.049387        0.058315
          0.015015       -0.084956        0.161280
          0.028038       -0.071773        0.198860
         -0.002356       -0.047783        0.172947
         -0.067253       -0.023544        0.165438
         -0.091912        0.024251        0.208625
         -0.039723        0.078474        0.215878
          0.017963        0.080806        0.117473
          0.006083        0.026187       -0.006331
         -0.034916       -0.012531       -0.030510
         -0.011042        0.006634        0.034658
          0.081497        0.027602        0.077675
          0.145743       -0.004035        0.050606
          0.102244       -0.038760       -0.009164
         -0.028113       -0.003519       -0.077867
         -0.150156        0.067767       -0.156442
         -0.178457        0.083307       -0.215614
         -0.106381        0.039258       -0.230260
         -0.005846        0.012749       -0.238969
          0.048176        0.025512       -0.276503
          0.052103        0.015990       -0.283803
          0.058646       -0.048861       -0.189154
          0.093290       -0.120726       -0.045178
          0.117702       -0.144414        0.034180
          0.090834       -0.118947        0.050328
          0.034651       -0.069044        0.100274
          0.001725       -0.009286        0.187417
         -0.003407        0.046912        0.199188
         -0.018102        0.081340        0.095192
         -0.042232        0.087860       -0.021851
         -0.030006        0.076140       -0.061909
          0.024322        0.059611       -0.049427
          0.057755        0.048489       -0.025011
          0.025660        0.040045        0.036747
         -0.037258        0.013646        0.150656
         -0.075234       -0.037398        0.258145
         -0.081082       -0.071151        0.306285
         -0.075273       -0.037993        0.312514
         -0.061535        0.036288        0.291973
         -0.036715        0.060806        0.202157
         -0.008620       -0.002400        0.034072
          0.017617       -0.079282       -0.115583
          0.036782       -0.081300       -0.149474
          0.024048       -0.022385       -0.091623
         -0.033668        0.013366       -0.029082
         -0.087973       -0.002775        0.011609
         -0.070373       -0.013066        0.051582
          0.010650        0.029886        0.071708
          0.072249        0.092772        0.020523
          0.065988        0.113005       -0.105150
          0.027229        0.080133       -0.240666
          0.001873        0.031507       -0.312698
         -0.018622       -0.009744       -0.299825
         -0.058509       -0.051689       -0.244354
         -0.097764       -0.090682       -0.205897
         -0.093734       -0.091587       -0.190339
         -0.045152       -0.034171       -0.143042
          0.004609        0.042251       -0.040648
          0.029837        0.070060        0.045239
          0.052225        0.026504        0.035424
          0.088681       -0.041961       -0.036799
          0.105984       -0.070122       -0.072471
          0.069908       -0.039695       -0.046616
          0.006634        0.011807       -0.009421
         -0.038859        0.043214        0.024869
         -0.066180        0.050227        0.087995
         -0.080547        0.046990        0.171351
         -0.049081        0.037181        0.221205
          0.026313        0.020049        0.217659
          0.061620       -0.004540        0.194126
          0.011497       -0.045865        0.178856
         -0.031929       -0.097855        0.157968
          0.027623       -0.107277        0.101418
          0.121231       -0.028506        0.011758
          0.110371        0.083211       -0.057840
          0.007693        0.105390       -0.050566
         -0.045858        0.001127        0.013934
         -0.007169       -0.121315        0.039349
          0.018767       -0.136697       -0.022573
         -0.034317       -0.048555       -0.082808
         -0.098183        0.032088       -0.028554
         -0.094121        0.030484        0.097610
         -0.039863       -0.011567        0.138006
          0.005505       -0.003053        0.044255
          0.022365        0.076238       -0.052130
          0.024635        0.142626       -0.030614
          0.023763        0.097799        0.056927
          0.020115       -0.051570        0.078395
          0.010993       -0.179431        0.003811
          0.002166       -0.170450       -0.080810
          0.007874       -0.051629       -0.107879
          0.029168        0.052141       -0.100393
          0.044573        0.083563       -0.102437
          0.035471        0.099490       -0.098512
          0.006413        0.143271       -0.051175
         -0.024948        0.165440        0.007160
         -0.040915        0.120582       -0.004861
         -0.030681        0.062028       -0.089431
         -0.004337        0.064171       -0.141476
          0.009088        0.102871       -0.096214
         -0.001319        0.094506       -0.032495
         -0.005773        0.023015       -0.056380
          0.026373       -0.051277       -0.139809
          0.071779       -0.092534       -0.170558
          0.066404       -0.122681       -0.129701
         -0.015485       -0.156652       -0.106061
         -0.109897       -0.172654       -0.128942
         -0.117822       -0.158471       -0.104174
         -0.023527       -0.136193        0.029877
          0.072107       -0.124710        0.174760
          0.070714       -0.114557        0.186891
         -0.001056       -0.096636        0.074534
         -0.042169       -0.085802       -0.007673
         -0.023793       -0.090424        0.044839
         -0.007727       -0.075561        0.167369
         -0.025212        0.007976        0.225701
         -0.026635        0.150888        0.186481
          0.024921        0.271888        0.142055
          0.084263        0.297933        0.173175
          0.085059        0.236021        0.232518
          0.025348        0.141776        0.203217
         -0.033471        0.045630        0.064448
         -0.033095       -0.044645       -0.059494
          0.019534       -0.088217       -0.053804
          0.056536       -0.030939        0.034207
          0.036244        0.099084        0.072657
          0.004034        0.179081        0.039179
          0.016802        0.119505        0.025779
          0.045177       -0.031809        0.053113
          0.027558       -0.150148        0.014739
         -0.021651       -0.169706       -0.142735
         -0.047562       -0.124924       -0.299239
         -0.054193       -0.078726       -0.305817
         -0.076027       -0.051305       -0.174980
         -0.091366       -0.024845       -0.041300
         -0.053299        0.010246        0.017290
          0.021599        0.036027        0.031666
          0.070353        0.027332        0.041002
          0.071096       -0.021235        0.029495
          0.056424       -0.082946       -0.021694
          0.053266       -0.110634       -0.081965
          0.056333       -0.077722       -0.105654
          0.055146       -0.009923       -0.086338
          0.049609        0.044861       -0.043060
          0.036111        0.071102        0.023504
          0.005972        0.079383        0.115686
         -0.034286        0.061902        0.190709
         -0.063515        0.004149        0.184262
         -0.078787       -0.063551        0.091082
         -0.102648       -0.080089       -0.024319
         -0.135871       -0.031651       -0.102651
         -0.132325        0.028573       -0.132491
         -0.060758        0.061671       -0.124543
          0.030193        0.101013       -0.095740
          0.061228        0.178057       -0.076652
          0.028705        0.220857       -0.084926
          0.004982        0.120046       -0.088919
          0.026942       -0.090071       -0.038273
          0.042874       -0.228031        0.067046
         -0.003744       -0.202348        0.171013
         -0.083481       -0.139065        0.222135
         -0.114391       -0.173914        0.206847
         -0.066682       -0.225399        0.130190
          0.003380       -0.121163        0.011875
          0.028252        0.117088       -0.088479
          0.011865        0.277402       -0.096050
          0.012908        0.232224       -0.009698
          0.053610        0.075689        0.071179
          0.085200       -0.024989        0.060642
          0.059439       -0.014766       -0.002237
         -0.003885        0.038081       -0.023000
         -0.047799        0.048019       -0.003678
         -0.047534       -0.005748       -0.024750
         -0.022822       -0.071850       -0.086440
         -0.000250       -0.075517       -0.095229
          0.013747        0.009013       -0.028482
          0.027567        0.117694        0.019580
          0.046367        0.146118       -0.003285
          0.066332        0.060033       -0.031220
          0.081403       -0.061428       -0.015474
          0.079998       -0.114186       -0.012510
          0.041270       -0.080832       -0.070372
         -0.031858       -0.032719       -0.130403
         -0.081987       -0.040804       -0.112435
         -0.056364       -0.101468       -0.023176
          0.002901       -0.135869        0.073883
          0.002296       -0.065626        0.135641
         -0.061599        0.085745        0.147295
         -0.090699        0.188030        0.108578
         -0.035557        0.149952        0.046468
          0.030322        0.042895       -0.002928
          0.024445        0.003805       -0.045061
         -0.026446        0.039656       -0.108805
         -0.035479        0.037095       -0.166750
          0.016513       -0.036980       -0.145710
          0.061551       -0.077676       -0.040441
          0.048017       -0.021707        0.061692
          0.010863        0.043448        0.100401
          0.012694        0.022584        0.106002
          0.047407       -0.038186        0.112582
          0.047853       -0.038242        0.095341
         -0.011499        0.014438        0.035391
         -0.068057        0.029588       -0.030828
         -0.058677       -0.014389       -0.068355
         -0.012550       -0.045655       -0.087590
          0.001017       -0.019409       -0.102022
         -0.015398        0.022111       -0.097876
         -0.004243        0.027836       -0.065233
          0.042834        0.010500       -0.010527
          0.079713        0.009835        0.065510
          0.082407        0.026448        0.152278
          0.056371        0.024712        0.201649
         -0.001549       -0.020487        0.174687
         -0.079466       -0.097945        0.106331
         -0.125471       -0.163235        0.065202
         -0.108349       -0.159578        0.057945
         -0.068187       -0.060765        0.029432
         -0.055730        0.088906       -0.047769
         -0.054515        0.194671       -0.137754
         -0.010734        0.192820       -0.197936
          0.079380        0.105267       -0.224566
          0.155222        0.002508       -0.228028
          0.164579       -0.065224       -0.199070
          0.118545       -0.079968       -0.124838
          0.063014       -0.035534       -0.020753
          0.022530        0.046862        0.076751
         -0.006005        0.102470        0.141222
         -0.022290        0.079649        0.164053
         -0.012607        0.012767        0.144246
          0.027274       -0.011668        0.091949
          0.070125        0.030900        0.032770
          0.071856        0.073813       -0.014209
          0.019918        0.060732       -0.054128
         -0.046309        0.019957       -0.088440
         -0.083524        0.003201       -0.084988
         -0.089906        0.003627       -0.015780
         -0.076918       -0.016700        0.082117
         -0.036507       -0.057178        0.127587
          0.022273       -0.084340        0.083038
          0.048711       -0.082882       -0.004789
          0.014323       -0.066663       -0.052677
         -0.034312       -0.056698       -0.024819
         -0.034723       -0.070625        0.026469
          0.007240       -0.114982        0.025517
          0.034541       -0.165217       -0.015532
          0.019178       -0.170100       -0.008832
         -0.014816       -0.104955        0.071344
         -0.037394       -0.012707        0.150119
         -0.044668        0.038080        0.176371
         -0.045124        0.033870        0.182001
         -0.041681        0.024063        0.180881
         -0.033767        0.046316        0.117115
         -0.021915        0.076333       -0.028911
         -0.005789        0.063075       -0.167625
          0.013804       -0.008175       -0.198447
          0.027540       -0.096645       -0.132371
          0.018904       -0.135924       -0.062066
         -0.018131       -0.083053       -0.036761
         -0.061087        0.044168       -0.020020
         -0.068075        0.173368        0.030258
         -0.018077        0.233010        0.088988
          0.056164        0.208179        0.095467
          0.091345        0.137181        0.033075
          0.060300        0.061667       -0.047539
         -0.001634        0.002992       -0.080707
         -0.049921       -0.021345       -0.053356
         -0.081952       -0.005100       -0.019069
         -0.110401        0.015787       -0.036082
         -0.118233       -0.007185       -0.091983
         -0.076870       -0.061323       -0.115619
          0.010224       -0.084264       -0.074457
          0.106446       -0.058881       -0.023785
          0.167656       -0.030153       -0.028017
          0.162220       -0.014935       -0.067799
          0.092528        0.025018       -0.076801
          0.003961        0.089894       -0.047579
         -0.048892        0.105325       -0.035878
         -0.051166        0.035515       -0.064709
         -0.032369       -0.038080       -0.089030
         -0.021732       -0.027871       -0.066457
         -0.012205        0.024234       -0.010896
          0.017352        0.013421        0.037549
          0.053633       -0.062334        0.055354
          0.056399       -0.103716        0.041657
          0.019710       -0.064439        0.018296
         -0.016674       -0.010485        0.021110
         -0.031010       -0.014949        0.052124
         -0.045406       -0.061682        0.054620
         -0.067068       -0.076148       -0.009045
         -0.060647       -0.019847       -0.069842
         -0.011676        0.064761       -0.022271
          0.037588        0.100783        0.111255
          0.050154        0.061162        0.178515
          0.038663       -0.009328        0.097386
          0.021405       -0.059115       -0.028886
         -0.006454       -0.084886       -0.059627
         -0.035857       -0.101105       -0.008361
         -0.038180       -0.089792        0.004119
         -0.012936       -0.023246       -0.049539
          0.009518        0.076220       -0.060188
          0.015464        0.140388        0.040096
          0.015670        0.126054        0.155600
          0.015402        0.058273        0.153955
          0.010397       -0.005947        0.053184
         -0.000727       -0.040905       -0.015945
         -0.018208       -0.063953       -0.005746
         -0.036280       -0.087020        0.003282
         -0.033719       -0.078696       -0.039424
          0.000620       -0.000959       -0.066149
          0.034763        0.119717       -0.009415
          0.027222        0.194945        0.079934
         -0.005770        0.165642        0.104175
         -0.009297        0.063323        0.055594
          0.016695       -0.036631        0.010229
          0.009801       -0.092727        0.008083
         -0.046421       -0.107648        0.005510
         -0.080149       -0.094289       -0.045355
         -0.038545       -0.063710       -0.114570
          0.029155       -0.027107       -0.122223
          0.049350        0.014118       -0.041377
          0.032126        0.063422        0.053389
          0.038160        0.104198        0.063227
          0.072405        0.107997       -0.016766
          0.083795        0.074915       -0.091679
          0.059132        0.031693       -0.089013
          0.041095       -0.010863       -0.046754
          0.045044       -0.056708       -0.048850
          0.032798       -0.088771       -0.104934
         -0.008988       -0.085561       -0.143844
         -0.036236       -0.060956       -0.117744
         -0.025296       -0.035237       -0.057330
         -0.015329        0.006311       -0.008832
         -0.031749        0.065333        0.031039
         -0.032775        0.081921        0.082864
          0.012882        0.012783        0.132069
          0.051872       -0.078854        0.154950
          0.018430       -0.096825        0.162515
         -0.057337       -0.047194        0.172305
         -0.083825       -0.016097        0.170413
         -0.031219       -0.032219        0.147032
          0.038492       -0.035128        0.129409
          0.055666        0.016667        0.126505
          0.015898        0.075905        0.085019
         -0.027607        0.070508       -0.029613
         -0.027432       -0.002631       -0.141169
         -0.000849       -0.076601       -0.136491
         -0.011309       -0.089238       -0.026059
         -0.074680       -0.040008        0.053329
         -0.121032        0.014928        0.015415
         -0.087430        0.015371       -0.072937
         -0.006786       -0.037861       -0.103818
          0.044512       -0.071289       -0.073292
          0.044612       -0.024812       -0.054754
          0.018893        0.054993       -0.074078
         -0.019127        0.065189       -0.079937
         -0.057968        0.000007       -0.028106
         -0.057414       -0.022816        0.052664
          0.008149        0.071365        0.089218
          0.095543        0.196054        0.040440
          0.131653        0.217109       -0.065220
          0.096365        0.128211       -0.164124
          0.035301        0.036412       -0.212395
         -0.000124        0.006665       -0.198058
         -0.002854        0.005684       -0.125824
         -0.004153       -0.003068       -0.024210
         -0.028590        0.003974        0.047978
         -0.060833        0.043288        0.048313
         -0.066532        0.065106        0.005011
         -0.041900        0.024038       -0.016275
         -0.018077       -0.038898       -0.001841
         -0.013273       -0.054397        0.002324
         -0.011512       -0.030868       -0.016860
         -0.000291       -0.031541       -0.000058
          0.002627       -0.073252        0.090478
         -0.016674       -0.120162        0.187386
         -0.032263       -0.155714        0.193300
         -0.011503       -0.186047        0.113715
          0.028898       -0.185217        0.044951
          0.044314       -0.113439        0.038649
          0.036011        0.003789        0.050480
          0.046968        0.079934        0.031355
          0.076486        0.073956        0.000642
          0.067180        0.041769       -0.000220
          0.001343        0.045732        0.019747
         -0.056926        0.057941        0.011853
         -0.051985        0.013378       -0.043522
         -0.012954       -0.069417       -0.102447
         -0.001495       -0.100453       -0.099238
         -0.026784       -0.050088       -0.022370
         -0.049346        0.010120        0.063483
         -0.041294        0.016821        0.086352
         -0.013134       -0.004302        0.046348
          0.006186        0.003542        0.000985
          0.000875        0.048419       -0.019406
         -0.015266        0.104005       -0.043582
         -0.014835        0.154245       -0.099386
          0.007439        0.180118       -0.159386
          0.026839        0.141105       -0.173288
          0.021464        0.024577       -0.133611
         -0.003330       -0.103679       -0.080402
         -0.029142       -0.151114       -0.050782
         -0.044244       -0.104391       -0.044170
         -0.038264       -0.045527       -0.027847
          0.003211       -0.049662        0.029870
          0.074084       -0.096429        0.112157
          0.127131       -0.109533        0.147552
          0.113057       -0.064520        0.092740
          0.043601       -0.009571        0.006516
         -0.020743        0.020759       -0.019888
         -0.047309        0.050740        0.014468
         -0.049856        0.100004        0.044868
         -0.036399        0.133913        0.058625
         -0.002301        0.110504        0.088742
          0.026820        0.034194        0.117515
          0.015470       -0.057456        0.098691
         -0.018417       -0.123481        0.056910
         -0.026042       -0.130369        0.055726
         -0.006655       -0.072034        0.084054
          0.001869        0.012844        0.077272
          0.000770        0.065995        0.032228
          0.026087        0.057839        0.005805
          0.066930        0.011774        0.016893
          0.062615       -0.011550        0.031561
         -0.000730        0.030903        0.028050
         -0.056528        0.107004        0.010979
         -0.050232        0.132380       -0.020183
         -0.010066        0.077044       -0.064758
          0.009241        0.012027       -0.098777
          0.004761        0.009790       -0.096067
          0.006320        0.040118       -0.060714
          0.016279        0.023835       -0.021297
          0.011318       -0.041993       -0.004788
         -0.015579       -0.081077       -0.018534
         -0.044886       -0.046893       -0.043393
         -0.050802        0.023305       -0.050661
         -0.021069        0.060507       -0.038148
          0.027985        0.031756       -0.033282
          0.056813       -0.040789       -0.046525
          0.042902       -0.107723       -0.045761
          0.010271       -0.140373       -0.000315
         -0.002979       -0.145324        0.066942
          0.002523       -0.123125        0.097117
         -0.002991       -0.047733        0.060559
         -0.020005        0.076278       -0.010838
         -0.012914        0.173303       -0.057868
          0.025012        0.169958       -0.056180
          0.044743        0.088376       -0.041016
          0.008697        0.016686       -0.063079
         -0.054065        0.003550       -0.119219
         -0.091649        0.026430       -0.142651
         -0.091541        0.047903       -0.077721
         -0.068863        0.057610        0.043743
         -0.031252        0.061737        0.127432
          0.011041        0.062901        0.123983
          0.032315        0.052204        0.078684
          0.020086        0.010324        0.055624
         -0.004709       -0.068635        0.055678
         -0.013453       -0.143348        0.049329
          0.003148       -0.143536        0.045993
          0.037161       -0.048927        0.066306
          0.069923        0.071320        0.071814
          0.077872        0.128128       -0.002237
          0.051977        0.104860       -0.141873
          0.007905        0.052830       -0.246997
         -0.032408        0.015024       -0.246512
         -0.055956       -0.009891       -0.169833
         -0.052053       -0.035942       -0.084586
         -0.016262       -0.055027       -0.014806
          0.030014       -0.046179        0.046009
          0.049425       -0.014686        0.081595
          0.029570       -0.004268        0.059338
         -0.004559       -0.042548       -0.018190
         -0.023466       -0.083180       -0.095969
         -0.020499       -0.056433       -0.108585
         -0.005947        0.013691       -0.037760
          0.007057        0.014583        0.073930
          0.008295       -0.096652        0.167704
         -0.003438       -0.209886        0.216292
         -0.017846       -0.196011        0.219831
         -0.024629       -0.070217        0.179116
         -0.023469        0.045782        0.102632
         -0.016657        0.082234        0.024668
         -0.002648        0.068404       -0.019960
          0.016244        0.051022       -0.034061
          0.032638        0.045933       -0.040506
          0.042500        0.062177       -0.040207
          0.042075        0.097995       -0.026550
          0.027115        0.103398       -0.019414
          0.009629        0.016187       -0.031780
          0.011909       -0.137637       -0.031382
          0.028741       -0.238536        0.002155
          0.028782       -0.207450        0.024195
          0.006778       -0.096229        0.002853
         -0.006340       -0.004616       -0.005342
          0.002044        0.038975        0.050672
          0.005934        0.062546        0.102033
         -0.010913        0.071519        0.049367
         -0.028971        0.056614       -0.070558
         -0.031381        0.047679       -0.121947
         -0.031453        0.083865       -0.057352
         -0.045270        0.138512        0.037832
         -0.065821        0.141150        0.080949
         -0.079091        0.080594        0.071162
         -0.081602        0.024213        0.031468
         -0.066416        0.018154       -0.030893
         -0.017731        0.030614       -0.087598
          0.053819        0.023561       -0.091180
          0.096319        0.019294       -0.041249
          0.076677        0.048386        0.001872
          0.030835        0.077134       -0.009495
          0.008400        0.043975       -0.055915
          0.001045       -0.049241       -0.082295
         -0.017412       -0.129061       -0.059279
         -0.022170       -0.135221       -0.001148
          0.017653       -0.082847        0.057777
          0.060969       -0.032005        0.086504
          0.042348       -0.020095        0.070867
         -0.022384       -0.041359        0.026250
         -0.051519       -0.074216       -0.011559
         -0.010673       -0.099816       -0.026941
          0.050992       -0.095814       -0.039524
          0.078632       -0.041855       -0.057981
          0.071848        0.049314       -0.048436
          0.053849        0.119771        0.015337
          0.026695        0.114689        0.097526
         -0.015011        0.047349        0.136005
         -0.056717       -0.013585        0.110203
         -0.080043       -0.032012        0.043756
         -0.086871       -0.037815       -0.028558
         -0.086457       -0.051005       -0.068087
         -0.077608       -0.031866       -0.045571
         -0.058204        0.042480        0.018805
         -0.033223        0.106928        0.060682
         -0.004812        0.088285        0.045773
          0.027459        0.021646        0.009486
          0.053753        0.005179       -0.001287
          0.058340        0.051687        0.007786
          0.038330        0.066857        0.005151
          0.008936       -0.010412       -0.005707
         -0.007534       -0.114197        0.000347
          0.002809       -0.135935        0.010299
          0.031741       -0.059957       -0.014862
          0.052423        0.030767       -0.063750
          0.045845        0.059825       -0.074093
          0.018038        0.023009       -0.031721
         -0.014928       -0.032888       -0.006765
         -0.044672       -0.049091       -0.049919
         -0.065199        0.012239       -0.108087
         -0.066238        0.123476       -0.100667
         -0.041622        0.190871       -0.040814
          0.003344        0.148437       -0.010656
          0.051425        0.045014       -0.028652
          0.076353       -0.010943       -0.016455
          0.061644        0.011058        0.079931
          0.023525        0.034790        0.194454
         -0.005692       -0.003740        0.212422
         -0.019605       -0.065769        0.110135
         -0.033404       -0.077846       -0.021299
         -0.039567       -0.047247       -0.085425
         -0.011840       -0.044755       -0.076600
          0.040458       -0.087960       -0.056466
          0.068965       -0.113744       -0.064573
          0.052039       -0.078863       -0.083914
          0.022604       -0.025012       -0.084599
          0.012414       -0.011944       -0.063889
          0.008428       -0.031257       -0.035778
         -0.010729       -0.030882       -0.008448
         -0.030814        0.000419        0.016513
         -0.025262        0.024594        0.035666
          0.002603        0.026672        0.041145
          0.027028        0.045187        0.026224
          0.032940        0.109535       -0.003308
          0.021913        0.178279       -0.028842
         -0.003796        0.173085       -0.039394
         -0.041201        0.074378       -0.042211
         -0.068813       -0.038943       -0.042205
         -0.056177       -0.068106       -0.032932
         -0.010098       -0.010749       -0.025318
          0.018222        0.036225       -0.049792
          0.001703        0.005634       -0.100391
         -0.021223       -0.055115       -0.118093
         -0.009357       -0.066877       -0.066914
          0.017532       -0.037623        0.014007
          0.020095       -0.036765        0.068268
          0.004992       -0.083060        0.090586
          0.003471       -0.123269        0.108125
          0.014191       -0.110413        0.132294
          0.008494       -0.055319        0.154210
         -0.022812       -0.003913        0.162551
         -0.056537        0.010811        0.151864
         -0.065948       -0.004249        0.122305
         -0.046423       -0.019708        0.070900
         -0.013007       -0.029469       -0.005943
          0.015955       -0.056560       -0.079761
          0.028780       -0.100178       -0.085932
          0.022652       -0.113573       -0.000013
          0.002091       -0.063712        0.104134
         -0.025329        0.017783        0.130064
         -0.047421        0.072958        0.075457
         -0.044612        0.082155        0.014298
         -0.010097        0.067130       -0.021838
          0.025556        0.054967       -0.074577
          0.023338        0.060919       -0.164899
         -0.003847        0.084277       -0.233938
         -0.000930        0.103743       -0.207728
          0.048286        0.098477       -0.085094
          0.096117        0.079091        0.061038
          0.101736        0.067524        0.149076
          0.077908        0.052757        0.148968
          0.049053        0.013175        0.094784
          0.013216       -0.029529        0.040411
         -0.030654       -0.040632        0.003624
         -0.060737       -0.040593       -0.031174
         -0.059963       -0.067045       -0.065118
         -0.037030       -0.084799       -0.076865
         -0.014236       -0.025459       -0.065304
         -0.015568        0.084520       -0.061164
         -0.051769        0.126509       -0.076358
         -0.093640        0.037284       -0.070980
         -0.086955       -0.113562       -0.007454
         -0.020072       -0.207920        0.074237
          0.053128       -0.191104        0.087808
          0.081569       -0.094256        0.021175
          0.074813        0.011163       -0.029795
          0.067870        0.070693        0.014969
          0.064029        0.083184        0.108793
          0.045283        0.086372        0.141026
          0.012250        0.103015        0.081933
         -0.016775        0.115725        0.015147
         -0.027763        0.097116        0.030474
         -0.017249        0.037633        0.114868
          0.001288       -0.058016        0.161387
         -0.001777       -0.160742        0.085867
         -0.035760       -0.200116       -0.077644
         -0.064853       -0.117760       -0.219232
         -0.051438        0.042040       -0.276327
         -0.006118        0.154278       -0.266359
          0.034800        0.150553       -0.206523
          0.055497        0.079358       -0.086224
          0.054287        0.014665        0.054730
          0.023148       -0.026169        0.113913
         -0.028413       -0.050266        0.053957
         -0.056522       -0.046392       -0.031190
         -0.031680       -0.011742       -0.044585
          0.014609        0.027801       -0.012828
          0.026995        0.052816       -0.012556
         -0.006883        0.067971       -0.037807
         -0.051540        0.069918       -0.028721
         -0.065220        0.041561        0.014291
         -0.030724       -0.003539        0.036402
          0.031077       -0.017661        0.028608
          0.070180        0.010119        0.042298
          0.055036        0.020080        0.102768
          0.009466       -0.037673        0.171502
         -0.025395       -0.114593        0.204497
         -0.049996       -0.111207        0.195634
         -0.084337       -0.016546        0.150776
         -0.103702        0.055296        0.068243
         -0.055692        0.004940       -0.038636
          0.053960       -0.114705       -0.137250
          0.142677       -0.160843       -0.205042
          0.138701       -0.083824       -0.234826
          0.061940        0.024394       -0.211338
         -0.003763        0.069965       -0.120383
         -0.010997        0.067601        0.006224
          0.004217        0.077070        0.092286
         -0.010987        0.096348        0.093684
         -0.042814        0.080581        0.045747
         -0.037778        0.032818        0.003502
          0.003072        0.010292       -0.030391
          0.018793        0.046533       -0.078778
         -0.016773        0.112473       -0.129268
         -0.054878        0.151122       -0.146679
         -0.045868        0.121285       -0.119370
         -0.004061        0.022001       -0.060562
          0.024949       -0.097042        0.009989
          0.024641       -0.164102        0.064513
          0.012195       -0.147805        0.079819
          0.006757       -0.080218        0.073601
          0.012151       -0.012610        0.094308
          0.021232        0.026116        0.146839
          0.026366        0.023945        0.166350
          0.026026       -0.020329        0.109711
          0.023922       -0.079788        0.035633
          0.023197       -0.112602        0.031876
          0.020285       -0.112173        0.091106
          0.004670       -0.107235        0.129199
         -0.027359       -0.099116        0.107731
         -0.057049       -0.055021        0.069164
         -0.055628        0.012542        0.060738
         -0.017851        0.029200        0.081052
          0.029475       -0.034633        0.096494
          0.053205       -0.103917        0.071883
          0.038665       -0.097425       -0.005474
         -0.000723       -0.031645       -0.108483
         -0.029204        0.026085       -0.189544
         -0.022675        0.058800       -0.222603
         -0.002307        0.092856       -0.206535
         -0.007345        0.122420       -0.143623
         -0.035116        0.108818       -0.056980
         -0.045621        0.051531       -0.006016
         -0.024520        0.004344       -0.021885
          0.001734        0.007518       -0.047358
          0.014593        0.043916       -0.012914
          0.024532        0.078695        0.048913
          0.039501        0.103678        0.049748
          0.047109        0.115027       -0.011456
          0.032375        0.084169       -0.045126
         -0.004864       -0.001559       -0.004794
         -0.042952       -0.089866        0.066370
         -0.046051       -0.110489        0.119596
         -0.004173       -0.066807        0.142068
          0.040074       -0.026936        0.116763
          0.042084       -0.022073        0.033160
          0.016015       -0.012862       -0.057989
         -0.002293        0.028907       -0.089672
         -0.023464        0.067292       -0.080326
         -0.072898        0.066306       -0.101694
         -0.120334        0.055532       -0.151488
         -0.111518        0.079108       -0.158401
         -0.051767        0.112725       -0.111026
          0.002998        0.093318       -0.075304
          0.024182        0.017761       -0.076019
          0.029277       -0.048611       -0.062889
          0.034677       -0.061286       -0.014120
          0.032730       -0.038856        0.015640
          0.015486       -0.010388       -0.016599
         -0.004448        0.023383       -0.070671
         -0.002289        0.055199       -0.075353
          0.034725        0.047123       -0.013468
          0.088739       -0.017297        0.072079
          0.118676       -0.084249        0.132195
          0.097368       -0.082326        0.147239
          0.042268       -0.017476        0.121220
         -0.003511        0.031991        0.066483
         -0.020831        0.019139        0.004456
         -0.026914       -0.022460       -0.031693
         -0.036796       -0.047717       -0.019990
         -0.038854       -0.064119        0.017859
         -0.020818       -0.091946        0.031142
          0.001508       -0.104590        0.004685
          0.001001       -0.061659       -0.016885
         -0.023060        0.015892        0.004905
         -0.042810        0.054691        0.044064
         -0.039913        0.018189        0.057787
         -0.025501       -0.048075        0.058598
         -0.014404       -0.073405        0.082207
         -0.008881       -0.040759        0.110118
         -0.018307        0.008928        0.093812
         -0.052305        0.035978        0.043015
         -0.081321        0.038749        0.015283
         -0.054884        0.031087        0.020459
          0.026790        0.014775        0.015818
          0.104313       -0.006192        0.001132
          0.125543       -0.011322        0.028094
          0.085541        0.004403        0.097090
          0.014298        0.005667        0.136391
         -0.042556       -0.036197        0.110296
         -0.050233       -0.085177        0.061593
         -0.019716       -0.073749        0.023014
          0.001158        0.006488       -0.026272
         -0.010458        0.084289       -0.091043
         -0.021020        0.088548       -0.130493
          0.006308        0.026862       -0.125114
          0.048617       -0.028098       -0.103315
          0.053159       -0.023430       -0.086048
          0.019852        0.017066       -0.069389
          0.000609        0.031708       -0.064935
          0.016194        0.007096       -0.090726
          0.032921       -0.006279       -0.121487
          0.024963        0.024616       -0.108816
          0.000757        0.058998       -0.048523
         -0.030226        0.046618        0.020777
         -0.061082        0.016265        0.071640
         -0.067027        0.037169        0.094922
         -0.030430        0.105232        0.077248
          0.025094        0.140419        0.022391
          0.060348        0.100792       -0.025281
          0.065182        0.026844       -0.027931
          0.053885       -0.037714       -0.008667
          0.032960       -0.095138       -0.015997
         -0.003306       -0.142226       -0.050741
         -0.049575       -0.138026       -0.068550
         -0.079081       -0.062223       -0.039612
         -0.066198        0.034927        0.029744
         -0.018388        0.079681        0.115780
          0.022188        0.054381        0.180966
          0.018158        0.001345        0.181110
         -0.020256       -0.041760        0.111884
         -0.043716       -0.076945        0.030501
         -0.023254       -0.111272       -0.008460
          0.016610       -0.120188       -0.014965
          0.041253       -0.073648       -0.022362
          0.055808        0.010108       -0.022890
          0.078335        0.066457       -0.000568
          0.088692        0.054673        0.005816
          0.051544        0.010487       -0.057076
         -0.021247        0.002154       -0.163702
         -0.075538        0.038229       -0.216588
         -0.079720        0.057846       -0.158960
         -0.051629        0.026170       -0.045800
         -0.025595       -0.007671        0.018910
         -0.021460        0.011398        0.004325
         -0.039240        0.047450       -0.014896
         -0.057539        0.020765        0.039788
         -0.046568       -0.062992        0.144067
         -0.006637       -0.108063        0.202505
          0.023535       -0.064376        0.171325
          0.021112        0.005089        0.095269
          0.013129        0.020798        0.020888
          0.026248       -0.011839       -0.060296
          0.039935       -0.033974       -0.156404
          0.027958       -0.018823       -0.225952
          0.008045        0.013336       -0.228217
          0.008002        0.038111       -0.177970
          0.016059        0.051868       -0.111741
          0.004310        0.059918       -0.044213
         -0.025154        0.057645        0.007875
         -0.048573        0.031992        0.014130
         -0.052300       -0.015754       -0.013532
         -0.033841       -0.058765       -0.008807
          0.005990       -0.070819        0.058861
          0.051276       -0.056706        0.136554
          0.071144       -0.039134        0.170384
          0.051594       -0.023266        0.173493
          0.013322        0.004425        0.171128
         -0.015979        0.046367        0.143399
         -0.031860        0.082663        0.070683
         -0.043130        0.090748       -0.012778
         -0.048207        0.065262       -0.051244
         -0.038441        0.017695       -0.026470
         -0.017083       -0.034912        0.029212
         -0.000770       -0.073774        0.053655
         -0.000920       -0.076884       -0.004540
         -0.009139       -0.032886       -0.129986
         -0.005392        0.037254       -0.231333
          0.018090        0.091652       -0.225668
          0.045514        0.110211       -0.129740
          0.054333        0.107467       -0.034071
          0.038551        0.097459        0.009350
          0.010725        0.071731        0.031704
         -0.011339        0.023285        0.071232
         -0.014227       -0.029149        0.102786
          0.003802       -0.053262        0.084191
          0.028936       -0.033328        0.038349
          0.046083        0.009287        0.027928
          0.056391        0.024818        0.059603
          0.063841       -0.018191        0.076719
          0.052162       -0.089687        0.048029
          0.004989       -0.122982        0.002508
         -0.054557       -0.090216       -0.027987
         -0.080913       -0.031109       -0.039261
         -0.066821        0.002453       -0.024283
         -0.051696        0.003788        0.024018
         -0.060796       -0.006396        0.072609
         -0.069384       -0.026035        0.072703
         -0.043414       -0.059468        0.035262
          0.008636       -0.077014        0.026263
          0.046680       -0.040187        0.068797
          0.052625        0.034387        0.098592
          0.050413        0.087428        0.050012
          0.064871        0.095106       -0.046209
          0.078495        0.083589       -0.098479
          0.053596        0.065398       -0.076213
         -0.006633        0.022327       -0.041959
         -0.051839       -0.035476       -0.056124
         -0.050130       -0.056365       -0.105220
         -0.026190       -0.024231       -0.139823
         -0.012887        0.004615       -0.130218
         -0.001517       -0.015268       -0.070180
          0.025512       -0.043604        0.020331
          0.046026       -0.018462        0.086092
          0.027675        0.041369        0.084991
         -0.015197        0.064666        0.050649
         -0.038056        0.034300        0.053091
         -0.026092       -0.002025        0.098330
         -0.000456       -0.011509        0.124243
          0.023311       -0.005315        0.097849
          0.046323       -0.001969        0.059293
          0.060177       -0.014545        0.053952
          0.043808       -0.058707        0.064648
         -0.004851       -0.128872        0.038200
         -0.055430       -0.182607       -0.039692
         -0.075691       -0.182954       -0.120431
         -0.063246       -0.137517       -0.144115
         -0.036285       -0.071095       -0.101366
         -0.007240        0.012488       -0.033763
          0.016915        0.109722        0.019839
          0.023309        0.181493        0.056003
          0.008250        0.178843        0.079568
         -0.008652        0.105328        0.070903
         -0.013452        0.024921        0.008516
         -0.023774       -0.003504       -0.086755
         -0.051682        0.015789       -0.159305
         -0.062652        0.034153       -0.169027
         -0.017881        0.023025       -0.115741
          0.056586        0.001313       -0.027266
          0.091934        0.001263        0.049127
          0.063339        0.027082        0.059536
          0.011387        0.056416       -0.009584
         -0.021353        0.070933       -0.097819
         -0.032963        0.070842       -0.123779
         -0.037345        0.059674       -0.079017
         -0.034696        0.030318       -0.032714
         -0.018970       -0.019809       -0.031281
          0.006574       -0.066555       -0.035809
          0.029166       -0.073287        0.010311
          0.034983       -0.033435        0.089318
          0.020687        0.016625        0.134134
         -0.001664        0.035278        0.124409
         -0.017565        0.015304        0.101570
         -0.025365       -0.019354        0.093200
         -0.032026       -0.044675        0.077825
         -0.039786       -0.056671        0.037274
         -0.043664       -0.065559       -0.001279
         -0.036081       -0.075173       -0.003156
         -0.011098       -0.073666        0.021043
          0.025988       -0.051195        0.035099
          0.051865       -0.018384        0.036609
          0.044555        0.007677        0.052308
          0.015025        0.024950        0.069560
         -0.000832        0.034793        0.026788
          0.010240        0.025958       -0.094529
          0.024224       -0.003071       -0.211939
          0.021501       -0.024352       -0.226149
          0.011150       -0.014202       -0.137984
          0.002087        0.009607       -0.031177
         -0.013661        0.014300        0.041820
         -0.033650        0.000845        0.095575
         -0.035996       -0.002283        0.138554
         -0.014132        0.017841        0.136753
          0.009133        0.047954        0.074743
          0.016939        0.072094       -0.006597
          0.022005        0.081885       -0.067281
          0.040142        0.070776       -0.111953
          0.061651        0.041631       -0.143113
          0.065989        0.014648       -0.128627
          0.050540        0.005129       -0.062838
          0.029516        0.000226       -0.004956
          0.013356       -0.017467        0.002415
          0.001287       -0.033152        0.006533
         -0.010554       -0.020009        0.070334
         -0.021250        0.009680        0.161286
         -0.025573        0.012884        0.187972
         -0.023130       -0.021900        0.131376
         -0.024314       -0.058731        0.067200
         -0.037460       -0.068199        0.052079
         -0.053585       -0.058391        0.052789
         -0.058794       -0.036435        0.014307
         -0.054825        0.018292       -0.053357
         -0.048886        0.105522       -0.096516
         -0.035417        0.159606       -0.094690
         -0.009436        0.109282       -0.074700
          0.016360       -0.022337       -0.060666
          0.027546       -0.129492       -0.044087
          0.026293       -0.145491       -0.006945
          0.021428       -0.107482        0.043604
          0.018003       -0.084226        0.073178
          0.022499       -0.085155        0.053171
          0.037433       -0.070699       -0.005700
          0.049725       -0.018644       -0.058824
          0.045444        0.053509       -0.070330
          0.030512        0.112082       -0.042880
          0.015755        0.127908       -0.000817
         -0.004686        0.089786        0.042094
         -0.034320        0.016985        0.083994
         -0.049815       -0.051076        0.113088
         -0.026828       -0.085927        0.105029
          0.017580       -0.083318        0.049780
          0.037535       -0.050514       -0.028114
          0.014936        0.001937       -0.088263
         -0.020267        0.056071       -0.112733
         -0.035038        0.089587       -0.113047
         -0.035932        0.088818       -0.098937
         -0.046123        0.057646       -0.063535
         -0.058150        0.017361       -0.013137
         -0.042958       -0.003671        0.014343
          0.000297        0.008442       -0.007301
          0.038130        0.036160       -0.043952
          0.048895        0.042032       -0.035050
          0.045684        0.006413        0.023827
          0.046352       -0.044142        0.072076
          0.044520       -0.055509        0.067813
          0.022778       -0.005764        0.040833
         -0.017118        0.058974        0.040293
         -0.047630        0.069755        0.064494
         -0.038765        0.017450        0.076771
          0.008996       -0.036369        0.068470
          0.054334       -0.042159        0.064001
          0.052102       -0.025787        0.068368
          0.006172       -0.041158        0.052093
         -0.036327       -0.083258        0.002772
         -0.048557       -0.094869       -0.040240
         -0.048129       -0.056291       -0.031436
         -0.049395       -0.016093        0.013748
         -0.034875       -0.014300        0.031024
          0.006469       -0.021908       -0.009119
          0.048830        0.006506       -0.063771
          0.060201        0.053421       -0.081211
          0.041054        0.060789       -0.065346
          0.015124        0.017540       -0.045871
         -0.003291       -0.026768       -0.023743
         -0.015851       -0.037023        0.008519
         -0.021942       -0.031434        0.026335
         -0.013268       -0.031687        0.004171
          0.009817       -0.020215       -0.036736
          0.030161        0.026447       -0.057711
          0.030550        0.092357       -0.059758
          0.011151        0.134489       -0.068015
         -0.018258        0.124163       -0.075547
         -0.053520        0.068021       -0.050520
         -0.086399        0.003406        0.003079
         -0.088815       -0.030714        0.036624
         -0.037007       -0.035391        0.019343
          0.044995       -0.050265       -0.023239
          0.096306       -0.090658       -0.046331
          0.086795       -0.113040       -0.036446
          0.049292       -0.076272       -0.010210
          0.028471       -0.008619        0.018931
          0.024422        0.030989        0.051891
          0.012816        0.033787        0.085941
         -0.006223        0.031706        0.104113
         -0.017172        0.029776        0.090109
         -0.024755        0.008737        0.046798
         -0.039907       -0.019604       -0.004762
         -0.049331       -0.022683       -0.042422
         -0.035884       -0.004751       -0.057673
         -0.010633        0.005685       -0.054339
          0.004113        0.016841       -0.038245
          0.003716        0.056371       -0.017493
         -0.004947        0.095410       -0.007797
         -0.013926        0.064079       -0.018172
         -0.009158       -0.037923       -0.031327
          0.013539       -0.112948       -0.021013
          0.023788       -0.083178        0.008236
         -0.010249        0.012648        0.023427
         -0.060171        0.076694        0.011072
         -0.061360        0.066698       -0.003645
         -0.009416        0.018252        0.002696
          0.027080       -0.015910        0.017897
          0.011472       -0.016060        0.019142
         -0.005689       -0.003349        0.010248
          0.027329       -0.015217        0.010921
          0.077477       -0.057583        0.025071
          0.077119       -0.082742        0.042845
          0.022313       -0.043863        0.058497
         -0.031143        0.031881        0.063671
         -0.047690        0.066140        0.042528
         -0.040099        0.033454       -0.002549
         -0.027202       -0.002058       -0.042064
         -0.006118        0.020698       -0.055102
          0.026661        0.070545       -0.046869
          0.053292        0.073567       -0.021066
          0.049065        0.026562        0.025143
          0.011947       -0.002745        0.069106
         -0.032295        0.014179        0.072857
         -0.055228        0.027685        0.040368
         -0.050410        0.000956        0.020356
         -0.030219       -0.029683        0.033603
         -0.004109       -0.026207        0.040111
          0.028986       -0.020949        0.005986
          0.063887       -0.059572       -0.036345
          0.078963       -0.114304       -0.036006
          0.057396       -0.118784       -0.002518
          0.011532       -0.063540        0.011134
         -0.028279        0.005697       -0.015371
         -0.042648        0.064632       -0.055191
         -0.031002        0.120349       -0.077720
         -0.004460        0.156410       -0.066690
          0.016657        0.134219       -0.016691
          0.014540        0.054075        0.049457
         -0.003983       -0.034921        0.081518
         -0.013961       -0.090067        0.056507
         -0.009416       -0.100880        0.011275
         -0.009610       -0.066156       -0.010646
         -0.019477        0.005590       -0.016898
         -0.017394        0.069151       -0.036074
          0.001541        0.065061       -0.059126
          0.008359       -0.010755       -0.055541
         -0.008971       -0.089567       -0.031845
         -0.016836       -0.101565       -0.029850
          0.009365       -0.049441       -0.065897
          0.039438        0.003303       -0.104388
          0.035436        0.007727       -0.101673
          0.010422       -0.022810       -0.056815
         -0.000357       -0.041763       -0.006223
          0.003058       -0.028351        0.022984
         -0.002005        0.000049        0.040661
         -0.014248        0.021743        0.072038
         -0.013888        0.029244        0.116829
         -0.000938        0.019325        0.141660
          0.004403       -0.006180        0.117138
         -0.006594       -0.031171        0.055294
         -0.023334       -0.040444        0.002336
         -0.035692       -0.037986       -0.006228
         -0.039512       -0.032408        0.022611
         -0.026545       -0.021159        0.057219
          0.003336       -0.007957        0.081168
          0.022550       -0.011746        0.095513
          0.003995       -0.036390        0.087140
         -0.031865       -0.054793        0.032163
         -0.039046       -0.042263       -0.055947
         -0.013632       -0.004750       -0.118392
          0.006347        0.036341       -0.117407
          0.006425        0.063126       -0.081939
          0.010960        0.060852       -0.057333
          0.030176        0.028483       -0.038232
          0.041007       -0.005099        0.003871
          0.030862       -0.004316        0.045057
          0.018803        0.029614        0.023983
          0.020252        0.064660       -0.056034
          0.025492        0.086084       -0.102478
          0.025284        0.107179       -0.054056
          0.027052        0.129630        0.021506
          0.034241        0.126743        0.015521
          0.034357        0.081610       -0.064683
          0.017206        0.021080       -0.111334
         -0.010884       -0.010226       -0.081715
         -0.036643       -0.005682       -0.049207
         -0.053987       -0.004292       -0.069304
         -0.063007       -0.032124       -0.095576
         -0.060005       -0.058284       -0.072394
         -0.040408       -0.038417       -0.021858
         -0.013783        0.010210        0.015614
          0.000808        0.020045        0.052829
          0.001771       -0.033283        0.111616
          0.007936       -0.091672        0.165077
          0.025269       -0.092814        0.177445
          0.032022       -0.052257        0.160345
          0.011984       -0.030757        0.142400
         -0.013205       -0.046224        0.114092
         -0.006598       -0.064457        0.051538
          0.030026       -0.061297       -0.023175
          0.048854       -0.043010       -0.058060
          0.019219       -0.012993       -0.045922
         -0.024670        0.030091       -0.032670
         -0.029963        0.064380       -0.043449
          0.000924        0.065470       -0.051133
          0.024273        0.053725       -0.035215
          0.026457        0.071192       -0.022222
          0.030529        0.110363       -0.038584
          0.039474        0.116708       -0.063740
          0.027122        0.069228       -0.065808
         -0.010431        0.009905       -0.054787
         -0.041528       -0.020591       -0.060642
         -0.045617       -0.031929       -0.075363
         -0.034486       -0.048503       -0.058811
         -0.019855       -0.063556        0.000199
          0.003151       -0.058540        0.066192
          0.029264       -0.042740        0.106110
          0.033241       -0.040335        0.122629
          0.004702       -0.048160        0.127959
         -0.030327       -0.036388        0.116297
         -0.040915        0.005673        0.081375
         -0.028518        0.046502        0.039572
         -0.016905        0.047673        0.014497
         -0.017396        0.011140        0.007177
         -0.020145       -0.024705       -0.003552
         -0.014112       -0.031913       -0.030710
         -0.003191       -0.016817       -0.057743
          0.000350        0.003350       -0.055251
         -0.004064        0.022967       -0.018728
          0.000097        0.036820        0.018911
          0.022119        0.029721        0.015759
          0.041991       -0.003048       -0.039884
          0.031928       -0.039006       -0.114079
         -0.003099       -0.052668       -0.152237
         -0.029377       -0.047854       -0.133441
         -0.030547       -0.043841       -0.096162
         -0.024394       -0.035661       -0.088253
         -0.026086       -0.001005       -0.100843
         -0.021661        0.047390       -0.086182
          0.004014        0.057157       -0.032386
          0.034202        0.010479        0.023984
          0.039210       -0.033568        0.057563
          0.017223       -0.013640        0.079934
         -0.004734        0.042406        0.103279
         -0.005626        0.054018        0.121708
          0.009033        0.002140        0.131647
          0.019170       -0.054548        0.131909
          0.013569       -0.076924        0.106631
          0.002450       -0.091307        0.048541
          0.006866       -0.119753       -0.007785
          0.029891       -0.127422       -0.019732
          0.045351       -0.076451        0.004003
          0.029549        0.010399        0.021446
         -0.004156        0.078227        0.021889
         -0.022348        0.105678        0.025744
         -0.016089        0.110205        0.035991
         -0.007454        0.106918        0.038162
         -0.015815        0.094133        0.032488
         -0.035130        0.073415        0.023324
         -0.043759        0.056828       -0.001823
         -0.027046        0.050528       -0.043997
          0.008825        0.049527       -0.070720
          0.041281        0.050899       -0.059849
          0.051390        0.051591       -0.036131
          0.041040        0.031830       -0.028417
          0.027238       -0.029512       -0.024763
          0.017974       -0.112822       -0.008510
          0.002187       -0.160586       -0.000473
         -0.027241       -0.139333       -0.018214
         -0.051588       -0.077918       -0.029154
         -0.047152       -0.031428        0.001183
         -0.020687       -0.025067        0.041668
         -0.000198       -0.042300        0.033606
          0.004773       -0.050054       -0.019434
          0.008566       -0.025388       -0.052371
          0.018159        0.030758       -0.024286
          0.024037        0.095696        0.036939
          0.024699        0.139624        0.075548
          0.031193        0.140947        0.066239
          0.037741        0.099259        0.030117
          0.019041        0.042654        0.005392
         -0.024841        0.007405        0.000695
         -0.052874       -0.003290       -0.018371
         -0.039123       -0.019931       -0.076218
         -0.013664       -0.052029       -0.129924
         -0.013952       -0.068049       -0.110535
         -0.023892       -0.054701       -0.025944
         -0.003195       -0.050156        0.037033
          0.042480       -0.077217        0.031974
          0.065669       -0.090760        0.009331
          0.043501       -0.045847        0.024197
          0.001875        0.023240        0.054392
         -0.025072        0.050969        0.052937
         -0.030970        0.034165        0.023827
         -0.030933        0.020663       -0.004027
         -0.036164        0.029461       -0.031735
         -0.039157        0.035259       -0.068101
         -0.024684        0.021750       -0.089005
          0.003666        0.007410       -0.070297
          0.021234        0.011516       -0.034820
          0.015165        0.019005       -0.020383
          0.001439       -0.000405       -0.023435
         -0.003161       -0.040135       -0.018299
         -0.005433       -0.049438       -0.009883
         -0.016521        0.003942       -0.018578
         -0.027365        0.085214       -0.029729
         -0.021238        0.133391       -0.012060
          0.000691        0.130969        0.021588
          0.019164        0.100394        0.028737
          0.017265        0.053043        0.014003
         -0.002130       -0.013226        0.032284
         -0.017218       -0.079260        0.098903
         -0.010941       -0.115863        0.150288
          0.005916       -0.123590        0.125603
          0.007223       -0.118368        0.047808
         -0.012590       -0.090669       -0.014285
         -0.029454       -0.028717       -0.033453
         -0.019132        0.032631       -0.028347
          0.014858        0.045218       -0.007873
          0.046258        0.021143        0.027772
          0.053317        0.014037        0.046755
          0.037216        0.032908        0.017664
          0.015595        0.033064       -0.022342
          0.003756       -0.006845       -0.005819
          0.004997       -0.050649        0.055189
          0.013662       -0.055941        0.074111
          0.020505       -0.023466        0.016781
          0.017245        0.014897       -0.052612
          0.003408        0.036082       -0.076030
         -0.011523        0.043560       -0.078677
         -0.018747        0.053360       -0.101171
         -0.020878        0.070454       -0.117453
         -0.025415        0.081364       -0.079205
         -0.031749        0.069027       -0.004030
         -0.032617        0.031878        0.042884
         -0.023444       -0.012388        0.039845
         -0.004167       -0.039537        0.025572
          0.019573       -0.035975        0.025356
          0.032054       -0.009120        0.012806
          0.018318        0.016083       -0.034217
         -0.012676        0.016054       -0.079602
         -0.031103       -0.010040       -0.067934
         -0.021563       -0.039397        0.001061
          0.000505       -0.048861        0.071528
          0.014976       -0.037417        0.095404
          0.019678       -0.026616        0.069071
          0.018923       -0.039620        0.018036
          0.012205       -0.071262       -0.026067
          0.004379       -0.079963       -0.042806
          0.005940       -0.033684       -0.039568
          0.014912        0.032092       -0.039056
          0.018714        0.043105       -0.041059
          0.018242       -0.010270       -0.024477
          0.025621       -0.049161        0.005965
          0.033137       -0.016907        0.018866
          0.014940        0.039934        0.015113
         -0.027357        0.045248        0.035326
         -0.051817       -0.000551        0.085836
         -0.029809       -0.038270        0.111282
          0.013512       -0.034119        0.074034
          0.034095        0.001591        0.011682
          0.020892        0.046576       -0.023943
         -0.006766        0.074708       -0.038934
         -0.030432        0.061267       -0.060581
         -0.041618        0.016424       -0.069914
         -0.037623       -0.014312       -0.030802
         -0.023521       -0.011701        0.039765
         -0.007657       -0.011780        0.089319
          0.008140       -0.045529        0.101672
          0.023295       -0.085458        0.098807
          0.029820       -0.084441        0.085856
          0.022519       -0.041553        0.046678
          0.008187       -0.002083       -0.011753
         -0.005658       -0.004922       -0.055756
         -0.017107       -0.041777       -0.066534
         -0.020031       -0.064439       -0.055362
         -0.007304       -0.038602       -0.039907
          0.013790        0.009512       -0.026447
          0.028298        0.023436       -0.012387
          0.033439       -0.005799        0.004409
          0.033950       -0.028312        0.016199
          0.024943       -0.009182        0.008442
          0.000064        0.026951       -0.018550
         -0.029353        0.041632       -0.040804
         -0.044248        0.037670       -0.039008
         -0.042886        0.044764       -0.025908
         -0.037772        0.072953       -0.027887
         -0.033811        0.104144       -0.048181
         -0.026290        0.118180       -0.067053
         -0.011661        0.108666       -0.070561
          0.012171        0.080262       -0.059320
          0.040514        0.045254       -0.034259
          0.049475        0.018426        0.005969
          0.018355        0.004700        0.053032
         -0.026405       -0.004505        0.088659
         -0.032374       -0.016384        0.097766
         -0.001374       -0.024968        0.076235
          0.005553       -0.021651        0.033169
         -0.032832       -0.010302       -0.007662
         -0.056810       -0.001231       -0.022454
         -0.020267        0.005605       -0.013362
          0.034512        0.017502       -0.004771
          0.043161        0.027699       -0.009116
          0.011226        0.013644       -0.017947
         -0.008247       -0.031195       -0.026625
          0.004767       -0.076098       -0.039775
          0.023363       -0.083118       -0.053494
          0.023607       -0.053373       -0.057042
          0.013624       -0.024489       -0.044792
          0.013476       -0.024770       -0.010068
          0.026021       -0.047225        0.049494
          0.036169       -0.066091        0.104747
          0.033179       -0.062600        0.109617
          0.022481       -0.036224        0.061100
          0.011840       -0.003186        0.004752
         -0.001944        0.018641       -0.030677
         -0.021217        0.030144       -0.055258
         -0.033561        0.047042       -0.068312
         -0.026381        0.070149       -0.045853
         -0.006568        0.078227        0.008259
          0.011087        0.062208        0.050266
          0.023002        0.043485        0.051396
          0.027287        0.039090        0.026397
          0.014078        0.032237       -0.000513
         -0.014063        0.001909       -0.021847
         -0.033174       -0.040528       -0.031091
         -0.028764       -0.070595       -0.016645
         -0.014190       -0.083876        0.013132
         -0.005530       -0.082875        0.028076
         -0.003185       -0.056874        0.017391
         -0.006510       -0.007756        0.007534
         -0.019598        0.027480        0.020267
         -0.035543        0.015859        0.037987
         -0.037994       -0.025002        0.033893
         -0.023223       -0.048029        0.014206
         -0.005116       -0.030995        0.002789
          0.003596        0.011527       -0.000628
          0.006217        0.054447       -0.017671
          0.015404        0.080999       -0.052040
          0.031795        0.088536       -0.077781
          0.035756        0.088313       -0.071712
          0.012153        0.087398       -0.043874
         -0.021975        0.069812       -0.026638
         -0.033161        0.019312       -0.035348
         -0.013105       -0.038365       -0.047485
          0.013675       -0.051656       -0.028157
          0.023529       -0.013771        0.025822
          0.018887        0.019193        0.077047
          0.015962        0.003008        0.085918
          0.017737       -0.033930        0.050757
          0.009594       -0.035593        0.004445
         -0.017017       -0.001429       -0.021766
         -0.047887        0.013611       -0.019513
         -0.061485       -0.022587        0.007169
         -0.050661       -0.076073        0.051373
         -0.021665       -0.094014        0.091955
          0.012753       -0.069308        0.092485
          0.032783       -0.033461        0.035029
          0.024604       -0.000640       -0.048968
          0.000401        0.042138       -0.101363
         -0.013402        0.085249       -0.094656
         -0.008559        0.082414       -0.052453
          0.002235        0.014737       -0.010486
          0.010619       -0.065336        0.020150
          0.021245       -0.091573        0.037945
          0.035890       -0.062899        0.026272
          0.043584       -0.029591       -0.023379
          0.032384       -0.019863       -0.076588
          0.007646       -0.017879       -0.083428
         -0.007545       -0.006205       -0.041054
          0.003493        0.005706        0.007231
          0.027633        0.003432        0.037376
          0.033011       -0.004698        0.066350
          0.007791        0.000743        0.100734
         -0.022349        0.019639        0.112772
         -0.023875        0.033789        0.087350
          0.003998        0.039198        0.049212
          0.027892        0.053662        0.020666
          0.019435        0.082203       -0.009364
         -0.011515        0.095755       -0.049926
         -0.031063        0.062415       -0.076288
         -0.025436       -0.010812       -0.063981
         -0.013596       -0.082515       -0.029790
         -0.012733       -0.115682       -0.007713
         -0.014987       -0.101861       -0.002981
         -0.008648       -0.058381        0.000331
          0.001415       -0.014238        0.003837
          0.007556        0.011481       -0.003322
          0.011989        0.025239       -0.020991
          0.013321        0.040369       -0.039439
          0.002209        0.044277       -0.053549
         -0.015517        0.012201       -0.062235
         -0.013955       -0.043252       -0.062915
          0.015120       -0.071200       -0.052544
          0.040232       -0.043993       -0.030597
          0.030544        0.008008       -0.003237
         -0.000159        0.036791        0.018233
         -0.018179        0.031853        0.031863
         -0.019929        0.023179        0.048672
         -0.022550        0.040968        0.069615
         -0.021767        0.081333        0.076368
         -0.000942        0.109321        0.060606
          0.027128        0.094333        0.040297
          0.028687        0.042235        0.031064
         -0.001037       -0.010197        0.025860
         -0.027789       -0.031379        0.017390
         -0.021358       -0.021747        0.014574
          0.011113       -0.006954        0.020869
          0.037044       -0.009322        0.019375
          0.032540       -0.026847       -0.001320
          0.003450       -0.040385       -0.021497
         -0.023338       -0.040587       -0.010847
         -0.029032       -0.040123        0.030116
         -0.020792       -0.052492        0.065597
         -0.016507       -0.066258        0.063072
         -0.016321       -0.055124        0.027065
         -0.001795       -0.014655       -0.006937
          0.031853        0.025449       -0.009635
          0.056748        0.033600        0.008528
          0.042866        0.010944        0.005370
          0.000737       -0.015555       -0.040719
         -0.029079       -0.025856       -0.094684
         -0.029743       -0.019524       -0.101287
         -0.026891       -0.001468       -0.052864
         -0.044070        0.026796        0.001496
         -0.061670        0.057718        0.013703
         -0.043752        0.074284       -0.014468
          0.003860        0.066162       -0.041737
          0.034657        0.042719       -0.034810
          0.026011        0.020969       -0.001225
          0.007598        0.004255        0.025543
          0.009322       -0.014708        0.031667
          0.017575       -0.027402        0.036362
          0.009670       -0.006786        0.046867
         -0.001224        0.049214        0.029995
          0.009536        0.090789       -0.032913
          0.030844        0.068701       -0.091461
          0.030143        0.001140       -0.086326
          0.005268       -0.054281       -0.042838
         -0.013002       -0.080762       -0.031468
         -0.010253       -0.101075       -0.048524
         -0.007950       -0.111164       -0.023416
         -0.024476       -0.081732        0.051231
         -0.043991       -0.022156        0.091035
         -0.041392        0.020877        0.051670
         -0.020288        0.029700        0.002328
         -0.005285        0.027637        0.013981
         -0.005164        0.028262        0.047370
         -0.006372        0.022228        0.025706
         -0.002145        0.013641       -0.034393
         -0.001661        0.024671       -0.051895
         -0.002776        0.055621       -0.014136
          0.012996        0.073675        0.007903
          0.040690        0.055842       -0.024129
          0.042079        0.020129       -0.062910
          0.004871       -0.005080       -0.057004
         -0.023540       -0.024859       -0.022225
         -0.002285       -0.060630       -0.000336
          0.034815       -0.096757        0.006442
          0.027918       -0.087555        0.020093
         -0.016985       -0.031190        0.036392
         -0.040809        0.008615        0.033927
         -0.020558       -0.012129        0.020690
          0.007484       -0.049280        0.027895
          0.008213       -0.033760        0.054264
         -0.010633        0.026316        0.056968
         -0.018854        0.062745        0.013888
         -0.000312        0.050318       -0.041274
          0.034760        0.031810       -0.069547
          0.062495        0.038810       -0.076478
          0.066596        0.046561       -0.079784
          0.049308        0.027256       -0.064875
          0.023890        0.000005       -0.017673
         -0.001759       -0.005753        0.029211
         -0.030786       -0.003939        0.036637
         -0.062713       -0.027638        0.024458
         -0.078226       -0.065826        0.041571
         -0.054725       -0.067662        0.083268
         -0.001054       -0.015668        0.095238
          0.041954        0.040164        0.057453
          0.046599        0.040065        0.009662
          0.027124       -0.013909       -0.013838
          0.010979       -0.062806       -0.025549
          0.001227       -0.056704       -0.045161
         -0.012985       -0.002114       -0.060440
         -0.025857        0.050269       -0.051017
         -0.020743        0.057751       -0.020696
         -0.000917        0.029052        0.015957
          0.007542        0.013157        0.052407
         -0.010213        0.038383        0.076151
         -0.032779        0.073939        0.066208
         -0.025962        0.069175        0.026841
          0.010399        0.020550       -0.004444
          0.038947       -0.026244       -0.001887
          0.034551       -0.039284        0.021557
          0.014965       -0.037277        0.042972
          0.009523       -0.050508        0.055496
          0.018546       -0.066669        0.057025
          0.020958       -0.047579        0.042168
          0.008000       -0.001157        0.015667
         -0.008672        0.005377       -0.007239
         -0.016266       -0.062082       -0.020685
         -0.012417       -0.133162       -0.033411
         -0.001072       -0.112808       -0.051520
          0.007750       -0.016448       -0.069039
          0.000504        0.044566       -0.077380
         -0.018930        0.016556       -0.073832
         -0.022701       -0.028546       -0.060493
          0.002723       -0.004996       -0.042308
          0.029198        0.066584       -0.023485
          0.026910        0.096079       -0.001934
          0.009215        0.045828        0.023857
          0.002933       -0.032543        0.040720
         -0.000163       -0.069529        0.031860
         -0.020559       -0.046208        0.007588
         -0.043656        0.007099        0.000628
         -0.040333        0.052655        0.018492
         -0.016225        0.078511        0.026648
          0.000881        0.095883       -0.001295
          0.005663        0.105506       -0.039142
          0.011260        0.082776       -0.038117
          0.018191        0.017138        0.011195
          0.017814       -0.050839        0.066407
          0.010802       -0.067811        0.078125
          0.000619       -0.035758        0.037817
         -0.014853       -0.005593       -0.016321
         -0.031818       -0.005806       -0.037994
         -0.038513       -0.012160       -0.016690
         -0.033067        0.008364        0.017278
         -0.026134        0.050803        0.025362
         -0.020902        0.077901       -0.004509
         -0.008627        0.061981       -0.044880
          0.010999        0.019078       -0.049342
          0.024336       -0.002079       -0.003448
          0.026415        0.022735        0.049241
          0.029618        0.054820        0.059705
          0.039181        0.036374        0.041644
          0.039833       -0.031846        0.042768
          0.020555       -0.087676        0.056194
         -0.005176       -0.084069        0.021840
         -0.018655       -0.040460       -0.074346
         -0.020399       -0.011681       -0.161309
         -0.020359       -0.024121       -0.166616
         -0.016644       -0.050175       -0.098534
         -0.002130       -0.042553       -0.023038
          0.015803        0.007441        0.013351
          0.022177        0.054341        0.019738
          0.016429        0.050235        0.033624
          0.006875        0.001674        0.068962
         -0.010072       -0.038626        0.093713
         -0.038836       -0.028472        0.066217
         -0.058803        0.026144       -0.006514
         -0.040809        0.080227       -0.062491
          0.009820        0.088808       -0.048175
          0.052642        0.047886        0.017281
          0.057443       -0.000049        0.057570
          0.032215       -0.014092        0.028499
          0.004346       -0.004060       -0.026469
         -0.010939       -0.009853       -0.035936
         -0.016594       -0.038653        0.003213
         -0.017845       -0.056010        0.034377
         -0.014701       -0.041344        0.032641
         -0.011198       -0.017534        0.026849
         -0.015394       -0.014070        0.029632
         -0.022172       -0.028369        0.010776
         -0.013485       -0.038656       -0.041591
          0.012237       -0.034738       -0.088475
          0.030421       -0.018668       -0.095211
          0.027218        0.009509       -0.078995
          0.024709        0.043443       -0.074407
          0.043943        0.057345       -0.079535
          0.062555        0.031350       -0.063436
          0.044708       -0.011621       -0.013373
          0.001048       -0.028796        0.048735
         -0.022835       -0.018926        0.095070
         -0.014747       -0.018593        0.117122
         -0.009382       -0.031762        0.113347
         -0.027912       -0.016737        0.071536
         -0.046033        0.037584       -0.009478
         -0.037775        0.078265       -0.089562
         -0.017153        0.063779       -0.117137
         -0.013124        0.024719       -0.093982
         -0.024506        0.010783       -0.069302
         -0.026424        0.017140       -0.059365
         -0.013005        0.005244       -0.024030
         -0.004900       -0.031649        0.054131
         -0.011024       -0.064218        0.121879
         -0.011908       -0.072627        0.123792
          0.005773       -0.063341        0.074901
          0.024464       -0.047643        0.027561
          0.024079       -0.029432        0.002477
          0.013919       -0.014124       -0.011304
          0.015483       -0.010683       -0.016190
          0.027781       -0.019544       -0.002206
          0.032048       -0.028930        0.028454
          0.024276       -0.028978        0.059304
          0.018248       -0.023837        0.079654
          0.015604       -0.023945        0.091082
          0.002182       -0.029763        0.095459
         -0.018663       -0.029540        0.089298
         -0.023332       -0.012619        0.070192
         -0.010433        0.019318        0.039772
         -0.007302        0.054040        0.001758
         -0.019769        0.078400       -0.035281
         -0.018798        0.085117       -0.056368
          0.005079        0.072899       -0.049412
          0.019135        0.044979       -0.016831
          0.001931        0.009723        0.022728
         -0.021782       -0.020705        0.043549
         -0.022522       -0.036533        0.030937
         -0.006774       -0.037070       -0.003592
          0.007170       -0.031674       -0.034097
          0.023147       -0.031207       -0.051419
          0.048538       -0.033676       -0.066944
          0.064223       -0.020619       -0.083675
          0.046977        0.022459       -0.088657
          0.010031        0.079649       -0.076793
         -0.013431        0.110262       -0.055041
         -0.019340        0.090699       -0.025782
         -0.028428        0.043271        0.004571
         -0.041266        0.011003        0.010800
         -0.039509        0.009181       -0.022769
         -0.024825        0.016130       -0.069119
         -0.014230        0.007507       -0.085352
         -0.006009       -0.016633       -0.063706
          0.008271       -0.036949       -0.030912
          0.012481       -0.033261       -0.006699
         -0.008946       -0.002164        0.013612
         -0.029878        0.031182        0.038490
         -0.013690        0.027714        0.061979
          0.024189       -0.022135        0.071385
          0.031310       -0.077163        0.061441
         -0.005698       -0.085689        0.036054
         -0.041617       -0.042639        0.006926
         -0.035806        0.009257       -0.008953
         -0.000923        0.031256       -0.007212
          0.023779        0.026033       -0.007379
          0.022895        0.022563       -0.021604
          0.013508        0.036101       -0.023832
          0.016996        0.051940        0.010558
          0.033131        0.047995        0.047329
          0.038708        0.024842        0.029429
          0.013436        0.003989       -0.033497
         -0.029543       -0.001324       -0.069714
         -0.050609       -0.000691       -0.045551
         -0.029631       -0.007784       -0.004595
          0.009767       -0.019054        0.009483
          0.033082       -0.021597        0.016381
          0.035056       -0.016591        0.052630
          0.031762       -0.021484        0.100379
          0.027971       -0.044169        0.108252
          0.012604       -0.064353        0.066366
         -0.017935       -0.054170        0.015412
         -0.047064       -0.017067       -0.014340
         -0.052437        0.010954       -0.027805
         -0.029655        0.007880       -0.027663
          0.000889       -0.004139       -0.003983
          0.013866        0.006652        0.026402
          0.005156        0.032643        0.022978
         -0.008999        0.040639       -0.015606
         -0.018068        0.025297       -0.041796
         -0.027075        0.013726       -0.033438
         -0.036534        0.017388       -0.026755
         -0.033452        0.016623       -0.051160
         -0.013066        0.000568       -0.080415
          0.009266       -0.012246       -0.076882
          0.018847       -0.006426       -0.045379
          0.018013        0.005503       -0.016877
          0.014231        0.007114       -0.005417
          0.007729        0.006141       -0.001410
         -0.001678        0.018653        0.006700
         -0.007398        0.035778        0.016687
         -0.003471        0.029509        0.016627
          0.006783       -0.005776        0.004550
          0.016131       -0.039111       -0.000910
          0.024011       -0.041600        0.017496
          0.033073       -0.021737        0.045486
          0.036790       -0.007611        0.048474
          0.023652       -0.008728        0.016541
         -0.003035       -0.012067       -0.019253
         -0.022746       -0.006810       -0.022049
         -0.022101        0.001840        0.011340
         -0.011740        0.001444        0.051800
         -0.009683       -0.012071        0.069704
         -0.013688       -0.027935        0.058244
         -0.004773       -0.030071        0.030510
          0.018332       -0.014783        0.004381
          0.028042        0.003761       -0.008318
          0.008738        0.008647       -0.008117
         -0.010697       -0.001543       -0.006856
          0.004306       -0.012991       -0.011658
          0.036785       -0.013652       -0.012084
          0.038899       -0.005550        0.002354
          0.004750        0.000825        0.016550
         -0.018951        0.000484        0.005112
         -0.001590       -0.000370       -0.025032
          0.028566        0.007563       -0.033410
          0.027725        0.021968        0.001372
         -0.003279        0.024826        0.048565
         -0.027460        0.002843        0.060997
         -0.027306       -0.027168        0.029115
         -0.022154       -0.030143       -0.017668
         -0.028296        0.002077       -0.050771
         -0.030686        0.035246       -0.063399
         -0.010713        0.034813       -0.060930
          0.018146        0.007302       -0.051620
          0.026525       -0.016363       -0.042877
          0.010579       -0.025663       -0.032259
         -0.007075       -0.035735       -0.010464
         -0.011146       -0.049348        0.015021
         -0.004728       -0.040267        0.016180
          0.006733        0.006926       -0.018541
          0.018863        0.057512       -0.061399
          0.021987        0.058732       -0.077792
          0.011718        0.010308       -0.063493
         -0.001032       -0.028898       -0.033763
         -0.005598       -0.014659        0.003319
         -0.007202        0.029992        0.044890
         -0.014586        0.052629        0.080728
         -0.022700        0.038462        0.097027
         -0.020275        0.015630        0.086832
         -0.007981        0.007822        0.056042
          0.001197        0.008416        0.023855
         -0.002978        0.000903        0.009410
         -0.018269       -0.014195        0.012166
         -0.032962       -0.020704        0.014883
         -0.035371       -0.009950        0.008142
         -0.022597        0.005153       -0.000394
         -0.002070        0.005903       -0.002450
          0.015525       -0.006411       -0.001555
          0.023736       -0.015687       -0.004196
          0.021472       -0.019832       -0.005897
          0.012044       -0.029928        0.007132
          0.003602       -0.039164        0.039577
          0.004076       -0.025314        0.072923
          0.011056        0.007509        0.078959
          0.013636        0.023462        0.050265
          0.007997        0.003124        0.007711
          0.001648       -0.033217       -0.025481
          0.000156       -0.058075       -0.044405
          0.001462       -0.061132       -0.052740
          0.003611       -0.037030       -0.048814
          0.007155        0.013972       -0.031744
          0.012350        0.064473       -0.009503
          0.020203        0.075992        0.007808
          0.027905        0.049523        0.014256
          0.021900        0.027300        0.006604
         -0.007099        0.032085       -0.012081
         -0.039937        0.038902       -0.030434
         -0.042425        0.022809       -0.042093
         -0.008788        0.000075       -0.051265
          0.030050       -0.001944       -0.052964
          0.046826        0.011212       -0.028862
          0.044163        0.013857        0.016422
          0.035434       -0.000635        0.040919
          0.023033       -0.017102        0.016553
          0.004543       -0.023753       -0.029177
         -0.016436       -0.019271       -0.052481
         -0.033034       -0.000718       -0.049286
         -0.040361        0.036448       -0.042978
         -0.038266        0.082463       -0.041222
         -0.032714        0.108509       -0.033279
         -0.028374        0.088703       -0.012483
         -0.020613        0.029060        0.016828
         -0.006072       -0.032832        0.041493
          0.004380       -0.063170        0.045007
         -0.000456       -0.060242        0.026745
         -0.012449       -0.042714        0.010325
         -0.015510       -0.024683        0.013733
         -0.008646       -0.013591        0.021064
         -0.002790       -0.015409        0.006139
         -0.002721       -0.025506       -0.025275
         -0.003041       -0.028804       -0.040656
          0.004625       -0.022465       -0.024397
          0.024374       -0.021870        0.004389
          0.047290       -0.031223        0.019962
          0.050692       -0.027818        0.019640
          0.020481        0.005477        0.016935
         -0.023105        0.046458        0.016113
         -0.039214        0.055857        0.009124
         -0.014702        0.029878       -0.003529
          0.018568        0.007553       -0.005147
          0.027171        0.017728        0.016936
          0.016041        0.037698        0.052878
          0.006842        0.023749        0.079021
         -0.000036       -0.027943        0.080736
         -0.015568       -0.077139        0.062479
         -0.032213       -0.094159        0.037590
         -0.032020       -0.088434        0.013725
         -0.015406       -0.076219       -0.007147
          0.000257       -0.052702       -0.018772
          0.006808       -0.014331       -0.014182
          0.013441        0.017810       -0.002507
          0.026799        0.022016       -0.006266
          0.034244        0.009171       -0.032516
          0.016994        0.010287       -0.062164
         -0.021156        0.035733       -0.078287
         -0.050498        0.061822       -0.085146
         -0.048290        0.059456       -0.085778
         -0.025024        0.028300       -0.066403
         -0.006971       -0.004634       -0.023253
         -0.002779       -0.020778        0.019499
         -0.002741       -0.032429        0.040066
         -0.001444       -0.057381        0.046119
         -0.001609       -0.082457        0.053990
         -0.002468       -0.076054        0.061568
         -0.002594       -0.034366        0.058178
         -0.006497        0.011039        0.043745
         -0.012499        0.034760        0.023027
         -0.005473        0.041801       -0.004976
          0.020488        0.045580       -0.036328
          0.042536        0.045832       -0.051704
          0.032484        0.035765       -0.035405
         -0.002866        0.013663       -0.000423
         -0.023038       -0.015165        0.024614
         -0.002046       -0.035428        0.032296
          0.037441       -0.028841        0.039682
          0.052050        0.000881        0.053279
          0.032106        0.024217        0.053529
          0.006206        0.025515        0.022307
         -0.006426        0.028963       -0.030751
         -0.017078        0.061114       -0.076880
         -0.033028        0.102720       -0.090936
         -0.036200        0.106692       -0.062509
         -0.014866        0.058576       -0.000535
          0.011728       -0.006186        0.064481
          0.021220       -0.046148        0.095958
          0.018267       -0.054319        0.082810
          0.017984       -0.049584        0.050126
          0.018933       -0.044557        0.026541
          0.012800       -0.033924        0.007180
          0.006457       -0.009090       -0.033342
          0.012636        0.024471       -0.093375
          0.026004        0.045943       -0.133648
          0.028829        0.036715       -0.123663
          0.017714        0.003005       -0.081383
          0.006050       -0.023703       -0.052512
          0.000184       -0.019034       -0.056787
         -0.007879        0.005161       -0.067123
         -0.020277        0.018138       -0.046361
         -0.024806        0.012197        0.002221
         -0.016032        0.006265        0.036924
         -0.007182        0.009289        0.035152
         -0.006682        0.006466        0.026804
         -0.001505       -0.013065        0.048938
          0.015393       -0.039136        0.085174
          0.021702       -0.058399        0.084901
         -0.001009       -0.068073        0.037800
         -0.030148       -0.064587       -0.008865
         -0.032802       -0.038754       -0.014695
         -0.016844        0.006832        0.006769
         -0.013925        0.050283        0.020133
         -0.024299        0.071440        0.016798
         -0.019023        0.072084        0.010583
          0.006587        0.068470        0.007838
          0.020380        0.069534        0.006518
          0.001864        0.066104        0.012042
         -0.026465        0.039654        0.030357
         -0.030512       -0.015677        0.049169
         -0.008747       -0.078360        0.046106
          0.010903       -0.114640        0.018305
          0.010149       -0.111666       -0.009567
          0.000906       -0.086205       -0.010464
          0.004056       -0.058447        0.019226
          0.019323       -0.030606        0.057486
          0.028339        0.003075        0.073454
          0.022364        0.037416        0.052193
          0.010519        0.057314        0.010190
          0.001335        0.055069       -0.022289
         -0.006333        0.040469       -0.037503
         -0.013333        0.028159       -0.050543
         -0.017630        0.016519       -0.060646
         -0.021056       -0.007404       -0.044350
         -0.023813       -0.037994       -0.000109
         -0.016509       -0.047307        0.034837
          0.005661       -0.023362        0.032004
          0.026029        0.009782        0.006260
          0.024010        0.025032       -0.014779
          0.007276        0.023475       -0.026865
          0.002869        0.018126       -0.037994
          0.013963        0.009509       -0.047936
          0.013272       -0.005326       -0.054168
         -0.010557       -0.018921       -0.057238
         -0.029650       -0.025982       -0.051663
         -0.018307       -0.033868       -0.030707
          0.007851       -0.043859       -0.003105
          0.015270       -0.037591        0.013557
         -0.003404       -0.002799        0.016285
         -0.024816        0.039923        0.017804
         -0.022397        0.060196        0.025796
          0.007697        0.058597        0.032641
          0.039203        0.057698        0.025429
          0.038649        0.059437        0.001888
          0.003771        0.043324       -0.024778
         -0.031517        0.008260       -0.041863
         -0.037173       -0.014703       -0.055579
         -0.017966       -0.002728       -0.078031
          0.001469        0.025022       -0.096764
          0.007388        0.027538       -0.083116
          0.003715       -0.010754       -0.037687
         -0.001603       -0.062157       -0.000456
         -0.005157       -0.085628       -0.002338
         -0.005597       -0.068543       -0.026598
         -0.003873       -0.032429       -0.030627
         -0.005783       -0.001191        0.006494
         -0.011281        0.020891        0.065484
         -0.004357        0.034690        0.108847
          0.024386        0.029928        0.117987
          0.048397        0.001747        0.107000
          0.031268       -0.029879        0.095791
         -0.015579       -0.040195        0.079246
         -0.039415       -0.031339        0.040953
         -0.019427       -0.021920       -0.008855
          0.006180       -0.013671       -0.035754
          0.003701        0.004611       -0.026458
         -0.004952        0.025209       -0.007553
          0.013927        0.024843       -0.006423
          0.043075        0.003360       -0.013369
          0.040117       -0.009625       -0.001939
          0.007705        0.002570        0.027282
         -0.011685        0.018569        0.048286
         -0.003063        0.013508        0.048559
          0.007716       -0.001548        0.040004
          0.005644       -0.001112        0.031805
          0.005195        0.007780        0.019380
          0.013388       -0.003182        0.004883
          0.013270       -0.030011        0.002118
         -0.005955       -0.037577        0.011290
         -0.028483       -0.018291        0.012468
         -0.032233       -0.004038       -0.003791
         -0.014980       -0.010854       -0.020843
          0.007536       -0.017461       -0.024021
          0.019690       -0.009960       -0.023074
          0.015408       -0.003281       -0.031153
         -0.002194       -0.004749       -0.041778
         -0.022757        0.001858       -0.045177
         -0.034415        0.019266       -0.048512
         -0.032983        0.020978       -0.058347
         -0.024694       -0.006034       -0.060305
         -0.018424       -0.031709       -0.041577
         -0.014960       -0.019565       -0.020700
         -0.006120        0.025639       -0.026913
          0.011355        0.067012       -0.055015
          0.026098        0.078766       -0.066333
          0.026224        0.063557       -0.036978
          0.016797        0.038219        0.013618
          0.010643        0.019458        0.048486
          0.008766        0.017242        0.054413
          0.002541        0.025934        0.047494
         -0.010016        0.023076        0.044962
         -0.020013       -0.008077        0.045278
         -0.018643       -0.051312        0.036523
         -0.007864       -0.067296        0.015289
          0.002822       -0.039580       -0.003410
          0.009716        0.002410        0.004906
          0.016902        0.018735        0.043456
          0.021813        0.004556        0.073969
          0.012771       -0.014340        0.052354
         -0.009571       -0.019269       -0.010701
         -0.023392       -0.014225       -0.053971
         -0.012420       -0.010096       -0.039598
          0.011480       -0.008085        0.005057
          0.026049       -0.000410        0.030838
          0.025500        0.017276        0.026320
          0.016920        0.038022        0.016929
          0.004647        0.050962        0.022959
         -0.008138        0.052285        0.039649
         -0.014536        0.043658        0.050589
         -0.012140        0.027068        0.040991
         -0.006396        0.007895        0.001940
          0.000777       -0.006117       -0.058101
          0.013415       -0.014165       -0.107600
          0.026996       -0.020398       -0.118189
          0.027902       -0.022203       -0.096470
          0.016145       -0.013402       -0.072615
          0.009107        0.003131       -0.062808
          0.010236        0.018434       -0.060704
         -0.002030        0.027389       -0.055797
         -0.035152        0.025563       -0.041592
         -0.058071        0.006871       -0.017634
         -0.042755       -0.023947        0.002974
         -0.008802       -0.046847        0.004565
          0.004750       -0.046564       -0.005115
         -0.002849       -0.031861       -0.001385
          0.000396       -0.025980        0.022261
          0.022563       -0.038876        0.049552
          0.035304       -0.055586        0.070231
          0.022420       -0.056530        0.086908
          0.002998       -0.043376        0.095877
         -0.005508       -0.032138        0.088720
         -0.010886       -0.024023        0.072057
         -0.018608       -0.004334        0.060039
         -0.016554        0.026718        0.049212
         -0.002972        0.046924        0.027185
          0.003996        0.044001        0.002870
         -0.000956        0.030667       -0.002490
         -0.000220        0.018954        0.006330
          0.011313        0.004284        0.002067
          0.012991       -0.014572       -0.019682
         -0.004203       -0.024270       -0.031569
         -0.016601       -0.017930       -0.019554
         -0.003732       -0.006711       -0.005975
          0.018792       -0.000621       -0.012876
          0.023539        0.002230       -0.027872
          0.009788       -0.000159       -0.026321
         -0.002607       -0.017366       -0.009253
         -0.003572       -0.043059        0.002599
          0.000187       -0.048716        0.001339
         -0.001135       -0.017880       -0.002009
         -0.009740        0.025851        0.002599
         -0.017020        0.042659        0.013768
         -0.011837        0.023788        0.021305
          0.000987       -0.000669        0.010791
          0.001300       -0.001703       -0.021389
         -0.015500        0.016727       -0.054202
         -0.025609        0.032785       -0.063903
         -0.012688        0.038928       -0.058385
          0.004573        0.044380       -0.060621
          0.004924        0.053489       -0.064022
          0.000901        0.057442       -0.043574
          0.011528        0.046744       -0.006136
          0.022906        0.022059        0.015262
          0.013623       -0.007229        0.015058
         -0.002443       -0.029087        0.018775
          0.000574       -0.034078        0.035381
          0.012607       -0.019959        0.049151
          0.003215        0.006111        0.055268
         -0.027723        0.030915        0.059812
         -0.049836        0.043611        0.048515
         -0.045111        0.042353        0.002510
         -0.024776        0.031030       -0.054004
         -0.007708        0.010455       -0.069041
          0.000949       -0.021044       -0.033139
          0.009643       -0.056833        0.008902
          0.024255       -0.079829        0.026368
          0.034127       -0.076923        0.038665
          0.022934       -0.052989        0.065774
         -0.003022       -0.027749        0.084567
         -0.013566       -0.018182        0.063379
          0.007843       -0.022650        0.012088
          0.041351       -0.024399       -0.032018
          0.056984       -0.014420       -0.051839
          0.047739       -0.004533       -0.057096
          0.026091       -0.007710       -0.052642
          0.004238       -0.012602       -0.029540
         -0.011337        0.003619        0.006750
         -0.019073        0.037531        0.025488
         -0.024044        0.056886        0.007403
         -0.031101        0.043991       -0.024999
         -0.034869        0.020843       -0.038115
         -0.026703        0.016637       -0.034496
         -0.010683        0.027876       -0.040462
         -0.001806        0.028704       -0.056797
         -0.007475        0.008298       -0.056240
         -0.018756       -0.019494       -0.029430
         -0.021891       -0.037237       -0.000669
         -0.014027       -0.041701        0.009942
         -0.004456       -0.040978        0.013261
         -0.001287       -0.038607        0.027678
         -0.001703       -0.025191        0.050266
          0.001604        0.007321        0.066561
          0.008873        0.045450        0.073220
          0.013295        0.061553        0.075347
          0.010966        0.044236        0.072604
          0.007413        0.010466        0.062264
          0.011811       -0.015333        0.048419
          0.023266       -0.025016        0.036836
          0.028489       -0.027154        0.026499
          0.019819       -0.030496        0.014141
          0.007750       -0.030703        0.000661
          0.004408       -0.014406       -0.013024
          0.003818        0.021464       -0.028522
         -0.005368        0.056806       -0.042728
         -0.015150        0.062500       -0.047941
         -0.007397        0.030317       -0.046772
          0.013437       -0.016112       -0.055819
          0.020360       -0.043395       -0.082429
          0.003846       -0.038545       -0.106311
         -0.011033       -0.015397       -0.098979
         -0.002135        0.004927       -0.057681
          0.015681        0.015530       -0.008392
          0.014674        0.024751        0.021249
         -0.003946        0.036482        0.023608
         -0.015632        0.036331        0.012001
         -0.009052        0.009475        0.007666
          0.004254       -0.029605        0.020311
          0.010280       -0.045103        0.038765
          0.006793       -0.023869        0.047333
          0.001613        0.007949        0.047378
          0.006024        0.021507        0.049617
          0.023528        0.019743        0.049544
          0.038233        0.022379        0.029086
          0.024305        0.032525       -0.015960
         -0.021213        0.036557       -0.065510
         -0.063488        0.029695       -0.094043
         -0.065166        0.022372       -0.088147
         -0.032448        0.020141       -0.048532
         -0.004867        0.013432        0.009309
         -0.000312       -0.006430        0.058012
          0.002002       -0.032198        0.077926
          0.017321       -0.048945        0.073504
          0.025941       -0.050639        0.060103
          0.006794       -0.042913        0.043018
         -0.024653       -0.033497        0.022730
         -0.036488       -0.024962        0.009600
         -0.023292       -0.016243        0.015123
         -0.006587       -0.007862        0.033156
         -0.001140       -0.002675        0.044352
         -0.001442       -0.000970        0.038953
          0.000389        0.001846        0.025216
          0.001732        0.008742        0.013518
          0.000120        0.014129        0.001370
          0.003191        0.009811       -0.017742
          0.016090       -0.001698       -0.035364
          0.026243       -0.008275       -0.031554
          0.017120       -0.006076       -0.003698
         -0.003638       -0.006027        0.018178
         -0.009151       -0.014545       -0.000274
          0.007981       -0.017821       -0.055326
          0.021971        0.001358       -0.107020
          0.010049        0.036111       -0.125517
         -0.015235        0.059233       -0.116776
         -0.023700        0.055099       -0.097086
         -0.004432        0.035654       -0.066311
          0.027362        0.021064       -0.021130
          0.049939        0.015172        0.024932
          0.049883        0.007890        0.054129
          0.025149       -0.004869        0.066144
         -0.014002       -0.014360        0.071308
         -0.047983       -0.013441        0.069905
         -0.059984       -0.011517        0.053300
         -0.048086       -0.027449        0.023832
         -0.024963       -0.062635        0.000205
         -0.005375       -0.087612       -0.003161
          0.008142       -0.071837        0.006452
          0.026018       -0.027164        0.014446
          0.051653        0.001454        0.023261
          0.064917       -0.004962        0.042485
          0.042336       -0.017728        0.058012
         -0.005978       -0.009548        0.039491
         -0.040711        0.007061       -0.014055
         -0.039100        0.010068       -0.062123
         -0.015561        0.006064       -0.068929
          0.006938        0.011352       -0.042155
          0.021858        0.017999       -0.015217
          0.028548        0.008702       -0.007923
          0.020930       -0.007743       -0.013527
         -0.000968       -0.005228       -0.012477
         -0.023814        0.019300        0.004351
         -0.034710        0.040023        0.019604
         -0.033429        0.039189        0.005939
         -0.027768        0.027875       -0.033798
         -0.022843        0.023037       -0.062613
         -0.016327        0.022135       -0.057507
         -0.003656        0.011764       -0.037224
          0.011147       -0.009624       -0.026892
          0.015398       -0.029252       -0.020695
          0.003821       -0.036232        0.000162
         -0.012692       -0.030601        0.031909
         -0.020971       -0.015114        0.052477
         -0.019515        0.012438        0.051671
         -0.013158        0.050092        0.039159
         -0.005266        0.080863        0.026007
         -0.000004        0.084789        0.014369
         -0.000249        0.062448        0.007407
         -0.001217        0.034943        0.013878
          0.002121        0.018400        0.034371
          0.004657        0.008556        0.054074
          0.000977       -0.007003        0.058285
         -0.001481       -0.031057        0.047480
          0.006984       -0.055259        0.032569
          0.022102       -0.068433        0.023638
          0.033177       -0.062298        0.023895
          0.039513       -0.037441        0.025671
          0.045317       -0.009289        0.015338
          0.044238        0.000661       -0.009365
          0.026167       -0.012953       -0.032939
         -0.001543       -0.033311       -0.039735
         -0.017410       -0.042529       -0.030258
         -0.013911       -0.037844       -0.016999
         -0.006753       -0.021641       -0.014026
         -0.011082        0.007917       -0.029664
         -0.022121        0.043580       -0.056067
         -0.026182        0.061009       -0.068571
         -0.020367        0.043609       -0.050838
         -0.013747        0.009661       -0.018019
         -0.014868       -0.004153        0.000565
         -0.022371        0.012615       -0.001095
         -0.023681        0.032057       -0.001433
         -0.005128        0.026552        0.015363
          0.027539        0.005581        0.036343
          0.044957       -0.000105        0.038644
          0.026733        0.016552        0.025661
         -0.008481        0.029875        0.027790
         -0.025969        0.018414        0.057192
         -0.019510       -0.009789        0.079246
         -0.008604       -0.035019        0.052422
         -0.001537       -0.048796       -0.015532
          0.008829       -0.050214       -0.078063
          0.019490       -0.038734       -0.105850
          0.019167       -0.022561       -0.104869
          0.013998       -0.018762       -0.088940
          0.021658       -0.031582       -0.063399
          0.036717       -0.040665       -0.032744
          0.030231       -0.024099       -0.003477
         -0.005042        0.011487        0.020767
         -0.033839        0.036338        0.037996
         -0.022645        0.033825        0.045795
          0.013100        0.020243        0.044759
          0.031258        0.021356        0.039343
          0.020868        0.036543        0.033847
          0.008588        0.039582        0.030670
          0.011527        0.015778        0.030535
          0.014068       -0.016690        0.030153
         -0.002155       -0.031281        0.022076
         -0.028309       -0.026264        0.003831
         -0.040514       -0.018937       -0.013252
         -0.030505       -0.015706       -0.015528
         -0.013285       -0.007235       -0.010293
         -0.007367        0.008957       -0.020590
         -0.014816        0.021358       -0.048923
         -0.022558        0.023979       -0.068256
         -0.020188        0.024715       -0.061749
         -0.011811        0.027069       -0.045883
         -0.006566        0.021308       -0.038756
         -0.001657        0.003989       -0.034498
          0.012955       -0.010587       -0.026915
          0.031955       -0.010306       -0.026679
          0.034606       -0.001416       -0.033611
          0.014740        0.005529       -0.022537
         -0.008031        0.010414        0.020158
         -0.017229        0.015843        0.071598
         -0.019217        0.020553        0.102522
         -0.022362        0.026153        0.107715
         -0.020050        0.034025        0.093403
         -0.009964        0.033528        0.063656
         -0.006070        0.011607        0.034596
         -0.012715       -0.025042        0.031536
         -0.010412       -0.054872        0.051631
          0.011810       -0.067441        0.056402
          0.032279       -0.068290        0.023287
          0.027553       -0.061326       -0.021484
          0.008069       -0.043814       -0.045453
         -0.000050       -0.018779       -0.056335
          0.006731        0.001726       -0.073106
          0.011554        0.008458       -0.077554
          0.006746        0.001889       -0.038167
          0.001522       -0.012952        0.031895
          0.005318       -0.029227        0.082578
          0.016855       -0.033991        0.086852
          0.027471       -0.014082        0.059883
          0.028333        0.024783        0.026065
          0.016912        0.055625       -0.003139
          0.000371        0.057532       -0.024706
         -0.010166        0.036269       -0.040413
         -0.011810        0.011289       -0.052721
         -0.013278       -0.004269       -0.054576
         -0.021797       -0.005163       -0.036208
         -0.029903        0.007555       -0.007263
         -0.023260        0.022345        0.005814
         -0.001974        0.025962       -0.008470
          0.014884        0.022505       -0.032227
          0.010366        0.029572       -0.042017
         -0.011451        0.048604       -0.034168
         -0.032407        0.054213       -0.016980
         -0.039799        0.026823        0.009653
         -0.033757       -0.015097        0.047134
         -0.021111       -0.035777        0.075804
         -0.008395       -0.030567        0.066817
          0.001686       -0.028000        0.022623
          0.010593       -0.040299       -0.019103
          0.019217       -0.041731       -0.031920
          0.022272       -0.012002       -0.028919
          0.012152        0.024272       -0.035008
         -0.007861        0.027354       -0.053293
         -0.019809       -0.001140       -0.071003
         -0.010207       -0.018778       -0.079621
          0.010157        0.001137       -0.076032
          0.019674        0.036517       -0.057007
          0.017596        0.047903       -0.023554
          0.023242        0.025207        0.016197
          0.041546       -0.009884        0.053444
          0.050954       -0.034971        0.082767
          0.033532       -0.043934        0.098376
         -0.000452       -0.040751        0.093780
         -0.027429       -0.033291        0.070309
         -0.036698       -0.031524        0.040864
         -0.032148       -0.039257        0.017357
         -0.018474       -0.046814       -0.000907
          0.001723       -0.040276       -0.014873
          0.020632       -0.018918       -0.010622
          0.026914        0.002951        0.020276
          0.018266        0.012836        0.051724
          0.005880        0.013285        0.046719
          0.000923        0.016377        0.008995
         -0.000653        0.029533       -0.024193
         -0.011871        0.048337       -0.040627
         -0.031739        0.059811       -0.063606
         -0.039805        0.053838       -0.098599
         -0.023266        0.037084       -0.112226
          0.001433        0.032695       -0.081273
          0.010112        0.054525       -0.031550
          0.004524        0.080497       -0.007489
          0.004867        0.068000       -0.018857
          0.016935        0.006350       -0.034165
          0.027642       -0.061585       -0.023085
          0.026616       -0.088368        0.006104
          0.014678       -0.078201        0.018867
         -0.001856       -0.067753        0.001781
         -0.012463       -0.064171       -0.017093
         -0.007383       -0.040887       -0.005097
          0.008795        0.007781        0.031199
          0.017789        0.049509        0.058046
          0.009380        0.058694        0.062356
         -0.005525        0.043532        0.063469
         -0.010426        0.020429        0.077587
         -0.005557       -0.007150        0.094483
         -0.005677       -0.034111        0.095369
         -0.017735       -0.044894        0.073902
         -0.031509       -0.032715        0.033259
         -0.034557       -0.010878       -0.018218
         -0.025859        0.003886       -0.060747
         -0.011054        0.006613       -0.071116
          0.005552       -0.000748       -0.047170
          0.019774       -0.014117       -0.010416
          0.026333       -0.023001        0.020658
          0.022869       -0.017564        0.042073
          0.011835       -0.006512        0.046712
         -0.001621       -0.011028        0.022152
         -0.011502       -0.031554       -0.023469
         -0.013031       -0.039267       -0.058682
         -0.006013       -0.015344       -0.064255
          0.004431        0.019368       -0.051187
          0.011753        0.033851       -0.036581
          0.012241        0.030981       -0.023106
          0.005951        0.037108       -0.008041
         -0.004047        0.055811        0.005927
         -0.012321        0.060695        0.013661
         -0.013926        0.038132        0.010892
         -0.009270        0.011431       -0.001985
         -0.004477        0.008088       -0.011398
         -0.004385        0.021740        0.002465
         -0.005665        0.026894        0.037098
          0.000827        0.019009        0.059031
          0.018209        0.015086        0.041810
          0.034904        0.018808        0.001615
          0.034689        0.011095       -0.026273
          0.017147       -0.019244       -0.036508
         -0.001685       -0.055047       -0.051596
         -0.010680       -0.070667       -0.074755
         -0.012093       -0.061310       -0.077663
         -0.008642       -0.043995       -0.044929
         -0.000342       -0.034846       -0.002662
          0.005596       -0.033254        0.017824
          0.001141       -0.028584        0.025228
         -0.007490       -0.016747        0.049270
         -0.009643       -0.005056        0.087902
         -0.009304       -0.001248        0.107216
         -0.014452       -0.002951        0.091114
         -0.016949       -0.001502        0.056481
         -0.006061        0.006680        0.019085
          0.007774        0.017811       -0.019208
          0.007077        0.028874       -0.047616
         -0.003341        0.040666       -0.048370
         -0.005234        0.050317       -0.027132
          0.001974        0.048368       -0.010961
          0.002721        0.029377       -0.013645
         -0.006504        0.001343       -0.027217
         -0.013232       -0.020152       -0.041728
         -0.010827       -0.023880       -0.049654
         -0.003374       -0.007769       -0.041304
          0.008140        0.019997       -0.018224
          0.023922        0.040376        0.002379
          0.033985        0.033232        0.013800
          0.028740       -0.003468        0.028301
          0.015075       -0.047371        0.042081
          0.004150       -0.069670        0.024425
         -0.006833       -0.057827       -0.030198
         -0.022733       -0.020220       -0.072882
         -0.032302        0.024680       -0.060620
         -0.021685        0.057407       -0.016390
          0.001921        0.061480        0.012003
          0.017416        0.032809        0.023748
          0.015791       -0.009291        0.048237
          0.005399       -0.031343        0.081083
         -0.004143       -0.016565        0.088722
         -0.010398        0.017293        0.063634
         -0.013204        0.037403        0.029754
         -0.011973        0.029063        0.000482
         -0.007144        0.003906       -0.030566
          0.000000       -0.019774       -0.060836
          0.005932       -0.035673       -0.073359
          0.004200       -0.048142       -0.061937
         -0.006618       -0.059707       -0.039451
         -0.016630       -0.065117       -0.018990
         -0.015000       -0.056531       -0.002913
         -0.003859       -0.031214        0.007491
          0.006620        0.005985        0.006014
          0.013505        0.043974       -0.006556
          0.021305        0.067807       -0.012349
          0.028313        0.065414        0.007037
          0.024631        0.038584        0.041177
          0.007676        0.006011        0.054372
         -0.010065       -0.010628        0.028576
         -0.015286       -0.005860       -0.013385
         -0.008800        0.006358       -0.039971
         -0.000295        0.009569       -0.048212
          0.004892        0.002185       -0.052737
          0.007331       -0.004912       -0.053851
          0.007636       -0.004122       -0.036447
          0.005151        0.003367        0.004144
         -0.000908        0.014976        0.047854
         -0.011230        0.027428        0.065306
         -0.022205        0.030391        0.047765
         -0.022823        0.013848        0.017019
         -0.006507       -0.015430       -0.001827
          0.013199       -0.037054       -0.009975
          0.013804       -0.038799       -0.022553
         -0.005640       -0.025236       -0.034978
         -0.022248       -0.006412       -0.024773
         -0.021988        0.009467        0.014425
         -0.014717        0.013272        0.061626
         -0.010415       -0.000314        0.092861
         -0.002991       -0.021561        0.101378
          0.011947       -0.030159        0.092897
          0.023914       -0.016189        0.073619
          0.023851        0.009650        0.046858
          0.016613        0.029162        0.016961
          0.008770        0.033651       -0.006256
          0.000544        0.025857       -0.011909
         -0.004790        0.011920       -0.004077
         -0.000086       -0.003678       -0.008165
          0.013594       -0.017126       -0.044730
          0.027208       -0.022793       -0.096709
          0.034606       -0.015535       -0.122989
          0.033281        0.001497       -0.107609
          0.021197        0.015318       -0.071939
          0.001961        0.015575       -0.035691
         -0.014598        0.005041        0.002878
         -0.023346       -0.007946        0.040795
         -0.028591       -0.019916        0.058279
         -0.034979       -0.027257        0.047227
         -0.039174       -0.021804        0.026304
         -0.032952       -0.004323        0.014722
         -0.013377        0.006853        0.009707
          0.011081       -0.004104       -0.000478
          0.026662       -0.027562       -0.015944
          0.026345       -0.039411       -0.027585
          0.013113       -0.030032       -0.032561
         -0.005437       -0.009237       -0.038499
         -0.020466        0.011363       -0.051306
         -0.024382        0.025896       -0.062770
         -0.016682        0.030278       -0.056327
         -0.004910        0.026639       -0.027006
          0.003002        0.026606        0.010565
          0.004346        0.036629        0.037452
          0.000448        0.046411        0.047271
         -0.005430        0.043228        0.045364
         -0.009714        0.029749        0.039833
         -0.011074        0.017726        0.036458
         -0.010465        0.011958        0.034413
         -0.007326        0.009021        0.026100
          0.002242        0.005719        0.009173
          0.019561        0.001903       -0.005001
          0.035117       -0.002301       -0.006728
          0.034130       -0.007772       -0.006895
          0.016507       -0.015150       -0.024168
          0.001478       -0.024117       -0.054539
          0.002530       -0.033470       -0.070330
          0.010046       -0.039216       -0.053433
          0.010817       -0.033951       -0.017017
          0.008565       -0.015732        0.011820
          0.010381        0.001402        0.022805
          0.010942       -0.002284        0.029331
          0.005827       -0.025575        0.047446
          0.002170       -0.041799        0.072435
          0.002115       -0.030022        0.081046
         -0.005218       -0.001664        0.062186
         -0.022067        0.013080        0.038048
         -0.030815       -0.000990        0.037750
         -0.018344       -0.030808        0.053823
          0.003190       -0.049863        0.049633
          0.012451       -0.040577        0.012024
          0.004389       -0.007301       -0.030591
         -0.009905        0.026386       -0.049052
         -0.018740        0.036615       -0.045875
         -0.018247        0.022140       -0.038501
         -0.012956        0.006467       -0.035308
         -0.010820        0.010675       -0.037469
         -0.012646        0.028041       -0.042531
         -0.010531        0.036084       -0.039144
         -0.002344        0.029173       -0.017520
          0.002132        0.022585        0.011663
         -0.002219        0.025011        0.025889
         -0.005487        0.027033        0.017981
         -0.000021        0.022165        0.000288
          0.004982        0.020622       -0.013849
          0.000393        0.031567       -0.018117
         -0.003200        0.044762       -0.007492
          0.009465        0.041447        0.019541
          0.031004        0.016742        0.051094
          0.037857       -0.015953        0.063336
          0.022515       -0.037699        0.037694
          0.003085       -0.037876       -0.020391
         -0.001979       -0.021434       -0.079648
          0.003945       -0.005289       -0.106171
          0.005056       -0.003818       -0.092431
         -0.002995       -0.017152       -0.058699
         -0.008132       -0.034844       -0.026163
         -0.000524       -0.047076        0.000921
          0.012364       -0.049212        0.024891
          0.015030       -0.041263        0.041119
          0.003022       -0.029716        0.044480
         -0.014643       -0.025471        0.041604
         -0.027849       -0.030557        0.045999
         -0.031087       -0.028991        0.061156
         -0.021255       -0.003059        0.073602
         -0.002049        0.039062        0.064690
          0.011683        0.065142        0.030309
          0.007847        0.056269       -0.011542
         -0.004485        0.031341       -0.037403
         -0.004690        0.021560       -0.042864
          0.010312        0.029044       -0.042054
          0.021478        0.030358       -0.043348
          0.014629        0.018391       -0.042203
         -0.001808        0.014098       -0.040519
         -0.010007        0.028719       -0.048709
         -0.004368        0.041508       -0.060313
          0.004147        0.031198       -0.052371
          0.003099        0.006061       -0.022603
         -0.004740       -0.016138        0.003109
         -0.005669       -0.036474        0.011800
          0.003410       -0.061336        0.019730
          0.009559       -0.077213        0.034784
          0.004075       -0.063107        0.036936
         -0.005413       -0.022705        0.014414
         -0.008665        0.013842       -0.010084
         -0.005364        0.021825       -0.009712
          0.000974        0.005681        0.012151
          0.008910       -0.011097        0.035454
          0.014361       -0.012083        0.051381
          0.011066       -0.001221        0.058493
         -0.000632        0.004145        0.049158
         -0.014264       -0.007733        0.021772
         -0.026398       -0.026762       -0.005851
         -0.035647       -0.028691       -0.016834
         -0.035366       -0.005873       -0.019192
         -0.020034        0.019522       -0.027809
          0.002835        0.023597       -0.032789
          0.019258        0.010370       -0.013297
          0.025036        0.000524        0.022126
          0.024229        0.001256        0.039601
          0.016601        0.001702        0.025985
          0.001393       -0.006266        0.003155
         -0.010712       -0.014536       -0.006988
         -0.006826       -0.009229       -0.005752
          0.008450        0.009360       -0.001997
          0.018918        0.023604        0.002489
          0.020120        0.017735        0.006059
          0.020006       -0.006066        0.004520
          0.019674       -0.034328        0.000506
          0.012400       -0.055215        0.001963
          0.000529       -0.058196        0.008910
         -0.005365       -0.033607        0.013311
         -0.004773        0.014395        0.013174
         -0.007674        0.062248        0.014993
         -0.015940        0.086223        0.018691
         -0.020814        0.082780        0.011352
         -0.019644        0.063707       -0.014773
         -0.018216        0.039754       -0.044182
         -0.015494        0.016303       -0.051281
         -0.004248       -0.002756       -0.031539
          0.010306       -0.013451       -0.006226
          0.010999       -0.011172        0.005579
         -0.005917        0.005167        0.005389
         -0.021461        0.023179        0.003320
         -0.017734        0.022753        0.003012
          0.000746        0.003189        0.003299
          0.017040       -0.010268        0.003336
          0.023697       -0.002829        0.001567
          0.025471        0.004369       -0.003984
          0.024926       -0.013592       -0.013209
          0.016477       -0.044236       -0.024862
         -0.001758       -0.053809       -0.036717
         -0.018519       -0.032946       -0.041644
         -0.020732       -0.002948       -0.030481
         -0.010224        0.014567       -0.006098
          0.000476        0.013799        0.011373
          0.005990       -0.001816        0.004425
          0.011327       -0.023178       -0.017723
          0.018367       -0.035936       -0.026309
          0.019463       -0.031923       -0.008714
          0.008628       -0.019124        0.013020
         -0.006372       -0.011419        0.010818
         -0.011286       -0.011200       -0.007133
         -0.005372       -0.009236       -0.001305
         -0.003592        0.001786        0.045995
         -0.013273        0.019663        0.101461
         -0.020815        0.035336        0.119246
         -0.011960        0.039436        0.091803
          0.005358        0.030417        0.043776
          0.011449        0.017854       -0.006454
          0.001873        0.012119       -0.051505
         -0.008585        0.011170       -0.075030
         -0.007532        0.005392       -0.061581
         -0.000051       -0.006186       -0.024984
          0.001447       -0.015303        0.000903
         -0.003953       -0.019003        0.001366
         -0.005147       -0.021714       -0.009691
          0.002974       -0.021974       -0.016939
          0.011500       -0.011756       -0.019283
          0.013306        0.005872       -0.018698
          0.014635        0.012276       -0.012076
          0.019351       -0.003672        0.001791
          0.015529       -0.027714        0.017149
         -0.004379       -0.036356        0.024758
         -0.023271       -0.023870        0.016942
         -0.021575       -0.002392       -0.005595
         -0.008354        0.018058       -0.028059
         -0.005930        0.036336       -0.031592
         -0.013750        0.049847       -0.015545
         -0.014184        0.050878       -0.000407
         -0.006032        0.037219       -0.000987
         -0.004034        0.018995       -0.007537
         -0.009573        0.008012       -0.003970
         -0.008434        0.002671        0.006504
          0.003755       -0.007885        0.008648
          0.015249       -0.024290       -0.000416
          0.016111       -0.033557       -0.010114
          0.007158       -0.028653       -0.013621
         -0.005546       -0.018378       -0.010533
         -0.014224       -0.012738        0.002200
         -0.012640       -0.011236        0.025170
         -0.003468       -0.009560        0.045274
          0.003546       -0.006100        0.046088
          0.005277       -0.000669        0.029328
          0.009264        0.002715        0.012375
          0.019763       -0.004554        0.005254
          0.028164       -0.021196        0.003535
          0.023433       -0.028283        0.002760
          0.006583       -0.012588        0.004255
         -0.010588        0.008249        0.005329
         -0.017843        0.004532       -0.000642
         -0.013965       -0.023213       -0.010729
         -0.004368       -0.043071       -0.013391
          0.005436       -0.034947       -0.007474
          0.013015       -0.011821       -0.006539
          0.015680        0.007604       -0.018050
          0.008371        0.023488       -0.030448
         -0.008691        0.041410       -0.028381
         -0.024011        0.055309       -0.011413
         -0.026143        0.058087        0.008320
         -0.016957        0.054283        0.018853
         -0.004209        0.048296        0.015347
          0.009513        0.031536        0.003437
          0.018812       -0.003195       -0.001596
          0.011682       -0.040265        0.011473
         -0.010414       -0.050624        0.033880
         -0.024640       -0.025573        0.043605
         -0.015538        0.010381        0.031506
          0.003019        0.026118        0.011629
          0.008929        0.014790       -0.000228
          0.001251       -0.007515       -0.009038
         -0.004741       -0.024088       -0.029958
         -0.001368       -0.028652       -0.059739
          0.005821       -0.021147       -0.074816
          0.011010       -0.004850       -0.061115
          0.014025        0.012730       -0.030986
          0.014381        0.024022       -0.004671
          0.011738        0.027568        0.010698
          0.012197        0.026686        0.017493
          0.020522        0.023424        0.018628
          0.027040        0.017327        0.020101
          0.018095        0.008732        0.028991
         -0.001820        0.000339        0.041452
         -0.014479       -0.003464        0.043136
         -0.013245        0.001342        0.026987
         -0.009566        0.012606        0.003064
         -0.013878        0.018071       -0.012042
         -0.021232        0.005708       -0.010247
         -0.019328       -0.019273        0.002839
         -0.004945       -0.037984        0.012202
          0.011917       -0.042484        0.005152
          0.017977       -0.044712       -0.014936
          0.008320       -0.055011       -0.029038
         -0.008796       -0.063676       -0.023488
         -0.017884       -0.052279       -0.007824
         -0.011496       -0.017595       -0.002893
          0.001982        0.020982       -0.013163
          0.010627        0.037967       -0.023245
          0.013059        0.027230       -0.023126
          0.014346        0.009168       -0.020426
          0.016383        0.007224       -0.019995
          0.017826        0.021267       -0.009694
          0.016292        0.033260        0.017317
          0.009998        0.034156        0.041233
          0.002452        0.031924        0.037975
         -0.001222        0.034971        0.013608
         -0.006080        0.040779       -0.004700
         -0.021310        0.042054       -0.005751
         -0.039862        0.034472       -0.002208
         -0.043279        0.017565       -0.005269
         -0.029013       -0.004122       -0.010731
         -0.012554       -0.020311       -0.011454
         -0.001982       -0.022995       -0.009224
          0.008278       -0.016496       -0.009887
          0.017744       -0.012996       -0.014706
          0.015621       -0.017486       -0.019770
          0.000943       -0.025002       -0.018722
         -0.011126       -0.032886       -0.004970
         -0.010215       -0.044548        0.021478
         -0.002898       -0.058647        0.046289
          0.003361       -0.066123        0.048077
          0.011987       -0.061640        0.020848
          0.023227       -0.047811       -0.013497
          0.025901       -0.026131       -0.021553
          0.016178        0.004469        0.009123
          0.008020        0.036788        0.054475
          0.011097        0.055302        0.075243
          0.013413        0.052370        0.055606
         -0.000028        0.034884        0.015606
         -0.023324        0.012391       -0.015129
         -0.037503       -0.009230       -0.025296
         -0.034244       -0.020756       -0.020638
         -0.020902       -0.012586       -0.009543
         -0.006732        0.010015        0.000148
          0.005367        0.028204       -0.000104
          0.013474        0.030758       -0.013608
          0.012771        0.022871       -0.034579
          0.002580        0.012109       -0.052353
         -0.008299       -0.001341       -0.054501
         -0.009969       -0.015755       -0.030979
         -0.002629       -0.020708        0.011448
          0.005288       -0.008002        0.043537
          0.007113        0.015076        0.041477
          0.002577        0.031418        0.019236
         -0.003728        0.031171        0.011838
         -0.005878        0.017332        0.025397
         -0.001756       -0.001674        0.027151
          0.005078       -0.016554       -0.008528
          0.010343       -0.018355       -0.064265
          0.011939       -0.006178       -0.099364
          0.007093        0.008280       -0.092032
         -0.005548        0.013302       -0.053870
         -0.019464        0.011037       -0.011717
         -0.024581        0.010268        0.016465
         -0.019301        0.010293        0.030421
         -0.010808        0.002248        0.037500
         -0.003529       -0.015052        0.038028
          0.005763       -0.028513        0.027571
          0.020129       -0.022123        0.013620
          0.034014        0.006177        0.015200
          0.036451        0.038656        0.036257
          0.024658        0.050218        0.053403
          0.010746        0.030798        0.045081
          0.007453       -0.003876        0.020996
          0.009789       -0.027885        0.005172
          0.003043       -0.031456        0.001553
         -0.011599       -0.024904       -0.002211
         -0.016163       -0.017291       -0.007135
         -0.004620       -0.005719       -0.004912
          0.005886        0.009122       -0.001982
          0.001838        0.015101       -0.014259
         -0.006132        0.008445       -0.037425
         -0.003411        0.003840       -0.047017
          0.003390        0.009224       -0.032284
         -0.000831        0.008345       -0.010835
         -0.014013       -0.012621       -0.005149
         -0.023085       -0.038117       -0.018324
         -0.025677       -0.044088       -0.035901
         -0.026554       -0.031200       -0.042605
         -0.021087       -0.016856       -0.036117
         -0.001737       -0.007074       -0.026972
          0.023597        0.004254       -0.022225
          0.036071        0.017205       -0.013442
          0.028315        0.022662        0.007820
          0.012264        0.013764        0.028084
          0.003290       -0.005763        0.026065
          0.002187       -0.021308        0.008781
         -0.002557       -0.017443        0.008389
         -0.015108        0.004193        0.035072
         -0.022855        0.021407        0.058536
         -0.013482        0.015651        0.051499
          0.005560       -0.004467        0.028960
          0.016376       -0.014442        0.023925
          0.014756       -0.005466        0.041500
          0.010751        0.007350        0.059255
          0.008001        0.009083        0.061352
         -0.000495        0.005106        0.050198
         -0.015082        0.009872        0.029615
         -0.024521        0.023318       -0.002151
         -0.021701        0.029581       -0.038197
         -0.011063        0.018614       -0.057579
          0.001295       -0.001252       -0.046873
          0.013144       -0.016064       -0.020350
          0.021148       -0.022222       -0.005426
          0.020616       -0.022971       -0.011563
          0.011689       -0.018360       -0.025425
          0.000312       -0.008951       -0.031464
         -0.006627       -0.001766       -0.025238
         -0.004939       -0.001132       -0.012725
          0.004847        0.000160       -0.007121
          0.016199        0.010369       -0.018930
          0.019696        0.025672       -0.040725
          0.010876        0.036301       -0.049615
         -0.004908        0.039173       -0.031625
         -0.017514        0.036322        0.003396
         -0.021786        0.027049        0.035015
         -0.019926        0.009624        0.051220
         -0.015187       -0.012994        0.049355
         -0.007750       -0.034365        0.029877
          0.002748       -0.048157        0.001288
          0.014003       -0.048253       -0.016486
          0.020736       -0.032299       -0.009823
          0.017549       -0.010049        0.009232
          0.005090       -0.000490        0.015656
         -0.007328       -0.012057        0.002179
         -0.010560       -0.030496       -0.016651
         -0.006536       -0.035007       -0.027966
         -0.004473       -0.022398       -0.030630
         -0.007131       -0.006141       -0.023293
         -0.007859        0.004647       -0.002223
         -0.001890        0.013756        0.025710
          0.006450        0.026078        0.043746
          0.010865        0.038649        0.042525
          0.011635        0.046893        0.026647
          0.012058        0.052463        0.005592
          0.010591        0.060132       -0.012672
          0.002593        0.068800       -0.022542
         -0.011724        0.068578       -0.022965
         -0.024688        0.049346       -0.016865
         -0.026471        0.013118       -0.007375
         -0.015252       -0.025330        0.000943
         -0.003363       -0.052015        0.000941
         -0.005296       -0.063992       -0.007830
         -0.016302       -0.064854       -0.011864
         -0.016111       -0.056244        0.002541
          0.000052       -0.038297        0.027983
          0.011200       -0.016111        0.040616
          0.001419       -0.001722        0.030375
         -0.015990       -0.006460        0.013690
         -0.018942       -0.028840        0.006230
         -0.007148       -0.051283       -0.003235
          0.003389       -0.053774       -0.032316
          0.006086       -0.033459       -0.066909
          0.007531       -0.007956       -0.070198
          0.011893        0.004426       -0.032291
          0.016633        0.005807        0.012604
          0.020195        0.013725        0.027628
          0.022586        0.034055        0.015021
          0.021875        0.048119        0.005765
          0.018114        0.034998        0.018460
          0.015626        0.001344        0.040566
          0.015518       -0.022273        0.047986
          0.012699       -0.014926        0.034066
          0.005220        0.014181        0.014485
         -0.001481        0.040910        0.004524
         -0.004252        0.052321       -0.002148
         -0.007510        0.050859       -0.023511
         -0.014019        0.039742       -0.059735
         -0.018592        0.016630       -0.088173
         -0.016266       -0.016331       -0.091881
         -0.010304       -0.044951       -0.077194
         -0.006843       -0.052637       -0.056609
         -0.005959       -0.037665       -0.031699
         -0.002784       -0.017102       -0.001961
          0.004905       -0.009878        0.024775
          0.013704       -0.016522        0.040779
          0.017478       -0.020412        0.048170
          0.011323       -0.009300        0.054799
         -0.004092        0.011552        0.065352
         -0.019593        0.029714        0.076122
         -0.022992        0.040370        0.075302
         -0.011280        0.045807        0.054163
          0.005741        0.047740        0.021934
          0.016410        0.046517        0.000500
          0.017427        0.042482       -0.001172
          0.011197        0.033071        0.003029
          0.000093        0.014760       -0.002263
         -0.011976       -0.007371       -0.014679
         -0.018643       -0.020051       -0.023461
         -0.016889       -0.017874       -0.025519
         -0.008995       -0.010355       -0.022878
          0.003226       -0.006912       -0.014032
          0.019300       -0.005637        0.002523
          0.033918       -0.004187        0.021430
          0.037477       -0.008643        0.033290
          0.025438       -0.021311        0.031329
          0.003611       -0.031613        0.014196
         -0.016656       -0.030029       -0.012124
         -0.027434       -0.021480       -0.034373
         -0.028599       -0.015526       -0.041943
         -0.023441       -0.011962       -0.039415
         -0.012665       -0.005779       -0.039805
          0.002596       -0.000229       -0.041529
          0.014468       -0.004015       -0.026626
          0.013922       -0.016149        0.008317
          0.003412       -0.023352        0.037072
         -0.004543       -0.016189        0.037358
         -0.003364       -0.000952        0.023348
          0.000957        0.008677        0.021128
          0.001361        0.006082        0.025121
         -0.000642       -0.004927        0.008166
         -0.000856       -0.014376       -0.030886
         -0.001137       -0.011663       -0.060152
         -0.006624        0.005304       -0.058343
         -0.016755        0.024175       -0.038835
         -0.023672        0.029081       -0.021764
         -0.020614        0.019556       -0.005915
         -0.009745        0.010962        0.016821
          0.000322        0.014270        0.037158
          0.004118        0.023302        0.038098
          0.004169        0.024232        0.021175
          0.005073        0.010827        0.006363
          0.005344       -0.011094        0.006459
          0.000906       -0.028604        0.014102
         -0.003719       -0.031173        0.017600
          0.001551       -0.019454        0.017881
          0.014456       -0.003296        0.021057
          0.019236        0.009025        0.024504
          0.010204        0.014423        0.022888
          0.000657        0.010656        0.019351
         -0.000204       -0.001322        0.017107
         -0.000720       -0.011964        0.008389
         -0.006398       -0.011336       -0.013771
         -0.006230       -0.002862       -0.039931
          0.006252        0.000843       -0.054114
          0.016533       -0.004175       -0.053405
          0.010159       -0.008906       -0.046291
         -0.004315       -0.005486       -0.037787
         -0.009179        0.003929       -0.026268
         -0.002431        0.014970       -0.009412
          0.005271        0.027524        0.013257
          0.007699        0.037910        0.036963
          0.004351        0.033903        0.048281
         -0.005846        0.008976        0.035870
         -0.020791       -0.023305        0.007551
         -0.031669       -0.041071       -0.014143
         -0.030613       -0.038478       -0.015851
         -0.017678       -0.027924       -0.003150
          0.001757       -0.020263        0.013376
          0.020853       -0.014309        0.029665
          0.032210       -0.005949        0.043166
          0.031120        0.002885        0.047064
          0.019744        0.007479        0.035556
          0.005261        0.007090        0.010903
         -0.005776        0.005216       -0.017182
         -0.009370        0.003715       -0.036941
         -0.003351       -0.000758       -0.040162
          0.010483       -0.010491       -0.026650
          0.024617       -0.018457       -0.004208
          0.030944       -0.014866        0.017614
          0.027558       -0.003216        0.033115
          0.017461        0.001316        0.039383
          0.003298       -0.005345        0.034342
         -0.012088       -0.006437        0.019842
         -0.023378        0.012672        0.003010
         -0.026481        0.040134       -0.009845
         -0.022056        0.049628       -0.018582
         -0.012887        0.034244       -0.026815
         -0.002174        0.015369       -0.037463
          0.004237        0.014936       -0.050736
          0.000438        0.028571       -0.062065
         -0.011410        0.032801       -0.062719
         -0.020261        0.014673       -0.047609
         -0.018016       -0.012576       -0.022671
         -0.009751       -0.024168       -0.001114
         -0.006942       -0.010140        0.007296
         -0.011483        0.015276        0.002014
         -0.013318        0.029106       -0.009477
         -0.005534        0.022321       -0.015192
          0.005059        0.006660       -0.006364
          0.006619       -0.000620        0.011366
         -0.001998        0.003040        0.020167
         -0.008307        0.004251        0.013327
         -0.000106       -0.005785        0.008799
          0.018549       -0.016019        0.024699
          0.029619       -0.010628        0.049401
          0.022651        0.003110        0.056718
          0.008298       -0.002404        0.045070
          0.003372       -0.038459        0.036433
          0.008930       -0.079897        0.037675
          0.013535       -0.092377        0.030499
          0.012090       -0.070659        0.005016
          0.008034       -0.038292       -0.021875
          0.001206       -0.015421       -0.031038
         -0.010947       -0.000608       -0.024083
         -0.021669        0.015626       -0.013063
         -0.019827        0.032968       -0.004291
         -0.006934        0.044158       -0.000242
          0.003962        0.046897       -0.003235
          0.006049        0.043225       -0.011036
          0.003895        0.031783       -0.019163
          0.002972        0.011489       -0.027556
          0.004295       -0.008705       -0.034291
          0.006367       -0.015522       -0.028487
          0.005322       -0.008896       -0.004219
         -0.001953       -0.002519        0.024202
         -0.011715       -0.003103        0.035143
         -0.017655       -0.001523        0.022950
         -0.020417        0.008917       -0.000927
         -0.022991        0.018997       -0.021746
         -0.020062        0.018829       -0.029501
         -0.004654        0.013754       -0.023395
          0.016654        0.011862       -0.013257
          0.027667        0.007333       -0.007399
          0.022453       -0.008572       -0.000277
          0.011611       -0.029453        0.015668
          0.006837       -0.041521        0.030563
          0.007847       -0.041448        0.025905
          0.008365       -0.034138        0.000660
          0.006921       -0.021501       -0.025909
          0.005385       -0.004984       -0.036022
          0.002984        0.008974       -0.027878
         -0.001271        0.015835       -0.012382
         -0.004125        0.018087       -0.002777
         -0.001538        0.017976       -0.001336
          0.005139        0.015087        0.006878
          0.008611        0.014800        0.035303
          0.001394        0.025090        0.068671
         -0.015183        0.038898        0.072498
         -0.028140        0.034949        0.036668
         -0.025673        0.005883       -0.008539
         -0.012028       -0.026503       -0.028955
         -0.000718       -0.034527       -0.021905
          0.004138       -0.014606       -0.005116
          0.008383        0.014524        0.012644
          0.013508        0.035484        0.034771
          0.013398        0.043852        0.059035
          0.003087        0.040598        0.070594
         -0.015422        0.025143        0.055967
         -0.031976       -0.000266        0.020461
         -0.032526       -0.025808       -0.013783
         -0.013316       -0.039321       -0.029608
          0.010331       -0.035368       -0.029332
          0.020056       -0.018431       -0.024485
          0.016636       -0.000090       -0.020570
          0.013942        0.007331       -0.018744
          0.015339       -0.000953       -0.022310
          0.012254       -0.019061       -0.031463
          0.003980       -0.036969       -0.038994
          0.001426       -0.047224       -0.040205
          0.009146       -0.044178       -0.040060
          0.017992       -0.024837       -0.042705
          0.019380        0.004284       -0.042219
          0.015653        0.029112       -0.032282
          0.011330        0.042245       -0.016941
          0.003341        0.047151       -0.003891
         -0.011861        0.045035        0.004922
         -0.027118        0.030015        0.009689
         -0.030827        0.003818        0.008520
         -0.022748       -0.017263        0.001979
         -0.013933       -0.019991       -0.006637
         -0.011336       -0.010430       -0.018002
         -0.011503       -0.003174       -0.033297
         -0.009447       -0.000640       -0.042100
         -0.005350        0.006355       -0.026963
         -0.001330        0.019804        0.013476
          0.002205        0.027427        0.056151
          0.004889        0.017852        0.076248
          0.004380       -0.004498        0.071344
         -0.000966       -0.025217        0.056621
         -0.007296       -0.036010        0.044270
         -0.006583       -0.038728        0.036153
          0.004174       -0.035963        0.028929
          0.017644       -0.025699        0.016369
          0.023976       -0.008455       -0.005916
          0.021552        0.005770       -0.028979
          0.015554        0.005789       -0.034494
          0.008220       -0.004743       -0.020650
         -0.002693       -0.007520       -0.010217
         -0.014631        0.008741       -0.019565
         -0.016959        0.032007       -0.034526
         -0.003725        0.039726       -0.032971
          0.014197        0.026006       -0.016931
          0.018935        0.007610       -0.003406
          0.007259        0.001113        0.004997
         -0.006692        0.003616        0.018532
         -0.011339        0.003342        0.035588
         -0.010620        0.000117        0.040986
         -0.013602        0.001286        0.028851
         -0.019773        0.002478        0.010344
         -0.021262       -0.009771       -0.001747
         -0.015198       -0.035304       -0.002562
         -0.006480       -0.056062        0.007978
          0.001601       -0.058225        0.023517
          0.012176       -0.046791        0.029622
          0.026219       -0.034691        0.018206
          0.035159       -0.027250        0.001441
          0.029353       -0.021899       -0.001306
          0.011244       -0.016128        0.010596
         -0.006526       -0.009223        0.016739
         -0.014743        0.001756        0.000702
         -0.014573        0.021069       -0.030131
         -0.012528        0.046549       -0.053346
         -0.012487        0.066639       -0.054929
         -0.012390        0.070015       -0.038765
         -0.008088        0.057918       -0.017500
         -0.000738        0.043760       -0.002132
          0.002807        0.039667        0.002782
         -0.000373        0.044959        0.002853
         -0.003849        0.048560        0.009424
         -0.001016        0.040856        0.022747
          0.004092        0.021611        0.025641
          0.002152       -0.001541        0.004959
         -0.006094       -0.019282       -0.026294
         -0.008263       -0.026807       -0.041209
          0.002208       -0.027192       -0.031231
          0.015539       -0.027715       -0.013820
          0.019899       -0.031443       -0.006630
          0.017683       -0.035724       -0.006358
          0.017303       -0.039727        0.000033
          0.016916       -0.046496        0.012738
          0.009078       -0.054191        0.018699
         -0.003385       -0.052965        0.010056
         -0.008142       -0.036118       -0.005935
          0.000954       -0.008976       -0.014894
          0.016488        0.017706       -0.009114
          0.025834        0.038104        0.004927
          0.022334        0.051051        0.012220
          0.007805        0.054378        0.006090
         -0.011459        0.045674       -0.003762
         -0.027282        0.028149       -0.006677
         -0.030887        0.011931       -0.006282
         -0.018595        0.007745       -0.008402
          0.001976        0.018483       -0.005694
          0.016372        0.035214        0.007128
          0.016628        0.042362        0.015235
          0.007215        0.031793        0.004171
         -0.003528        0.013101       -0.012224
         -0.013174        0.003786       -0.010017
         -0.022210        0.006750        0.006342
         -0.026062        0.005570        0.010341
         -0.019477       -0.013166       -0.005321
         -0.008016       -0.041372       -0.020071
         -0.004456       -0.060148       -0.019492
         -0.011783       -0.061738       -0.013318
         -0.018938       -0.053023       -0.012161
         -0.015286       -0.041927       -0.007450
         -0.002152       -0.028428        0.011407
          0.010788       -0.009469        0.033852
          0.015819        0.011253        0.040283
          0.013986        0.022137        0.030910
          0.013072        0.014759        0.022998
          0.017645       -0.005283        0.021548
          0.022594       -0.021862        0.014960
          0.019062       -0.022074        0.001443
          0.004539       -0.005971       -0.004208
         -0.015224        0.013238        0.005473
         -0.030980        0.018642        0.022489
         -0.034223        0.005884        0.041654
         -0.021963       -0.010726        0.063391
         -0.002555       -0.015379        0.076314
          0.008435       -0.009709        0.061934
          0.005465       -0.005735        0.022239
          0.000491       -0.007560       -0.018140
          0.004927       -0.011899       -0.042538
          0.012541       -0.018000       -0.056875
          0.011357       -0.023283       -0.069143
          0.003313       -0.017882       -0.073152
         -0.000407        0.001744       -0.061624
          0.004146        0.021403       -0.040781
          0.011865        0.025072       -0.021483
          0.016348        0.015234       -0.005844
          0.013564        0.005722        0.008673
          0.004312        0.002135        0.020329
         -0.004963        0.000666        0.026450
         -0.009558       -0.000590        0.028986
         -0.012530        0.000190        0.029301
         -0.017343        0.003685        0.022547
         -0.019695        0.010322        0.004419
         -0.014282        0.021908       -0.018597
         -0.004935        0.037137       -0.031999
          0.000127        0.049800       -0.028834
          0.000769        0.054947       -0.019348
          0.005263        0.051925       -0.018669
          0.017251        0.039700       -0.025546
          0.028028        0.017175       -0.025073
          0.026496       -0.008536       -0.015235
          0.014300       -0.022945       -0.012865
          0.004412       -0.019101       -0.024069
          0.004553       -0.005558       -0.028821
          0.008920        0.004608       -0.010450
          0.007828        0.006813        0.016683
         -0.000677        0.003799        0.027204
         -0.011471       -0.002207        0.020513
         -0.020287       -0.011541        0.018291
         -0.026824       -0.024328        0.031441
         -0.030516       -0.038424        0.045851
         -0.028034       -0.048355        0.043500
         -0.018165       -0.045876        0.025604
         -0.005102       -0.026178        0.006519
          0.006904        0.002762       -0.007526
          0.017109        0.021507       -0.020632
          0.023625        0.017316       -0.030638
          0.022817       -0.001255       -0.025533
          0.016121       -0.016121       -0.001209
          0.009418       -0.021979        0.028281
          0.004917       -0.024485        0.045845
          0.001710       -0.020760        0.049383
          0.002079       -0.001477        0.045577
          0.008171        0.025468        0.031957
          0.014731        0.034721        0.000378
          0.013018        0.016580       -0.041894
          0.001107       -0.006960       -0.071910
         -0.013761       -0.011512       -0.077068
         -0.022342       -0.000809       -0.066510
         -0.021554        0.006020       -0.052180
         -0.015983        0.004185       -0.034556
         -0.011286        0.003169       -0.012156
         -0.007604        0.006066        0.010071
         -0.001675        0.006309        0.026782
          0.006675        0.000869        0.035667
          0.013758       -0.006467        0.034884
          0.016004       -0.012372        0.026841
          0.012008       -0.015899        0.020420
          0.002725       -0.016669        0.020046
         -0.008160       -0.016358        0.018943
         -0.015622       -0.016472        0.011684
         -0.016459       -0.012300        0.004969
         -0.011244        0.001599        0.007532
         -0.004145        0.017973        0.017575
         -0.000312        0.021878        0.027089
         -0.000744        0.012557        0.030587
          0.000018        0.005838        0.024759
          0.007735        0.009902        0.008704
          0.019767        0.013642       -0.010254
          0.026206        0.005929       -0.019340
          0.020916       -0.006490       -0.014862
          0.008351       -0.008786       -0.007861
         -0.002292        0.002122       -0.009969
         -0.006474        0.014768       -0.019107
         -0.005693        0.017087       -0.025330
         -0.003475        0.008273       -0.026173
         -0.003577       -0.003450       -0.028488
         -0.008638       -0.011260       -0.037166
         -0.016657       -0.013575       -0.048507
         -0.021692       -0.009151       -0.053449
         -0.020882        0.003159       -0.043156
         -0.017701        0.016930       -0.014781
         -0.016258        0.019186        0.023485
         -0.015322        0.004737        0.055498
         -0.009907       -0.016597        0.068549
          0.001760       -0.031693        0.061053
          0.014117       -0.036793        0.040679
          0.020269       -0.034235        0.018595
          0.022221       -0.024155        0.003420
          0.027862       -0.006529       -0.004321
          0.035566        0.013795       -0.011222
          0.032273        0.031393       -0.020898
          0.012480        0.044962       -0.026676
         -0.010541        0.050655       -0.019884
         -0.019680        0.037942       -0.004155
         -0.013728        0.004614        0.007320
         -0.005754       -0.028862        0.010128
         -0.005476       -0.036455        0.012933
         -0.009635       -0.018408        0.019625
         -0.009965        0.000545        0.020939
         -0.004991        0.007055        0.011010
         -0.000057        0.013972       -0.001516
          0.001209        0.032289       -0.007376
          0.000185        0.048876       -0.008332
         -0.001493        0.046424       -0.006876
         -0.005159        0.030067        0.001354
         -0.011513        0.017863        0.015226
         -0.016081        0.014995        0.021802
         -0.011892        0.012763        0.013754
          0.001846        0.007142        0.001903
          0.016253        0.003704       -0.001313
          0.021446        0.004156       -0.001121
          0.017421       -0.000435       -0.010128
          0.012232       -0.016953       -0.026122
          0.009891       -0.036757       -0.034357
          0.005476       -0.043970       -0.028404
         -0.005390       -0.035604       -0.015660
         -0.016790       -0.023206       -0.003863
         -0.017893       -0.015110        0.005360
         -0.006641       -0.009780        0.009946
          0.007809       -0.007066        0.006872
          0.015736       -0.011457       -0.000605
          0.014139       -0.021891       -0.005839
          0.005450       -0.030498       -0.008599
         -0.003588       -0.032192       -0.011290
         -0.004269       -0.026132       -0.008893
          0.004697       -0.011753        0.003895
          0.013248        0.005990        0.019706
          0.012976        0.013084        0.026725
          0.008891        0.000284        0.024237
          0.008947       -0.022687        0.016610
          0.007986       -0.035549        0.000440
         -0.004751       -0.027096       -0.026675
         -0.024563       -0.001679       -0.051965
         -0.032196        0.027650       -0.057074
         -0.018186        0.046666       -0.037405
          0.005614        0.046329       -0.002991
          0.021878        0.028593        0.031767
          0.024011        0.005361        0.051960
          0.013809       -0.010327        0.047997
         -0.004379       -0.011982        0.027426
         -0.021682       -0.001347        0.010301
         -0.027472        0.013606        0.005269
         -0.020919        0.024198        0.002428
         -0.013252        0.028577       -0.004706
         -0.013219        0.031170       -0.007315
         -0.015522        0.031648       -0.000288
         -0.009504        0.022122        0.004499
          0.004403        0.002243       -0.003155
          0.014639       -0.013195       -0.013777
          0.014055       -0.012960       -0.013007
          0.007254       -0.005874       -0.004548
          0.001726       -0.006278       -0.003708
          0.000100       -0.013013       -0.012787
          0.002339       -0.015605       -0.017327
          0.007189       -0.012378       -0.007976
          0.010617       -0.010011        0.006602
          0.010294       -0.011566        0.014285
          0.010127       -0.015286        0.015921
          0.013009       -0.021122        0.017736
          0.013777       -0.029686        0.015975
          0.007570       -0.035583        0.001547
         -0.001778       -0.028464       -0.023369
         -0.009997       -0.003999       -0.042972
         -0.019529        0.027961       -0.041653
         -0.029496        0.049518       -0.017235
         -0.029859        0.050388        0.016469
         -0.016244        0.035813        0.040344
         -0.000414        0.017462        0.047568
          0.004342       -0.000517        0.047515
         -0.000391       -0.021030        0.047913
         -0.004714       -0.040727        0.042171
         -0.004899       -0.046674        0.022731
         -0.003216       -0.032190       -0.004323
          0.000238       -0.009020       -0.028868
          0.007510        0.005066       -0.048418
          0.016609        0.007198       -0.058405
          0.020979        0.008732       -0.045950
          0.016505        0.015410       -0.009289
          0.006925        0.018858        0.028516
          0.000147        0.010404        0.041269
         -0.000357       -0.005466        0.027501
          0.002061       -0.016083        0.005131
          0.004205       -0.013757       -0.013445
          0.008170       -0.001426       -0.028908
          0.015178        0.010788       -0.042642
          0.018748        0.014390       -0.048084
          0.012419        0.010687       -0.035652
          0.001013        0.007668       -0.002682
         -0.006229        0.007464        0.040446
         -0.010095        0.004056        0.073374
         -0.016573       -0.003681        0.079237
         -0.021784       -0.005878        0.056973
         -0.016652        0.005465        0.017792
         -0.004271        0.024413       -0.027039
          0.002278        0.037278       -0.067158
         -0.000984        0.036074       -0.087506
         -0.005187        0.022403       -0.077924
         -0.004145        0.003036       -0.048832
         -0.001734       -0.014040       -0.022027
         -0.002924       -0.022247       -0.005761
         -0.007479       -0.019743        0.005711
         -0.012904       -0.010562        0.011967
         -0.015724       -0.000824        0.006443
         -0.011681        0.006648       -0.005791
         -0.001332        0.013692       -0.011089
          0.008254        0.022414       -0.007050
          0.012455        0.029579       -0.002026
          0.014346        0.027915        0.002551
          0.017321        0.014875        0.014042
          0.018989       -0.003084        0.034448
          0.016005       -0.017479        0.054647
          0.009971       -0.025434        0.061393
          0.005455       -0.028562        0.046898
          0.004518       -0.029072        0.016430
          0.005168       -0.028792       -0.013410
          0.004835       -0.028156       -0.029866
          0.003592       -0.025911       -0.034455
          0.002356       -0.022091       -0.032423
         -0.000099       -0.018533       -0.020491
         -0.004994       -0.014474        0.003740
         -0.009937       -0.006241        0.027946
         -0.010878        0.006489        0.034979
         -0.006306        0.018596        0.023936
          0.002500        0.024922        0.010018
          0.012481        0.023666        0.005065
          0.018308        0.014770        0.008185
          0.015098        0.000207        0.014524
          0.004127       -0.013524        0.022290
         -0.007790       -0.018119        0.028261
         -0.015884       -0.011171        0.025383
         -0.020303        0.001087        0.010600
         -0.021305        0.010893       -0.009516
         -0.017185        0.017373       -0.024847
         -0.008074        0.024137       -0.030551
          0.002343        0.028503       -0.028810
          0.009318        0.020249       -0.025180
          0.009218       -0.002864       -0.022713
          0.001652       -0.024191       -0.016976
         -0.008305       -0.024185       -0.000815
         -0.013503       -0.007000        0.022220
         -0.012350        0.001351        0.036382
         -0.009492       -0.013606        0.032061
         -0.008592       -0.034528        0.017630
         -0.009392       -0.034738        0.006213
         -0.011121       -0.012281        0.000532
         -0.012075        0.011256       -0.001413
         -0.006582        0.020936        0.002842
          0.009089        0.022278        0.013311
          0.026995        0.023913        0.020446
          0.033010        0.021377        0.015592
          0.024878        0.007627        0.004015
          0.015493       -0.008387       -0.001110
          0.014032       -0.007711        0.003254
          0.013685        0.012489        0.004958
          0.004710        0.031006       -0.007913
         -0.009040        0.027991       -0.032696
         -0.015092        0.008975       -0.058054
         -0.008997       -0.006121       -0.077396
          0.001202       -0.010340       -0.088895
          0.005419       -0.013784       -0.088613
          0.001457       -0.023931       -0.072132
         -0.005860       -0.033700       -0.040208
         -0.011622       -0.030726       -0.000608
         -0.014273       -0.012956        0.031557
         -0.014620        0.006497        0.039705
         -0.014562        0.010573        0.021797
         -0.014466       -0.003424       -0.003231
         -0.009937       -0.019768       -0.014054
          0.003469       -0.023163       -0.006764
          0.020122       -0.016225        0.010867
          0.027223       -0.010535        0.034835
          0.021530       -0.006603        0.063717
          0.013623        0.005658        0.089525
          0.010921        0.029052        0.100485
          0.007219        0.052300        0.090249
         -0.004196        0.061515        0.060362
         -0.017078        0.052232        0.018748
         -0.021020        0.031153       -0.021626
         -0.016629        0.010847       -0.048459
         -0.012190        0.000749       -0.057353
         -0.009831       -0.001307       -0.050365
         -0.005294       -0.006660       -0.029747
          0.000702       -0.020522       -0.000425
          0.001299       -0.031878        0.023332
         -0.005563       -0.025905        0.025362
         -0.012925       -0.006284        0.005805
         -0.012707        0.003984       -0.016302
         -0.002847       -0.011004       -0.023822
          0.012305       -0.039026       -0.019882
          0.023922       -0.051697       -0.021109
          0.023192       -0.034714       -0.035638
          0.009485       -0.001183       -0.051910
         -0.006446        0.023681       -0.050022
         -0.011186        0.027332       -0.023750
         -0.000673        0.019257        0.010368
          0.017807        0.017480        0.028533
          0.033467        0.027726        0.023435
          0.039148        0.038343        0.008286
          0.033120        0.035210       -0.002229
          0.019498        0.017338       -0.007233
          0.006815       -0.003960       -0.012696
          0.000099       -0.017313       -0.017655
         -0.005734       -0.019452       -0.015488
         -0.017254       -0.014059       -0.004918
         -0.028620       -0.007017        0.007633
         -0.027867       -0.002437        0.015913
         -0.017117        0.000222        0.020434
         -0.012402        0.005437        0.027392
         -0.020659        0.014937        0.040748
         -0.030283        0.022142        0.054885
         -0.028433        0.018266        0.059037
         -0.016733        0.004140        0.049983
         -0.005353       -0.010729        0.033264
          0.001029       -0.021378        0.011556
          0.006120       -0.030532       -0.015823
          0.012880       -0.036986       -0.039475
          0.016279       -0.032648       -0.041710
          0.009633       -0.016472       -0.017983
         -0.003070       -0.001248        0.016372
         -0.008699        0.000503        0.043714
         -0.001231       -0.009253        0.054793
          0.010711       -0.019622        0.043781
          0.015980       -0.024955        0.012419
          0.013739       -0.026804       -0.020009
          0.010077       -0.024803       -0.030493
          0.007796       -0.014172       -0.019511
          0.004831        0.004879       -0.010130
         -0.000562        0.021620       -0.018877
         -0.007397        0.025113       -0.039102
         -0.012467        0.017611       -0.053458
         -0.010686        0.011503       -0.053130
          0.000882        0.014069       -0.041675
          0.015906        0.021481       -0.025110
          0.021210        0.027377       -0.005513
          0.011039        0.029482        0.012548
         -0.005871        0.025779        0.017456
         -0.016656        0.013031        0.003631
         -0.016370       -0.004727       -0.015152
         -0.008462       -0.013502       -0.018777
          0.000112       -0.004346       -0.005373
          0.003479        0.012756        0.008960
          0.001897        0.019274        0.012226
          0.001148        0.010243        0.006075
          0.003712       -0.003270       -0.003923
          0.005421       -0.012042       -0.014523
          0.004469       -0.017643       -0.021500
          0.006262       -0.022225       -0.020383
          0.013512       -0.021498       -0.011340
          0.018617       -0.014223        0.002718
          0.013530       -0.009516        0.020446
          0.001970       -0.015397        0.037797
         -0.006460       -0.024836        0.044351
         -0.010490       -0.023052        0.034908
         -0.015787       -0.007250        0.021634
         -0.020710        0.009809        0.021101
         -0.015485        0.016278        0.030393
          0.000145        0.013300        0.031084
          0.010031        0.009290        0.017149
          0.002053        0.009376        0.002578
         -0.013524        0.013971       -0.001229
         -0.018778        0.023405        0.000432
         -0.013778        0.038311       -0.001663
         -0.011616        0.053316       -0.008244
         -0.013130        0.054355       -0.016865
         -0.006349        0.030841       -0.026458
          0.008703       -0.007615       -0.031543
          0.015018       -0.036211       -0.024879
          0.004639       -0.042031       -0.011496
         -0.007613       -0.036883       -0.006891
         -0.005859       -0.036408       -0.014852
          0.005113       -0.037048       -0.021281
          0.010459       -0.025471       -0.018050
          0.007343       -0.003420       -0.016712
          0.005456        0.012302       -0.026086
          0.010894        0.013987       -0.032064
          0.018070        0.012592       -0.017251
          0.017313        0.018719        0.010646
          0.007190        0.026260        0.028553
         -0.002993        0.023119        0.029084
         -0.004689        0.009419        0.024558
         -0.000590       -0.004015        0.023576
          0.002119       -0.009285        0.019972
          0.004618       -0.006036        0.007522
          0.012548        0.001720       -0.005974
          0.021618        0.007069       -0.006688
          0.019474        0.004557        0.006501
          0.003958       -0.002388        0.018377
         -0.011158       -0.005036        0.015241
         -0.013218       -0.002234        0.000832
         -0.005206       -0.001350       -0.012241
          0.002421       -0.005927       -0.021260
          0.006972       -0.011682       -0.031055
          0.011849       -0.014613       -0.036049
          0.014332       -0.014471       -0.021862
          0.006699       -0.010861        0.011631
         -0.009570       -0.002980        0.043200
         -0.021538        0.007324        0.052503
         -0.021655        0.015947        0.040152
         -0.018378        0.018480        0.020507
         -0.022872        0.011820        0.003006
         -0.031768       -0.002025       -0.011092
         -0.032698       -0.014791       -0.018478
         -0.023115       -0.019607       -0.012685
         -0.012444       -0.018083        0.003947
         -0.006323       -0.015532        0.016969
         -0.000393       -0.012863        0.015642
          0.008641       -0.008317        0.007115
          0.016693       -0.003135        0.007261
          0.019697       -0.000039        0.018744
          0.018423        0.000650        0.026199
          0.014503       -0.000621        0.016214
          0.009515       -0.004439       -0.005043
          0.008120       -0.009261       -0.020855
          0.014265       -0.010124       -0.024890
          0.023661       -0.003838       -0.023600
          0.026533        0.006243       -0.021741
          0.019410        0.012067       -0.017466
          0.009310        0.007399       -0.011193
          0.003778       -0.005829       -0.007958
          0.000687       -0.016805       -0.009446
         -0.007718       -0.014519       -0.012774
         -0.022316        0.000841       -0.018030
         -0.033354        0.018192       -0.027974
         -0.030267        0.028915       -0.038666
         -0.013784        0.034726       -0.039037
          0.002794        0.038302       -0.023852
          0.006299        0.033386       -0.001648
         -0.002070        0.014269        0.014858
         -0.009441       -0.008332        0.023419
         -0.008561       -0.013526        0.032212
         -0.004898        0.004911        0.045791
         -0.004731        0.029018        0.057069
         -0.005583        0.036330        0.056083
         -0.002407        0.022808        0.042008
          0.004748        0.001291        0.022106
          0.012597       -0.017504        0.002378
          0.017601       -0.033605       -0.015112
          0.015875       -0.047410       -0.027332
          0.006728       -0.050679       -0.029333
         -0.003282       -0.035976       -0.020853
         -0.005598       -0.011123       -0.010228
          0.000824        0.005689       -0.006752
          0.008697        0.006818       -0.009117
          0.010089        0.002619       -0.007312
          0.003592        0.003685        0.001146
         -0.003925        0.004441        0.004157
         -0.003472       -0.006224       -0.008652
          0.004760       -0.024087       -0.027954
          0.009406       -0.032300       -0.032889
          0.002519       -0.023502       -0.016613
         -0.008864       -0.006512        0.004314
         -0.013178        0.010217        0.009035
         -0.010358        0.029141       -0.003344
         -0.007680        0.051976       -0.013681
         -0.005451        0.066870       -0.007321
          0.001129        0.057757        0.007679
          0.009164        0.026080        0.013151
          0.009235       -0.005900        0.006014
         -0.000417       -0.019011       -0.001640
         -0.010194       -0.017709       -0.004921
         -0.011782       -0.017460       -0.011648
         -0.007841       -0.017782       -0.023639
         -0.005946       -0.004465       -0.029446
         -0.008054        0.020474       -0.020461
         -0.010618        0.030567       -0.001280
         -0.011275        0.007947        0.018764
         -0.009907       -0.028747        0.034299
         -0.006065       -0.044854        0.043765
         -0.000122       -0.030738        0.048047
          0.006445       -0.006778        0.048320
          0.014505        0.008152        0.042286
          0.025134        0.014995        0.027204
          0.032867        0.020025        0.008427
          0.029854        0.020345       -0.002974
          0.018059        0.012434       -0.005209
          0.007926        0.002222       -0.009893
          0.003984       -0.003826       -0.023414
          0.001591       -0.009233       -0.032318
         -0.000989       -0.019527       -0.020307
          0.001816       -0.030155        0.005418
          0.011186       -0.031704        0.021729
          0.017361       -0.023469        0.021907
          0.011788       -0.014120        0.021384
         -0.000817       -0.010712        0.029029
         -0.010269       -0.012404        0.033027
         -0.015370       -0.013364        0.022889
         -0.021521       -0.007766        0.007078
         -0.027590        0.006373       -0.002937
         -0.025390        0.025132       -0.011445
         -0.012660        0.041657       -0.027781
          0.001136        0.051908       -0.047596
          0.004955        0.054797       -0.058360
         -0.001705        0.047994       -0.057013
         -0.009858        0.030010       -0.050775
         -0.012121        0.006925       -0.044200
         -0.008854       -0.010030       -0.034598
         -0.003761       -0.016202       -0.019521
          0.001403       -0.018061       -0.003116
          0.005763       -0.024138        0.006684
          0.007582       -0.035176        0.007003
          0.006933       -0.044804        0.005196
          0.006894       -0.047221        0.012114
          0.008672       -0.042425        0.028659
          0.008104       -0.034819        0.042138
          0.001117       -0.028232        0.038894
         -0.008857       -0.023151        0.019585
         -0.013875       -0.017656        0.000190
         -0.011739       -0.008971       -0.002594
         -0.007852        0.004732        0.012855
         -0.006013        0.020562        0.031760
         -0.003285        0.030363        0.037491
          0.003724        0.028979        0.026480
          0.012297        0.021810        0.007702
          0.016158        0.018037       -0.010033
          0.012471        0.017954       -0.024535
          0.005152        0.014739       -0.033598
          0.001320        0.007604       -0.031000
          0.003372        0.004197       -0.016044
          0.005809        0.009276       -0.000575
          0.003211        0.018456        0.002717
         -0.001060        0.023833       -0.004851
         -0.000341        0.020530       -0.012888
          0.003120        0.009350       -0.017441
          0.000218       -0.001975       -0.022576
         -0.009935       -0.003327       -0.029078
         -0.016349        0.006513       -0.030446
         -0.012078        0.016411       -0.021181
         -0.005692        0.015104       -0.004077
         -0.008383        0.002763        0.013175
         -0.015482       -0.012796        0.027084
         -0.013019       -0.025139        0.040168
         -0.000299       -0.030340        0.051737
          0.008521       -0.025604        0.052441
          0.006606       -0.012233        0.035166
          0.003555        0.003729        0.008558
          0.008111        0.016893       -0.008582
          0.015174        0.025093       -0.006705
          0.016893        0.025827        0.006034
          0.015797        0.016272        0.014852
          0.018019       -0.000135        0.013660
          0.021136       -0.012890        0.007932
          0.018476       -0.015018        0.004566
          0.010517       -0.010332        0.002984
          0.002366       -0.005685       -0.000717
         -0.005845       -0.000980       -0.004125
         -0.015556        0.007051       -0.000579
         -0.020738        0.015282        0.008183
         -0.014439        0.015790        0.009137
         -0.002058        0.006190       -0.007218
          0.003764       -0.006472       -0.033404
          0.000174       -0.012815       -0.051707
         -0.004475       -0.010275       -0.052735
         -0.004789       -0.004497       -0.042238
         -0.003702       -0.001960       -0.029508
         -0.003649       -0.002967       -0.015106
         -0.001535       -0.003623        0.004870
          0.004633       -0.002770        0.025637
          0.010043       -0.003564        0.034261
          0.008128       -0.008318        0.026152
         -0.001000       -0.014474        0.012127
         -0.010774       -0.017218        0.003472
         -0.016232       -0.015258       -0.001155
         -0.018060       -0.011778       -0.007020
         -0.017748       -0.009598       -0.011072
         -0.013683       -0.008894       -0.007666
         -0.005426       -0.010150        0.000281
          0.002789       -0.013839        0.004486
          0.007142       -0.015466        0.002728
          0.008836       -0.007870        0.001755
          0.010392        0.007684        0.008953
          0.011567        0.019245        0.022594
          0.010881        0.018619        0.031400
          0.006956        0.013245        0.024767
         -0.001603        0.016513        0.002178
         -0.012920        0.028490       -0.027635
         -0.019991        0.035033       -0.052649
         -0.017668        0.028053       -0.061609
         -0.009938        0.017142       -0.048815
         -0.004571        0.013806       -0.019448
         -0.002111        0.012681        0.012294
          0.003548        0.000902        0.032275
          0.014288       -0.018563        0.034097
          0.024085       -0.027730        0.022056
          0.026946       -0.018489        0.009396
          0.023090       -0.004268        0.008618
          0.016309       -0.002192        0.018631
          0.009148       -0.011420        0.024690
          0.001171       -0.015945        0.015142
         -0.009448       -0.006073       -0.004463
         -0.021110        0.010427       -0.017934
         -0.026574        0.020408       -0.017171
         -0.020240        0.021179       -0.009683
         -0.006481        0.018310       -0.006804
          0.004792        0.013460       -0.008516
          0.008878        0.003372       -0.004344
          0.007489       -0.011608        0.011015
          0.003171       -0.026529        0.028214
         -0.001667       -0.038163        0.032993
         -0.004182       -0.044914        0.022092
         -0.004074       -0.042122        0.004605
         -0.003173       -0.026080       -0.010026
         -0.001072       -0.002783       -0.018748
          0.002976        0.015357       -0.020355
          0.005463        0.022366       -0.012566
          0.003577        0.021351        0.002659
          0.001327        0.014904        0.015807
          0.002399        0.002569        0.016060
          0.002370       -0.009986       -0.000159
         -0.002693       -0.010230       -0.026524
         -0.006370        0.005666       -0.049489
         -0.001170        0.024134       -0.055289
          0.008164        0.029147       -0.040467
          0.011126        0.020286       -0.016197
          0.006396        0.008461        0.002263
          0.000668       -0.000160        0.010274
         -0.002974       -0.006450        0.014160
         -0.006241       -0.009084        0.018335
         -0.008536       -0.003952        0.018282
         -0.007118        0.007189        0.009080
         -0.002835        0.015570       -0.003195
         -0.000004        0.014836       -0.004892
         -0.001562        0.007189        0.008899
         -0.006676       -0.000888        0.026479
         -0.010900       -0.006281        0.032508
         -0.008690       -0.011887        0.026389
          0.000090       -0.022122        0.021850
          0.007334       -0.035105        0.027470
          0.005979       -0.040749        0.034160
          0.000223       -0.030175        0.027863
         -0.000378       -0.006898        0.010771
          0.005434        0.014640       -0.000387
          0.010836        0.021819        0.001550
          0.012256        0.013749        0.003813
          0.011557        0.000675       -0.005598
          0.008825       -0.004502       -0.018102
          0.002458        0.003041       -0.017135
         -0.003645        0.015302       -0.002616
         -0.001874        0.019598        0.010569
          0.007897        0.012956        0.013538
          0.015441        0.005142        0.009625
          0.011793        0.005360        0.002462
         -0.000037        0.010316       -0.008929
         -0.009198        0.010178       -0.022270
         -0.010054        0.003137       -0.030070
         -0.007711       -0.002530       -0.029101
         -0.010007       -0.000568       -0.024954
         -0.017155        0.004860       -0.023949
         -0.021953        0.004927       -0.025615
         -0.018430       -0.002723       -0.025615
         -0.007399       -0.011571       -0.021029
          0.005507       -0.015310       -0.010178
          0.014739       -0.016340        0.007439
          0.018170       -0.021073        0.027088
          0.017386       -0.028252        0.039086
          0.015248       -0.028581        0.038069
          0.012845       -0.017127        0.029310
          0.008827       -0.000069        0.021545
          0.002235        0.012688        0.016648
         -0.004007        0.016838        0.011302
         -0.004891        0.014503        0.005212
         -0.000955        0.009955        0.000931
         -0.000489        0.006501       -0.002353
         -0.008836        0.005792       -0.008519
         -0.018853        0.007908       -0.018938
         -0.019483        0.011221       -0.031141
         -0.011392        0.014397       -0.040897
         -0.005400        0.020391       -0.043083
         -0.006317        0.033280       -0.034632
         -0.007423        0.046629       -0.019763
         -0.002514        0.043166       -0.007862
          0.004596        0.015507       -0.002929
          0.006407       -0.019132        0.000213
          0.002335       -0.035507        0.005878
         -0.001591       -0.027969        0.009303
         -0.001462       -0.012814        0.003543
          0.000066       -0.005627       -0.009974
         -0.001526       -0.005284       -0.023281
         -0.006114       -0.002363       -0.030331
         -0.009025        0.004225       -0.028616
         -0.006244        0.006794       -0.017050
          0.002241        0.002175        0.001050
          0.012431       -0.004602        0.015786
          0.017946       -0.010585        0.018855
          0.014616       -0.018196        0.014000
          0.005375       -0.025607        0.013399
         -0.002365       -0.024700        0.022398
         -0.004913       -0.013208        0.033396
         -0.004052        0.000296        0.036953
         -0.001004        0.008034        0.032841
          0.005129        0.011485        0.026368
          0.011386        0.014322        0.019423
          0.010588        0.015115        0.010476
          0.001458        0.012052        0.000150
         -0.007019        0.008296       -0.008128
         -0.006956        0.007268       -0.011971
         -0.001588        0.007252       -0.011227
          0.001906        0.005254       -0.006166
          0.003009        0.002387        0.002116
          0.004234        0.001265        0.009845
          0.003597        0.000833        0.012988
         -0.001019       -0.002563        0.012073
         -0.005537       -0.010358        0.011277
         -0.005630       -0.019699        0.012618
         -0.003846       -0.025297        0.014629
         -0.003715       -0.024297        0.015977
         -0.002224       -0.021252        0.015499
          0.004487       -0.025059        0.009833
          0.012446       -0.036400       -0.002697
          0.013561       -0.042151       -0.016779
          0.005227       -0.029907       -0.025429
         -0.007920       -0.005536       -0.029027
         -0.018751        0.013161       -0.031662
         -0.021626        0.019422       -0.031212
         -0.015271        0.023228       -0.022376
         -0.003702        0.032192       -0.007801
          0.008072        0.038280        0.003261
          0.018586        0.030118        0.006425
          0.027094        0.010515        0.004267
          0.029113       -0.006590       -0.000488
          0.020367       -0.012553       -0.005348
          0.003852       -0.009969       -0.004597
         -0.011687       -0.004586        0.005340
         -0.019456        0.001400        0.018261
         -0.018312        0.007995        0.022655
         -0.011306        0.014505        0.013493
         -0.003120        0.018920       -0.003445
          0.003083        0.018628       -0.017588
          0.007458        0.013184       -0.023010
          0.010350        0.006557       -0.023176
          0.008690        0.003129       -0.025050
         -0.000237        0.001727       -0.027799
         -0.011959       -0.001728       -0.022036
         -0.017263       -0.006350       -0.003185
         -0.013058       -0.006801        0.019486
         -0.005882       -0.001755        0.032373
         -0.002289        0.003259        0.033706
         -0.001266        0.002083        0.034550
          0.000332       -0.006267        0.042693
          0.001222       -0.017506        0.051017
         -0.000640       -0.024724        0.047315
         -0.003649       -0.021737        0.032080
         -0.005961       -0.007443        0.017650
         -0.007665        0.011182        0.010358
         -0.006764        0.022075        0.004034
          0.000654        0.017671       -0.007011
          0.012921        0.003059       -0.019527
          0.021046       -0.007931       -0.029848
          0.018877       -0.006923       -0.040764
          0.011275        0.001062       -0.053747
          0.007027        0.005950       -0.061799
          0.005987        0.005223       -0.057213
          0.000016        0.003806       -0.042949
         -0.012870        0.004328       -0.030006
         -0.022610        0.004393       -0.023075
         -0.019384        0.003568       -0.013280
         -0.006623        0.005487        0.010245
          0.003968        0.009805        0.042275
          0.007157        0.008814        0.061853
          0.007034       -0.002134        0.054533
          0.006634       -0.015292        0.028796
          0.003327       -0.018020        0.005001
         -0.003593       -0.007756       -0.007325
         -0.008593        0.005888       -0.013650
         -0.007192        0.013538       -0.018502
         -0.001770        0.015526       -0.016232
          0.003520        0.017406       -0.002311
          0.008210        0.020535        0.014266
          0.012013        0.021521        0.018925
          0.011184        0.018647        0.008953
          0.004097        0.013299       -0.005296
         -0.002857        0.005754       -0.014788
         -0.002031       -0.004498       -0.018230
          0.003387       -0.013837       -0.015084
          0.002087       -0.016219       -0.004346
         -0.008212       -0.011889        0.006718
         -0.015140       -0.008742        0.005275
         -0.008980       -0.011499       -0.008707
          0.002615       -0.014476       -0.017710
          0.005845       -0.010629       -0.009348
          0.000092       -0.004069        0.005723
         -0.004297       -0.005268        0.009681
         -0.003009       -0.014489        0.003774
         -0.001232       -0.019783        0.004922
         -0.002108       -0.014359        0.019181
         -0.002732       -0.006062        0.032558
         -0.001925       -0.003767        0.030378
         -0.002021       -0.003878        0.014809
         -0.001694        0.000713       -0.001633
          0.003527        0.006060       -0.012157
          0.011615        0.003074       -0.018862
          0.014000       -0.006492       -0.024199
          0.007791       -0.011980       -0.026320
          0.000089       -0.010495       -0.022735
         -0.002097       -0.009992       -0.013763
          0.000912       -0.013731       -0.001330
          0.005527       -0.013073        0.012355
          0.009115       -0.002099        0.024202
          0.008977        0.010016        0.031618
          0.003368        0.010980        0.035312
         -0.004936        0.003056        0.037535
         -0.010558       -0.002150        0.037054
         -0.012181       -0.001156        0.029823
         -0.013636        0.000847        0.015876
         -0.016883        0.002210        0.001877
         -0.017714        0.005193       -0.004894
         -0.011977        0.007516       -0.002894
         -0.003138        0.005347        0.003634
          0.001420        0.002213        0.008267
         -0.000011        0.004139        0.005799
         -0.002391        0.008251       -0.005036
         -0.001146        0.007066       -0.020996
          0.003503        0.003152       -0.037719
          0.008474        0.008188       -0.052916
          0.011393        0.024547       -0.063977
          0.012146        0.037045       -0.065159
          0.011535        0.029810       -0.053065
          0.009520        0.007070       -0.033808
          0.006338       -0.010960       -0.017754
          0.003960       -0.012858       -0.007255
          0.003598       -0.007937        0.003375
          0.003311       -0.009377        0.015686
          0.001566       -0.014804        0.022843
          0.001359       -0.013193        0.019708
          0.005977       -0.004406        0.010960
          0.011899        0.000561        0.005699
          0.012131       -0.003749        0.007258
          0.006292       -0.011562        0.010853
          0.000023       -0.016508        0.009796
         -0.005242       -0.018514        0.003085
         -0.012614       -0.018663       -0.002561
         -0.020035       -0.014411        0.000360
         -0.020911       -0.003328        0.010112
         -0.014943        0.011902        0.016242
         -0.008377        0.024835        0.012593
         -0.004029        0.029839        0.005085
         -0.000382        0.024500        0.002556
          0.001311        0.011054        0.004741
         -0.001192       -0.002701        0.004765
         -0.003787       -0.008092        0.000023
         -0.000095       -0.004195       -0.005162
          0.007379        0.001412       -0.006152
          0.009317        0.002487       -0.002503
          0.003908        0.001013        0.004058
          0.000062        0.002123        0.012491
          0.003470        0.005671        0.022188
          0.008407        0.006659        0.031972
          0.007856        0.003364        0.040158
          0.003080        0.000577        0.043992
         -0.002087        0.002327        0.039635
         -0.007485        0.006003        0.026146
         -0.011598        0.008129        0.009108
         -0.009465        0.010420       -0.004196
         -0.001442        0.014052       -0.012257
          0.004306        0.014167       -0.016629
          0.003050        0.006797       -0.015391
          0.000035       -0.004727       -0.008494
          0.001922       -0.015383       -0.005380
          0.007825       -0.023743       -0.014300
          0.012501       -0.028300       -0.026942
          0.013404       -0.026428       -0.028318
          0.010349       -0.020256       -0.020572
          0.002632       -0.016419       -0.021242
         -0.007503       -0.017437       -0.036041
         -0.012077       -0.019085       -0.047955
         -0.005766       -0.017140       -0.038757
          0.004994       -0.011186       -0.011362
          0.009023       -0.001964        0.014823
          0.004972        0.009206        0.024849
          0.001358        0.018417        0.020590
          0.003085        0.022012        0.015200
          0.005378        0.021504        0.017490
          0.001959        0.021336        0.022334
         -0.006495        0.022335        0.018692
         -0.013597        0.021499        0.006131
         -0.013537        0.017757       -0.002908
         -0.005866        0.014081        0.000456
          0.003238        0.013736        0.009463
          0.005563        0.016912        0.011044
         -0.000497        0.021021        0.002248
         -0.008189        0.022404       -0.008998
         -0.011725        0.017552       -0.015817
         -0.012875        0.004299       -0.017263
         -0.014895       -0.016166       -0.013352
         -0.015597       -0.037759       -0.004474
         -0.011538       -0.051526        0.003672
         -0.004535       -0.051028        0.003513
          0.001116       -0.036314       -0.003792
          0.004747       -0.013951       -0.008638
          0.008007        0.005551       -0.005660
          0.009699        0.013222        0.000902
          0.007054        0.008522        0.005617
          0.002048       -0.000296        0.008209
          0.001466       -0.004963        0.009991
          0.008593       -0.004463        0.010874
          0.018115       -0.002434        0.011669
          0.021378       -0.000897        0.013416
          0.014561        0.000796        0.013497
          0.001119        0.002505        0.008397
         -0.010881        0.001689        0.000248
         -0.013870       -0.003050       -0.006429
         -0.007206       -0.007897       -0.013601
          0.001267       -0.007354       -0.025553
          0.003680       -0.002550       -0.035464
          0.001140       -0.000787       -0.028754
         -0.000075       -0.005250       -0.004502
          0.000772       -0.010774        0.018084
         -0.001487       -0.011211        0.021400
         -0.008120       -0.005760        0.008099
         -0.013045        0.002262       -0.007833
         -0.011162        0.008551       -0.017917
         -0.005470        0.011170       -0.019988
         -0.002180        0.013550       -0.012815
         -0.001170        0.019747        0.000767
          0.002901        0.025259        0.011787
          0.009667        0.020663        0.013245
          0.010959        0.006714        0.006543
          0.003519       -0.004140       -0.002698
         -0.003677       -0.004819       -0.009907
         -0.001118       -0.001707       -0.010761
          0.007956       -0.001022       -0.001595
          0.013058        0.001503        0.015125
          0.011110        0.009530        0.029556
          0.007590        0.015387        0.032665
          0.005227        0.011570        0.023725
          0.000682        0.004628        0.008069
         -0.006547        0.005426       -0.008574
         -0.010244        0.012017       -0.020198
         -0.005751        0.014062       -0.019687
          0.003515        0.009132       -0.005216
          0.010477        0.003605        0.012960
          0.011291        0.000438        0.019510
          0.006552       -0.004706        0.010396
         -0.000813       -0.015355       -0.003642
         -0.007621       -0.027915       -0.011719
         -0.012064       -0.034944       -0.012895
         -0.013529       -0.032614       -0.009065
         -0.011165       -0.023713        0.001291
         -0.004951       -0.014119        0.015701
          0.002026       -0.007586        0.023497
          0.006193       -0.003977        0.017207
          0.008487       -0.001823        0.002347
          0.012019       -0.001054       -0.009894
          0.014573       -0.001282       -0.014792
          0.009798        0.000815       -0.014807
         -0.002247        0.007366       -0.013146
         -0.012158        0.013287       -0.011149
         -0.012553        0.010920       -0.009398
         -0.007311        0.000961       -0.008244
         -0.004400       -0.007811       -0.008225
         -0.003848       -0.010086       -0.010445
         -0.000434       -0.008447       -0.014674
          0.004310       -0.005337       -0.017479
          0.003102        0.001772       -0.014760
         -0.004029        0.013731       -0.005805
         -0.008345        0.024656        0.006519
         -0.005805        0.028674        0.017631
         -0.002291        0.027325        0.021960
         -0.003607        0.025611        0.015648
         -0.008284        0.024564        0.001934
         -0.011685        0.021938       -0.008450
         -0.011152        0.016757       -0.006476
         -0.006421        0.009588        0.004793
          0.000569        0.001437        0.011938
          0.006160       -0.005152        0.006439
          0.008240       -0.007282       -0.003808
          0.008454       -0.005827       -0.004227
          0.009314       -0.005004        0.006292
          0.010985       -0.006702        0.015049
          0.012762       -0.009183        0.016449
          0.014609       -0.012283        0.019534
          0.015083       -0.018865        0.029757
          0.011815       -0.028289        0.037945
          0.006367       -0.032758        0.035182
          0.003752       -0.025467        0.025331
          0.004691       -0.010880        0.014892
          0.003484       -0.000685        0.002659
         -0.003770        0.001232       -0.013022
         -0.013299        0.002534       -0.027208
         -0.018457        0.008592       -0.034857
         -0.017164        0.013665       -0.036163
         -0.012379        0.011226       -0.032267
         -0.007161        0.004289       -0.023697
         -0.001880       -0.001626       -0.014110
          0.003395       -0.008105       -0.007212
          0.006428       -0.018774       -0.000168
          0.005438       -0.030478        0.011579
          0.002357       -0.036435        0.024223
         -0.000006       -0.034289        0.028800
         -0.002240       -0.025695        0.022883
         -0.006139       -0.011197        0.011473
         -0.010362        0.009055       -0.001095
         -0.012013        0.031017       -0.012713
         -0.010646        0.048094       -0.020227
         -0.007821        0.056737       -0.021983
         -0.004597        0.057179       -0.021169
         -0.001700        0.049212       -0.020886
         -0.000233        0.031793       -0.019018
         -0.000294        0.007895       -0.012923
         -0.000271       -0.013864       -0.005120
          0.001261       -0.024875        0.000869
          0.004209       -0.022874        0.006126
          0.007942       -0.011907        0.011958
          0.011862        0.002048        0.014178
          0.014708        0.013114        0.009039
          0.015281        0.015263        0.001894
          0.014044        0.005827        0.001542
          0.012112       -0.008997        0.007238
          0.008843       -0.017648        0.009930
          0.002767       -0.016017        0.006390
         -0.005041       -0.012097        0.003070
         -0.010927       -0.013518        0.003955
         -0.012608       -0.015889        0.003276
         -0.011291       -0.010340       -0.005271
         -0.008992        0.001221       -0.018592
         -0.005355        0.006296       -0.028477
          0.000752       -0.003406       -0.030810
          0.006856       -0.022297       -0.025930
          0.007862       -0.035596       -0.014796
          0.003232       -0.031958        0.000204
         -0.001366       -0.014292        0.014597
         -0.002543        0.001179        0.026225
         -0.003512        0.001224        0.036735
         -0.006376       -0.008918        0.045633
         -0.007371       -0.012886        0.046743
         -0.004054       -0.005243        0.034123
          0.000000        0.004102        0.009491
          0.001294        0.008610       -0.018392
          0.000842        0.015058       -0.040121
          0.000755        0.028891       -0.049877
          0.001856        0.041597       -0.045854
          0.004525        0.042071       -0.030915
          0.007578        0.032558       -0.013167
          0.008038        0.023435       -0.001340
          0.005078        0.017119        0.002327
          0.001479        0.007134        0.001661
         -0.000180       -0.008506       -0.000300
          0.000428       -0.022269       -0.002603
          0.002818       -0.026821       -0.002619
          0.005490       -0.022553        0.001390
          0.005400       -0.013103        0.004924
          0.001310       -0.000035        0.002012
         -0.003608        0.013873       -0.005629
         -0.005667        0.021434       -0.010600
         -0.005480        0.017179       -0.009350
         -0.005760        0.004575       -0.004152
         -0.006316       -0.007411        0.002646
         -0.004968       -0.013379        0.010993
         -0.001946       -0.013752        0.019790
          0.000156       -0.010772        0.024934
         -0.000064       -0.006916        0.023005
         -0.001459       -0.005157        0.016410
         -0.001530       -0.005786        0.012193
          0.001712       -0.003938        0.013674
          0.007569        0.005402        0.015742
          0.012515        0.019707        0.012308
          0.013423        0.029109        0.006049
          0.009811        0.025474        0.004634
          0.002441        0.010603        0.008406
         -0.007279       -0.005266        0.009305
         -0.015398       -0.013056        0.002876
         -0.016711       -0.012283       -0.005770
         -0.010692       -0.008978       -0.010157
         -0.003642       -0.008249       -0.010706
         -0.001711       -0.010894       -0.011394
         -0.003215       -0.015734       -0.011558
         -0.001838       -0.021054       -0.005497
          0.003270       -0.023137        0.008430
          0.006407       -0.017924        0.020764
          0.005313       -0.006488        0.018201
          0.004891        0.004513       -0.000142
          0.007724        0.010081       -0.018846
          0.008592        0.011830       -0.022969
          0.003504        0.013774       -0.014184
         -0.002528        0.015730       -0.004351
         -0.002576        0.014160        0.002394
          0.002053        0.009149        0.011313
          0.003918        0.006454        0.022006
         -0.001054        0.009840        0.023988
         -0.009661        0.014329        0.011962
         -0.015252        0.011348       -0.004704
         -0.013505       -0.000416       -0.014970
         -0.005835       -0.012737       -0.020505
          0.001898       -0.016483       -0.028580
          0.005057       -0.010690       -0.036660
          0.004503       -0.002780       -0.034222
          0.004122       -0.000594       -0.017893
          0.005134       -0.004874        0.004064
          0.005302       -0.009561        0.022227
          0.003452       -0.009043        0.033458
          0.001597       -0.004620        0.037559
          0.001253       -0.002529        0.033833
          0.000382       -0.004608        0.023169
         -0.003353       -0.004024        0.009020
         -0.007433        0.005338       -0.004863
         -0.005908        0.017884       -0.015022
          0.002848        0.021684       -0.018235
          0.012224        0.014218       -0.015201
          0.013824        0.005550       -0.012697
          0.006425        0.005144       -0.017020
         -0.004366        0.011734       -0.025734
         -0.013475        0.017194       -0.029822
         -0.019181        0.015154       -0.023536
         -0.020147        0.004821       -0.009437
         -0.015136       -0.009678        0.005362
         -0.006395       -0.022567        0.015640
          0.000549       -0.030434        0.020413
          0.002070       -0.032646        0.019807
         -0.000123       -0.028540        0.012641
         -0.001375       -0.017622        0.000563
          0.001049       -0.002499       -0.008440
          0.006294        0.012015       -0.007254
          0.012443        0.022320        0.001134
          0.018331        0.025809        0.008252
          0.021426        0.020336        0.011504
          0.017027        0.008827        0.013540
          0.004143        0.001031        0.013920
         -0.009055        0.003652        0.010711
         -0.011409        0.010177        0.007529
         -0.001772        0.007828        0.009206
          0.008879       -0.005358        0.011998
          0.010721       -0.017817        0.007265
          0.006063       -0.020275       -0.005305
          0.003171       -0.016534       -0.015754
          0.003379       -0.014821       -0.016264
          0.001388       -0.015550       -0.010315
         -0.003633       -0.013850       -0.007505
         -0.006103       -0.009339       -0.011923
         -0.004008       -0.006470       -0.018203
         -0.001997       -0.007106       -0.018670
         -0.002222       -0.007783       -0.011720
         -0.000958       -0.003603       -0.002240
          0.002639        0.007184        0.003382
          0.003495        0.020276        0.001639
         -0.000246        0.026427       -0.004727
         -0.004274        0.019554       -0.006536
         -0.006957        0.004600        0.003847
         -0.010829       -0.006980        0.023005
         -0.013120       -0.009952        0.039526
         -0.006899       -0.008857        0.046078
          0.005341       -0.008932        0.043080
          0.011323       -0.009400        0.032614
          0.005834       -0.007557        0.016277
         -0.003034       -0.004518       -0.001500
         -0.007790       -0.003435       -0.014528
         -0.011046       -0.004274       -0.020432
         -0.016260       -0.003572       -0.022467
         -0.018080        0.000866       -0.025126
         -0.009555        0.007819       -0.028289
          0.005747        0.016170       -0.026884
          0.016484        0.027008       -0.018398
          0.016743        0.038196       -0.008888
          0.010177        0.039916       -0.007040
          0.002201        0.023583       -0.013983
         -0.005068       -0.004315       -0.024348
         -0.009794       -0.025699       -0.034371
         -0.009277       -0.030707       -0.041594
         -0.004158       -0.025938       -0.039990
          0.001506       -0.020772       -0.025307
          0.006660       -0.015854       -0.004043
          0.014290       -0.009472        0.012053
          0.023184       -0.004464        0.019521
          0.025201       -0.002009        0.023040
          0.015964        0.002873        0.024173
          0.002714        0.012757        0.020495
         -0.004560        0.020924        0.015209
         -0.004998        0.018914        0.016826
         -0.004038        0.007125        0.026686
         -0.003904       -0.006107        0.034998
         -0.003627       -0.013096        0.032974
         -0.004368       -0.011875        0.023464
         -0.007821       -0.005248        0.015396
         -0.011380        0.002555        0.011005
         -0.010332        0.008593        0.004232
         -0.004527        0.011373       -0.007742
          0.000584        0.009855       -0.018125
          0.000358        0.005047       -0.020675
         -0.002921        0.001942       -0.019838
         -0.002079        0.005304       -0.022030
          0.005505        0.012758       -0.022502
          0.012399        0.016235       -0.012372
          0.009151        0.011418        0.004899
         -0.002827        0.002675        0.015831
         -0.012012       -0.002036        0.014464
         -0.011071        0.001053        0.008494
         -0.004346        0.009028        0.008239
          0.000371        0.015778        0.015503
          0.001242        0.017065        0.023772
          0.000910        0.012830        0.026706
          0.000713        0.006070        0.025159
         -0.000293        0.000070        0.024285
         -0.002710       -0.004456        0.024538
         -0.004742       -0.009387        0.020627
         -0.002842       -0.014451        0.010519
          0.003907       -0.014291       -0.000837
          0.010444       -0.004978       -0.009096
          0.010661        0.007818       -0.015573
          0.005298        0.012993       -0.021921
          0.000167        0.006030       -0.025700
         -0.002250       -0.007563       -0.024663
         -0.003924       -0.019100       -0.021102
         -0.005605       -0.022998       -0.018778
         -0.005684       -0.019176       -0.017976
         -0.004045       -0.013206       -0.016087
         -0.002842       -0.011333       -0.012628
         -0.002920       -0.012866       -0.011493
         -0.001800       -0.010968       -0.015896
          0.002858       -0.002450       -0.021852
          0.008539        0.007169       -0.020539
          0.009974        0.009975       -0.008368
          0.006623        0.003887        0.008186
          0.003473       -0.007002        0.019137
          0.002448       -0.017891        0.020537
         -0.001160       -0.026228        0.016190
         -0.009440       -0.029511        0.011310
         -0.015029       -0.023994        0.007181
         -0.010575       -0.008753        0.002728
         -0.000536        0.010597       -0.001359
          0.004722        0.025343       -0.002601
          0.003190        0.030395       -0.000217
          0.000889        0.026487        0.002795
          0.000514        0.017934        0.001459
         -0.000069        0.010132       -0.006858
         -0.000323        0.006802       -0.019415
          0.002341        0.006872       -0.029614
          0.005659        0.005666       -0.031791
          0.004915        0.001762       -0.024760
          0.001501        0.000317       -0.011913
          0.001376        0.005423        0.001069
          0.005375        0.011479        0.010162
          0.007702        0.008757        0.016690
          0.004335       -0.002822        0.025161
         -0.002273       -0.012913        0.034831
         -0.007431       -0.014888        0.037165
         -0.009358       -0.013258        0.026719
         -0.009271       -0.014661        0.010264
         -0.008574       -0.018679       -0.001730
         -0.006882       -0.021335       -0.007896
         -0.002800       -0.021909       -0.011816
          0.002850       -0.022225       -0.010689
          0.005812       -0.023248        0.000348
          0.002838       -0.025430        0.015509
         -0.003458       -0.028741        0.021398
         -0.006849       -0.029538        0.012890
         -0.004058       -0.020731       -0.001908
          0.003017        0.000961       -0.012217
          0.010626        0.028606       -0.013840
          0.016345        0.048857       -0.008551
          0.019130        0.053404       -0.000330
          0.018079        0.045645        0.006571
          0.012508        0.035306        0.009523
          0.003550        0.028003        0.009135
         -0.005242        0.022193        0.007973
         -0.009956        0.015133        0.007830
         -0.008702        0.007801        0.008732
         -0.001807        0.002582        0.008986
          0.008391       -0.000423        0.005643
          0.016534       -0.001842       -0.002408
          0.015715       -0.000001       -0.011209
          0.003701        0.006689       -0.015257
         -0.013213        0.015017       -0.015078
         -0.026123        0.018572       -0.016439
         -0.032131        0.014718       -0.020474
         -0.033233        0.006880       -0.020618
         -0.029162       -0.000740       -0.012630
         -0.017961       -0.007306       -0.001835
         -0.002689       -0.013076        0.004489
          0.009498       -0.016564        0.007331
          0.015441       -0.016637        0.012982
          0.017503       -0.015509        0.022824
          0.017016       -0.016700        0.031498
          0.012129       -0.020227        0.033583
          0.003555       -0.022047        0.027803
         -0.002642       -0.018733        0.016310
         -0.001637       -0.011180        0.003641
          0.003064       -0.003729       -0.005195
          0.003849       -0.001415       -0.008717
          0.000341       -0.007305       -0.009783
          0.000256       -0.019338       -0.011058
          0.006620       -0.029820       -0.012419
          0.012056       -0.031107       -0.013901
          0.010379       -0.022331       -0.017362
          0.005445       -0.008884       -0.023197
          0.003011        0.003708       -0.028274
          0.002437        0.013312       -0.029063
          0.001825        0.019808       -0.025389
          0.003218        0.023065       -0.020106
          0.007686        0.022723       -0.015549
          0.011169        0.018755       -0.010907
          0.008478        0.012503       -0.004115
         -0.001500        0.008073        0.003767
         -0.014397        0.010938        0.008975
         -0.022656        0.021966        0.010853
         -0.022060        0.033864        0.012965
         -0.016624        0.037798        0.016176
         -0.013120        0.033321        0.015776
         -0.011965        0.027287        0.008991
         -0.009057        0.023277        0.000657
         -0.004488        0.017472       -0.002471
         -0.002363        0.005847        0.000367
         -0.003543       -0.009350        0.004544
         -0.005120       -0.022283        0.005939
         -0.005294       -0.029794        0.004222
         -0.003351       -0.032843        0.001587
          0.002021       -0.032851       -0.000867
          0.009431       -0.029136       -0.004792
          0.013921       -0.021298       -0.011092
          0.013717       -0.012486       -0.016471
          0.012803       -0.007614       -0.017144
          0.013372       -0.008244       -0.013873
          0.011748       -0.010778       -0.008670
          0.005166       -0.010191       -0.000061
         -0.002749       -0.005724        0.012751
         -0.006155       -0.002324        0.025234
         -0.003379       -0.003935        0.032013
          0.002114       -0.006025        0.030959
          0.005522       -0.000670        0.020752
          0.005466        0.010632        0.002888
          0.004768        0.017766       -0.012386
          0.005571        0.017131       -0.013074
          0.005630        0.016016       -0.001164
          0.001691        0.019287        0.008545
         -0.005311        0.021803        0.007725
         -0.010625        0.017833        0.003251
         -0.010352        0.009630        0.003755
         -0.005352        0.002690        0.006396
         -0.000965       -0.001475        0.003016
         -0.001292       -0.004583       -0.006118
         -0.003758       -0.007621       -0.012517
         -0.003046       -0.010185       -0.011625
         -0.000286       -0.011793       -0.006622
         -0.002191       -0.012585        0.000349
         -0.009855       -0.013784        0.011293
         -0.015385       -0.017312        0.022950
         -0.012478       -0.023109        0.023810
         -0.004238       -0.027201        0.007941
          0.002631       -0.025212       -0.014635
          0.006054       -0.018085       -0.028351
          0.007861       -0.011033       -0.027766
          0.009094       -0.006242       -0.017692
          0.009100       -0.000478       -0.004313
          0.007336        0.008774        0.007729
          0.004670        0.018949        0.015401
          0.003244        0.026074        0.020096
          0.004524        0.029019        0.025096
          0.007626        0.028253        0.027233
          0.010437        0.024417        0.019131
          0.011275        0.020142        0.002808
          0.008619        0.018868       -0.008741
          0.001858        0.019589       -0.007458
         -0.006099        0.017421        0.001327
         -0.009830        0.011517        0.008540
         -0.007117        0.006603        0.009746
         -0.001557        0.003906        0.002965
          0.002098       -0.002527       -0.011220
          0.002907       -0.015782       -0.025676
          0.002164       -0.028205       -0.031920
         -0.000481       -0.029151       -0.030736
         -0.005564       -0.017560       -0.030286
         -0.010039       -0.003439       -0.033191
         -0.009650        0.001535       -0.032883
         -0.004624       -0.005590       -0.024482
          0.001203       -0.016277       -0.012597
          0.005907       -0.019034       -0.004428
          0.009474       -0.011383        0.000350
          0.009608       -0.000514        0.007765
          0.003570        0.007508        0.019489
         -0.005625        0.013280        0.029331
         -0.010816        0.017887        0.030245
         -0.009601        0.018512        0.021962
         -0.006015        0.013773        0.010551
         -0.002810        0.007479        0.001953
          0.001033        0.002592       -0.002368
          0.004496       -0.003239       -0.003669
          0.004005       -0.011253       -0.002302
         -0.000194       -0.016363        0.002087
         -0.004110       -0.014500        0.008111
         -0.006587       -0.010063        0.013386
         -0.009209       -0.009750        0.017324
         -0.010203       -0.013456        0.020320
         -0.005428       -0.016445        0.020889
          0.004224       -0.015620        0.017287
          0.012242       -0.009646        0.011303
          0.013913        0.001348        0.005894
          0.010063        0.012268        0.000054
          0.003791        0.014885       -0.007912
         -0.002476        0.007250       -0.013319
         -0.006823       -0.003112       -0.009813
         -0.007980       -0.008627       -0.000451
         -0.006256       -0.009847        0.005692
         -0.003379       -0.010475        0.006903
         -0.001084       -0.009040        0.007703
          0.000355       -0.001606        0.006513
          0.001830        0.010105       -0.002500
          0.003313        0.019856       -0.016285
          0.003794        0.024431       -0.023969
          0.003887        0.024607       -0.021233
          0.005253        0.021244       -0.014496
          0.006685        0.015491       -0.010931
          0.005182        0.009491       -0.010546
          0.001394        0.002854       -0.008112
         -0.001211       -0.006824       -0.000259
         -0.002428       -0.016339        0.008789
         -0.004912       -0.016056        0.009431
         -0.008259       -0.001836       -0.002480
         -0.008941        0.016899       -0.018667
         -0.005808        0.026102       -0.026217
         -0.001414        0.021243       -0.020770
          0.001864        0.008710       -0.008184
          0.004116       -0.003923        0.004747
          0.006177       -0.014241        0.015916
          0.007350       -0.022548        0.024320
          0.005898       -0.027710        0.026633
          0.001709       -0.027392        0.021249
         -0.002597       -0.020932        0.012892
         -0.003920       -0.010586        0.008345
         -0.001617       -0.000282        0.008600
          0.001852        0.006129        0.009116
          0.003065        0.005954        0.006443
          0.001210       -0.001192        0.001212
         -0.000563       -0.011949       -0.004003
          0.001205       -0.019394       -0.007961
          0.005620       -0.016334       -0.012815
          0.008442       -0.000302       -0.021092
          0.007381        0.022878       -0.028712
          0.004096        0.040701       -0.026378
          0.001101        0.043002       -0.012659
         -0.000788        0.031949        0.000252
         -0.001767        0.019936        0.000444
         -0.002319        0.015007       -0.008675
         -0.003522        0.012900       -0.013940
         -0.005530        0.007010       -0.009404
         -0.005717       -0.000069       -0.000601
         -0.001470       -0.001810        0.006302
          0.004605       -0.000026        0.011849
          0.005486       -0.003028        0.018058
         -0.002401       -0.012414        0.021879
         -0.014006       -0.019790        0.018583
         -0.020478       -0.018434        0.009147
         -0.018188       -0.011813       -0.000306
         -0.010426       -0.007294       -0.005440
         -0.001505       -0.006225       -0.006152
          0.006120       -0.004891       -0.003615
          0.009933       -0.002554        0.000542
          0.009028       -0.002822        0.003193
          0.007131       -0.006984        0.002031
          0.007391       -0.011254       -0.001854
          0.006327       -0.012457       -0.005853
          0.000324       -0.012021       -0.008401
         -0.005657       -0.011873       -0.008729
         -0.004380       -0.010376       -0.006513
          0.002435       -0.005194       -0.001924
          0.007491        0.002716        0.005170
          0.008676        0.009978        0.013954
          0.008407        0.013395        0.020323
          0.006003        0.010997        0.020105
         -0.000573        0.003069        0.014899
         -0.007176       -0.006806        0.009941
         -0.006312       -0.013155        0.006948
          0.001793       -0.011866        0.003843
          0.008051       -0.002426       -0.000315
          0.006351        0.011912       -0.004741
          0.000389        0.025668       -0.008999
         -0.003886        0.034002       -0.012504
         -0.006115        0.035149       -0.014307
         -0.007554        0.029960       -0.014423
         -0.005613        0.019257       -0.013050
          0.000958        0.003262       -0.009721
          0.005639       -0.015507       -0.005665
          0.000700       -0.031071       -0.003650
         -0.011033       -0.038538       -0.002630
         -0.017969       -0.038737        0.002979
         -0.013873       -0.035119        0.015121
         -0.004065       -0.027084        0.027022
          0.003763       -0.011629        0.029483
          0.008197        0.007359        0.019905
          0.010714        0.018039        0.004014
          0.010167        0.013573       -0.008980
          0.005427        0.001630       -0.013130
         -0.000822       -0.004655       -0.010028
         -0.005223       -0.001800       -0.005912
         -0.007532        0.003831       -0.004040
         -0.007999        0.007417       -0.002284
         -0.004615        0.009751        0.001676
          0.002703        0.011737        0.006369
          0.008238        0.012025        0.008397
          0.006469        0.009902        0.005505
          0.000310        0.005685       -0.002345
         -0.002470       -0.000390       -0.012343
         -0.000107       -0.005804       -0.018935
          0.001865       -0.005295       -0.017065
         -0.000075        0.002711       -0.007069
         -0.002774        0.011860        0.004648
         -0.002131        0.014457        0.011276
          0.001247        0.010351        0.011126
          0.003970        0.005796        0.006505
          0.004076        0.005042       -0.000420
          0.001418        0.006258       -0.007765
         -0.002971        0.005529       -0.012064
         -0.005744        0.002420       -0.010259
         -0.003317       -0.000032       -0.002942
          0.002242       -0.000409        0.007237
          0.004202       -0.001510        0.018910
          0.001229       -0.006034        0.030060
          0.000501       -0.011730        0.034368
          0.006629       -0.013949        0.025751
          0.013710       -0.011803        0.008056
          0.013616       -0.008769       -0.005881
          0.006914       -0.008231       -0.009084
          0.000197       -0.010937       -0.009174
         -0.003511       -0.015375       -0.015920
         -0.006338       -0.018533       -0.024741
         -0.009698       -0.018184       -0.022514
         -0.011676       -0.015738       -0.007921
         -0.010284       -0.014225        0.005448
         -0.005949       -0.013186        0.007537
         -0.000177       -0.009441        0.002849
          0.005682       -0.002621       -0.000060
          0.009813        0.005183       -0.001199
          0.010453        0.014745       -0.005951
          0.007610        0.028201       -0.014494
          0.002747        0.041629       -0.020689
         -0.002448        0.045815       -0.020677
         -0.005352        0.036605       -0.017320
         -0.002752        0.020113       -0.014347
          0.004984        0.006267       -0.010585
          0.011677        0.000160       -0.003502
          0.010752       -0.000232        0.005340
          0.002386       -0.000414        0.013040
         -0.007085       -0.003420        0.020213
         -0.011841       -0.006789        0.027609
         -0.010615       -0.006754        0.030781
         -0.005936       -0.004627        0.024569
         -0.002100       -0.005759        0.011608
         -0.002385       -0.012536        0.000493
         -0.005875       -0.021649       -0.004709
         -0.008206       -0.027812       -0.008577
         -0.007189       -0.027534       -0.016758
         -0.006070       -0.020527       -0.027496
         -0.008332       -0.010144       -0.033430
         -0.010234       -0.001303       -0.030493
         -0.004068        0.003921       -0.021769
          0.008941        0.007412       -0.012318
          0.016130        0.011090       -0.003715
          0.009958        0.014288        0.004266
         -0.000177        0.015786        0.009315
         -0.001567        0.015986        0.008241
          0.003826        0.016120        0.003263
          0.006197        0.016511        0.001721
          0.005350        0.015340        0.006430
          0.007989        0.009198        0.011356
          0.013062       -0.002098        0.011561
          0.012937       -0.011162        0.011194
          0.006050       -0.009179        0.014976
         -0.001976        0.002087        0.018945
         -0.007424        0.010924        0.017912
         -0.010871        0.010368        0.014567
         -0.012539        0.005080        0.012565
         -0.011493        0.001232        0.008891
         -0.008608       -0.002054        0.001969
         -0.005887       -0.007305       -0.001875
         -0.003607       -0.012579        0.000338
         -0.001602       -0.015284        0.000053
         -0.001779       -0.015631       -0.008773
         -0.005271       -0.012599       -0.015980
         -0.008460       -0.003252       -0.008201
         -0.006019        0.009871        0.010410
          0.002536        0.017344        0.022691
          0.011836        0.013892        0.019524
          0.015702        0.005419        0.005575
          0.012260        0.000185       -0.011311
          0.005040       -0.001814       -0.025428
         -0.000380       -0.005177       -0.031448
         -0.000847       -0.009621       -0.027274
          0.003001       -0.010906       -0.016948
          0.008046       -0.008697       -0.005098
          0.010316       -0.007508        0.007433
          0.007662       -0.010180        0.018344
          0.002040       -0.014072        0.020948
         -0.003194       -0.014135        0.012245
         -0.007794       -0.008340       -0.001533
         -0.012722        0.000611       -0.012418
         -0.015341        0.008969       -0.018582
         -0.012005        0.015769       -0.020518
         -0.004489        0.020760       -0.015401
          0.001422        0.020298       -0.001384
          0.003112        0.010273        0.016492
          0.002682       -0.006285        0.030928
          0.002184       -0.019315        0.040188
          0.001039       -0.021586        0.044973
         -0.001709       -0.015506        0.040414
         -0.004715       -0.008667        0.021158
         -0.004889       -0.005236       -0.005167
         -0.000778       -0.003415       -0.021359
          0.005323        0.000159       -0.021751
          0.009978        0.005765       -0.018447
          0.012288        0.011139       -0.020992
          0.012777        0.015176       -0.022808
          0.010291        0.018148       -0.016238
          0.003617        0.018367       -0.008061
         -0.004776        0.013181       -0.008366
         -0.009958        0.004850       -0.013533
         -0.008929        0.000052       -0.012244
         -0.002300        0.000415       -0.002775
          0.006500       -0.001009        0.005541
          0.012573       -0.009306        0.005790
          0.012485       -0.018569        0.001539
          0.006955       -0.018988        0.000909
         -0.000651       -0.010407        0.005682
         -0.007954       -0.002973        0.008675
         -0.014046       -0.004150        0.003012
         -0.017503       -0.009386       -0.008146
         -0.016339       -0.008318       -0.014946
         -0.010145        0.001430       -0.013057
         -0.001288        0.010966       -0.007717
          0.006130        0.012134       -0.005270
          0.008849        0.007672       -0.005514
          0.007043        0.004647       -0.003854
          0.004075        0.002774        0.002662
          0.002546       -0.002843        0.012892
          0.001470       -0.010579        0.022862
         -0.000971       -0.012976        0.028659
         -0.003194       -0.007229        0.029093
         -0.001786        0.003081        0.025397
          0.002808        0.015137        0.018411
          0.005409        0.027294        0.007909
          0.002173        0.033421       -0.004752
         -0.004859        0.026044       -0.015482
         -0.010790        0.007009       -0.020693
         -0.013264       -0.011466       -0.020676
         -0.012708       -0.018674       -0.017941
         -0.009032       -0.014511       -0.012895
         -0.001360       -0.005940       -0.003842
          0.008535        0.001436        0.008006
          0.015107        0.006096        0.016280
          0.013786        0.007288        0.014748
          0.006361        0.002601        0.004191
         -0.001029       -0.008632       -0.008152
         -0.005262       -0.020276       -0.016084
         -0.007837       -0.022735       -0.019122
         -0.008826       -0.014344       -0.019108
         -0.004968       -0.004853       -0.015966
          0.003848       -0.003190       -0.009921
          0.011647       -0.006051       -0.004551
          0.013264       -0.003878       -0.002941
          0.009987        0.005684       -0.002607
          0.005510        0.016384        0.001305
          0.000386        0.023011        0.008514
         -0.005974        0.026079        0.013083
         -0.010646        0.026840        0.011184
         -0.008718        0.023011        0.007184
          0.000503        0.012315        0.009031
          0.011082       -0.001594        0.016507
          0.015637       -0.009947        0.018450
          0.012861       -0.007359        0.007220
          0.008091        0.001391       -0.007246
          0.005309        0.005961       -0.006661
          0.001859        0.002430        0.012214
         -0.005460       -0.002999        0.031930
         -0.012930       -0.004067        0.034308
         -0.014315       -0.003245        0.019123
         -0.009872       -0.006068       -0.000033
         -0.004914       -0.011314       -0.012307
         -0.001629       -0.013477       -0.016825
          0.002096       -0.012537       -0.016916
          0.007228       -0.014106       -0.013802
          0.011099       -0.019800       -0.007891
          0.009658       -0.023407       -0.002983
          0.000953       -0.019041       -0.004911
         -0.011748       -0.009584       -0.014661
         -0.020486       -0.003334       -0.025479
         -0.019266       -0.003214       -0.029365
         -0.010263       -0.003494       -0.024732
         -0.000761        0.001559       -0.015285
          0.005574        0.009437       -0.003719
          0.011010        0.012627        0.009912
          0.017022        0.007966        0.024079
          0.019351       -0.000144        0.032819
          0.013138       -0.004989        0.029015
          0.001028       -0.003404        0.012343
         -0.008483        0.003577       -0.007026
         -0.011059        0.013106       -0.016999
         -0.010423        0.021785       -0.016622
         -0.011113        0.025940       -0.015448
         -0.012180        0.023075       -0.018631
         -0.010709        0.013965       -0.019786
         -0.007392        0.003051       -0.012213
         -0.004674       -0.004116       -0.000253
         -0.002025       -0.005284        0.006185
          0.002902       -0.003695        0.003767
          0.009457       -0.004475       -0.002368
          0.013673       -0.008681       -0.005386
          0.012767       -0.012896       -0.002001
          0.007959       -0.014645        0.006006
          0.002638       -0.014933        0.013051
         -0.000902       -0.014129        0.014417
         -0.002550       -0.009115        0.010325
         -0.003439        0.001972        0.004048
         -0.004753        0.014521       -0.002545
         -0.006753        0.021215       -0.009146
         -0.008224        0.020136       -0.014028
         -0.007585        0.015500       -0.013966
         -0.004961        0.011245       -0.007560
         -0.001914        0.007591        0.002931
          0.001305        0.003427        0.013758
          0.006362       -0.001612        0.022838
          0.013368       -0.007804        0.030030
          0.018430       -0.015159        0.034804
          0.017153       -0.021750        0.034778
          0.010168       -0.024110        0.027711
          0.002373       -0.020289        0.015372
         -0.003276       -0.011935        0.004116
         -0.007515       -0.003126       -0.000465
         -0.010269        0.002825        0.000992
         -0.009450        0.005909        0.003768
         -0.005374        0.008790        0.006015
         -0.001603        0.013155        0.009676
         -0.000315        0.017267        0.013573
         -0.000833        0.017894        0.010462
         -0.002872        0.013866       -0.004451
         -0.006772        0.006717       -0.024410
         -0.009809       -0.001513       -0.036549
         -0.006808       -0.009864       -0.036494
          0.002884       -0.017678       -0.031316
          0.011960       -0.023166       -0.026796
          0.012478       -0.023599       -0.019719
          0.005163       -0.017219       -0.006789
         -0.002470       -0.005084        0.006703
         -0.005691        0.008853        0.013737
         -0.005400        0.019641        0.015413
         -0.002818        0.023418        0.016958
          0.002638        0.018439        0.017877
          0.009821        0.006397        0.013002
          0.014912       -0.006447        0.001435
          0.015062       -0.012585       -0.011246
          0.010524       -0.010224       -0.019170
          0.003103       -0.004794       -0.020669
         -0.005335       -0.001743       -0.017498
         -0.012400       -0.000426       -0.013102
         -0.015017        0.002783       -0.011223
         -0.011626        0.008078       -0.013234
         -0.004507        0.012147       -0.016287
          0.001886        0.013461       -0.015150
          0.005438        0.014347       -0.006255
          0.007514        0.016525        0.009223
          0.009212        0.016587        0.024994
          0.008928        0.009023        0.032921
          0.004980       -0.005525        0.028747
         -0.001298       -0.018004        0.015522
         -0.006664       -0.019880        0.000981
         -0.008972       -0.012525       -0.008742
         -0.008238       -0.004102       -0.013192
         -0.006111        0.001003       -0.016514
         -0.004764        0.004448       -0.022492
         -0.004863        0.007181       -0.029412
         -0.004505        0.007313       -0.030071
         -0.001599        0.005185       -0.019161
          0.002892        0.004262       -0.000615
          0.005698        0.005481        0.015174
          0.005400        0.005290        0.021503
          0.004473        0.000819        0.019719
          0.006040       -0.005979        0.013971
          0.009137       -0.010673        0.006189
          0.009171       -0.011334       -0.002281
          0.004146       -0.010428       -0.007844
         -0.001809       -0.012128       -0.006579
         -0.003742       -0.017412        0.001699
         -0.002904       -0.021583        0.012833
         -0.004571       -0.018224        0.021929
         -0.009738       -0.007023        0.027250
         -0.013616        0.004193        0.030227
         -0.012413        0.007652        0.031672
         -0.007187        0.004369        0.029436
         -0.000736        0.001635        0.021311
          0.005107        0.002700        0.009232
          0.008754        0.002944       -0.001494
          0.009083       -0.002393       -0.007218
          0.006785       -0.010059       -0.009106
          0.003453       -0.012062       -0.011170
          0.000182       -0.006081       -0.015556
         -0.001605        0.001689       -0.019967
         -0.000216        0.004956       -0.020124
          0.003469        0.004624       -0.015187
          0.005402        0.005542       -0.009691
          0.002801        0.009160       -0.008371
         -0.002374        0.012571       -0.009925
         -0.006299        0.013264       -0.009158
         -0.007922        0.011642       -0.005165
         -0.008238        0.009100       -0.002796
         -0.006479        0.006507       -0.004851
         -0.000916        0.005040       -0.007790
          0.006613        0.005741       -0.007409
          0.010761        0.007406       -0.003921
          0.008425        0.007660        0.001212
          0.001894        0.006894        0.008358
         -0.004172        0.007856        0.016118
         -0.006573        0.010307        0.019531
         -0.004512        0.009670        0.016259
          0.000466        0.002986        0.010519
          0.004668       -0.006707        0.006657
          0.004341       -0.014252        0.002746
         -0.000885       -0.018199       -0.004797
         -0.007152       -0.020096       -0.013699
         -0.010363       -0.019851       -0.017919
         -0.010571       -0.015576       -0.015181
         -0.010227       -0.008045       -0.008234
         -0.008957       -0.001894       -0.000384
         -0.004013       -0.000834        0.006306
          0.004289       -0.003492        0.010007
          0.011946       -0.005391        0.010577
          0.016170       -0.004014        0.010948
          0.017110       -0.000715        0.013173
          0.015094        0.001868        0.014512
          0.009948        0.002879        0.011470
          0.003283        0.003253        0.005861
         -0.001409        0.004333        0.002138
         -0.002137        0.008014        0.000040
         -0.000757        0.016114       -0.004794
         -0.000820        0.026421       -0.012431
         -0.003430        0.031423       -0.015978
         -0.006243        0.025344       -0.010581
         -0.006539        0.011320       -0.002101
         -0.004485       -0.002249       -0.001815
         -0.003082       -0.010877       -0.012883
         -0.004690       -0.015653       -0.027132
         -0.007563       -0.017559       -0.035824
         -0.007395       -0.015027       -0.037652
         -0.003232       -0.007752       -0.033882
          0.000735        0.000061       -0.022573
          0.001288        0.002103       -0.003530
          0.000680       -0.004263        0.015653
          0.001691       -0.014860        0.025919
          0.001955       -0.021821        0.027627
         -0.001720       -0.020277        0.028520
         -0.006401       -0.011721        0.031128
         -0.006433       -0.001123        0.029282
         -0.002002        0.007885        0.019271
          0.001665        0.014535        0.007629
          0.002533        0.019006        0.002855
          0.003138        0.020431        0.004419
          0.004020        0.017487        0.005551
          0.002234        0.011056        0.002591
         -0.002084        0.005054       -0.003865
         -0.003501        0.002862       -0.012172
          0.000936        0.003604       -0.018159
          0.006019        0.004102       -0.015907
          0.005219        0.003420       -0.006373
          0.000320        0.002449        0.000467
         -0.001810        0.000588       -0.001215
         -0.000541       -0.002586       -0.004046
         -0.001628       -0.003467        0.000718
         -0.005406        0.001983        0.008853
         -0.004206        0.010698        0.010251
          0.004745        0.014380        0.005299
          0.012624        0.009915        0.003651
          0.010630        0.002413        0.008939
          0.001214       -0.003555        0.014462
         -0.007164       -0.009788        0.014385
         -0.009956       -0.018508        0.010990
         -0.007107       -0.025990        0.008027
         -0.000346       -0.027053        0.003339
          0.006061       -0.022654       -0.006356
          0.007415       -0.017893       -0.016703
          0.004491       -0.014230       -0.018519
          0.002730       -0.008944       -0.009263
          0.004221       -0.002042        0.004139
          0.005502        0.001410        0.014405
          0.004136       -0.002574        0.019577
          0.002221       -0.011721        0.018359
          0.002154       -0.020101        0.007256
          0.003420       -0.023493       -0.012895
          0.004761       -0.020426       -0.032348
          0.006105       -0.010195       -0.039932
          0.007592        0.006448       -0.033750
          0.008992        0.024286       -0.021143
          0.009913        0.034985       -0.009551
          0.009138        0.034091       -0.000839
          0.005055        0.025023        0.006013
         -0.001946        0.014482        0.010834
         -0.009106        0.006287        0.012859
         -0.013958        0.001609        0.013060
         -0.015476        0.001804        0.013026
         -0.013197        0.006830        0.012200
         -0.008239        0.012399        0.008890
         -0.004494        0.012959        0.004066
         -0.005241        0.007723        0.001219
         -0.008840        0.000494        0.001568
         -0.010505       -0.006657        0.002364
         -0.007989       -0.015191        0.001308
         -0.003645       -0.024037       -0.000472
         -0.001307       -0.027170       -0.001589
         -0.002181       -0.021207       -0.003446
         -0.003714       -0.010696       -0.008095
         -0.002350       -0.001249       -0.015637
          0.002662        0.007848       -0.024855
          0.008577        0.018807       -0.033010
          0.012223        0.027492       -0.034178
          0.013013        0.026893       -0.022983
          0.012253        0.016716       -0.002736
          0.010054        0.004747        0.015016
          0.005127       -0.001095        0.022868
         -0.001770        0.000413        0.025108
         -0.007104        0.004739        0.028582
         -0.008806        0.007681        0.030788
         -0.008046        0.009262        0.023973
         -0.005535        0.011026        0.008854
         -0.000440        0.011084       -0.003570
          0.005466        0.005284       -0.005355
          0.007453       -0.006174       -0.001102
          0.003774       -0.016822       -0.001109
         -0.001896       -0.020480       -0.008343
         -0.005125       -0.017206       -0.015519
         -0.004709       -0.011616       -0.014033
         -0.001751       -0.008088       -0.003282
          0.002204       -0.008341        0.009275
          0.005454       -0.010710        0.016038
          0.006486       -0.011363        0.015819
          0.005045       -0.008583        0.012494
          0.002152       -0.004916        0.009456
         -0.001270       -0.003187        0.007782
         -0.004771       -0.003065        0.008416
         -0.007244       -0.003693        0.012398
         -0.007250       -0.005795        0.018161
         -0.004955       -0.008320        0.021125
         -0.001920       -0.007038        0.017527
          0.000961       -0.000038        0.007973
