INSTITUTO GEOFISICO DEL PERU
CENTRO NACIONAL DE MONITOREO SISMICO
Calle Calatrava 216 - La Molina 15023
http://www.igp.gob.pe

1. ESTACION SISMICA
NOMBRE  : Isla San Lorenzo, Callao
CODIGO  : SLN1
LATITUD : -12.076
LONGITUD: -77.235

2. SISMO
FECHA LOCAL     : 2021/01/15
HORA LOCAL      : 18:51:16
LATITUD         : -12.700
LONGITUD        : -77.124
PROFUNDIDAD     : 51.0 km
MAGNITUD        : M4.5
DIST. EPICENTRAL: 70.3 km

3. REGISTRO DE ACELERACION
TIEMPO DE INICIO           : 2021/01/15 23:51:22 UTC
NUMERO DE MUESTRAS         : 16497
MUESTREO                   : 200.0 muestras/segundo
REGISTROS                  : Formato corregido por instrumento
CORRECCION POR LINEA BASE  : Si
UNIDADES                   : cm/s2
REGISTROS POR COMPONENTE   : Z: Vertical  N: Norte-Sur  E: Este-Oeste
PGA                        :    1.7091         4.4296        3.6210

              Z              N              E
          0.000625        0.001107       -0.002905
          0.000546        0.001708       -0.002541
          0.000294        0.002263       -0.001685
         -0.000077        0.002548       -0.000303
         -0.000359        0.002382        0.001221
         -0.000396        0.001955        0.002322
         -0.000349        0.001441        0.002734
         -0.000485        0.000655        0.002463
         -0.000743       -0.000505        0.001554
         -0.000845       -0.001683        0.000228
         -0.000731       -0.002522       -0.001007
         -0.000522       -0.003036       -0.001731
         -0.000164       -0.003239       -0.001930
          0.000405       -0.002906       -0.001805
          0.000901       -0.001945       -0.001478
          0.001010       -0.000668       -0.001036
          0.000889        0.000495       -0.000615
          0.000859        0.001340       -0.000277
          0.000854        0.001805        0.000097
          0.000672        0.001748        0.000603
          0.000457        0.001071        0.001071
          0.000414        0.000066        0.001228
          0.000370       -0.000712        0.001044
          0.000100       -0.001018        0.000682
         -0.000245       -0.001019        0.000192
         -0.000465       -0.000826       -0.000409
         -0.000697       -0.000426       -0.000888
         -0.001088       -0.000057       -0.001011
         -0.001424       -0.000020       -0.000880
         -0.001431       -0.000172       -0.000687
         -0.001197       -0.000170       -0.000365
         -0.000960       -0.000051        0.000159
         -0.000697       -0.000045        0.000660
         -0.000281       -0.000164        0.000876
          0.000112       -0.000351        0.000833
          0.000194       -0.000654        0.000663
          0.000051       -0.000971        0.000358
          0.000002       -0.001044       -0.000062
          0.000063       -0.000762       -0.000387
          0.000005       -0.000185       -0.000480
         -0.000138        0.000590       -0.000508
         -0.000150        0.001381       -0.000644
         -0.000128        0.001980       -0.000766
         -0.000362        0.002333       -0.000657
         -0.000740        0.002436       -0.000257
         -0.000831        0.002196        0.000412
         -0.000566        0.001617        0.001314
         -0.000280        0.000878        0.002252
         -0.000045        0.000101        0.002895
          0.000342       -0.000652        0.003042
          0.000731       -0.001161        0.002767
          0.000726       -0.001200        0.002266
          0.000407       -0.000806        0.001636
          0.000205       -0.000184        0.000898
          0.000140        0.000454        0.000103
         -0.000067        0.000878       -0.000710
         -0.000303        0.000950       -0.001513
         -0.000231        0.000763       -0.002109
          0.000044        0.000472       -0.002180
          0.000166        0.000152       -0.001661
          0.000157       -0.000081       -0.000837
          0.000279       -0.000118       -0.000020
          0.000498       -0.000102        0.000580
          0.000613       -0.000201        0.000733
          0.000670       -0.000232        0.000342
          0.000818        0.000008       -0.000330
          0.000951        0.000286       -0.000931
          0.000845        0.000363       -0.001427
          0.000538        0.000454       -0.001919
          0.000281        0.000664       -0.002279
          0.000194        0.000590       -0.002298
          0.000165        0.000088       -0.002011
          0.000112       -0.000351       -0.001540
          0.000131       -0.000512       -0.000886
          0.000272       -0.000804       -0.000135
          0.000406       -0.001272        0.000454
          0.000457       -0.001379        0.000744
          0.000547       -0.001057        0.000852
          0.000695       -0.000888        0.000929
          0.000624       -0.000988        0.000991
          0.000132       -0.000849        0.000937
         -0.000588       -0.000429        0.000684
         -0.001237       -0.000242        0.000312
         -0.001698       -0.000319        0.000034
         -0.001858       -0.000184       -0.000041
         -0.001549        0.000112        0.000059
         -0.000902        0.000034        0.000375
         -0.000385       -0.000391        0.000954
         -0.000318       -0.000555        0.001562
         -0.000606       -0.000261        0.001823
         -0.000971        0.000132        0.001728
         -0.001160        0.000456        0.001602
         -0.000970        0.000802        0.001518
         -0.000364        0.000889        0.001203
          0.000394        0.000178        0.000603
          0.000869       -0.001256       -0.000004
          0.000793       -0.002624       -0.000553
          0.000281       -0.003285       -0.001228
         -0.000300       -0.003188       -0.001806
         -0.000660       -0.002434       -0.001679
         -0.000730       -0.001072       -0.000768
         -0.000545        0.000479        0.000265
         -0.000219        0.001445        0.000919
         -0.000013        0.001482        0.001330
         -0.000172        0.000967        0.001578
         -0.000601        0.000329        0.001319
         -0.000958       -0.000319        0.000510
         -0.001071       -0.000796       -0.000223
         -0.001015       -0.000797       -0.000506
         -0.000812       -0.000349       -0.000746
         -0.000403        0.000238       -0.001156
          0.000044        0.000811       -0.001157
          0.000250        0.001359       -0.000439
          0.000262        0.001749        0.000354
          0.000361        0.001845        0.000656
          0.000527        0.001662        0.000718
          0.000502        0.001223        0.000747
          0.000332        0.000557        0.000349
          0.000299       -0.000103       -0.000602
          0.000378       -0.000508       -0.001397
          0.000363       -0.000723       -0.001419
          0.000392       -0.000903       -0.000992
          0.000735       -0.000964       -0.000704
          0.001225       -0.000871       -0.000463
          0.001458       -0.000879        0.000064
          0.001380       -0.001022        0.000558
          0.001131       -0.000884        0.000492
          0.000622       -0.000293        0.000138
         -0.000214        0.000339        0.000129
         -0.001025        0.000710        0.000281
         -0.001350        0.000958       -0.000038
         -0.001116        0.001043       -0.000609
         -0.000554        0.000627       -0.000658
          0.000132       -0.000203       -0.000250
          0.000792       -0.000862       -0.000084
          0.001230       -0.001083       -0.000114
          0.001271       -0.001112        0.000263
          0.000937       -0.001040        0.000873
          0.000466       -0.000683        0.000996
          0.000085       -0.000175        0.000713
         -0.000227        0.000044        0.000712
         -0.000603       -0.000110        0.000981
         -0.000962       -0.000340        0.000856
         -0.001102       -0.000527        0.000283
         -0.001051       -0.000764       -0.000068
         -0.000944       -0.000953        0.000042
         -0.000693       -0.000868        0.000135
         -0.000165       -0.000488        0.000076
          0.000449        0.000045        0.000405
          0.000830        0.000644        0.001208
          0.000928        0.001239        0.001701
          0.000881        0.001669        0.001454
          0.000678        0.001769        0.000989
          0.000195        0.001504        0.000666
         -0.000518        0.000997        0.000073
         -0.001174        0.000474       -0.000954
         -0.001561        0.000130       -0.001768
         -0.001706       -0.000000       -0.001906
         -0.001613       -0.000016       -0.001725
         -0.001088       -0.000037       -0.001567
         -0.000131       -0.000178       -0.001169
          0.000831       -0.000505       -0.000385
          0.001426       -0.000919        0.000240
          0.001724       -0.001191        0.000209
          0.001852       -0.001136       -0.000192
          0.001674       -0.000701       -0.000444
          0.001148        0.000031       -0.000592
          0.000535        0.000841       -0.000923
         -0.000009        0.001501       -0.001240
         -0.000624        0.001893       -0.001133
         -0.001345        0.001968       -0.000727
         -0.001905        0.001695       -0.000448
         -0.002071        0.001158       -0.000210
         -0.001873        0.000531        0.000372
         -0.001434       -0.000100        0.001079
         -0.000803       -0.000680        0.001262
         -0.000046       -0.001028        0.000856
          0.000641       -0.000980        0.000379
          0.001024       -0.000605        0.000055
          0.001043       -0.000112       -0.000213
          0.000840        0.000287       -0.000197
          0.000543        0.000385        0.000411
          0.000164        0.000063        0.001260
         -0.000247       -0.000613        0.001664
         -0.000520       -0.001394        0.001508
         -0.000580       -0.001904        0.001176
         -0.000546       -0.001866        0.000870
         -0.000497       -0.001358        0.000607
         -0.000334       -0.000659        0.000581
          0.000007        0.000061        0.000943
          0.000418        0.000653        0.001515
          0.000777        0.000887        0.002061
          0.001053        0.000783        0.002544
          0.001188        0.000710        0.002921
          0.001024        0.000878        0.003009
          0.000493        0.001113        0.002650
         -0.000230        0.001276        0.001789
         -0.000861        0.001426        0.000492
         -0.001222        0.001455       -0.000934
         -0.001263        0.001134       -0.002028
         -0.000993        0.000605       -0.002526
         -0.000518        0.000303       -0.002545
         -0.000036        0.000332       -0.002396
          0.000330        0.000417       -0.002337
          0.000632        0.000430       -0.002483
          0.000925        0.000470       -0.002770
          0.001153        0.000452       -0.002878
          0.001243        0.000154       -0.002380
          0.001168       -0.000326       -0.001188
          0.000924       -0.000646        0.000252
          0.000593       -0.000773        0.001354
          0.000381       -0.000973        0.001830
          0.000402       -0.001249        0.001663
          0.000522       -0.001352        0.000955
          0.000537       -0.001329       -0.000058
          0.000390       -0.001435       -0.000997
          0.000105       -0.001585       -0.001557
         -0.000290       -0.001467       -0.001705
         -0.000613       -0.001082       -0.001554
         -0.000590       -0.000643       -0.001065
         -0.000244       -0.000151       -0.000124
          0.000049        0.000493        0.001038
          0.000048        0.001122        0.001823
         -0.000123        0.001449        0.001852
         -0.000305        0.001419        0.001241
         -0.000485        0.001172        0.000255
         -0.000573        0.000826       -0.000840
         -0.000420        0.000444       -0.001578
         -0.000153        0.000104       -0.001526
         -0.000123       -0.000019       -0.000844
         -0.000372        0.000278       -0.000140
         -0.000514        0.000894        0.000220
         -0.000293        0.001420        0.000336
          0.000103        0.001708        0.000455
          0.000447        0.001957        0.000755
          0.000720        0.002080        0.001305
          0.000795        0.001780        0.001976
          0.000410        0.001299        0.002487
         -0.000304        0.001148        0.002560
         -0.000794        0.001183        0.002040
         -0.000763        0.000915        0.001007
         -0.000442        0.000473       -0.000149
         -0.000108        0.000312       -0.001088
          0.000189        0.000363       -0.001910
          0.000352        0.000345       -0.002783
          0.000186        0.000500       -0.003409
         -0.000208        0.001155       -0.003412
         -0.000387        0.001903       -0.002912
         -0.000107        0.002057       -0.002147
          0.000378        0.001578       -0.001058
          0.000730        0.000851        0.000189
          0.000893       -0.000072        0.000901
          0.000893       -0.001245        0.000680
          0.000631       -0.002232       -0.000022
          0.000126       -0.002542       -0.000622
         -0.000325       -0.002379       -0.001105
         -0.000486       -0.002292       -0.001610
         -0.000470       -0.002366       -0.001938
         -0.000478       -0.002345       -0.001901
         -0.000444       -0.002213       -0.001697
         -0.000210       -0.002078       -0.001504
          0.000154       -0.001789       -0.001042
          0.000478       -0.001198       -0.000007
          0.000774       -0.000601        0.001249
          0.001055       -0.000445        0.001983
          0.001079       -0.000746        0.001978
          0.000592       -0.001155        0.001582
         -0.000289       -0.001432        0.000890
         -0.001186       -0.001512       -0.000259
         -0.001801       -0.001285       -0.001465
         -0.001995       -0.000710       -0.002000
         -0.001698       -0.000025       -0.001889
         -0.000987        0.000480       -0.001689
         -0.000143        0.000741       -0.001360
          0.000503        0.000823       -0.000504
          0.000751        0.000788        0.000586
          0.000613        0.000760        0.001256
          0.000282        0.000802        0.001489
         -0.000026        0.000792        0.001596
         -0.000242        0.000637        0.001459
         -0.000354        0.000400        0.000878
         -0.000276        0.000047        0.000142
         -0.000044       -0.000537       -0.000333
          0.000071       -0.001126       -0.000550
         -0.000059       -0.001267       -0.000786
         -0.000166       -0.000901       -0.001136
          0.000003       -0.000314       -0.001409
          0.000331        0.000448       -0.001439
          0.000651        0.001461       -0.001312
          0.001024        0.002377       -0.001129
          0.001400        0.002716       -0.000770
          0.001442        0.002511       -0.000207
          0.001018        0.002075        0.000223
          0.000464        0.001402        0.000264
          0.000117        0.000374        0.000173
         -0.000063       -0.000725        0.000320
         -0.000193       -0.001412        0.000660
         -0.000211       -0.001598        0.000991
         -0.000115       -0.001551        0.001374
         -0.000127       -0.001359        0.001867
         -0.000384       -0.000909        0.002214
         -0.000694       -0.000412        0.002231
         -0.000808       -0.000354        0.002158
         -0.000744       -0.000832        0.002244
         -0.000655       -0.001461        0.002341
         -0.000558       -0.001988        0.002190
         -0.000390       -0.002462        0.001779
         -0.000200       -0.002798        0.001200
         -0.000086       -0.002685        0.000485
         -0.000033       -0.002037       -0.000261
          0.000030       -0.001165       -0.000820
          0.000073       -0.000352       -0.001063
          0.000007        0.000485       -0.001032
         -0.000151        0.001454       -0.000841
         -0.000248        0.002282       -0.000638
         -0.000166        0.002611       -0.000549
          0.000038        0.002525       -0.000599
          0.000192        0.002319       -0.000744
          0.000179        0.001975       -0.000975
          0.000005        0.001404       -0.001210
         -0.000246        0.000933       -0.001237
         -0.000452        0.000945       -0.000951
         -0.000436        0.001247       -0.000507
         -0.000050        0.001380       -0.000091
          0.000610        0.001319        0.000245
          0.001185        0.001300        0.000427
          0.001394        0.001259        0.000316
          0.001281        0.001022       -0.000055
          0.001028        0.000786       -0.000415
          0.000736        0.000835       -0.000534
          0.000481        0.001023       -0.000390
          0.000370        0.001016       -0.000036
          0.000360        0.000795        0.000474
          0.000233        0.000520        0.001002
         -0.000109        0.000138        0.001389
         -0.000474       -0.000494        0.001589
         -0.000600       -0.001265        0.001656
         -0.000414       -0.001916        0.001652
         -0.000026       -0.002342        0.001649
          0.000448       -0.002545        0.001720
          0.000930       -0.002480        0.001885
          0.001286       -0.002122        0.002108
          0.001348       -0.001587        0.002314
          0.001108       -0.001069        0.002370
          0.000758       -0.000752        0.002126
          0.000443       -0.000720        0.001535
          0.000124       -0.000887        0.000747
         -0.000208       -0.001066        0.000017
         -0.000405       -0.001162       -0.000429
         -0.000399       -0.001165       -0.000453
         -0.000366       -0.001003       -0.000088
         -0.000439       -0.000659        0.000385
         -0.000456       -0.000370        0.000607
         -0.000218       -0.000358        0.000401
          0.000190       -0.000435       -0.000172
          0.000561       -0.000251       -0.000874
          0.000803        0.000234       -0.001364
          0.000832        0.000879       -0.001434
          0.000453        0.001674       -0.001202
         -0.000390        0.002512       -0.000944
         -0.001358        0.002954       -0.000838
         -0.001937        0.002688       -0.000950
         -0.001919        0.001984       -0.001240
         -0.001493        0.001286       -0.001466
         -0.000879        0.000676       -0.001369
         -0.000172        0.000152       -0.000979
          0.000429       -0.000058       -0.000526
          0.000653        0.000106       -0.000138
          0.000561        0.000329        0.000147
          0.000520        0.000461        0.000262
          0.000639        0.000657        0.000274
          0.000674        0.000885        0.000427
          0.000566        0.000885        0.000770
          0.000546        0.000627        0.001033
          0.000660        0.000268        0.001017
          0.000728       -0.000167        0.000772
          0.000750       -0.000643        0.000333
          0.000877       -0.000943       -0.000311
          0.001019       -0.000922       -0.000929
          0.000931       -0.000670       -0.001174
          0.000632       -0.000322       -0.001040
          0.000375        0.000051       -0.000817
          0.000230        0.000347       -0.000627
          0.000027        0.000439       -0.000366
         -0.000346        0.000291       -0.000113
         -0.000841       -0.000001       -0.000119
         -0.001425       -0.000304       -0.000366
         -0.002068       -0.000549       -0.000562
         -0.002560       -0.000686       -0.000636
         -0.002618       -0.000621       -0.000824
         -0.002191       -0.000354       -0.001148
         -0.001489       -0.000100       -0.001280
         -0.000756       -0.000012       -0.001066
         -0.000152        0.000049       -0.000723
          0.000237        0.000234       -0.000326
          0.000397        0.000435        0.000385
          0.000423        0.000541        0.001364
          0.000476        0.000587        0.002022
          0.000610        0.000446        0.002002
          0.000660       -0.000135        0.001649
          0.000445       -0.001029        0.001338
          0.000009       -0.001767        0.000986
         -0.000504       -0.002098        0.000576
         -0.001002       -0.002033        0.000491
         -0.001310       -0.001529        0.000837
         -0.001177       -0.000634        0.001064
         -0.000615        0.000312        0.000763
          0.000085        0.000967        0.000318
          0.000721        0.001260        0.000249
          0.001242        0.001246        0.000433
          0.001508        0.000925        0.000506
          0.001360        0.000291        0.000534
          0.000877       -0.000587        0.000590
          0.000308       -0.001518        0.000161
         -0.000221       -0.002282       -0.001192
         -0.000739       -0.002766       -0.002928
         -0.001172       -0.002877       -0.004103
         -0.001309       -0.002422       -0.004541
         -0.001112       -0.001402       -0.004594
         -0.000774       -0.000223       -0.004187
         -0.000362        0.000781       -0.003065
          0.000221        0.001665       -0.001639
          0.000809        0.002393       -0.000554
          0.000974        0.002675        0.000324
          0.000596        0.002523        0.001527
         -0.000053        0.002272        0.002820
         -0.000800        0.001921        0.003417
         -0.001610        0.001187        0.003175
         -0.002179        0.000201        0.002610
         -0.002140       -0.000568        0.001855
         -0.001639       -0.001000        0.000650
         -0.001149       -0.001293       -0.000716
         -0.000804       -0.001379       -0.001527
         -0.000455       -0.000989       -0.001725
         -0.000171       -0.000253       -0.001877
         -0.000116        0.000312       -0.002019
         -0.000117        0.000473       -0.001582
          0.000087        0.000419       -0.000481
          0.000341        0.000218        0.000694
          0.000325       -0.000304        0.001631
          0.000064       -0.000954        0.002469
         -0.000230       -0.001118        0.003044
         -0.000589       -0.000592        0.002878
         -0.001124        0.000119        0.001990
         -0.001639        0.000577        0.000978
         -0.001811        0.000857        0.000232
         -0.001614        0.000977       -0.000342
         -0.001232        0.000644       -0.000808
         -0.000650       -0.000105       -0.000937
          0.000240       -0.000656       -0.000606
          0.001188       -0.000594       -0.000096
          0.001714       -0.000241        0.000249
          0.001696       -0.000086        0.000416
          0.001381       -0.000103        0.000493
          0.000908       -0.000069        0.000310
          0.000321       -0.000184       -0.000281
         -0.000072       -0.000722       -0.000976
          0.000086       -0.001290       -0.001324
          0.000670       -0.001256       -0.001330
          0.001248       -0.000769       -0.001302
          0.001658       -0.000446       -0.001289
          0.001988       -0.000241       -0.001114
          0.002191        0.000293       -0.000828
          0.002144        0.000881       -0.000619
          0.001923        0.000871       -0.000358
          0.001679        0.000423        0.000207
          0.001374        0.000196        0.000896
          0.000878        0.000181        0.001277
          0.000236       -0.000089        0.001313
         -0.000286       -0.000517        0.001243
         -0.000425       -0.000623        0.001027
         -0.000170       -0.000489        0.000532
          0.000307       -0.000628       -0.000005
          0.000901       -0.001034       -0.000314
          0.001522       -0.001140       -0.000519
          0.001884       -0.000746       -0.000773
          0.001744       -0.000252       -0.000921
          0.001243        0.000145       -0.000844
          0.000681        0.000734       -0.000681
          0.000108        0.001551       -0.000532
         -0.000505        0.002078       -0.000287
         -0.000948        0.001991        0.000122
         -0.001026        0.001598        0.000574
         -0.000905        0.001232        0.000922
         -0.000855        0.000778        0.001142
         -0.000886        0.000149        0.001170
         -0.000880       -0.000297        0.000765
         -0.000872       -0.000210       -0.000160
         -0.000924        0.000248       -0.001211
         -0.000915        0.000687       -0.001841
         -0.000733        0.001004       -0.001840
         -0.000525        0.001331       -0.001260
         -0.000520        0.001616       -0.000171
         -0.000717        0.001619        0.001112
         -0.000942        0.001359        0.001954
         -0.001088        0.001203        0.001968
         -0.001130        0.001282        0.001406
         -0.000992        0.001161        0.000688
         -0.000617        0.000461       -0.000090
         -0.000114       -0.000562       -0.000916
          0.000323       -0.001453       -0.001563
          0.000592       -0.002120       -0.001902
          0.000690       -0.002470       -0.002157
          0.000667       -0.002075       -0.002472
          0.000604       -0.000805       -0.002559
          0.000566        0.000667       -0.002170
          0.000601        0.001518       -0.001558
          0.000806        0.001579       -0.001002
          0.001257        0.001117       -0.000303
          0.001804        0.000276        0.000773
          0.002152       -0.000839        0.001969
          0.002181       -0.001777        0.002919
          0.001915       -0.001997        0.003598
          0.001295       -0.001544        0.003969
          0.000356       -0.000987        0.003673
         -0.000517       -0.000578        0.002571
         -0.000935       -0.000054        0.001228
         -0.000976        0.000618        0.000360
         -0.000932        0.001065        0.000098
         -0.000836        0.001191        0.000178
         -0.000614        0.001270        0.000502
         -0.000423        0.001309        0.001050
         -0.000417        0.001045        0.001508
         -0.000417        0.000530        0.001525
         -0.000194        0.000175        0.001228
          0.000092        0.000226        0.000986
          0.000143        0.000531        0.000746
          0.000004        0.000811        0.000155
         -0.000112        0.000966       -0.000684
         -0.000264        0.001049       -0.001202
         -0.000607        0.001009       -0.001177
         -0.000993        0.000723       -0.000947
         -0.001188        0.000359       -0.000698
         -0.001275        0.000325       -0.000266
         -0.001408        0.000642        0.000174
         -0.001423        0.000823        0.000044
         -0.001079        0.000552       -0.000678
         -0.000452       -0.000022       -0.001255
          0.000201       -0.000810       -0.001303
          0.000729       -0.001888       -0.001277
          0.001029       -0.002946       -0.001486
          0.000958       -0.003347       -0.001597
          0.000506       -0.002873       -0.001524
         -0.000092       -0.001888       -0.001766
         -0.000530       -0.000808       -0.002368
         -0.000671        0.000119       -0.002573
         -0.000574        0.000611       -0.002049
         -0.000373        0.000390       -0.001447
         -0.000166       -0.000474       -0.001233
          0.000023       -0.001502       -0.001033
          0.000184       -0.002181       -0.000615
          0.000288       -0.002325       -0.000445
          0.000356       -0.002035       -0.000702
          0.000447       -0.001446       -0.000774
          0.000536       -0.000665       -0.000302
          0.000534        0.000120        0.000207
          0.000488        0.000680        0.000335
          0.000538        0.000969        0.000436
          0.000640        0.001179        0.000820
          0.000595        0.001430        0.001067
          0.000361        0.001572        0.000799
          0.000050        0.001470        0.000436
         -0.000344        0.001277        0.000469
         -0.000831        0.001162        0.000628
         -0.001152        0.000972        0.000527
         -0.001046        0.000546        0.000459
         -0.000659        0.000095        0.000766
         -0.000269       -0.000148        0.001097
          0.000124       -0.000334        0.001069
          0.000519       -0.000562        0.001012
          0.000637       -0.000518        0.001343
          0.000349       -0.000040        0.001786
         -0.000059        0.000508        0.001830
         -0.000395        0.000833        0.001461
         -0.000808        0.001029        0.000889
         -0.001287        0.001121        0.000013
         -0.001477        0.000972       -0.001258
         -0.001230        0.000703       -0.002447
         -0.000802        0.000576       -0.002898
         -0.000341        0.000589       -0.002554
          0.000287        0.000576       -0.001841
          0.001029        0.000464       -0.000974
          0.001526        0.000203        0.000018
          0.001631       -0.000242        0.000834
          0.001563       -0.000746        0.001118
          0.001427       -0.001184        0.000993
          0.001033       -0.001630        0.000830
          0.000348       -0.002115        0.000685
         -0.000336       -0.002459        0.000398
         -0.000822       -0.002572        0.000048
         -0.001218       -0.002530       -0.000108
         -0.001583       -0.002226       -0.000014
         -0.001687       -0.001501        0.000175
         -0.001334       -0.000664        0.000350
         -0.000694       -0.000256        0.000527
         -0.000072       -0.000367        0.000689
          0.000492       -0.000734        0.000731
          0.001070       -0.001205        0.000664
          0.001437       -0.001596        0.000752
          0.001264       -0.001484        0.001175
          0.000681       -0.000686        0.001660
          0.000162        0.000385        0.001792
         -0.000165        0.001198        0.001554
         -0.000496        0.001632        0.001117
         -0.000701        0.001774        0.000428
         -0.000421        0.001583       -0.000452
          0.000171        0.001121       -0.001021
          0.000473        0.000741       -0.001000
          0.000383        0.000702       -0.000797
          0.000326        0.000853       -0.000798
          0.000352        0.001008       -0.000825
          0.000105        0.001292       -0.000741
         -0.000304        0.001824       -0.000782
         -0.000386        0.002372       -0.000932
         -0.000234        0.002687       -0.000776
         -0.000414        0.002846       -0.000296
         -0.000915        0.002918       -0.000010
         -0.001188        0.002642       -0.000153
         -0.001136        0.001872       -0.000458
         -0.001095        0.000951       -0.000816
         -0.000987        0.000219       -0.001402
         -0.000439       -0.000381       -0.002089
          0.000411       -0.000852       -0.002448
          0.001071       -0.000889       -0.002394
          0.001466       -0.000432       -0.002202
          0.001872        0.000061       -0.001907
          0.002235        0.000239       -0.001264
          0.002174        0.000255       -0.000318
          0.001625        0.000240        0.000509
          0.000943       -0.000067        0.000937
          0.000354       -0.000753        0.001048
         -0.000206       -0.001418        0.000934
         -0.000681       -0.001853        0.000483
         -0.000823       -0.002339       -0.000261
         -0.000639       -0.002883       -0.000852
         -0.000427       -0.002992       -0.000913
         -0.000290       -0.002540       -0.000580
         -0.000030       -0.001995       -0.000079
          0.000451       -0.001588        0.000746
          0.000991       -0.001152        0.001928
          0.001391       -0.000784        0.002890
          0.001563       -0.000756        0.003151
          0.001423       -0.000846        0.003008
          0.000884       -0.000539        0.002882
          0.000060        0.000200        0.002681
         -0.000707        0.000986        0.002395
         -0.001134        0.001598        0.002432
         -0.001174        0.002001        0.002796
         -0.000905        0.002084        0.002781
         -0.000457        0.001813        0.001950
         -0.000004        0.001444        0.000632
          0.000345        0.001303       -0.000731
          0.000600        0.001445       -0.001925
          0.000749        0.001619       -0.002606
          0.000716        0.001550       -0.002341
          0.000501        0.001205       -0.001181
          0.000196        0.000722        0.000252
         -0.000137        0.000191        0.001302
         -0.000448       -0.000299        0.001716
         -0.000611       -0.000512        0.001570
         -0.000518       -0.000303        0.000963
         -0.000230        0.000098       -0.000019
          0.000073        0.000398       -0.001063
          0.000303        0.000642       -0.001708
          0.000526        0.000944       -0.001810
          0.000756        0.001150       -0.001565
          0.000862        0.001140       -0.001027
          0.000783        0.001007       -0.000110
          0.000648        0.000725        0.000877
          0.000535        0.000122        0.001337
          0.000308       -0.000727        0.001135
         -0.000074       -0.001531        0.000633
         -0.000366       -0.002107        0.000032
         -0.000404       -0.002333       -0.000680
         -0.000397       -0.002034       -0.001255
         -0.000550       -0.001252       -0.001367
         -0.000712       -0.000358       -0.001147
         -0.000701        0.000291       -0.000968
         -0.000655        0.000528       -0.000855
         -0.000702        0.000184       -0.000550
         -0.000619       -0.000827        0.000016
         -0.000239       -0.002197        0.000698
          0.000132       -0.003388        0.001378
          0.000136       -0.004063        0.001981
         -0.000104       -0.004097        0.002321
         -0.000294       -0.003400        0.002139
         -0.000494       -0.002065        0.001360
         -0.000865       -0.000527        0.000274
         -0.001170        0.000721       -0.000721
         -0.001071        0.001490       -0.001490
         -0.000727        0.001854       -0.002046
         -0.000528        0.001913       -0.002211
         -0.000435        0.001767       -0.001827
         -0.000162        0.001582       -0.001154
          0.000170        0.001480       -0.000604
          0.000210        0.001432       -0.000224
          0.000029        0.001372        0.000112
         -0.000045        0.001290        0.000277
         -0.000055        0.001227        0.000126
         -0.000255        0.001254       -0.000109
         -0.000517        0.001360       -0.000125
         -0.000502        0.001365       -0.000030
         -0.000254        0.001133       -0.000107
         -0.000105        0.000763       -0.000259
         -0.000109        0.000375       -0.000135
         -0.000022       -0.000070        0.000327
          0.000241       -0.000523        0.000913
          0.000507       -0.000740        0.001593
          0.000691       -0.000659        0.002452
          0.000891       -0.000561        0.003209
          0.001074       -0.000615        0.003382
          0.000990       -0.000625        0.002982
          0.000587       -0.000471        0.002490
          0.000222       -0.000395        0.002097
          0.000199       -0.000516        0.001532
          0.000375       -0.000566        0.000714
          0.000485       -0.000447       -0.000088
          0.000517       -0.000459       -0.000864
          0.000462       -0.000600       -0.001876
          0.000123       -0.000417       -0.002869
         -0.000494        0.000166       -0.003086
         -0.000994        0.000705       -0.002343
         -0.001100        0.001013       -0.001247
         -0.000935        0.001220       -0.000208
         -0.000654        0.001165        0.000861
         -0.000234        0.000568        0.001772
          0.000259       -0.000352        0.002045
          0.000622       -0.001111        0.001752
          0.000799       -0.001548        0.001413
          0.000876       -0.001738        0.000981
          0.000824       -0.001626       -0.000079
          0.000541       -0.001156       -0.001692
          0.000075       -0.000529       -0.003105
         -0.000420        0.000005       -0.003894
         -0.000830        0.000426       -0.004148
         -0.001040        0.000826       -0.003795
         -0.000928        0.001181       -0.002679
         -0.000523        0.001367       -0.001244
         -0.000018        0.001328       -0.000300
          0.000404        0.001115       -0.000086
          0.000639        0.000762       -0.000173
          0.000617        0.000277       -0.000301
          0.000382       -0.000205       -0.000623
          0.000132       -0.000468       -0.001077
          0.000049       -0.000417       -0.001236
          0.000153       -0.000110       -0.001001
          0.000373        0.000356       -0.000765
          0.000598        0.000840       -0.000644
          0.000643        0.001171       -0.000287
          0.000345        0.001248        0.000361
         -0.000234        0.001043        0.000866
         -0.000819        0.000571        0.001077
         -0.001160       -0.000084        0.001331
         -0.001179       -0.000794        0.001713
         -0.000916       -0.001478        0.001786
         -0.000485       -0.002045        0.001286
         -0.000063       -0.002325        0.000530
          0.000173       -0.002193       -0.000115
          0.000176       -0.001696       -0.000633
          0.000072       -0.000975       -0.000917
         -0.000009       -0.000224       -0.000495
         -0.000086        0.000278        0.000709
         -0.000212        0.000334        0.001863
         -0.000291       -0.000002        0.002162
         -0.000220       -0.000562        0.001714
         -0.000091       -0.001188        0.000951
          0.000004       -0.001656       -0.000068
          0.000163       -0.001797       -0.001120
          0.000404       -0.001699       -0.001577
          0.000496       -0.001496       -0.001335
          0.000300       -0.001104       -0.001138
         -0.000025       -0.000430       -0.001512
         -0.000361        0.000395       -0.002140
         -0.000775        0.001254       -0.002549
         -0.001195        0.002164       -0.002724
         -0.001388        0.002974       -0.002763
         -0.001338        0.003334       -0.002537
         -0.001248        0.003151       -0.002092
         -0.001209        0.002675       -0.001912
         -0.001170        0.002058       -0.002235
         -0.001128        0.001279       -0.002466
         -0.001113        0.000489       -0.001906
         -0.001066       -0.000024       -0.000711
         -0.000874       -0.000197        0.000533
         -0.000471       -0.000151        0.001681
          0.000060        0.000118        0.002677
          0.000502        0.000693        0.003008
          0.000704        0.001495        0.002440
          0.000687        0.002272        0.001672
          0.000465        0.002746        0.001362
          0.000027        0.002733        0.001227
         -0.000429        0.002143        0.000832
         -0.000584        0.000975        0.000436
         -0.000412       -0.000547        0.000332
         -0.000185       -0.001906        0.000221
         -0.000033       -0.002590       -0.000087
          0.000102       -0.002482       -0.000161
          0.000175       -0.001842        0.000206
          0.000087       -0.001036        0.000445
         -0.000032       -0.000398        0.000093
          0.000041       -0.000214       -0.000452
          0.000243       -0.000604       -0.000664
          0.000257       -0.001373       -0.000671
         -0.000057       -0.002115       -0.000733
         -0.000531       -0.002520       -0.000629
         -0.001004       -0.002568       -0.000227
         -0.001444       -0.002338        0.000035
         -0.001697       -0.001780       -0.000161
         -0.001517       -0.000852       -0.000414
         -0.000973        0.000207       -0.000277
         -0.000426        0.001066        0.000033
         -0.000016        0.001703        0.000114
          0.000417        0.002204        0.000053
          0.000888        0.002358        0.000153
          0.001178        0.001961        0.000372
          0.001233        0.001307        0.000492
          0.001179        0.000856        0.000567
          0.000947        0.000669        0.000807
          0.000409        0.000627        0.001061
         -0.000196        0.000845        0.000877
         -0.000442        0.001403        0.000239
         -0.000237        0.001936       -0.000253
          0.000220        0.002010       -0.000262
          0.000782        0.001705       -0.000160
          0.001314        0.001358       -0.000203
          0.001597        0.000954       -0.000061
          0.001545        0.000302        0.000367
          0.001365       -0.000415        0.000646
          0.001336       -0.000905        0.000702
          0.001518       -0.001335        0.001042
          0.001715       -0.001974        0.001709
          0.001703       -0.002586        0.001995
          0.001434       -0.002805        0.001456
          0.000951       -0.002750        0.000419
          0.000297       -0.002683       -0.000702
         -0.000322       -0.002512       -0.001832
         -0.000556       -0.002216       -0.002791
         -0.000313       -0.002162       -0.003105
          0.000138       -0.002467       -0.002592
          0.000604       -0.002654       -0.001727
          0.001103       -0.002377       -0.001049
          0.001514       -0.001800       -0.000488
          0.001595       -0.001043        0.000268
          0.001364       -0.000069        0.001013
          0.001028        0.000787        0.001255
          0.000613        0.001067        0.000999
          0.000059        0.000916        0.000611
         -0.000467        0.000811        0.000151
         -0.000757        0.000833       -0.000439
         -0.000863        0.000849       -0.000770
         -0.000875        0.000932       -0.000376
         -0.000686        0.001070        0.000526
         -0.000255        0.001004        0.001245
          0.000254        0.000702        0.001500
          0.000746        0.000552        0.001598
          0.001229        0.000898        0.001715
          0.001562        0.001692        0.001631
          0.001573        0.002602        0.001363
          0.001326        0.003296        0.001313
          0.000945        0.003583        0.001443
          0.000424        0.003374        0.001140
         -0.000145        0.002651        0.000256
         -0.000511        0.001625       -0.000619
         -0.000639        0.000744       -0.001170
         -0.000733        0.000256       -0.001658
         -0.000858       -0.000065       -0.002127
         -0.000906       -0.000399       -0.002236
         -0.000897       -0.000491       -0.001930
         -0.000916       -0.000220       -0.001463
         -0.000893       -0.000004       -0.000843
         -0.000743       -0.000108        0.000130
         -0.000582       -0.000257        0.001368
         -0.000564       -0.000401        0.002400
         -0.000621       -0.000945        0.002761
         -0.000550       -0.001868        0.002434
         -0.000298       -0.002563        0.001826
          0.000022       -0.002775        0.001269
          0.000348       -0.002786        0.000777
          0.000692       -0.002660        0.000458
          0.000959       -0.002157        0.000600
          0.001043       -0.001351        0.001086
          0.001074       -0.000660        0.001392
          0.001266       -0.000282        0.001487
          0.001577       -0.000053        0.001947
          0.001800        0.000144        0.002914
          0.001846        0.000166        0.003798
          0.001671       -0.000102        0.004217
          0.001154       -0.000484        0.004260
          0.000319       -0.000793        0.003703
         -0.000559       -0.001147        0.002112
         -0.001253       -0.001675       -0.000104
         -0.001737       -0.002136       -0.001837
         -0.001984       -0.002201       -0.002600
         -0.001927       -0.001878       -0.002727
         -0.001656       -0.001316       -0.002405
         -0.001363       -0.000489       -0.001582
         -0.001097        0.000557       -0.000677
         -0.000822        0.001479       -0.000314
         -0.000615        0.001964       -0.000420
         -0.000549        0.001972       -0.000475
         -0.000503        0.001557       -0.000469
         -0.000307        0.000803       -0.000772
          0.000013       -0.000045       -0.001319
          0.000306       -0.000721       -0.001734
          0.000530       -0.001092       -0.001978
          0.000687       -0.001011       -0.002163
          0.000637       -0.000342       -0.002058
          0.000288        0.000719       -0.001412
         -0.000084        0.001717       -0.000499
         -0.000104        0.002436        0.000197
          0.000192        0.002872        0.000598
          0.000497        0.002802        0.000857
          0.000723        0.002021        0.000866
          0.000886        0.000890        0.000495
          0.000764       -0.000038        0.000045
          0.000217       -0.000744       -0.000113
         -0.000381       -0.001450       -0.000099
         -0.000570       -0.001962       -0.000182
         -0.000450       -0.001994       -0.000282
         -0.000367       -0.001763       -0.000271
         -0.000276       -0.001622       -0.000330
         -0.000005       -0.001412       -0.000539
          0.000213       -0.000793       -0.000553
          0.000072        0.000044       -0.000033
         -0.000248        0.000604        0.000902
         -0.000423        0.000835        0.001894
         -0.000579        0.001020        0.002739
         -0.000954        0.001074        0.003351
         -0.001305        0.000667        0.003490
         -0.001209        0.000002        0.002896
         -0.000750       -0.000313        0.001764
         -0.000330       -0.000137        0.000638
          0.000005        0.000171       -0.000315
          0.000484        0.000577       -0.001342
          0.000993        0.001395       -0.002295
          0.001147        0.002487       -0.002656
          0.000971        0.003253       -0.002488
          0.000877        0.003458       -0.002363
          0.000903        0.003359       -0.002300
          0.000637        0.003039       -0.001889
          0.000022        0.002295       -0.001326
         -0.000473        0.001249       -0.001116
         -0.000649        0.000436       -0.001020
         -0.000812        0.000182       -0.000506
         -0.001055        0.000320        0.000149
         -0.001019        0.000620        0.000280
         -0.000637        0.001071       -0.000106
         -0.000378        0.001595       -0.000580
         -0.000489        0.001824       -0.001088
         -0.000654        0.001455       -0.001721
         -0.000695        0.000670       -0.002139
         -0.000940       -0.000082       -0.001907
         -0.001559       -0.000647       -0.001233
         -0.002119       -0.001161       -0.000840
         -0.002189       -0.001567       -0.001056
         -0.001916       -0.001624       -0.001504
         -0.001597       -0.001414       -0.001876
         -0.001140       -0.001325       -0.002378
         -0.000440       -0.001418       -0.002997
          0.000123       -0.001350       -0.003191
          0.000162       -0.001046       -0.002855
         -0.000070       -0.000831       -0.002573
         -0.000078       -0.000761       -0.002437
          0.000102       -0.000550       -0.001776
          0.000113       -0.000251       -0.000427
         -0.000027       -0.000254        0.000947
         -0.000021       -0.000558        0.001989
          0.000088       -0.000780        0.002891
          0.000042       -0.000815        0.003504
          0.000019       -0.000853        0.003354
          0.000473       -0.000902        0.002597
          0.001318       -0.000801        0.001979
          0.001960       -0.000587        0.001801
          0.002174       -0.000438        0.001704
          0.002231       -0.000338        0.001451
          0.002189       -0.000105        0.001213
          0.001822        0.000281        0.001027
          0.001258        0.000644        0.000629
          0.000899        0.000893        0.000009
          0.000690        0.001106       -0.000402
          0.000202        0.001313       -0.000351
         -0.000592        0.001386       -0.000105
         -0.001303        0.001216        0.000061
         -0.001759        0.000886        0.000224
         -0.002039        0.000560        0.000406
         -0.002050        0.000279        0.000297
         -0.001637        0.000057       -0.000273
         -0.000969        0.000069       -0.000967
         -0.000393        0.000423       -0.001330
         -0.000039        0.000837       -0.001277
          0.000157        0.000993       -0.000975
          0.000164        0.000995       -0.000478
         -0.000125        0.000985        0.000172
         -0.000620        0.000729        0.000639
         -0.001026        0.000178        0.000511
         -0.001138       -0.000174       -0.000119
         -0.000938       -0.000140       -0.000726
         -0.000421       -0.000244       -0.001089
          0.000362       -0.000703       -0.001398
          0.001102       -0.001044       -0.001608
          0.001414       -0.001157       -0.001463
          0.001262       -0.001465       -0.001155
          0.000927       -0.001760       -0.001088
          0.000613       -0.001271       -0.001086
          0.000387       -0.000123       -0.000730
          0.000360        0.000752       -0.000185
          0.000551        0.001133        0.000159
          0.000688        0.001453        0.000420
          0.000498        0.001487        0.000848
          0.000088        0.000684        0.001281
         -0.000251       -0.000492        0.001533
         -0.000442       -0.001024        0.001776
         -0.000512       -0.000869        0.002157
         -0.000329       -0.000728        0.002470
          0.000177       -0.000646        0.002497
          0.000734       -0.000162        0.002368
          0.001018        0.000441        0.002328
          0.000992        0.000446        0.002343
          0.000721        0.000053        0.002194
          0.000148        0.000022        0.001842
         -0.000708        0.000207        0.001351
         -0.001539       -0.000131        0.000588
         -0.001944       -0.000852       -0.000556
         -0.001786       -0.001182       -0.001745
         -0.001207       -0.001082       -0.002447
         -0.000386       -0.001032       -0.002510
          0.000535       -0.000893       -0.002129
          0.001275       -0.000273       -0.001431
          0.001480        0.000440       -0.000464
          0.001125        0.000567        0.000515
          0.000566        0.000199        0.001146
          0.000090       -0.000155        0.001372
         -0.000314       -0.000414        0.001449
         -0.000679       -0.000727        0.001488
         -0.000921       -0.001017        0.001307
         -0.001035       -0.001200        0.000850
         -0.001131       -0.001450        0.000368
         -0.001192       -0.001945       -0.000043
         -0.001019       -0.002593       -0.000661
         -0.000459       -0.003089       -0.001562
          0.000394       -0.003138       -0.002330
          0.001271       -0.002627       -0.002671
          0.001942       -0.001651       -0.002741
          0.002352       -0.000445       -0.002555
          0.002453        0.000734       -0.001819
          0.002065        0.001698       -0.000688
          0.001175        0.002263        0.000158
          0.000183        0.002244        0.000422
         -0.000540        0.001732        0.000373
         -0.001062        0.001141        0.000114
         -0.001458        0.000732       -0.000476
         -0.001445        0.000399       -0.001110
         -0.000898        0.000146       -0.001264
         -0.000194        0.000235       -0.000869
          0.000386        0.000605       -0.000173
          0.001029        0.000764        0.000821
          0.001800        0.000572        0.002183
          0.002319        0.000468        0.003570
          0.002306        0.000618        0.004467
          0.001924        0.000594        0.004712
          0.001355        0.000209        0.004431
          0.000526       -0.000184        0.003656
         -0.000515       -0.000541        0.002404
         -0.001315       -0.001272        0.000988
         -0.001436       -0.002290       -0.000109
         -0.000995       -0.002871       -0.000731
         -0.000399       -0.002662       -0.001065
          0.000210       -0.001948       -0.001153
          0.000806       -0.000966       -0.000855
          0.001093        0.000243       -0.000370
          0.000876        0.001379       -0.000183
          0.000459        0.001910       -0.000351
          0.000182        0.001623       -0.000513
         -0.000039        0.000887       -0.000634
         -0.000353        0.000254       -0.000988
         -0.000653       -0.000105       -0.001434
         -0.000857       -0.000337       -0.001496
         -0.001045       -0.000446       -0.001200
         -0.001194       -0.000360       -0.001069
         -0.001152       -0.000327       -0.001249
         -0.000878       -0.000630       -0.001403
         -0.000467       -0.001031       -0.001483
         -0.000040       -0.001028       -0.001813
          0.000249       -0.000472       -0.002212
          0.000293        0.000417       -0.001958
          0.000147        0.001378       -0.000931
         -0.000077        0.002192        0.000131
         -0.000329        0.002628        0.000813
         -0.000540        0.002516        0.001441
         -0.000594        0.001901        0.002039
         -0.000477        0.001149        0.002035
         -0.000322        0.000702        0.001416
         -0.000238        0.000591        0.001002
         -0.000227        0.000476        0.001118
         -0.000291        0.000212        0.001133
         -0.000498       -0.000063        0.000761
         -0.000829       -0.000390        0.000602
         -0.001056       -0.000924        0.000924
         -0.000947       -0.001412        0.001139
         -0.000537       -0.001387        0.000947
         -0.000004       -0.000871        0.000852
          0.000572       -0.000380        0.001097
          0.001073       -0.000264        0.001127
          0.001196       -0.000488        0.000604
          0.000802       -0.000973        0.000087
          0.000177       -0.001721        0.000137
         -0.000339       -0.002549        0.000402
         -0.000642       -0.003060        0.000253
         -0.000630       -0.003048       -0.000189
         -0.000132       -0.002700       -0.000428
          0.000706       -0.002254       -0.000619
          0.001417       -0.001674       -0.001219
          0.001750       -0.000899       -0.001834
          0.001812       -0.000174       -0.001626
          0.001645        0.000168       -0.000756
          0.001156        0.000099       -0.000116
          0.000496       -0.000145        0.000190
         -0.000015       -0.000371        0.000710
         -0.000342       -0.000537        0.001243
         -0.000649       -0.000641        0.001048
         -0.000850       -0.000562        0.000205
         -0.000762       -0.000141       -0.000537
         -0.000525        0.000483       -0.001036
         -0.000388        0.000940       -0.001720
         -0.000294        0.001261       -0.002463
         -0.000122        0.001878       -0.002540
         -0.000028        0.002722       -0.001754
         -0.000165        0.003137       -0.000786
         -0.000334        0.002982       -0.000184
         -0.000292        0.002762        0.000295
         -0.000112        0.002468        0.000891
          0.000024        0.001545        0.001127
          0.000153        0.000233        0.000661
          0.000330       -0.000432        0.000081
          0.000351       -0.000265       -0.000058
          0.000030       -0.000193       -0.000195
         -0.000392       -0.000589       -0.000751
         -0.000510       -0.000783       -0.001112
         -0.000319       -0.000639       -0.000672
         -0.000081       -0.001009        0.000093
          0.000196       -0.002032        0.000544
          0.000577       -0.002641        0.000850
          0.000714       -0.002464        0.001202
          0.000268       -0.002444        0.001107
         -0.000424       -0.002871        0.000258
         -0.000816       -0.002689       -0.000727
         -0.000908       -0.001473       -0.001135
         -0.000888       -0.000207       -0.001088
         -0.000568        0.000522       -0.001077
          0.000135        0.001317       -0.001088
          0.000777        0.002386       -0.000833
          0.000979        0.002871       -0.000438
          0.000866        0.002403       -0.000227
          0.000620        0.001888       -0.000065
          0.000147        0.002042        0.000366
         -0.000504        0.002368        0.000807
         -0.000906        0.002284        0.000668
         -0.000735        0.002172       -0.000017
         -0.000134        0.002490       -0.000653
          0.000595        0.002786       -0.001034
          0.001303        0.002497       -0.001432
          0.001821        0.002018       -0.001834
          0.001847        0.002077       -0.001985
          0.001304        0.002581       -0.002070
          0.000530        0.002890       -0.002449
         -0.000064        0.002886       -0.002897
         -0.000303        0.002992       -0.002897
         -0.000164        0.003180       -0.002427
          0.000302        0.002776       -0.001790
          0.000859        0.001587       -0.001021
          0.001148        0.000403       -0.000061
          0.000968       -0.000207        0.000847
          0.000386       -0.000708        0.001436
         -0.000355       -0.001451        0.001779
         -0.000973       -0.001810        0.001998
         -0.001289       -0.001381        0.001954
         -0.001288       -0.000884        0.001541
         -0.001004       -0.000859        0.001013
         -0.000531       -0.000715        0.000725
         -0.000144        0.000008        0.000759
         -0.000075        0.000621        0.001014
         -0.000224        0.000409        0.001414
         -0.000412       -0.000337        0.001830
         -0.000630       -0.001096        0.001996
         -0.000787       -0.001974        0.001769
         -0.000634       -0.003097        0.001388
         -0.000179       -0.003919        0.001244
          0.000265       -0.003829        0.001396
          0.000556       -0.003029        0.001488
          0.000783       -0.002193        0.001211
          0.000929       -0.001466        0.000620
          0.000899       -0.000455       -0.000182
          0.000781        0.000826       -0.001242
          0.000719        0.001757       -0.002307
          0.000684        0.002012       -0.002754
          0.000575        0.001894       -0.002426
          0.000423        0.001577       -0.001879
          0.000365        0.000809       -0.001397
          0.000476       -0.000266       -0.000610
          0.000660       -0.000801        0.000588
          0.000764       -0.000269        0.001660
          0.000778        0.000844        0.002304
          0.000724        0.001793        0.002823
          0.000497        0.002410        0.003257
          0.000093        0.002730        0.003046
         -0.000217        0.002524        0.002053
         -0.000307        0.001752        0.001076
         -0.000448        0.000952        0.000684
         -0.000809        0.000628        0.000464
         -0.001150        0.000585        0.000043
         -0.001269        0.000284       -0.000173
         -0.001256       -0.000402        0.000035
         -0.001083       -0.001162        0.000087
         -0.000551       -0.001770       -0.000303
          0.000157       -0.002182       -0.000493
          0.000475       -0.002226       -0.000067
          0.000228       -0.001660        0.000368
         -0.000191       -0.000604        0.000242
         -0.000502        0.000371       -0.000082
         -0.000789        0.000714       -0.000135
         -0.001004        0.000413       -0.000185
         -0.000931       -0.000052       -0.000552
         -0.000727       -0.000317       -0.000867
         -0.000835       -0.000395       -0.000719
         -0.001260       -0.000192       -0.000473
         -0.001534        0.000592       -0.000677
         -0.001446        0.001672       -0.001032
         -0.001217        0.002083       -0.000858
         -0.000899        0.001451       -0.000307
         -0.000254        0.000484       -0.000087
          0.000618       -0.000289       -0.000186
          0.001236       -0.001093        0.000008
          0.001466       -0.001793        0.000469
          0.001590       -0.001619        0.000673
          0.001583       -0.000602        0.000800
          0.001080        0.000112        0.001484
          0.000133       -0.000021        0.002442
         -0.000762       -0.000281        0.002697
         -0.001371       -0.000209        0.002135
         -0.001798       -0.000306        0.001568
         -0.001943       -0.000671        0.001293
         -0.001568       -0.000545        0.000930
         -0.000846        0.000142        0.000634
         -0.000255        0.000402        0.001025
          0.000074       -0.000092        0.001847
          0.000404       -0.000509        0.002078
          0.000822       -0.000427        0.001523
          0.001089       -0.000319        0.000929
          0.001088       -0.000273        0.000470
          0.000948        0.000257       -0.000438
          0.000664        0.001234       -0.001757
          0.000057        0.001900       -0.002740
         -0.000755        0.001961       -0.003252
         -0.001270        0.001814       -0.003770
         -0.001206        0.001603       -0.004138
         -0.000797        0.001041       -0.003702
         -0.000338        0.000150       -0.002614
          0.000125       -0.000594       -0.001742
          0.000452       -0.000866       -0.001365
          0.000325       -0.000748       -0.001009
         -0.000204       -0.000363       -0.000511
         -0.000623        0.000290       -0.000190
         -0.000657        0.001014        0.000021
         -0.000537        0.001321        0.000584
         -0.000432        0.000909        0.001321
         -0.000197       -0.000027        0.001430
          0.000198       -0.001098        0.000761
          0.000538       -0.002064        0.000048
          0.000801       -0.002801       -0.000334
          0.001230       -0.003198       -0.000677
          0.001829       -0.003267       -0.000925
          0.002232       -0.003224       -0.000563
          0.002197       -0.003248        0.000297
          0.001869       -0.003198        0.000918
          0.001407       -0.002809        0.001166
          0.000731       -0.002113        0.001594
         -0.000155       -0.001313        0.002193
         -0.000931       -0.000473        0.002263
         -0.001365        0.000281        0.001687
         -0.001645        0.000625        0.001104
         -0.001937        0.000566        0.000673
         -0.001991        0.000591       -0.000103
         -0.001622        0.000958       -0.001189
         -0.001136        0.001434       -0.001901
         -0.000828        0.001910       -0.002110
         -0.000545        0.002514       -0.002376
         -0.000155        0.003007       -0.002753
          0.000112        0.002969       -0.002594
          0.000128        0.002605       -0.001782
          0.000168        0.002454       -0.001059
          0.000422        0.002370       -0.000816
          0.000677        0.001793       -0.000581
          0.000739        0.000746       -0.000120
          0.000767       -0.000404        0.000010
          0.000912       -0.001699       -0.000425
          0.000975       -0.003144       -0.000743
          0.000724       -0.004133       -0.000559
          0.000306       -0.004131       -0.000518
          0.000006       -0.003373       -0.001042
         -0.000181       -0.002390       -0.001378
         -0.000362       -0.001363       -0.000811
         -0.000345       -0.000333        0.000179
          0.000060        0.000402        0.000936
          0.000517        0.000502        0.001764
          0.000532        0.000048        0.002908
          0.000146       -0.000545        0.003453
         -0.000298       -0.001063        0.002617
         -0.000772       -0.001584        0.001213
         -0.001296       -0.002024        0.000400
         -0.001500       -0.002043       -0.000042
         -0.001123       -0.001566       -0.000762
         -0.000538       -0.000996       -0.001262
         -0.000174       -0.000656       -0.000894
          0.000061       -0.000388       -0.000374
          0.000301        0.000019       -0.000618
          0.000302        0.000415       -0.001079
         -0.000030        0.000662       -0.000842
         -0.000349        0.001028       -0.000378
         -0.000484        0.001699       -0.000600
         -0.000667        0.002191       -0.001178
         -0.000911        0.001875       -0.001337
         -0.000903        0.000907       -0.001383
         -0.000642       -0.000044       -0.001989
         -0.000451       -0.000756       -0.002763
         -0.000398       -0.001280       -0.002873
         -0.000322       -0.001187       -0.002443
         -0.000264       -0.000052       -0.002140
         -0.000321        0.001552       -0.001859
         -0.000336        0.002581       -0.000953
         -0.000125        0.002764        0.000478
          0.000195        0.002416        0.001577
          0.000388        0.001475        0.001960
          0.000424       -0.000245        0.001994
          0.000433       -0.002182        0.001801
          0.000472       -0.003389        0.001000
          0.000498       -0.003640       -0.000248
          0.000535       -0.003410       -0.000956
          0.000674       -0.002884       -0.000583
          0.000890       -0.001810        0.000309
          0.001048       -0.000370        0.001145
          0.001134        0.000690        0.002108
          0.001276        0.001110        0.003255
          0.001489        0.001416        0.003942
          0.001615        0.001825        0.003834
          0.001530        0.001830        0.003500
          0.001263        0.001307        0.003361
          0.000883        0.000909        0.003030
          0.000354        0.000898        0.002232
         -0.000365        0.000691        0.001362
         -0.001140        0.000012        0.000636
         -0.001757       -0.000556       -0.000360
         -0.002178       -0.000587       -0.001790
         -0.002417       -0.000455       -0.003095
         -0.002267       -0.000474       -0.003787
         -0.001538       -0.000253       -0.003946
         -0.000491        0.000437       -0.003638
          0.000362        0.000911       -0.002602
          0.000788        0.000581       -0.000916
          0.000846       -0.000006        0.000709
          0.000560       -0.000134        0.001724
         -0.000025       -0.000086        0.002242
         -0.000606       -0.000259        0.002446
         -0.000845       -0.000173        0.002140
         -0.000794        0.000487        0.001300
         -0.000776        0.000971        0.000405
         -0.000860        0.000687       -0.000227
         -0.000803        0.000195       -0.000787
         -0.000508        0.000058       -0.001240
         -0.000183       -0.000101       -0.001020
         -0.000002       -0.000567        0.000056
          0.000096       -0.000811        0.001299
          0.000125       -0.000547        0.001983
         -0.000095       -0.000316        0.002013
         -0.000536       -0.000425        0.001447
         -0.000754       -0.000439        0.000134
         -0.000460       -0.000178       -0.001681
          0.000011       -0.000145       -0.003031
          0.000178       -0.000605       -0.003225
          0.000042       -0.001119       -0.002783
         -0.000145       -0.001347       -0.002589
         -0.000373       -0.001473       -0.002560
         -0.000702       -0.001534       -0.002184
         -0.000932       -0.001165       -0.001740
         -0.001006       -0.000415       -0.001564
         -0.001546       -0.000001       -0.000884
         -0.003391       -0.000352        0.000915
         -0.006572       -0.001183        0.002718
         -0.010207       -0.002232        0.003171
         -0.013366       -0.003562        0.002649
         -0.015507       -0.004949        0.002015
         -0.016226       -0.005812        0.000816
         -0.015471       -0.006017       -0.001400
         -0.014276       -0.006063       -0.003400
         -0.014467       -0.006246       -0.003841
         -0.017029       -0.006245       -0.003289
         -0.021044       -0.005745       -0.002892
         -0.024482       -0.004859       -0.002317
         -0.025367       -0.003680       -0.000916
         -0.021965       -0.002052        0.000276
         -0.013200       -0.000165       -0.000079
         -0.000225        0.001171       -0.001093
          0.013076        0.001325       -0.000766
          0.022364        0.000594        0.001126
          0.025443       -0.000246        0.003504
          0.022524       -0.000755        0.006448
          0.015507       -0.000716        0.010436
          0.008042        0.000245        0.013778
          0.004694        0.002061        0.013802
          0.007945        0.003504        0.010454
          0.016045        0.003021        0.006051
          0.024576        0.000282        0.001876
          0.029687       -0.003709       -0.002137
          0.029670       -0.007604       -0.004786
          0.025226       -0.009928       -0.004151
          0.019924       -0.008939       -0.000997
          0.019307       -0.003836        0.001477
          0.027255        0.003788        0.001684
          0.042698        0.010660        0.000608
          0.060326        0.014049       -0.001263
          0.074005        0.012869       -0.004551
          0.079283        0.007476       -0.008043
          0.074465       -0.000263       -0.008639
          0.061270       -0.007010       -0.005354
          0.044092       -0.009648       -0.000539
          0.026797       -0.007622        0.003586
          0.009509       -0.003242        0.006626
         -0.011118        0.000157        0.007582
         -0.038407       -0.000073        0.004247
         -0.072500       -0.005065       -0.003419
         -0.109602       -0.013717       -0.012051
         -0.142817       -0.022581       -0.018460
         -0.163843       -0.027369       -0.022197
         -0.165855       -0.025256       -0.023692
         -0.146620       -0.016141       -0.022696
         -0.109209       -0.002299       -0.020007
         -0.059695        0.012888       -0.018057
         -0.004642        0.026216       -0.017618
          0.049292        0.035604       -0.015581
          0.095105        0.040606       -0.007771
          0.126733        0.042277        0.007102
          0.140754        0.042235        0.027188
          0.136792        0.041481        0.049137
          0.117717        0.040008        0.068102
          0.090339        0.037373        0.077921
          0.064111        0.033282        0.074668
          0.046816        0.027594        0.060595
          0.040935        0.020441        0.042861
          0.043967        0.012906        0.028196
          0.051387        0.007363        0.019970
          0.059591        0.006778        0.018920
          0.067550        0.013331        0.022997
          0.076039        0.026846        0.026370
          0.084194        0.043529        0.022399
          0.086023        0.056122        0.008904
          0.070534        0.056035       -0.011653
          0.026746        0.036694       -0.036703
         -0.048647       -0.002999       -0.065129
         -0.145724       -0.056581       -0.094966
         -0.242066       -0.111297       -0.123159
         -0.310170       -0.152721       -0.147259
         -0.328344       -0.169941       -0.164215
         -0.290428       -0.158764       -0.168039
         -0.209286       -0.122477       -0.152003
         -0.111463       -0.070156       -0.113772
         -0.025886       -0.012711       -0.057227
          0.027704        0.041373        0.009628
          0.046192        0.087635        0.076371
          0.043003        0.123712        0.130820
          0.039476        0.146364        0.161947
          0.052866        0.150695        0.164582
          0.088390        0.132127        0.141019
          0.137279        0.089141        0.098583
          0.179832        0.025869        0.048058
          0.194129       -0.045510        0.003928
          0.167335       -0.105592       -0.018897
          0.101117       -0.134937       -0.012170
          0.008603       -0.123490        0.022032
         -0.091090       -0.074319        0.073150
         -0.177434       -0.000993        0.124291
         -0.233581        0.076425        0.155045
         -0.250172        0.136429        0.149850
         -0.225212        0.163814        0.107003
         -0.162374        0.155362        0.038526
         -0.070619        0.118428       -0.037067
          0.035582        0.065862       -0.100814
          0.136802        0.012246       -0.138341
          0.211361       -0.029736       -0.146068
          0.240880       -0.054286       -0.132747
          0.215655       -0.065293       -0.112604
          0.137384       -0.073614       -0.096833
          0.021717       -0.090217       -0.090324
         -0.100326       -0.119580       -0.092213
         -0.189633       -0.156984       -0.096802
         -0.215048       -0.190067       -0.095421
         -0.166514       -0.202882       -0.080687
         -0.058055       -0.182009       -0.050798
          0.076354       -0.123806       -0.009611
          0.192972       -0.037850        0.036859
          0.256729        0.057249        0.082105
          0.259643        0.141567        0.118075
          0.222959        0.198465        0.136903
          0.179913        0.216321        0.136203
          0.154606        0.191400        0.120506
          0.151125        0.130291        0.096342
          0.153073        0.047010        0.068517
          0.130699       -0.043146        0.041381
          0.057403       -0.125922        0.018762
         -0.069857       -0.187061        0.000140
         -0.223073       -0.214955       -0.019143
         -0.356388       -0.206068       -0.041229
         -0.427003       -0.164575       -0.062742
         -0.409624       -0.096837       -0.080139
         -0.305327       -0.010729       -0.093027
         -0.146135        0.080204       -0.098949
          0.013920        0.158787       -0.090160
          0.123084        0.212770       -0.060802
          0.155091        0.237595       -0.014247
          0.116524        0.231433        0.039580
          0.039749        0.194096        0.088527
         -0.031821        0.131691        0.116219
         -0.062737        0.055830        0.104824
         -0.042556       -0.023815        0.049562
          0.009659       -0.101314       -0.032151
          0.058245       -0.167743       -0.110801
          0.073107       -0.208165       -0.160213
          0.045787       -0.208435       -0.162860
         -0.008839       -0.162502       -0.112721
         -0.061112       -0.072950       -0.023156
         -0.079448        0.049075        0.073399
         -0.045524        0.179846        0.142754
          0.034360        0.284350        0.166975
          0.131876        0.330621        0.146413
          0.212567        0.305739        0.093297
          0.251907        0.218333        0.029613
          0.242305        0.091060       -0.016841
          0.192238       -0.045320       -0.026893
          0.120248       -0.158186       -0.003145
          0.045129       -0.226111        0.033974
         -0.022896       -0.249844        0.060587
         -0.083567       -0.247385        0.057775
         -0.139779       -0.237877        0.015074
         -0.188863       -0.230869       -0.061787
         -0.219991       -0.225167       -0.146281
         -0.220412       -0.209490       -0.202844
         -0.184775       -0.164530       -0.207622
         -0.119810       -0.073541       -0.159134
         -0.042711        0.061903       -0.075629
          0.024868        0.215832        0.011224
          0.066608        0.347557        0.065132
          0.081130        0.416522        0.060891
          0.082039        0.392916       -0.000331
          0.085687        0.267467       -0.090560
          0.097496        0.062362       -0.170836
          0.108733       -0.168088       -0.209515
          0.103451       -0.355787       -0.191923
          0.068325       -0.445413       -0.122396
          0.001098       -0.411586       -0.022174
         -0.084962       -0.263621        0.079313
         -0.164821       -0.044078        0.159455
         -0.213481        0.181486        0.212431
         -0.217336        0.349049        0.244472
         -0.176984        0.422826        0.261841
         -0.102885        0.402552        0.265777
         -0.010812        0.310314        0.255021
          0.080053        0.176290        0.227178
          0.148976        0.031806        0.179201
          0.177861       -0.098500        0.112709
          0.156343       -0.204395        0.038733
          0.084998       -0.285607       -0.027988
         -0.023068       -0.338577       -0.079831
         -0.141204       -0.352888       -0.118360
         -0.232959       -0.321492       -0.147953
         -0.265132       -0.249534       -0.171841
         -0.223404       -0.152724       -0.191487
         -0.118468       -0.052022       -0.203392
          0.018152        0.030221       -0.196935
          0.142395        0.077711       -0.160187
          0.211730        0.091982       -0.089138
          0.205639        0.095643        0.008478
          0.138163        0.117295        0.115163
          0.049526        0.169738        0.208217
         -0.014889        0.241913        0.266534
         -0.022856        0.307310        0.277925
          0.032350        0.336258        0.243300
          0.126367        0.307242        0.176776
          0.212783        0.219737        0.101432
          0.246452        0.099978        0.039904
          0.205114       -0.012590        0.004520
          0.096503       -0.089472       -0.005670
         -0.046878       -0.125190       -0.002007
         -0.179412       -0.131560       -0.002806
         -0.258907       -0.127582       -0.026791
         -0.264102       -0.131546       -0.080609
         -0.204075       -0.150673       -0.150584
         -0.112960       -0.172270       -0.208709
         -0.032376       -0.169487       -0.226416
          0.008492       -0.121218       -0.185393
          0.005044       -0.028378       -0.085729
         -0.022188        0.085230        0.048099
         -0.037900        0.181639        0.172011
         -0.011528        0.219583        0.240759
          0.062218        0.169368        0.227440
          0.157480        0.030368        0.131259
          0.232533       -0.162428       -0.025506
          0.252596       -0.352055       -0.204423
          0.203999       -0.482732       -0.360460
          0.098271       -0.515910       -0.455517
         -0.031275       -0.437966       -0.470768
         -0.143632       -0.265942       -0.408863
         -0.209856       -0.045777       -0.286427
         -0.222378        0.165210       -0.127287
         -0.189116        0.321480        0.040184
         -0.124429        0.400517        0.189559
         -0.044030        0.402276        0.306390
          0.039647        0.346954        0.388605
          0.120493        0.269117        0.435935
          0.195252        0.202079        0.444488
          0.257444        0.161244        0.411355
          0.296506        0.140083        0.336697
          0.301952        0.118065        0.221571
          0.267742        0.071118        0.073509
          0.195095       -0.018459       -0.083823
          0.093787       -0.151386       -0.214661
         -0.019063       -0.303963       -0.288279
         -0.123271       -0.431750       -0.290875
         -0.201219       -0.486654       -0.227253
         -0.242384       -0.438399       -0.121335
         -0.245799       -0.287547       -0.013635
         -0.220018       -0.066336        0.053944
         -0.179662        0.168866        0.059164
         -0.140029        0.353368        0.007883
         -0.113036        0.438113       -0.073701
         -0.104095        0.409676       -0.150935
         -0.109198        0.291315       -0.191394
         -0.116967        0.126931       -0.177674
         -0.116851       -0.036998       -0.116841
         -0.104492       -0.163523       -0.035551
         -0.080020       -0.233563        0.035916
         -0.046768       -0.249009        0.076799
         -0.012244       -0.224712        0.081166
          0.015804       -0.174006        0.058031
          0.035410       -0.102471        0.025496
          0.048572       -0.013766        0.000250
          0.056007        0.084830       -0.009877
          0.059049        0.183782       -0.006833
          0.063843        0.272135        0.001095
          0.078134        0.335711        0.006813
          0.105470        0.361334        0.012079
          0.144894        0.345760        0.025599
          0.192254        0.296392        0.053335
          0.238411        0.222818        0.094553
          0.269316        0.132031        0.144190
          0.272066        0.031011        0.191101
          0.241577       -0.071363        0.217098
          0.181385       -0.165135        0.207842
          0.100169       -0.238609        0.163962
          0.009702       -0.278115        0.095489
         -0.075190       -0.272704        0.010620
         -0.139245       -0.220556       -0.083080
         -0.172242       -0.131109       -0.173831
         -0.171370       -0.022856       -0.251221
         -0.139343        0.080613       -0.311174
         -0.084335        0.155976       -0.348131
         -0.021753        0.185985       -0.348922
          0.029932        0.163212       -0.303041
          0.058671        0.091438       -0.215281
          0.063131       -0.014367       -0.102474
          0.049137       -0.130459        0.017237
          0.025623       -0.229823        0.126495
          0.002088       -0.288636        0.208088
         -0.016188       -0.291601        0.253523
         -0.032494       -0.236278        0.270406
         -0.056095       -0.135770        0.272943
         -0.094098       -0.016694        0.266785
         -0.145326        0.088888        0.249361
         -0.199544        0.153893        0.219930
         -0.239388        0.164489        0.180090
         -0.244124        0.124867        0.128667
         -0.198326        0.057201        0.066649
         -0.103662       -0.006016        0.005335
          0.016706       -0.035448       -0.039496
          0.127324       -0.016692       -0.060948
          0.195832        0.044569       -0.062355
          0.204538        0.124082       -0.048482
          0.156246        0.187127       -0.023998
          0.074043        0.202135        0.001160
         -0.007845        0.154184        0.015245
         -0.059430        0.052237        0.015748
         -0.066536       -0.072192        0.010058
         -0.033113       -0.175044        0.004337
          0.021758       -0.216180       -0.001236
          0.068816       -0.175511       -0.006576
          0.078172       -0.061111       -0.010537
          0.033152        0.092819       -0.017789
         -0.059777        0.236140       -0.038075
         -0.171920        0.319579       -0.074666
         -0.262976        0.314161       -0.119503
         -0.296459        0.223297       -0.161797
         -0.254965        0.079575       -0.194729
         -0.148941       -0.070363       -0.212343
         -0.013223       -0.183354       -0.209069
          0.108022       -0.233565       -0.187493
          0.180201       -0.219325       -0.160200
          0.191744       -0.159514       -0.138679
          0.156392       -0.080851       -0.124182
          0.103593       -0.005292       -0.111679
          0.062167        0.053790       -0.096328
          0.046461        0.088180       -0.072151
          0.051708        0.092077       -0.031741
          0.059328        0.062864        0.025252
          0.049481        0.002261        0.087079
          0.015061       -0.082753        0.139281
         -0.032360       -0.177511        0.176274
         -0.069618       -0.259715        0.200335
         -0.075455       -0.307944        0.214983
         -0.040663       -0.313943        0.224688
          0.027411       -0.286021        0.235206
          0.106011       -0.240421        0.246547
          0.166858       -0.190428        0.248215
          0.191476       -0.140804        0.227070
          0.179291       -0.086664        0.177690
          0.143286       -0.016875        0.101713
          0.101383        0.075746        0.002181
          0.069120        0.182957       -0.115222
          0.052427        0.280241       -0.238104
          0.044447        0.339489       -0.349806
          0.031703        0.343919       -0.434389
          0.003769        0.294213       -0.476382
         -0.042452        0.206923       -0.460267
         -0.103179        0.110097       -0.378567
         -0.168931        0.034360       -0.242834
         -0.226833       -0.000927       -0.083296
         -0.264055        0.003569        0.063700
         -0.270257        0.031277        0.167653
         -0.239236        0.059862        0.210238
         -0.171197        0.068372        0.191483
         -0.074691        0.043277        0.132472
          0.033007       -0.014333        0.064238
          0.128058       -0.087153        0.009487
          0.186850       -0.149999       -0.023633
          0.196116       -0.181589       -0.034571
          0.159178       -0.172729       -0.025948
          0.093688       -0.129607       -0.004082
          0.024011       -0.071250        0.025547
         -0.027848       -0.020670        0.064139
         -0.051005        0.006198        0.115006
         -0.049904        0.008298        0.174697
         -0.039611        0.000641        0.233980
         -0.034760        0.006635        0.284334
         -0.039824        0.044424        0.317280
         -0.046360        0.116493        0.320728
         -0.037964        0.207986        0.283750
         -0.000059        0.290414        0.205377
          0.069037        0.328972        0.095651
          0.150019        0.296438       -0.028907
          0.205037        0.189720       -0.146599
          0.195318        0.036411       -0.232516
          0.104517       -0.115120       -0.269231
         -0.049266       -0.215096       -0.258001
         -0.218737       -0.230707       -0.216211
         -0.344388       -0.158766       -0.165163
         -0.378882       -0.029883       -0.122112
         -0.311404        0.101273       -0.096322
         -0.174753        0.180131       -0.083329
         -0.026568        0.177122       -0.065760
          0.080348        0.096404       -0.027776
          0.119272       -0.032084        0.030973
          0.097514       -0.165687        0.095987
          0.050648       -0.263798        0.145464
          0.021374       -0.306181        0.155961
          0.033258       -0.304176        0.112148
          0.078720       -0.290444        0.019381
          0.128403       -0.293855       -0.095779
          0.151909       -0.321227       -0.198381
          0.136563       -0.355020       -0.256691
          0.095652       -0.360888       -0.249317
          0.061582       -0.302205       -0.174331
          0.065356       -0.161939       -0.054292
          0.113297        0.040105        0.072885
          0.177700        0.252519        0.170168
          0.210611        0.418594        0.211924
          0.172291        0.501605        0.189537
          0.055184        0.493665        0.115919
         -0.109539        0.412415        0.021904
         -0.263941        0.292394       -0.058732
         -0.349397        0.170011       -0.102847
         -0.337137        0.066523       -0.099646
         -0.245081       -0.016676       -0.047632
         -0.127019       -0.085944        0.044517
         -0.041619       -0.141334        0.158274
         -0.023016       -0.174898        0.271768
         -0.066963       -0.177895        0.364783
         -0.133932       -0.146981        0.417150
         -0.167898       -0.088473        0.409896
         -0.126147       -0.022305        0.335158
         -0.004234        0.020741        0.204188
          0.162486        0.013956        0.044402
          0.320620       -0.047311       -0.107898
          0.423921       -0.140610       -0.213031
          0.447199       -0.227316       -0.237717
          0.391641       -0.267964       -0.171231
          0.283991       -0.234529       -0.035611
          0.163285       -0.122495        0.120951
          0.059261        0.040509        0.242749
         -0.018501        0.202317        0.285320
         -0.074499        0.310112        0.228776
         -0.119451        0.331674        0.085727
         -0.167492        0.262212       -0.100170
         -0.227505        0.123951       -0.271640
         -0.289867       -0.037604       -0.385272
         -0.328000       -0.168707       -0.428433
         -0.317947       -0.231075       -0.414900
         -0.254664       -0.215759       -0.372264
         -0.152394       -0.139297       -0.332720
         -0.037901       -0.032742       -0.319792
          0.056676        0.069179       -0.331005
          0.106356        0.141154       -0.337775
          0.109030        0.178882       -0.308074
          0.087974        0.198859       -0.225426
          0.073743        0.224565       -0.089159
          0.082403        0.269178        0.087163
          0.109486        0.325835        0.270782
          0.136739        0.369336        0.416135
          0.140326        0.366954        0.487505
          0.102116        0.293897        0.474638
          0.024891        0.148038        0.388761
         -0.064191       -0.043534        0.255338
         -0.131730       -0.232430        0.113883
         -0.160843       -0.369259        0.009576
         -0.156570       -0.424320       -0.030568
         -0.134675       -0.396584       -0.013519
         -0.108663       -0.309580        0.030721
         -0.082642       -0.200956        0.070050
         -0.049804       -0.108974        0.079546
          0.002313       -0.056669        0.045872
          0.079266       -0.042678       -0.023655
          0.168138       -0.048589       -0.102039
          0.240203       -0.054766       -0.162727
          0.268923       -0.047677       -0.196781
          0.246545       -0.019293       -0.207894
          0.185546        0.029416       -0.199167
          0.110304        0.084165       -0.171007
          0.048250        0.123815       -0.125531
          0.019005        0.131783       -0.066493
          0.022973        0.099368        0.001417
          0.041654        0.025591        0.067943
          0.053312       -0.076878        0.114854
          0.049531       -0.178236        0.125212
          0.039064       -0.242575        0.097897
          0.040027       -0.245359        0.050948
          0.067622       -0.181491        0.009325
          0.121614       -0.063596       -0.010202
          0.178610        0.080886       -0.005850
          0.197634        0.215191        0.008986
          0.141622        0.307084        0.009373
          0.003108        0.343536       -0.029648
         -0.183848        0.331999       -0.115266
         -0.354123        0.289454       -0.227521
         -0.439370        0.233142       -0.328913
         -0.400794        0.177278       -0.383540
         -0.252012        0.129787       -0.369360
         -0.058622        0.089976       -0.281765
          0.089813        0.053160       -0.135772
          0.123883        0.018463        0.035764
          0.030825       -0.009782        0.194940
         -0.137858       -0.027724        0.314971
         -0.292015       -0.037376        0.385169
         -0.347534       -0.046938        0.406187
         -0.267371       -0.066899        0.387570
         -0.079181       -0.104499        0.347549
          0.138913       -0.158691        0.306831
          0.296962       -0.217340        0.279508
          0.335431       -0.259126        0.270021
          0.249131       -0.262072        0.273948
          0.082741       -0.215461        0.276723
         -0.096145       -0.126388        0.254857
         -0.229658       -0.015998        0.185446
         -0.290719        0.089386        0.058855
         -0.285390        0.165422       -0.112917
         -0.241135        0.196220       -0.294426
         -0.189535        0.181899       -0.434438
         -0.150837        0.140375       -0.484943
         -0.127691        0.097480       -0.422500
         -0.111265        0.073091       -0.259163
         -0.091972        0.074408       -0.041024
         -0.063740        0.094754        0.162827
         -0.022004        0.112300        0.283533
          0.036468        0.095009        0.283148
          0.111173        0.018476        0.172068
          0.198197       -0.115157        0.000304
          0.291497       -0.274107       -0.165108
          0.380088       -0.408174       -0.261788
          0.446127       -0.463554       -0.254499
          0.472492       -0.401365       -0.155119
          0.455056       -0.220228       -0.018976
          0.405913        0.033209        0.088218
          0.344564        0.280584        0.123918
          0.287009        0.444645        0.078579
          0.239595        0.476955       -0.027644
          0.196156        0.372983       -0.149104
          0.139578        0.175240       -0.232170
          0.053033       -0.041911       -0.247545
         -0.063188       -0.206363       -0.206389
         -0.184865       -0.280698       -0.142931
         -0.275331       -0.270489       -0.089431
         -0.305120       -0.210467       -0.067210
         -0.265878       -0.145074       -0.082057
         -0.175665       -0.110010       -0.115037
         -0.076587       -0.115649       -0.128388
         -0.020208       -0.142981       -0.093990
         -0.041068       -0.160060       -0.014970
         -0.134810       -0.145041        0.081359
         -0.259820       -0.095353        0.161616
         -0.360652       -0.022611        0.195491
         -0.394354        0.054518        0.164315
         -0.347196        0.117324        0.076429
         -0.241222        0.156549       -0.028642
         -0.126951        0.176721       -0.099907
         -0.057107        0.188594       -0.100679
         -0.054609        0.198821       -0.019290
         -0.101339        0.208319        0.131712
         -0.154573        0.215448        0.316893
         -0.171185        0.215355        0.483859
         -0.123882        0.198365        0.580526
         -0.011951        0.154546        0.575366
          0.134376        0.081756        0.466835
          0.266648       -0.010373        0.280149
          0.343989       -0.101420        0.058918
          0.349499       -0.163525       -0.144670
          0.287707       -0.168825       -0.283955
          0.177190       -0.102572       -0.335833
          0.048519        0.024700       -0.311795
         -0.060598        0.176411       -0.249751
         -0.118772        0.302962       -0.191364
         -0.113050        0.360465       -0.164075
         -0.049904        0.326022       -0.176192
          0.050685        0.205912       -0.216414
          0.160028        0.034231       -0.256540
          0.246516       -0.140701       -0.267526
          0.287970       -0.276554       -0.241324
          0.283264       -0.350467       -0.193637
          0.248665       -0.360360       -0.145601
          0.201145       -0.320706       -0.110076
          0.148132       -0.256722       -0.092884
          0.090959       -0.194789       -0.093523
          0.029879       -0.152240       -0.100711
         -0.034515       -0.133227       -0.097670
         -0.096053       -0.130052       -0.078176
         -0.137918       -0.126476       -0.052614
         -0.141638       -0.104589       -0.035455
         -0.105677       -0.054779       -0.032434
         -0.052246        0.018281       -0.042104
         -0.014405        0.097900       -0.060032
         -0.016677        0.162825       -0.073054
         -0.063201        0.195942       -0.057057
         -0.136506        0.191652        0.007143
         -0.205116        0.158271        0.116453
         -0.238699        0.113152        0.248346
         -0.226108        0.073373        0.372777
         -0.183807        0.048053        0.454612
         -0.143878        0.036163        0.458083
         -0.129830        0.028968        0.367951
         -0.142470        0.014607        0.208191
         -0.164426       -0.015763        0.033602
         -0.172109       -0.061510       -0.096366
         -0.147001       -0.110440       -0.139089
         -0.087018       -0.143430       -0.082610
         -0.011000       -0.141512        0.044941
          0.052949       -0.092200        0.181391
          0.086586        0.003494        0.260274
          0.089917        0.126045        0.247357
          0.075096        0.241707        0.155510
          0.056053        0.315287        0.029779
          0.042370        0.322666       -0.079454
          0.038629        0.259171       -0.137206
          0.045791        0.143681       -0.136136
          0.061612        0.013701       -0.098813
          0.081710       -0.090510       -0.062281
          0.102183       -0.143268       -0.051297
          0.119347       -0.141810       -0.064594
          0.127006       -0.104885       -0.084712
          0.120110       -0.064584       -0.094673
          0.103742       -0.052401       -0.085396
          0.092334       -0.084440       -0.056081
          0.096385       -0.155143       -0.012651
          0.113657       -0.242918        0.037068
          0.132874       -0.321215        0.089120
          0.139544       -0.367397        0.143672
          0.119772       -0.367378        0.199488
          0.069104       -0.317145        0.248851
          0.001860       -0.222011        0.278409
         -0.053628       -0.094782        0.276750
         -0.072945        0.044844        0.242219
         -0.049477        0.169067        0.182349
          0.004766        0.243656        0.107322
          0.065941        0.238159        0.027967
          0.107800        0.141453       -0.042409
          0.113527       -0.028595       -0.092226
          0.084864       -0.227505       -0.118796
          0.039451       -0.395545       -0.126562
         -0.002751       -0.474682       -0.120430
         -0.031671       -0.429186       -0.107485
         -0.049638       -0.261571       -0.101899
         -0.066973       -0.012613       -0.117696
         -0.095423        0.254498       -0.155204
         -0.140825        0.474461       -0.200273
         -0.197717        0.597235       -0.234953
         -0.250435        0.602917       -0.242897
         -0.280813        0.509736       -0.209776
         -0.276696        0.365768       -0.131518
         -0.235627        0.226502       -0.024732
         -0.163560        0.133152        0.078395
         -0.072026        0.100662        0.147663
          0.024373        0.114082        0.165471
          0.110033        0.134913        0.127467
          0.169311        0.120670        0.045582
          0.187643        0.048781       -0.047985
          0.156630       -0.071358       -0.110456
          0.081902       -0.203797       -0.110442
         -0.013849       -0.301948       -0.042375
         -0.096685       -0.327328        0.075499
         -0.133328       -0.266450        0.208296
         -0.105854       -0.139705        0.310585
         -0.023865        0.004728        0.340424
          0.076357        0.112116        0.280970
          0.149628        0.146625        0.149722
          0.164902        0.106086       -0.014333
          0.119005        0.019805       -0.168783
          0.036725       -0.065614       -0.276700
         -0.041575       -0.106125       -0.314568
         -0.081505       -0.081391       -0.283936
         -0.073441       -0.006737       -0.211212
         -0.034405        0.076574       -0.129402
          0.006757        0.127902       -0.061918
          0.028098        0.129315       -0.022006
          0.027030        0.091115       -0.015090
          0.021528        0.045385       -0.034905
          0.037646        0.030401       -0.064746
          0.089790        0.065972       -0.088466
          0.168272        0.135151       -0.097329
          0.241853        0.193039       -0.086662
          0.271871        0.197391       -0.053645
          0.232326        0.133771       -0.001681
          0.127251        0.020706        0.057273
         -0.008715       -0.099733        0.106853
         -0.129938       -0.180955        0.130570
         -0.202536       -0.197033        0.112916
         -0.214686       -0.158763        0.042576
         -0.177146       -0.105261       -0.078689
         -0.118348       -0.078054       -0.227322
         -0.070375       -0.099291       -0.359264
         -0.052094       -0.164823       -0.424421
         -0.065504       -0.248071       -0.387165
         -0.103955       -0.310427       -0.243302
         -0.155032       -0.317639       -0.028352
         -0.197002       -0.256479        0.187972
         -0.204128       -0.140392        0.326974
         -0.161289       -0.000193        0.338422
         -0.071762        0.130519        0.225994
          0.046288        0.224658        0.043560
          0.164862        0.266602       -0.130512
          0.251927        0.257208       -0.224508
          0.285334        0.214575       -0.201216
          0.267532        0.164804       -0.074067
          0.223270        0.128424        0.101377
          0.180474        0.113624        0.259478
          0.153528        0.117638        0.356202
          0.139475        0.129403        0.379808
          0.121563        0.132570        0.345244
          0.076953        0.113898        0.284566
         -0.008260        0.073040        0.232519
         -0.123094        0.021518        0.207832
         -0.231029       -0.028967        0.205909
         -0.289883       -0.073564        0.210416
         -0.277289       -0.110247        0.206843
         -0.203457       -0.135515        0.183950
         -0.106343       -0.145329        0.133141
         -0.033838       -0.133839        0.055377
         -0.018511       -0.090610       -0.035493
         -0.055759       -0.008173       -0.121298
         -0.102814        0.102958       -0.187711
         -0.105244        0.211218       -0.223551
         -0.033572        0.278103       -0.222335
          0.096285        0.274108       -0.190842
          0.230094        0.187920       -0.149854
          0.303182        0.033510       -0.120456
          0.274579       -0.148231       -0.111268
          0.150922       -0.303735       -0.117702
         -0.013034       -0.391128       -0.126007
         -0.139675       -0.395738       -0.117166
         -0.168576       -0.330443       -0.076546
         -0.089544       -0.228110       -0.006863
          0.053054       -0.128155        0.069693
          0.186873       -0.057779        0.124111
          0.248379       -0.020437        0.136308
          0.209434       -0.001861        0.104354
          0.087413        0.015626        0.045075
         -0.063852        0.043348       -0.015430
         -0.182515        0.081270       -0.057924
         -0.230842        0.117641       -0.081252
         -0.208279        0.138095       -0.101046
         -0.141511        0.138042       -0.138289
         -0.066592        0.125050       -0.202606
         -0.014422        0.112579       -0.278782
          0.000121        0.115173       -0.330324
         -0.016592        0.143472       -0.321935
         -0.043699        0.194543       -0.241792
         -0.062177        0.247419       -0.107329
         -0.066463        0.273172        0.041946
         -0.062574        0.249538        0.158477
         -0.060229        0.166710        0.209029
         -0.068523        0.027918        0.195603
         -0.093066       -0.147246        0.153319
         -0.131161       -0.322276        0.124137
         -0.170713       -0.454347        0.132223
         -0.196203       -0.510339        0.177411
         -0.195036       -0.476852        0.238164
         -0.159860       -0.363703        0.278040
         -0.090822       -0.205632        0.263700
          0.001307       -0.056582        0.188899
          0.096283        0.031660        0.079487
          0.171583        0.036788       -0.027089
          0.212169       -0.022525       -0.102663
          0.218564       -0.097786       -0.133114
          0.207946       -0.132612       -0.119410
          0.204999       -0.086004       -0.081405
          0.227661        0.045454       -0.049144
          0.276200        0.217358       -0.041279
          0.328704        0.354526       -0.055940
          0.345789        0.390546       -0.081741
          0.289944        0.303065       -0.106466
          0.152522        0.124215       -0.114874
         -0.033359       -0.073039       -0.093146
         -0.205080       -0.203731       -0.042163
         -0.296943       -0.207562        0.020859
         -0.267912       -0.079440        0.074998
         -0.124404        0.125965        0.103453
          0.074854        0.321981        0.093409
          0.243522        0.432269        0.041323
          0.308819        0.422040       -0.038917
          0.242060        0.306641       -0.119729
          0.066987        0.141116       -0.174414
         -0.150795       -0.004317       -0.189220
         -0.330305       -0.077370       -0.167471
         -0.409866       -0.068564       -0.127350
         -0.372031       -0.008873       -0.093544
         -0.245661        0.055893       -0.084092
         -0.088165        0.090360       -0.097687
          0.040664        0.081768       -0.109766
          0.102313        0.043155       -0.084901
          0.092697        0.007005       -0.000459
          0.040348        0.004663        0.137446
         -0.010055        0.042873        0.296422
         -0.021683        0.097909        0.430316
          0.016392        0.129349        0.494805
          0.086629        0.098495        0.467933
          0.153353       -0.016545        0.365301
          0.178937       -0.208176        0.231086
          0.141732       -0.435329        0.110413
          0.048292       -0.637115        0.029790
         -0.070114       -0.757765       -0.005680
         -0.174512       -0.766367       -0.010652
         -0.234566       -0.664356       -0.014542
         -0.236685       -0.483308       -0.044268
         -0.186852       -0.273430       -0.105361
         -0.107940       -0.083931       -0.182751
         -0.027797        0.054958       -0.257598
          0.035662        0.138324       -0.317426
          0.079505        0.181262       -0.354997
          0.109455        0.207024       -0.369506
          0.133016        0.233236       -0.369686
          0.156787        0.262776       -0.365645
          0.182149        0.284905       -0.354483
          0.199791        0.284050       -0.319631
          0.193261        0.249817       -0.244878
          0.151293        0.185595       -0.124328
          0.074905        0.113171        0.037395
         -0.024612        0.067561        0.222871
         -0.126118        0.081275        0.397125
         -0.197703        0.166768        0.515196
         -0.207900        0.306973        0.542949
         -0.146552        0.457463        0.471676
         -0.034257        0.559229        0.316270
          0.087710        0.559896        0.108675
          0.174004        0.437930       -0.104718
          0.189353        0.217519       -0.271259
          0.122756       -0.038360       -0.351486
         -0.002484       -0.254838       -0.334767
         -0.135916       -0.375334       -0.237117
         -0.224886       -0.381425       -0.090429
         -0.238610       -0.299490        0.063156
         -0.175501       -0.190543        0.178624
         -0.058265       -0.120156        0.227419
          0.072732       -0.122835        0.214291
          0.171104       -0.186682        0.170489
          0.205649       -0.266092        0.131049
          0.176512       -0.307069        0.120471
          0.109316       -0.271236        0.149273
          0.035377       -0.155356        0.208044
         -0.022308        0.000714        0.264884
         -0.054512        0.129441        0.283544
         -0.069299        0.170500        0.251168
         -0.089036        0.101050        0.184180
         -0.134363       -0.057060        0.109849
         -0.205676       -0.248137        0.051227
         -0.280529       -0.400332        0.023528
         -0.328730       -0.450727        0.025505
         -0.329095       -0.374552        0.030447
         -0.276506       -0.197807        0.000611
         -0.183077        0.019535       -0.082317
         -0.076818        0.213004       -0.205416
          0.008584        0.334404       -0.337510
          0.053140        0.363977       -0.442297
          0.062879        0.317676       -0.485235
          0.062095        0.238582       -0.448157
          0.074967        0.169149       -0.344728
          0.114514        0.126383       -0.213745
          0.180578        0.100484       -0.093631
          0.257817        0.069324       -0.004627
          0.316672        0.012216        0.052271
          0.327377       -0.077418        0.090708
          0.279250       -0.179206        0.131110
          0.185283       -0.247829        0.185240
          0.070851       -0.238616        0.243136
         -0.036376       -0.136980        0.276448
         -0.110099        0.032633        0.254799
         -0.132373        0.217370        0.162785
         -0.103231        0.353445        0.011526
         -0.039758        0.388296       -0.159935
          0.036674        0.305563       -0.297835
          0.109546        0.137004       -0.354801
          0.165108       -0.051490       -0.306428
          0.190637       -0.189487       -0.160654
          0.181614       -0.226915        0.039671
          0.146970       -0.148097        0.229357
          0.101731        0.021776        0.349580
          0.056137        0.222369        0.372008
          0.013763        0.381437        0.301318
         -0.024984        0.444063        0.166948
         -0.062176        0.389721        0.017400
         -0.101527        0.233604       -0.092889
         -0.142086        0.018994       -0.129081
         -0.172360       -0.197410       -0.090048
         -0.175622       -0.366012        0.003396
         -0.145065       -0.461319        0.123186
         -0.092963       -0.485589        0.234159
         -0.043920       -0.459271        0.298332
         -0.021983       -0.406506        0.294954
         -0.043422       -0.344160        0.232100
         -0.110780       -0.277727        0.133762
         -0.204113       -0.202794        0.023624
         -0.282229       -0.111015       -0.076850
         -0.302052        0.000106       -0.150127
         -0.240493        0.119426       -0.194672
         -0.102370        0.223805       -0.229546
          0.081401        0.287824       -0.277873
          0.258355        0.293597       -0.346962
          0.368493        0.237625       -0.427048
          0.370439        0.135445       -0.502159
          0.263546        0.020499       -0.554305
          0.088251       -0.066600       -0.562966
         -0.093949       -0.093737       -0.514432
         -0.225920       -0.048677       -0.415109
         -0.274858        0.058265       -0.287952
         -0.243651        0.198786       -0.154088
         -0.169159        0.335769       -0.024574
         -0.102329        0.435368        0.092116
         -0.078263        0.478772        0.187602
         -0.097578        0.466896        0.261742
         -0.131250        0.413573        0.321768
         -0.139679        0.332818        0.368039
         -0.091438        0.230793        0.389386
          0.022704        0.105954        0.376895
          0.182505       -0.046278        0.334156
          0.344810       -0.225565        0.271081
          0.464777       -0.416207        0.198429
          0.517560       -0.582890        0.133798
          0.504295       -0.681832        0.101155
          0.442589       -0.681767        0.113272
          0.354660       -0.579137        0.159041
          0.260399       -0.400238        0.213455
          0.172307       -0.193546        0.253384
          0.093184       -0.014223        0.260864
          0.022374        0.097205        0.224706
         -0.035512        0.130629        0.150271
         -0.073537        0.104382        0.061193
         -0.094245        0.049720       -0.017520
         -0.112897       -0.003633       -0.076467
         -0.148102       -0.035526       -0.121612
         -0.211370       -0.039743       -0.164620
         -0.301116       -0.022679       -0.216114
         -0.399302        0.005271       -0.280658
         -0.473616        0.037852       -0.350604
         -0.488731        0.073859       -0.405346
         -0.422350        0.114193       -0.422260
         -0.277901        0.159259       -0.392673
         -0.087313        0.206101       -0.327429
          0.098768        0.246756       -0.247238
          0.228355        0.270282       -0.170692
          0.265363        0.266086       -0.110433
          0.204169        0.226245       -0.071620
          0.076779        0.148927       -0.048402
         -0.058860        0.042432       -0.027034
         -0.147962       -0.074342        0.003557
         -0.162980       -0.175352        0.047987
         -0.107745       -0.232401        0.110220
         -0.009842       -0.222939        0.194482
          0.090957       -0.140738        0.297331
          0.160613       -0.002625        0.403033
          0.187091        0.154746        0.487035
          0.179024        0.286169        0.521835
          0.149972        0.352098        0.484506
          0.107198        0.331671        0.367749
          0.051931        0.229982        0.188617
         -0.015950        0.076254       -0.012939
         -0.092762       -0.086516       -0.186661
         -0.165684       -0.217471       -0.290326
         -0.212303       -0.293668       -0.304801
         -0.210261       -0.316975       -0.238385
         -0.152336       -0.307897       -0.121251
         -0.054779       -0.292476        0.005005
          0.048517       -0.289800        0.101307
          0.121843       -0.301718        0.145941
          0.143520       -0.308358        0.141035
          0.114813       -0.277713        0.105647
          0.058913       -0.186836        0.063745
          0.009128       -0.037283        0.036088
         -0.009380        0.145231        0.033733
          0.007368        0.319155        0.051505
          0.044260        0.437839        0.070358
          0.080472        0.467362        0.071737
          0.101163        0.405251        0.049785
          0.101524        0.281427        0.010512
          0.085639        0.139750       -0.034366
          0.061320        0.019498       -0.070927
          0.033303       -0.053180       -0.089028
          0.002384       -0.070363       -0.091155
         -0.028841       -0.044719       -0.091052
         -0.053375       -0.001105       -0.098810
         -0.063969        0.039425       -0.110132
         -0.057551        0.068066       -0.112423
         -0.036469        0.083528       -0.096550
         -0.007287        0.085013       -0.060934
          0.024025        0.071677       -0.012989
          0.057493        0.043089        0.027380
          0.097081       -0.004544        0.034461
          0.141303       -0.078728       -0.002566
          0.177294       -0.181896       -0.067701
          0.185195       -0.303565       -0.130634
          0.149307       -0.423235       -0.165926
          0.069912       -0.517191       -0.159949
         -0.029860       -0.560744       -0.113916
         -0.109636       -0.531952       -0.050033
         -0.132171       -0.423202       -0.004674
         -0.086198       -0.250877       -0.002846
          0.005374       -0.050738       -0.039874
          0.095614        0.136445       -0.088964
          0.134115        0.276567       -0.117991
          0.090435        0.349934       -0.097866
         -0.028316        0.359058       -0.012093
         -0.178057        0.329493        0.126654
         -0.298742        0.294894        0.274086
         -0.341897        0.275740        0.377959
         -0.290062        0.270531        0.404239
         -0.162997        0.262322        0.344343
         -0.008663        0.229629        0.214940
          0.119785        0.157987        0.061570
          0.188457        0.053550       -0.050422
          0.192504       -0.051196       -0.067103
          0.148853       -0.111650        0.025799
          0.082020       -0.096992        0.200413
          0.011616       -0.007243        0.398520
         -0.053057        0.125292        0.543010
         -0.107376        0.244585        0.559476
         -0.141553        0.289742        0.412166
         -0.141630        0.223839        0.127093
         -0.102337        0.056261       -0.219941
         -0.036400       -0.159220       -0.535747
          0.027542       -0.346893       -0.739184
          0.054532       -0.437123       -0.785854
          0.020320       -0.393549       -0.687839
         -0.068210       -0.233333       -0.510555
         -0.169094       -0.024603       -0.337927
         -0.228622        0.144200       -0.230304
         -0.212125        0.203241       -0.205586
         -0.119171        0.127029       -0.244303
          0.016420       -0.055633       -0.302463
          0.137390       -0.267149       -0.329580
          0.190163       -0.409429       -0.294513
          0.158541       -0.408326       -0.202643
          0.073905       -0.247030       -0.085596
         -0.008384        0.028780        0.025048
         -0.041739        0.326988        0.112402
         -0.008185        0.538171        0.172914
          0.073720        0.577773        0.214553
          0.153634        0.427538        0.255197
          0.176243        0.147515        0.308989
          0.118827       -0.152207        0.368969
          0.007277       -0.359985        0.409986
         -0.101957       -0.406707        0.409704
         -0.154319       -0.293903        0.359803
         -0.123511       -0.095531        0.261811
         -0.025608        0.077142        0.129592
          0.085350        0.134774       -0.001073
          0.145916        0.054810       -0.081944
          0.122506       -0.115287       -0.080242
          0.032541       -0.288432        0.006777
         -0.068245       -0.378994        0.156904
         -0.119738       -0.339972        0.324280
         -0.087919       -0.184251        0.439474
          0.021014        0.024115        0.435289
          0.162566        0.206203        0.289157
          0.271784        0.306542        0.039181
          0.294592        0.310395       -0.237215
          0.215708        0.240027       -0.453219
          0.063734        0.141010       -0.537339
         -0.105917        0.063425       -0.462220
         -0.235479        0.040800       -0.265752
         -0.287641        0.076887       -0.034296
         -0.260866        0.149705        0.147003
         -0.186613        0.227747        0.232786
         -0.106719        0.283243        0.220881
         -0.047171        0.296506        0.139963
         -0.006286        0.258656        0.038998
          0.038060        0.176304       -0.031747
          0.108398        0.070545       -0.048559
          0.207655       -0.032754       -0.022481
          0.313451       -0.111829        0.022902
          0.389323       -0.151759        0.071769
          0.401718       -0.148319        0.111554
          0.333751       -0.114485        0.126036
          0.194099       -0.077780        0.105770
          0.015990       -0.065022        0.055561
         -0.158023       -0.088413       -0.016361
         -0.294577       -0.142126       -0.104716
         -0.376127       -0.203965       -0.194900
         -0.398716       -0.240207       -0.257714
         -0.372103       -0.219828       -0.267681
         -0.318382       -0.133804       -0.220216
         -0.260666       -0.003291       -0.127634
         -0.210319        0.129880       -0.010914
         -0.165768        0.221284        0.098466
         -0.120115        0.240696        0.162271
         -0.067705        0.182936        0.154920
         -0.007632        0.068264        0.079460
          0.054040       -0.068513       -0.036367
          0.104660       -0.192753       -0.153701
          0.130813       -0.279910       -0.231951
          0.128727       -0.317869       -0.238704
          0.109867       -0.303210       -0.166672
          0.092317       -0.236414       -0.044721
          0.086798       -0.121716        0.074256
          0.094608        0.029230        0.141045
          0.113266        0.195779        0.129565
          0.134087        0.350760        0.042045
          0.139611        0.465653       -0.089772
          0.117376        0.518799       -0.211356
          0.075501        0.504150       -0.271190
          0.035984        0.433216       -0.250238
          0.016834        0.327501       -0.167134
          0.027098        0.207517       -0.061342
          0.068264        0.085425        0.023754
          0.127204       -0.035915        0.055497
          0.174290       -0.157840        0.030126
          0.181689       -0.278521       -0.021732
          0.143633       -0.388559       -0.056324
          0.075865       -0.471510       -0.044853
          0.002513       -0.509271        0.016486
         -0.051902       -0.491853        0.109989
         -0.068177       -0.425562        0.202496
         -0.043734       -0.330734        0.259910
          0.000425       -0.230428        0.268274
          0.030431       -0.141064        0.239977
          0.021462       -0.069576        0.198108
         -0.028642       -0.013498        0.159221
         -0.102370        0.034856        0.128695
         -0.172813        0.077816        0.101516
         -0.212561        0.105205        0.063970
         -0.204664        0.101955        0.003009
         -0.155737        0.063054       -0.079495
         -0.096493       -0.000114       -0.163270
         -0.062104       -0.063374       -0.221516
         -0.069215       -0.096024       -0.234218
         -0.108047       -0.071076       -0.192813
         -0.147217        0.019379       -0.102250
         -0.144872        0.155974        0.015181
         -0.070629        0.301303        0.124068
          0.066516        0.417614        0.193264
          0.209221        0.478571        0.210783
          0.277485        0.473840        0.181713
          0.212654        0.410413        0.119178
          0.010933        0.308038        0.042264
         -0.268778        0.188156       -0.027443
         -0.524226        0.065284       -0.079671
         -0.651368       -0.051989       -0.122644
         -0.592672       -0.154929       -0.168618
         -0.365826       -0.232251       -0.216327
         -0.053142       -0.272831       -0.252354
          0.241499       -0.268545       -0.260839
          0.439046       -0.214984       -0.225313
          0.510587       -0.113146       -0.133655
          0.477331        0.026707        0.004152
          0.391339        0.183332        0.147149
          0.305312        0.327289        0.242705
          0.246716        0.424984        0.255155
          0.211974        0.442991        0.176776
          0.180014        0.357537        0.025919
          0.130348        0.169589       -0.152450
          0.054719       -0.085259       -0.294017
         -0.039369       -0.343369       -0.344054
         -0.132154       -0.534102       -0.287632
         -0.199787       -0.603637       -0.150378
         -0.223425       -0.533454        0.023606
         -0.196946       -0.349917        0.188499
         -0.131282       -0.118293        0.306343
         -0.051840        0.082548        0.362954
          0.011383        0.192646        0.377277
          0.035408        0.191175        0.382509
          0.012261        0.098085        0.395008
         -0.046685       -0.036497        0.406001
         -0.110766       -0.151499        0.396050
         -0.140776       -0.200679        0.345747
         -0.111189       -0.173587        0.240122
         -0.028546       -0.097453        0.083230
          0.070321       -0.019458       -0.087182
          0.136234        0.017284       -0.212709
          0.127780       -0.007743       -0.248964
          0.031016       -0.082303       -0.186959
         -0.123735       -0.162818       -0.051774
         -0.266747       -0.194042        0.102977
         -0.324820       -0.141612        0.205096
         -0.262088       -0.014802        0.193785
         -0.094127        0.136480        0.055176
          0.123022        0.243680       -0.170590
          0.312941        0.248342       -0.411810
          0.407940        0.131913       -0.590615
          0.383575       -0.066564       -0.643787
          0.271015       -0.263782       -0.546713
          0.130695       -0.372988       -0.328848
          0.013398       -0.343590       -0.062261
         -0.057324       -0.179150        0.168825
         -0.081910        0.065050        0.296585
         -0.076176        0.302347        0.290405
         -0.057181        0.452142        0.169361
         -0.024915        0.475882       -0.003304
          0.040331        0.386015       -0.146368
          0.154915        0.228347       -0.194060
          0.304949        0.058283       -0.122991
          0.442775       -0.080405        0.036464
          0.508198       -0.172989        0.213564
          0.457126       -0.234459        0.331407
          0.283584       -0.288062        0.339488
          0.028196       -0.342534        0.229592
         -0.233578       -0.386927        0.037834
         -0.424659       -0.397077       -0.168191
         -0.504247       -0.345142       -0.320891
         -0.482722       -0.215097       -0.384389
         -0.403292       -0.018261       -0.360521
         -0.309476        0.207636       -0.273310
         -0.224152        0.415845       -0.154592
         -0.147337        0.566913       -0.034291
         -0.065820        0.636384        0.071777
          0.030268        0.619740        0.165865
          0.129649        0.533620        0.252911
          0.196608        0.407026        0.323612
          0.192750        0.267834        0.359369
          0.107120        0.136267        0.350684
         -0.033880        0.025760        0.305140
         -0.181587       -0.056453        0.242281
         -0.287402       -0.110108        0.186357
         -0.321160       -0.139413        0.156103
         -0.283632       -0.147766        0.149331
         -0.204924       -0.135860        0.137154
         -0.123784       -0.106075        0.081586
         -0.062940       -0.068329       -0.035968
         -0.021921       -0.040855       -0.200294
          0.010137       -0.045478       -0.369879
          0.038707       -0.100355       -0.495375
          0.060604       -0.209553       -0.538801
          0.071321       -0.350878       -0.490116
          0.070892       -0.473912       -0.374510
          0.065099       -0.518065       -0.240778
          0.066331       -0.441200       -0.134818
          0.089185       -0.240612       -0.079073
          0.135422        0.041210       -0.071506
          0.183790        0.326793       -0.095465
          0.203051        0.531500       -0.128304
          0.176258        0.599917       -0.149832
          0.110366        0.528539       -0.151492
          0.029703        0.361275       -0.136991
         -0.032436        0.165348       -0.111863
         -0.044947        0.002579       -0.074928
          0.001864       -0.092450       -0.020658
          0.084096       -0.118581        0.054122
          0.156332       -0.097329        0.146589
          0.178005       -0.055754        0.245910
          0.131688       -0.014783        0.332266
          0.028085        0.014844        0.381570
         -0.096182        0.031246        0.376244
         -0.189843        0.035571        0.314960
         -0.210504        0.026515        0.214725
         -0.149156        0.002152        0.104416
         -0.035988       -0.034209        0.013759
          0.078712       -0.074030       -0.036604
          0.153112       -0.108307       -0.040904
          0.172183       -0.128614       -0.009834
          0.150619       -0.127371        0.033621
          0.123480       -0.104621        0.065439
          0.124666       -0.073025        0.073084
          0.160529       -0.049951        0.059816
          0.200370       -0.045995        0.039139
          0.196801       -0.063760        0.025985
          0.119694       -0.100157        0.029095
         -0.023394       -0.142698        0.044957
         -0.188986       -0.170300        0.056717
         -0.314855       -0.166758        0.042962
         -0.348321       -0.131540       -0.008020
         -0.278086       -0.075308       -0.090648
         -0.146692       -0.011317       -0.185372
         -0.027033        0.046930       -0.265951
          0.020633        0.089107       -0.306318
         -0.020571        0.115626       -0.289292
         -0.119102        0.137119       -0.215200
         -0.211910        0.161488       -0.102884
         -0.236877        0.183294        0.018169
         -0.167084        0.187778        0.117308
         -0.025656        0.162926        0.169927
          0.128457        0.107352        0.165774
          0.232087        0.032641        0.117327
          0.246664       -0.037110        0.058259
          0.171068       -0.073352        0.028021
          0.036936       -0.060482        0.053181
         -0.107129       -0.008971        0.136319
         -0.214882        0.049526        0.253075
         -0.259099        0.079351        0.358385
         -0.238874        0.055578        0.406653
         -0.173676       -0.028093        0.378220
         -0.089952       -0.156229        0.291270
         -0.011186       -0.295481        0.189747
          0.045704       -0.406303        0.119455
          0.072960       -0.456013        0.106693
          0.074117       -0.426438        0.144062
          0.060339       -0.316219        0.189928
          0.043011       -0.141291        0.189984
          0.031283        0.065524        0.110971
          0.033581        0.258660       -0.040074
          0.054254        0.391139       -0.222480
          0.088186        0.431103       -0.380882
          0.124250        0.374583       -0.464774
          0.154169        0.246710       -0.449487
          0.174632        0.092429       -0.350444
          0.184581       -0.038140       -0.214575
          0.185552       -0.107662       -0.094523
          0.180864       -0.108078       -0.029530
          0.169839       -0.062720       -0.038815
          0.145997       -0.008657       -0.115822
          0.103814        0.025228       -0.226145
          0.045422        0.027325       -0.321617
         -0.019067        0.002946       -0.363616
         -0.075164       -0.026975       -0.336695
         -0.108949       -0.033973       -0.249464
         -0.112600        0.000142       -0.131424
         -0.088203        0.071400       -0.025547
         -0.046878        0.159183        0.028841
         -0.002412        0.238351        0.016324
          0.036404        0.285269       -0.047411
          0.067601        0.282123       -0.127016
          0.091521        0.225925       -0.185533
          0.107600        0.133645       -0.196802
          0.115164        0.033499       -0.152810
          0.112582       -0.049819       -0.067291
          0.094722       -0.101138        0.032051
          0.056064       -0.112988        0.122833
         -0.002942       -0.087053        0.200934
         -0.077151       -0.037014        0.274261
         -0.162540        0.018236        0.348462
         -0.253263        0.067069        0.420099
         -0.334048        0.107139        0.476048
         -0.383566        0.136224        0.494830
         -0.385552        0.148169        0.455675
         -0.332742        0.138284        0.354778
         -0.226494        0.105174        0.212920
         -0.082795        0.046171        0.065448
          0.064303       -0.040063       -0.054686
          0.176334       -0.142140       -0.127917
          0.231207       -0.233462       -0.151662
          0.229733       -0.285462       -0.138687
          0.187598       -0.280793       -0.109745
          0.127257       -0.216040       -0.083286
          0.071414       -0.103468       -0.069339
          0.031674        0.023621       -0.070261
          0.001118        0.116362       -0.083652
         -0.035682        0.133414       -0.103361
         -0.084137        0.062662       -0.119731
         -0.133853       -0.076559       -0.120818
         -0.167275       -0.243512       -0.095178
         -0.168184       -0.386167       -0.037946
         -0.126019       -0.456102        0.041930
         -0.041985       -0.430664        0.121914
          0.066307       -0.324562        0.176503
          0.170065       -0.177225        0.188678
          0.241139       -0.030056        0.155052
          0.260279        0.085771        0.087932
          0.220112        0.151774        0.013199
          0.127407        0.165461       -0.043310
          0.004388        0.141038       -0.073495
         -0.115654        0.098971       -0.088548
         -0.200101        0.052510       -0.103414
         -0.231562        0.006846       -0.125037
         -0.215790       -0.031785       -0.152035
         -0.175917       -0.053274       -0.174094
         -0.137106       -0.049557       -0.171599
         -0.112436       -0.017564       -0.128631
         -0.095351        0.042792       -0.051198
         -0.061260        0.126140        0.033620
          0.015733        0.214837        0.096709
          0.136607        0.280148        0.119370
          0.266063        0.295587        0.092744
          0.350238        0.250664        0.019453
          0.347501        0.153998       -0.081489
          0.250288        0.029110       -0.181715
          0.091584       -0.090058       -0.259919
         -0.066020       -0.167300       -0.306654
         -0.160562       -0.180231       -0.314888
         -0.165571       -0.133289       -0.277071
         -0.103329       -0.052808       -0.195081
         -0.027314        0.031071       -0.083823
          0.010283        0.097379        0.039676
         -0.014502        0.136823        0.163720
         -0.085997        0.152465        0.276521
         -0.156391        0.158896        0.363650
         -0.171664        0.170981        0.415743
         -0.103641        0.187495        0.430345
          0.033242        0.189512        0.402455
          0.191025        0.157284        0.323595
          0.313421        0.085127        0.197412
          0.361061       -0.018494        0.049699
          0.326616       -0.135164       -0.082824
          0.234715       -0.237207       -0.169728
          0.127016       -0.294413       -0.193754
          0.040840       -0.289996       -0.154536
         -0.006589       -0.229949       -0.074521
         -0.020665       -0.135972        0.007804
         -0.020200       -0.034183        0.062029
         -0.025384        0.048859        0.083118
         -0.049620        0.090790        0.084345
         -0.094465        0.086476        0.080530
         -0.147483        0.055508        0.079690
         -0.187535        0.028543        0.080077
         -0.196155        0.023993        0.067995
         -0.165864        0.038171        0.025004
         -0.102210        0.050993       -0.053938
         -0.024171        0.035532       -0.148802
          0.038654       -0.028131       -0.223452
          0.057902       -0.132640       -0.246993
          0.021479       -0.234499       -0.209614
         -0.061084       -0.274021       -0.126454
         -0.163940       -0.210493       -0.033462
         -0.253172       -0.044357        0.024536
         -0.297100        0.182178        0.015810
         -0.280272        0.398395       -0.056551
         -0.213883        0.528831       -0.153123
         -0.133103        0.524016       -0.220800
         -0.080668        0.383495       -0.219843
         -0.084870        0.156164       -0.138695
         -0.143330       -0.082140        0.001226
         -0.220482       -0.260749        0.149782
         -0.260215       -0.340660        0.249899
         -0.212147       -0.326127        0.269459
         -0.062921       -0.259686        0.216305
          0.149989       -0.201585        0.125815
          0.358413       -0.197806        0.038971
          0.501480       -0.252654       -0.013033
          0.551344       -0.326710       -0.018392
          0.518224       -0.361837        0.011382
          0.441354       -0.313311        0.048935
          0.366423       -0.172209        0.067334
          0.316536        0.026259        0.052608
          0.280004        0.213265        0.005073
          0.227177        0.319254       -0.065504
          0.138219        0.313595       -0.141676
          0.017389        0.221911       -0.197140
         -0.109694        0.108631       -0.202626
         -0.206009        0.040314       -0.141810
         -0.237573        0.052850       -0.024398
         -0.193085        0.134566        0.115583
         -0.096089        0.230285        0.232190
          0.006566        0.268987        0.282218
          0.071769        0.204203        0.242318
          0.077366        0.040711        0.125863
          0.023604       -0.169844       -0.016756
         -0.068024       -0.354762       -0.124749
         -0.158918       -0.448537       -0.161889
         -0.210942       -0.416286       -0.129742
         -0.208199       -0.268919       -0.055858
         -0.162601       -0.060068        0.021964
         -0.102571        0.138604        0.068270
         -0.058912        0.269302        0.068483
         -0.052425        0.308220        0.041836
         -0.081653        0.267819        0.024311
         -0.119056        0.186467        0.034494
         -0.126239        0.110147        0.063009
         -0.081441        0.069791        0.089610
          0.002967        0.065319        0.095059
          0.087529        0.069882        0.061062
          0.130078        0.051611       -0.019238
          0.109543       -0.006009       -0.125495
          0.037212       -0.097356       -0.219482
         -0.048159       -0.197629       -0.274535
         -0.100394       -0.270827       -0.286686
         -0.092351       -0.284271       -0.260195
         -0.031845       -0.225625       -0.199049
          0.045197       -0.109285       -0.114311
          0.098749        0.033581       -0.022360
          0.107166        0.170202        0.070647
          0.074380        0.273687        0.169007
          0.023437        0.324649        0.266080
         -0.014937        0.314687        0.334810
         -0.015741        0.248619        0.345791
          0.026212        0.139454        0.285960
          0.091502        0.003578        0.159705
          0.148208       -0.135362       -0.011063
          0.169817       -0.244837       -0.180360
          0.143385       -0.296518       -0.287099
          0.070803       -0.281604       -0.287526
         -0.028184       -0.210758       -0.182207
         -0.118600       -0.105441       -0.012200
         -0.167114        0.006515        0.164534
         -0.161199        0.097267        0.292783
         -0.113623        0.152319        0.332662
         -0.053344        0.176371        0.273195
         -0.012450        0.182687        0.139069
         -0.011335        0.180199       -0.024469
         -0.044846        0.171153       -0.178024
         -0.081100        0.153466       -0.296903
         -0.080139        0.121430       -0.360398
         -0.021264        0.069447       -0.349324
          0.081403       -0.000139       -0.259297
          0.185562       -0.074217       -0.105922
          0.243317       -0.135346        0.085379
          0.226132       -0.169536        0.283671
          0.141362       -0.168369        0.447340
          0.032518       -0.128698        0.532072
         -0.042110       -0.055105        0.513675
         -0.045530        0.037179        0.398622
          0.011464        0.124189        0.213883
          0.075610        0.180210       -0.002793
          0.084202        0.186120       -0.204090
          0.001742        0.136669       -0.341925
         -0.158561        0.044817       -0.387214
         -0.335578       -0.060487       -0.341352
         -0.446724       -0.145135       -0.230689
         -0.432686       -0.184861       -0.096574
         -0.292933       -0.175329        0.011901
         -0.084637       -0.130866        0.050526
          0.112642       -0.073364       -0.000751
          0.238702       -0.019636       -0.126330
          0.277590        0.024446       -0.281729
          0.258827        0.061138       -0.412555
          0.235528        0.093557       -0.474383
          0.247279        0.119067       -0.447989
          0.290701        0.127251       -0.346594
          0.322230        0.105649       -0.210459
          0.291789        0.051516       -0.088344
          0.178794       -0.020049       -0.014217
          0.005514       -0.080619        0.007509
         -0.172865       -0.102401       -0.000469
         -0.290927       -0.070421       -0.004834
         -0.302438        0.012004        0.020052
         -0.206392        0.122331        0.081738
         -0.050451        0.224434        0.168179
          0.094694        0.284478        0.253734
          0.170173        0.288006        0.312547
          0.150246        0.242672        0.333116
          0.047140        0.166582        0.321380
         -0.095740        0.076845        0.289259
         -0.223963       -0.015260        0.242781
         -0.300694       -0.107302        0.182320
         -0.323318       -0.205291        0.109574
         -0.314259       -0.313416        0.031136
         -0.297489       -0.421596       -0.039938
         -0.281756       -0.506951       -0.082251
         -0.257628       -0.547490       -0.072646
         -0.204198       -0.530701       -0.004375
         -0.103094       -0.452936        0.100367
          0.043613       -0.321015        0.199603
          0.204298       -0.156653        0.253530
          0.329249        0.008376        0.240133
          0.376939        0.145520        0.160889
          0.336214        0.236643        0.042173
          0.231612        0.273077       -0.071390
          0.111834        0.257993       -0.137010
          0.027232        0.211204       -0.135440
          0.005020        0.162652       -0.075350
          0.034749        0.134793        0.018842
          0.075321        0.131218        0.118232
          0.082661        0.140060        0.194482
          0.039919        0.143636        0.228196
         -0.031987        0.127067        0.218903
         -0.088200        0.087820        0.182161
         -0.085259        0.043145        0.134295
         -0.005481        0.023153        0.082745
          0.128277        0.048047        0.028705
          0.258481        0.109433       -0.029491
          0.321431        0.173623       -0.097119
          0.280588        0.200536       -0.178631
          0.143466        0.162355       -0.267266
         -0.043252        0.057711       -0.343472
         -0.214352       -0.080614       -0.387853
         -0.314704       -0.195677       -0.394016
         -0.324330       -0.236636       -0.369359
         -0.265686       -0.188557       -0.329719
         -0.188041       -0.078591       -0.294774
         -0.138799        0.041547       -0.279591
         -0.138317        0.120809       -0.281712
         -0.170737        0.130830       -0.277457
         -0.194780        0.079683       -0.236606
         -0.168475        0.008335       -0.143533
         -0.074418       -0.035146       -0.007321
          0.067239       -0.028809        0.141682
          0.205010        0.008535        0.263247
          0.280776        0.031273        0.324936
          0.260925       -0.004721        0.320355
          0.154544       -0.117755        0.273987
          0.008445       -0.286320        0.226468
         -0.114850       -0.449329        0.210334
         -0.164878       -0.529227        0.231140
         -0.126803       -0.473125        0.264655
         -0.028897       -0.283603        0.272813
          0.073607       -0.016501        0.228256
          0.129781        0.245590        0.131446
          0.119692        0.424262        0.013141
          0.062419        0.474740       -0.077461
          0.003968        0.407783       -0.097855
         -0.008668        0.284647       -0.039507
          0.043680        0.179220        0.064814
          0.136711        0.135121        0.161032
          0.213230        0.148940        0.202530
          0.215777        0.179939        0.169067
          0.120365        0.170877        0.074754
         -0.048969        0.076389       -0.035498
         -0.231260       -0.105218       -0.108144
         -0.357949       -0.320050       -0.113163
         -0.384470       -0.484205       -0.059817
         -0.307920       -0.528509        0.014588
         -0.163438       -0.429126        0.066622
         -0.003220       -0.213816        0.064814
          0.128876        0.048223        0.003981
          0.211645        0.271428       -0.088766
          0.244237        0.391722       -0.167908
          0.236434        0.395965       -0.198967
          0.201821        0.319397       -0.180221
          0.154041        0.216303       -0.140329
          0.103770        0.131616       -0.118045
          0.058309        0.088033       -0.139472
          0.023089        0.081812       -0.201459
         -0.000275        0.084976       -0.266568
         -0.018450        0.062919       -0.278702
         -0.044355        0.001146       -0.198782
         -0.086091       -0.084420       -0.036629
         -0.137084       -0.162738        0.148257
         -0.177137       -0.207740        0.276757
         -0.182424       -0.207029        0.288222
         -0.137929       -0.166434        0.169609
         -0.048877       -0.113016       -0.032233
          0.054857       -0.082315       -0.226074
          0.130307       -0.091051       -0.320900
          0.145896       -0.122791       -0.273281
          0.100649       -0.141734       -0.104611
          0.024721       -0.116951        0.116481
         -0.036337       -0.037744        0.306919
         -0.044911        0.078646        0.401439
          0.007680        0.186598        0.376789
          0.095029        0.230874        0.256942
          0.169525        0.181052        0.093629
          0.187191        0.052463       -0.062758
          0.129670       -0.104315       -0.179748
          0.013102       -0.230332       -0.243552
         -0.121361       -0.281422       -0.254659
         -0.229498       -0.243994       -0.222035
         -0.282499       -0.140580       -0.155331
         -0.272980       -0.016882       -0.061195
         -0.212242        0.083850        0.053053
         -0.122619        0.138659        0.175665
         -0.026489        0.145093        0.291417
          0.060580        0.112412        0.383408
          0.127065        0.053841        0.434320
          0.161254       -0.017761        0.429465
          0.154954       -0.090922        0.359608
          0.110306       -0.154102        0.222264
          0.040846       -0.195388        0.025895
         -0.032804       -0.206269       -0.203965
         -0.089395       -0.187700       -0.425778
         -0.115150       -0.153191       -0.592055
         -0.110023       -0.123927       -0.660842
         -0.086844       -0.116112       -0.606634
         -0.062809       -0.128141       -0.432208
         -0.047210       -0.136739       -0.173315
         -0.033112       -0.105593        0.111954
         -0.002488       -0.004579        0.362296
          0.057051        0.168143        0.529167
          0.139689        0.375429        0.587068
          0.221705        0.551913        0.537938
          0.269474        0.630763        0.406860
          0.254510        0.573195        0.231208
          0.175617        0.389657        0.049513
          0.068764        0.140396       -0.106744
         -0.013280       -0.091590       -0.216233
         -0.034719       -0.239177       -0.265392
          0.005035       -0.274256       -0.247934
          0.072876       -0.208915       -0.170447
          0.116462       -0.084945       -0.054179
          0.091388        0.045569        0.072182
         -0.010770        0.144838        0.177445
         -0.156105        0.200584        0.228557
         -0.287335        0.215108        0.200889
         -0.352162        0.190507        0.094034
         -0.326860        0.127100       -0.068458
         -0.224963        0.028953       -0.253027
         -0.086629       -0.093901       -0.422646
          0.040791       -0.224958       -0.538319
          0.118651       -0.339907       -0.570825
          0.130151       -0.409819       -0.514071
          0.088400       -0.412891       -0.383353
          0.027845       -0.346871       -0.205313
         -0.016510       -0.229042       -0.013358
         -0.022255       -0.084400        0.155462
          0.017356        0.062422        0.270692
          0.088194        0.186277        0.321009
          0.153566        0.264645        0.317338
          0.171291        0.288438        0.282618
          0.120264        0.265331        0.237437
          0.011973        0.211674        0.194166
         -0.117877        0.148385        0.158706
         -0.224783        0.102550        0.130369
         -0.272395        0.097399        0.103558
         -0.250486        0.132371        0.079600
         -0.182222        0.179019        0.075318
         -0.108223        0.199866        0.109989
         -0.056633        0.168463        0.184353
         -0.025015        0.078476        0.277916
          0.012213       -0.050877        0.359841
          0.081967       -0.176321        0.394025
          0.194482       -0.251670        0.344373
          0.334143       -0.257824        0.193467
          0.458358       -0.213628       -0.040645
          0.511990       -0.160432       -0.310558
          0.458198       -0.136659       -0.558973
          0.302142       -0.156683       -0.731672
          0.085880       -0.201953       -0.786901
         -0.133985       -0.231335       -0.711347
         -0.304083       -0.207033       -0.532867
         -0.387929       -0.119235       -0.312786
         -0.379689        0.005616       -0.120146
         -0.304829        0.117496       -0.006292
         -0.201417        0.171247        0.008872
         -0.099897        0.154266       -0.059037
         -0.016932        0.093412       -0.163938
          0.042161        0.037176       -0.249705
          0.081855        0.028183       -0.281296
          0.113783        0.081593       -0.263116
          0.147919        0.175627       -0.228206
          0.182288        0.259082       -0.210957
          0.202947        0.278207       -0.226254
          0.195757        0.209540       -0.261368
          0.156543        0.074250       -0.277419
          0.091556       -0.074694       -0.224185
          0.015972       -0.177638       -0.068708
         -0.046572       -0.190862        0.180404
         -0.073630       -0.104799        0.473983
         -0.061038        0.047388        0.745988
         -0.028118        0.203436        0.938183
         -0.005399        0.304231        1.013668
         -0.020559        0.320126        0.964423
         -0.089617        0.255326        0.814423
         -0.207030        0.137870        0.609006
         -0.339994        0.006029        0.392220
         -0.440154       -0.108072        0.192462
         -0.467343       -0.193429        0.026338
         -0.406827       -0.260800       -0.095211
         -0.272770       -0.325822       -0.170583
         -0.101590       -0.390677       -0.208426
          0.062202       -0.440980       -0.216684
          0.183744       -0.455850       -0.195384
          0.250756       -0.417792       -0.144679
          0.274760       -0.318325       -0.073422
          0.279409       -0.164931        0.004727
          0.282635        0.014075        0.076441
          0.285918        0.178715        0.124823
          0.277239        0.296834        0.128286
          0.240359        0.353761        0.073050
          0.164190        0.347467       -0.033653
          0.053753        0.285497       -0.166855
         -0.064420        0.187604       -0.297904
         -0.155187        0.080012       -0.401995
         -0.197042       -0.017235       -0.459378
         -0.189624       -0.091723       -0.463034
         -0.144247       -0.130327       -0.427647
         -0.075385       -0.120553       -0.380788
          0.002912       -0.061231       -0.341072
          0.082785        0.035020       -0.309935
          0.163021        0.147579       -0.280493
          0.236021        0.249223       -0.241624
          0.278078        0.307353       -0.176269
          0.261397        0.295751       -0.073516
          0.175841        0.208150        0.053845
          0.038278        0.059612        0.175472
         -0.111927       -0.120444        0.267394
         -0.224875       -0.295428        0.320649
         -0.261462       -0.431451        0.334070
         -0.217265       -0.508047        0.316087
         -0.127928       -0.518916        0.289856
         -0.047982       -0.463971        0.279031
         -0.019020       -0.346237        0.288846
         -0.046950       -0.175797        0.311252
         -0.099076        0.027187        0.339798
         -0.123780        0.230143        0.365510
         -0.083275        0.386112        0.368099
          0.020729        0.443763        0.327852
          0.143948        0.372233        0.241263
          0.221216        0.181034        0.117429
          0.203129       -0.080524       -0.027956
          0.086440       -0.338120       -0.165894
         -0.083207       -0.514028       -0.257512
         -0.236867       -0.555517       -0.279435
         -0.316373       -0.458090       -0.240705
         -0.298658       -0.263800       -0.171524
         -0.202436       -0.036522       -0.105027
         -0.074441        0.163699       -0.068543
          0.038314        0.295441       -0.073503
          0.111321        0.343753       -0.104470
          0.146020        0.320559       -0.128010
          0.158194        0.253013       -0.120417
          0.163642        0.167906       -0.084362
          0.167793        0.086342       -0.040306
          0.162721        0.026894       -0.010233
          0.134230        0.004234       -0.008190
          0.074882        0.022593       -0.032036
         -0.007381        0.074611       -0.056901
         -0.091085        0.146675       -0.046407
         -0.150914        0.223038        0.018640
         -0.168677        0.289059        0.122127
         -0.139923        0.338401        0.222048
         -0.074033        0.377819        0.271376
          0.010251        0.419374        0.233969
          0.090698        0.465376        0.100348
          0.147553        0.501732       -0.098545
          0.168556        0.504212       -0.299716
          0.150765        0.449206       -0.439861
          0.099495        0.323605       -0.481346
          0.027427        0.133981       -0.416108
         -0.047098       -0.090368       -0.262043
         -0.106542       -0.307920       -0.060711
         -0.141877       -0.482693        0.134991
         -0.153247       -0.593768        0.282023
         -0.144563       -0.633307        0.357353
         -0.120343       -0.602562        0.353783
         -0.085910       -0.509556        0.278733
         -0.046164       -0.365782        0.158508
         -0.003897       -0.186201        0.032861
          0.038578        0.003118       -0.060770
          0.077143        0.159770       -0.097873
          0.107428        0.234780       -0.068885
          0.127347        0.193198        0.018472
          0.134906        0.031864        0.137748
          0.123780       -0.212768        0.251769
          0.085486       -0.469757        0.326913
          0.019392       -0.655378        0.342639
         -0.059711       -0.706364        0.294491
         -0.124726       -0.606657        0.195892
         -0.147328       -0.391368        0.077613
         -0.111337       -0.127710       -0.021009
         -0.024796        0.114692       -0.067724
          0.077014        0.290569       -0.050831
          0.146205        0.392565        0.015782
          0.149097        0.444765        0.096377
          0.086109        0.479018        0.145543
         -0.009119        0.510090        0.127436
         -0.089011        0.527078        0.033886
         -0.117625        0.503830       -0.110166
         -0.090291        0.417512       -0.257151
         -0.038371        0.264498       -0.356053
         -0.014007        0.068220       -0.371486
         -0.058370       -0.125203       -0.297100
         -0.171327       -0.264993       -0.158549
         -0.305614       -0.318534       -0.003604
         -0.391018       -0.283486        0.116335
         -0.371304       -0.183415        0.164309
         -0.234148       -0.055893        0.128986
         -0.023001        0.059143        0.027516
          0.178187        0.132564       -0.100225
          0.287251        0.157942       -0.205875
          0.268829        0.150425       -0.250124
          0.150335        0.132598       -0.214745
          0.002252        0.123285       -0.105888
         -0.099590        0.134675        0.048423
         -0.111196        0.167613        0.206178
         -0.042491        0.206711        0.325356
          0.049671        0.229115        0.377374
          0.097763        0.222379        0.352443
          0.066365        0.191159        0.259261
         -0.026753        0.149868        0.123377
         -0.122577        0.114823       -0.019378
         -0.156801        0.097716       -0.135897
         -0.098757        0.095020       -0.206505
          0.029003        0.083159       -0.227460
          0.161815        0.032123       -0.209183
          0.228528       -0.072454       -0.171587
          0.192330       -0.219342       -0.132619
          0.072744       -0.377164       -0.095573
         -0.067126       -0.505363       -0.048549
         -0.159973       -0.567531        0.022585
         -0.171490       -0.547555        0.119814
         -0.113470       -0.459524        0.225414
         -0.032472       -0.340546        0.303090
          0.017743       -0.230339        0.311327
          0.009126       -0.153549        0.226698
         -0.043005       -0.114564        0.061428
         -0.093844       -0.101183       -0.139187
         -0.102670       -0.091074       -0.317310
         -0.057964       -0.061858       -0.428253
          0.018488       -0.004652       -0.458703
          0.083831        0.068949       -0.427729
          0.097137        0.134066       -0.369279
          0.044295        0.165629       -0.307920
         -0.051962        0.146636       -0.243604
         -0.145252        0.074806       -0.153575
         -0.191057       -0.028783       -0.010695
         -0.167579       -0.120536        0.191485
         -0.082799       -0.153416        0.424840
          0.032504       -0.101584        0.635311
          0.140132        0.027313        0.765820
          0.211243        0.194687        0.778207
          0.238627        0.343263        0.668103
          0.237857        0.418333        0.468889
          0.234385        0.393123        0.238194
          0.245869        0.282696        0.032563
          0.272907        0.134452       -0.110821
          0.299960        0.001982       -0.177395
          0.301762       -0.078516       -0.172988
          0.255345       -0.097025       -0.120958
          0.155484       -0.065901       -0.052450
          0.021992       -0.009238        0.008077
         -0.108538        0.051968        0.048462
         -0.198766        0.111667        0.063228
         -0.222770        0.176614        0.049770
         -0.172247        0.251817        0.010915
         -0.059838        0.328780       -0.046143
          0.082116        0.386197       -0.115856
          0.211173        0.399465       -0.193300
          0.289561        0.352230       -0.265984
          0.295595        0.245380       -0.313431
          0.228502        0.099394       -0.317080
          0.109336       -0.052049       -0.266961
         -0.023425       -0.175258       -0.162239
         -0.128339       -0.250502       -0.014959
         -0.179958       -0.277385        0.145545
         -0.177106       -0.267177        0.279303
         -0.135214       -0.231337        0.350173
         -0.073526       -0.178621        0.335344
         -0.006882       -0.118086        0.229334
          0.058580       -0.058167        0.047876
          0.126203       -0.005361       -0.172940
          0.201648        0.030005       -0.386884
          0.280510        0.030858       -0.550485
          0.343826       -0.014958       -0.632556
          0.368717       -0.101689       -0.621628
          0.343866       -0.210133       -0.529367
          0.275137       -0.320803       -0.385602
          0.181072       -0.417255       -0.228965
          0.087088       -0.485030       -0.099208
          0.018509       -0.519096       -0.029112
         -0.011089       -0.528765       -0.035259
         -0.006838       -0.525072       -0.115292
          0.016066       -0.505074       -0.253552
          0.046296       -0.456282       -0.425497
          0.077744       -0.373675       -0.597604
          0.101923       -0.265984       -0.731981
          0.106563       -0.151599       -0.798210
          0.079539       -0.058639       -0.781677
          0.009213       -0.023260       -0.683896
         -0.113819       -0.071489       -0.523313
         -0.286107       -0.197074       -0.337755
         -0.481713       -0.362085       -0.176278
         -0.657215       -0.518407       -0.078484
         -0.767427       -0.624665       -0.059073
         -0.779368       -0.651152       -0.108525
         -0.681507       -0.585947       -0.199170
         -0.490284       -0.441958       -0.289091
         -0.249112       -0.250075       -0.334028
         -0.014314       -0.040953       -0.308757
          0.165712        0.163577       -0.217379
          0.264387        0.343914       -0.082048
          0.278360        0.478613        0.071843
          0.222531        0.552831        0.219697
          0.124505        0.566475        0.341636
          0.017528        0.531081        0.433224
         -0.068522        0.464214        0.507480
         -0.113288        0.390393        0.580211
         -0.107122        0.339773        0.656900
         -0.052098        0.336003        0.734727
          0.035615        0.384710        0.807645
          0.129422        0.477236        0.864205
          0.204875        0.602804        0.888874
          0.250481        0.751252        0.873605
          0.267616        0.905423        0.825673
          0.264447        1.038236        0.761379
          0.249999        1.119259        0.696026
          0.226514        1.120114        0.641003
          0.184186        1.016753        0.602962
          0.109455        0.801115        0.578522
          0.002545        0.500587        0.550341
         -0.115012        0.181069        0.492951
         -0.208705       -0.077511        0.385423
         -0.245670       -0.212653        0.220285
         -0.212016       -0.197859        0.004680
         -0.129774       -0.051884       -0.240127
         -0.056902        0.159200       -0.478360
         -0.060415        0.341021       -0.666645
         -0.178647        0.411780       -0.770860
         -0.395950        0.337739       -0.779180
         -0.641168        0.139818       -0.701475
         -0.813642       -0.123126       -0.563960
         -0.831022       -0.376907       -0.406753
         -0.675013       -0.554478       -0.276625
         -0.406389       -0.617904       -0.211020
         -0.138934       -0.569606       -0.224557
          0.015207       -0.441411       -0.306717
          0.001522       -0.270777       -0.426398
         -0.150132       -0.088471       -0.538078
         -0.343462        0.076560       -0.591497
         -0.466092        0.193876       -0.547088
         -0.443445        0.238941       -0.392095
         -0.270578        0.198047       -0.146669
         -0.008055        0.065907        0.145017
          0.255748       -0.149401        0.429965
          0.452078       -0.413215        0.656614
          0.558001       -0.666128        0.782225
          0.591058       -0.848085        0.783415
          0.586456       -0.919836        0.662199
          0.573162       -0.866846        0.438761
          0.559142       -0.701182        0.143136
          0.535632       -0.467751       -0.179479
          0.499759       -0.235086       -0.463277
          0.473131       -0.066244       -0.637266
          0.494417        0.004075       -0.650692
          0.591569       -0.027101       -0.484512
          0.756388       -0.131837       -0.153756
          0.935516       -0.252151        0.284475
          1.042822       -0.318790        0.733209
          0.995361       -0.286807        1.087859
          0.759766       -0.158349        1.275709
          0.377946        0.022098        1.267689
         -0.047281        0.185990        1.070946
         -0.394847        0.263366        0.728366
         -0.573850        0.213054        0.314820
         -0.561947        0.047792       -0.089251
         -0.416283       -0.169126       -0.425185
         -0.244120       -0.354708       -0.656473
         -0.148031       -0.440902       -0.760037
         -0.179661       -0.398336       -0.734611
         -0.323114       -0.247380       -0.609238
         -0.510504       -0.051118       -0.428807
         -0.663498        0.112903       -0.234969
         -0.740574        0.187719       -0.065350
         -0.758943        0.157506        0.043859
         -0.777373        0.046846        0.069766
         -0.855970       -0.094014        0.013621
         -1.018196       -0.210048       -0.105577
         -1.232485       -0.261380       -0.261053
         -1.422264       -0.232838       -0.417788
         -1.500219       -0.129693       -0.533196
         -1.406653        0.031567       -0.570380
         -1.130860        0.227757       -0.512321
         -0.709724        0.429735       -0.362909
         -0.210454        0.604626       -0.139584
          0.292388        0.719852        0.131388
          0.736564        0.748228        0.417281
          1.082883        0.676484        0.684661
          1.315811        0.515056        0.906798
          1.437218        0.299744        1.066583
          1.460064        0.080734        1.155703
          1.406252       -0.093945        1.176553
          1.304860       -0.192279        1.146854
          1.186557       -0.206747        1.098387
          1.077648       -0.154561        1.065350
          0.996756       -0.066659        1.069350
          0.950524        0.029155        1.110711
          0.928774        0.119433        1.168078
          0.906512        0.204932        1.203338
          0.853392        0.292096        1.172165
          0.742639        0.381991        1.041113
          0.556831        0.462324        0.803202
          0.294721        0.507251        0.479112
         -0.022334        0.486688        0.103499
         -0.351267        0.381945       -0.289383
         -0.637054        0.199867       -0.671273
         -0.826944       -0.023218       -1.021147
         -0.886350       -0.231272       -1.325560
         -0.813942       -0.367504       -1.573103
         -0.648711       -0.393693       -1.745661
         -0.461652       -0.302413       -1.821196
         -0.332508       -0.118577       -1.790895
         -0.319608        0.109552       -1.671597
         -0.434763        0.326234       -1.499539
         -0.635865        0.483988       -1.314807
         -0.843354        0.552267       -1.148549
         -0.974414        0.518597       -1.011194
         -0.980336        0.388513       -0.883508
         -0.870627        0.187549       -0.724451
         -0.709656       -0.040249       -0.497122
         -0.583833       -0.242767       -0.190720
         -0.557247       -0.375514        0.177503
         -0.640902       -0.415653        0.571320
         -0.787856       -0.372517        0.943042
         -0.912413       -0.291962        1.242509
         -0.925627       -0.245914        1.431340
         -0.772767       -0.304617        1.492667
         -0.454144       -0.506006        1.428236
         -0.021228       -0.839560        1.251676
          0.444348       -1.246895        0.988193
          0.857509       -1.633658        0.673568
          1.154252       -1.894632        0.341770
          1.306651       -1.951114        0.010001
          1.324418       -1.781480       -0.321549
          1.246237       -1.424313       -0.657237
          1.126278       -0.958030       -0.995717
          1.019821       -0.475181       -1.322796
          0.972386       -0.057426       -1.601010
          1.013435        0.248870       -1.768231
          1.149244        0.443506       -1.761624
          1.353720        0.558639       -1.552940
          1.566980        0.634051       -1.165826
          1.709069        0.703097       -0.670798
          1.703735        0.789340       -0.169925
          1.504251        0.902385        0.231321
          1.115180        1.035882        0.466329
          0.597939        1.176582        0.536938
          0.049306        1.316911        0.504197
         -0.437919        1.457355        0.452493
         -0.808039        1.601684        0.455025
         -1.054203        1.756363        0.548206
         -1.208607        1.931581        0.716045
         -1.317951        2.133536        0.898616
         -1.416806        2.350840        1.027588
         -1.514127        2.548125        1.062306
         -1.598227        2.670592        1.000710
         -1.652534        2.652978        0.868812
         -1.670089        2.431747        0.704220
         -1.656614        1.965090        0.537342
         -1.619613        1.255403        0.371990
         -1.553933        0.358358        0.180107
         -1.437348       -0.627817       -0.078090
         -1.238580       -1.582924       -0.422488
         -0.933227       -2.386989       -0.834588
         -0.524068       -2.945598       -1.257040
         -0.055312       -3.213888       -1.601901
          0.395414       -3.204478       -1.770371
          0.747958       -2.975252       -1.689329
          0.953398       -2.609949       -1.345015
          1.012051       -2.200892       -0.787038
          0.969865       -1.831588       -0.107750
          0.893842       -1.560940        0.579408
          0.836418       -1.417081        1.159594
          0.811161       -1.399238        1.541613
          0.796592       -1.477994        1.675195
          0.762369       -1.594379        1.546599
          0.697819       -1.667255        1.168256
          0.623900       -1.611447        0.581800
          0.578768       -1.362060       -0.136577
          0.585107       -0.901363       -0.885976
          0.625016       -0.279060       -1.558523
          0.643196        0.390703       -2.053382
          0.576376        0.961914       -2.293370
          0.392704        1.305766       -2.246446
          0.121453        1.357147       -1.936014
         -0.147969        1.142144       -1.431593
         -0.305052        0.771933       -0.831591
         -0.272851        0.400787       -0.246350
         -0.044407        0.169013        0.223078
          0.313328        0.159340        0.508462
          0.682370        0.379799        0.588916
          0.934426        0.770999        0.492123
          0.976803        1.232576        0.285052
          0.782947        1.659263        0.053958
          0.394135        1.969529       -0.122670
         -0.100972        2.115583       -0.195017
         -0.594389        2.081672       -0.148029
         -0.988455        1.883215        0.003474
         -1.223342        1.565907        0.225797
         -1.290787        1.196185        0.481090
         -1.225870        0.844454        0.738189
         -1.085327        0.568630        0.973133
         -0.927078        0.398693        1.165607
         -0.796321        0.323363        1.300669
         -0.717438        0.290456        1.373432
         -0.692476        0.228346        1.389531
         -0.705331        0.077105        1.361842
         -0.727258       -0.188873        1.307253
         -0.722253       -0.554134        1.242681
         -0.656046       -0.968793        1.179324
         -0.510289       -1.364430        1.119648
         -0.295069       -1.675004        1.060995
         -0.048446       -1.856109        1.001703
          0.181148       -1.894805        0.942503
          0.359323       -1.807538        0.882910
          0.479548       -1.632373        0.818265
          0.557729       -1.421778        0.739371
          0.613229       -1.232683        0.631298
          0.648664       -1.109374        0.471275
          0.641293       -1.067149        0.231004
          0.556530       -1.089158       -0.113974
          0.380106       -1.135257       -0.571533
          0.144195       -1.152737       -1.120678
         -0.077385       -1.087504       -1.701839
         -0.202176       -0.899125       -2.216256
         -0.176967       -0.572522       -2.544378
         -0.002749       -0.116630       -2.583863
          0.262424        0.443631       -2.291756
          0.529380        1.068802       -1.710003
          0.722865        1.701495       -0.962166
          0.814938        2.269996       -0.220779
          0.825166        2.700721        0.346377
          0.795907        2.932397        0.632178
          0.762024        2.930311        0.622321
          0.727740        2.701800        0.388298
          0.662039        2.304058        0.048832
          0.519170        1.830531       -0.279530
          0.271653        1.377457       -0.523651
         -0.067580        1.010823       -0.671767
         -0.445370        0.751977       -0.760635
         -0.787068        0.582928       -0.841360
         -1.024361        0.463751       -0.945057
         -1.119748        0.356113       -1.063666
         -1.075443        0.242809       -1.150168
         -0.924224        0.128603       -1.136379
         -0.711204        0.020841       -0.960192
         -0.476888       -0.090707       -0.589358
         -0.247104       -0.235003       -0.034044
         -0.033105       -0.442825        0.650753
          0.158679       -0.727018        1.371313
          0.316691       -1.070852        2.011394
          0.424916       -1.427701        2.456980
          0.471915       -1.734847        2.623459
          0.457846       -1.939981        2.480359
          0.396736       -2.023960        2.068607
          0.315503       -1.999736        1.499452
          0.245271       -1.890305        0.926570
          0.205113       -1.709882        0.499396
          0.191992       -1.462599        0.317352
          0.186642       -1.152411        0.399850
          0.167350       -0.796035        0.680451
          0.120545       -0.434383        1.031472
          0.047369       -0.130128        1.312851
         -0.033754        0.059830        1.420006
         -0.094886        0.123536        1.306359
         -0.116924        0.112504        0.978810
         -0.104518        0.123107        0.478928
         -0.084211        0.254789       -0.140663
         -0.089445        0.567492       -0.835485
         -0.144211        1.050575       -1.569833
         -0.249759        1.614639       -2.297356
         -0.377011        2.119682       -2.944136
         -0.474176        2.431191       -3.415498
         -0.491349        2.469284       -3.621010
         -0.405258        2.226114       -3.501303
         -0.227767        1.758071       -3.052160
          0.000086        1.165378       -2.340751
          0.220861        0.560259       -1.496217
          0.380141        0.032720       -0.669135
          0.449219       -0.364129        0.015268
          0.436587       -0.604286        0.484228
          0.378833       -0.676084        0.725961
          0.319820       -0.582253        0.787812
          0.291534       -0.345165        0.756972
          0.299744       -0.008835        0.722950
          0.316778        0.357768        0.747212
          0.291815        0.658181        0.860674
          0.179692        0.781944        1.074110
         -0.031675        0.636661        1.378770
         -0.312417        0.179165        1.743765
         -0.596494       -0.569365        2.124729
         -0.796800       -1.522145        2.472934
         -0.834502       -2.537959        2.732611
         -0.674863       -3.450572        2.844280
         -0.344837       -4.111799        2.769616
          0.076599       -4.429637        2.513516
          0.481614       -4.386601        2.115895
          0.763019       -4.035117        1.628579
          0.851623       -3.472743        1.103778
          0.745627       -2.805157        0.587495
          0.508138       -2.111516        0.106686
          0.234812       -1.426892       -0.331783
          0.014639       -0.748839       -0.719881
         -0.101616       -0.063401       -1.033202
         -0.118691        0.626865       -1.244912
         -0.088206        1.291911       -1.348835
         -0.073341        1.883361       -1.365325
         -0.111463        2.351977       -1.334371
         -0.200744        2.664248       -1.306897
         -0.311342        2.814969       -1.328033
         -0.406429        2.829230       -1.412446
         -0.462116        2.749691       -1.533195
         -0.477657        2.619586       -1.637880
         -0.468517        2.474885       -1.676601
         -0.447948        2.342946       -1.619376
         -0.414523        2.238019       -1.459902
         -0.355881        2.156528       -1.213898
         -0.263042        2.080675       -0.912983
         -0.143608        1.986987       -0.591651
         -0.025453        1.851061       -0.274994
          0.052431        1.649681        0.021117
          0.059876        1.365506        0.280035
         -0.002728        0.991422        0.479611
         -0.095190        0.529820        0.598273
         -0.151013       -0.009014        0.622046
         -0.108605       -0.602211        0.547147
          0.057160       -1.205512        0.384261
          0.318054       -1.751085        0.163835
          0.597193       -2.159092       -0.068972
          0.797303       -2.359926       -0.270275
          0.844027       -2.319035       -0.409434
          0.720929       -2.057178       -0.469540
          0.474932       -1.657139       -0.444423
          0.193301       -1.245976       -0.337336
         -0.030692       -0.952209       -0.156935
         -0.129883       -0.855746        0.088618
         -0.085518       -0.954559        0.390943
          0.069417       -1.161461        0.733740
          0.269707       -1.332315        1.088765
          0.447426       -1.319418        1.420686
          0.552579       -1.032870        1.694237
          0.561189       -0.481765        1.878155
          0.478291        0.227516        1.948253
          0.333637        0.934497        1.890702
          0.163359        1.485434        1.701549
         -0.011463        1.784720        1.382652
         -0.189823        1.819615        0.940473
         -0.380105        1.650885        0.390617
         -0.588755        1.374565       -0.235849
         -0.811218        1.077580       -0.888233
         -1.021960        0.813717       -1.496503
         -1.173736        0.606181       -1.979313
         -1.216259        0.462197       -2.261199
         -1.122026        0.385408       -2.294588
         -0.897775        0.380806       -2.078886
         -0.577456        0.449449       -1.668050
         -0.208542        0.574462       -1.159144
          0.160349        0.710919       -0.662595
          0.490942        0.793879       -0.267783
          0.762707        0.762793       -0.020450
          0.968667        0.586290        0.081747
          1.102848        0.276393        0.078039
          1.154840       -0.108192        0.021757
          1.117192       -0.472002       -0.045551
          0.993069       -0.709835       -0.108200
          0.794700       -0.740955       -0.170837
          0.538866       -0.532109       -0.243519
          0.245353       -0.104834       -0.331778
         -0.065868        0.465789       -0.432380
         -0.379822        1.062624       -0.530277
         -0.686205        1.553982       -0.601742
         -0.970384        1.827329       -0.626864
         -1.204368        1.812822       -0.598981
         -1.348323        1.494689       -0.520921
         -1.364389        0.915115       -0.398262
         -1.234866        0.165260       -0.240960
         -0.974922       -0.640479       -0.065374
         -0.635575       -1.393731        0.112600
         -0.295061       -2.009390        0.284440
         -0.034499       -2.431462        0.446832
          0.096835       -2.634841        0.597636
          0.104004       -2.622647        0.736128
          0.038791       -2.418163        0.860113
         -0.028271       -2.058294        0.957489
         -0.035426       -1.593628        1.004199
          0.048920       -1.088944        0.974991
          0.211822       -0.615423        0.857837
          0.401288       -0.235665        0.662269
          0.556492        0.010226        0.419834
          0.639020        0.112336        0.176578
          0.640445        0.091944       -0.021581
          0.573316       -0.005256       -0.144583
          0.463998       -0.124331       -0.187953
          0.344966       -0.219009       -0.172675
          0.240047       -0.262192       -0.133727
          0.156827       -0.244838       -0.101426
          0.097241       -0.169460       -0.087853
          0.069434       -0.046265       -0.086391
          0.083653        0.108381       -0.078242
          0.142306        0.275115       -0.039029
          0.239226        0.434104        0.050578
          0.362916        0.563991        0.189988
          0.494741        0.643601        0.352312
          0.608147        0.662164        0.492379
          0.676026        0.629304        0.557508
          0.678446        0.573247        0.494356
          0.601117        0.530524        0.262034
          0.430908        0.536161       -0.145513
          0.161063        0.613749       -0.686033
         -0.195406        0.763790       -1.277507
         -0.597032        0.958903       -1.817832
         -0.976406        1.152900       -2.203271
         -1.252096        1.296861       -2.350324
         -1.350078        1.352220       -2.221221
         -1.233811        1.300307       -1.834051
         -0.929824        1.149681       -1.247367
         -0.528203        0.935093       -0.537696
         -0.150252        0.703601        0.210948
          0.101094        0.495285        0.911541
          0.183243        0.330248        1.485083
          0.131288        0.205845        1.874302
          0.042130        0.102085        2.051653
          0.025671       -0.006876        2.026190
          0.144672       -0.137892        1.853511
          0.380751       -0.286824        1.633833
          0.647175       -0.427093        1.481150
          0.836608       -0.521865        1.475655
          0.876914       -0.544052        1.631162
          0.768414       -0.494224        1.890166
          0.581437       -0.410403        2.137596
          0.413103       -0.365642        2.232561
          0.330126       -0.447692        2.060582
          0.331728       -0.722975        1.582480
          0.350904       -1.201829        0.846788
          0.293341       -1.823473       -0.033712
          0.095777       -2.466352       -0.917101
         -0.230019       -2.980563       -1.670086
         -0.596373       -3.234601       -2.207007
         -0.881084       -3.159317       -2.510590
         -0.985035       -2.768224       -2.618148
         -0.877969       -2.146978       -2.588195
         -0.612166       -1.421518       -2.471463
         -0.294335       -0.718607       -2.292176
         -0.028575       -0.131224       -2.042258
          0.132806        0.299299       -1.698380
          0.199509        0.580291       -1.255526
          0.217381        0.752119       -0.750428
          0.232057        0.870241       -0.259376
          0.261442        0.987299        0.124055
          0.286725        1.135929        0.325103
          0.269650        1.318650        0.328981
          0.187726        1.509667        0.200907
          0.056082        1.664538        0.063708
         -0.084239        1.733731        0.047409
         -0.194249        1.681670        0.241310
         -0.255288        1.505731        0.661167
         -0.274490        1.239178        1.237794
         -0.280783        0.933821        1.842561
         -0.305836        0.638507        2.344767
         -0.357031        0.386418        2.660746
         -0.407524        0.189360        2.766059
         -0.413104        0.039531        2.684402
         -0.337692       -0.075836        2.471464
         -0.170299       -0.156147        2.189608
          0.067317       -0.184604        1.878889
          0.323182       -0.142807        1.550777
          0.533941       -0.027056        1.207870
          0.653892        0.143569        0.858299
          0.673813        0.327290        0.509202
          0.617460        0.470181        0.159106
          0.524218        0.528540       -0.197205
          0.431597        0.492159       -0.563931
          0.361870        0.391478       -0.945749
          0.314745        0.282550       -1.341370
          0.272841        0.219140       -1.726683
          0.219144        0.226405       -2.049841
          0.151133        0.286697       -2.250536
          0.079907        0.343482       -2.284281
          0.020132        0.324506       -2.132276
         -0.018566        0.176349       -1.804413
         -0.035953       -0.106116       -1.345442
         -0.040752       -0.470865       -0.831501
         -0.043936       -0.825154       -0.346004
         -0.050325       -1.068853        0.047554
         -0.057046       -1.129108        0.315034
         -0.060544       -0.983308        0.449275
         -0.065142       -0.665093        0.469008
         -0.085041       -0.252784        0.412761
         -0.136922        0.156919        0.319861
         -0.228125        0.479158        0.212672
         -0.349202        0.660459        0.097474
         -0.474925        0.683364       -0.022403
         -0.572004        0.563767       -0.139287
         -0.610672        0.344873       -0.242190
         -0.575703        0.083589       -0.316790
         -0.470761       -0.168633       -0.344854
         -0.314831       -0.378670       -0.311427
         -0.135378       -0.533320       -0.216525
          0.038001       -0.637374       -0.078143
          0.178284       -0.712477        0.075511
          0.263759       -0.789465        0.213693
          0.280505       -0.891081        0.306672
          0.226673       -1.017468        0.332636
          0.116306       -1.146344        0.289801
         -0.020840       -1.241738        0.203095
         -0.143646       -1.260277        0.116454
         -0.208969       -1.159686        0.074500
         -0.187560       -0.917461        0.103616
         -0.079761       -0.546986        0.198845
          0.081676       -0.092710        0.319378
          0.244174        0.388680        0.397200
          0.353988        0.841138        0.362594
          0.373413        1.216814        0.177409
          0.292945        1.489646       -0.145938
          0.132042        1.665215       -0.552247
         -0.074215        1.769067       -0.966554
         -0.292898        1.822969       -1.315893
         -0.502412        1.833776       -1.547824
         -0.690367        1.796497       -1.644741
         -0.846000        1.696222       -1.621233
         -0.952301        1.511019       -1.501470
         -0.981535        1.229082       -1.298466
         -0.899915        0.870214       -1.014045
         -0.684259        0.485850       -0.650833
         -0.342077        0.136344       -0.221646
          0.079978       -0.130403        0.241073
          0.506214       -0.287932        0.674822
          0.855411       -0.336620        0.993293
          1.068317       -0.304476        1.118636
          1.128433       -0.232096        1.017550
          1.064449       -0.149895        0.715132
          0.930809       -0.070374        0.287389
          0.777670        0.001611       -0.156954
          0.628341        0.058812       -0.507194
          0.476497        0.091701       -0.689781
          0.303331        0.092780       -0.691503
          0.102577        0.060030       -0.551198
         -0.102976        0.000830       -0.334072
         -0.263525       -0.064707       -0.107971
         -0.323651       -0.107362        0.075333
         -0.254276       -0.102412        0.193501
         -0.075291       -0.044729        0.254121
          0.148718        0.047545        0.281095
          0.335498        0.141828        0.298254
          0.416063        0.202460        0.320571
          0.358186        0.200627        0.352316
          0.177678        0.125478        0.386364
         -0.069482       -0.009441        0.404944
         -0.311796       -0.174061        0.387345
         -0.487509       -0.339225        0.322733
         -0.560299       -0.489733        0.217608
         -0.527609       -0.627553        0.094730
         -0.420614       -0.767154       -0.010090
         -0.291325       -0.924363       -0.054602
         -0.192087       -1.102813       -0.007334
         -0.158367       -1.285446        0.132009
         -0.199788       -1.435833        0.326332
         -0.300255       -1.510467        0.512149
         -0.426745       -1.478839        0.618829
         -0.541891       -1.340409        0.592554
         -0.614256       -1.127402        0.421288
         -0.624866       -0.893814        0.146117
         -0.570241       -0.697353       -0.151932
         -0.460692       -0.578127       -0.381977
         -0.314773       -0.540915       -0.474424
         -0.153000       -0.553839       -0.402883
          0.007838       -0.567090       -0.191101
          0.158476       -0.537859        0.097755
          0.296147       -0.445696        0.385191
          0.419448       -0.295248        0.604424
          0.524184       -0.110480        0.719193
          0.602594        0.076707        0.727556
          0.644889        0.239239        0.652866
          0.643298        0.361570        0.530881
          0.597401        0.436503        0.398557
          0.515639        0.457531        0.284654
          0.411488        0.416203        0.205245
          0.299512        0.308084        0.167950
          0.193588        0.141973        0.178355
          0.104625       -0.054687        0.238310
          0.039227       -0.236896        0.338742
          0.002602       -0.350199        0.457346
          0.000760       -0.346988        0.561872
          0.035981       -0.207075        0.614735
          0.101189        0.050195        0.582964
          0.181295        0.372336        0.455769
          0.258547        0.692755        0.257109
          0.316545        0.948602        0.039956
          0.345230        1.092818       -0.134026
          0.346716        1.103270       -0.216995
          0.333834        0.986545       -0.192587
          0.319254        0.771487       -0.084104
          0.305186        0.497182        0.053260
          0.281205        0.205501        0.156012
          0.227040       -0.060342        0.178883
          0.118036       -0.257853        0.108687
         -0.062071       -0.350361       -0.038574
         -0.303532       -0.312100       -0.230197
         -0.564066       -0.134484       -0.431256
         -0.782778        0.162598       -0.616772
         -0.904040        0.521124       -0.776561
         -0.898269        0.852172       -0.909330
         -0.775760        1.064089       -1.010992
         -0.586149        1.097173       -1.067736
         -0.394248        0.946555       -1.059527
         -0.243949        0.664132       -0.970351
         -0.137476        0.339466       -0.797275
         -0.040966        0.066021       -0.553616
          0.092834       -0.094772       -0.266602
          0.294780       -0.135028        0.030074
          0.553031       -0.094656        0.309143
          0.807135       -0.031623        0.561408
          0.970959        0.010801        0.794287
          0.972604        0.020589        1.017048
          0.789620        0.015478        1.226400
          0.461749        0.028930        1.400234
          0.074979        0.085953        1.496786
         -0.273699        0.179790        1.462515
         -0.513314        0.270008        1.255498
         -0.623476        0.305818        0.873613
         -0.635595        0.253567        0.365288
         -0.606654        0.110730       -0.183403
         -0.581479       -0.092665       -0.674017
         -0.570464       -0.302713       -1.024470
         -0.551690       -0.463147       -1.195538
         -0.487128       -0.542294       -1.202325
         -0.345658       -0.547265       -1.100427
         -0.127487       -0.516393       -0.954912
          0.126095       -0.498625       -0.812046
          0.349047       -0.532777       -0.686773
          0.481240       -0.631545       -0.566414
          0.492545       -0.772047       -0.425355
          0.391653       -0.900301       -0.244405
          0.220933       -0.954281       -0.026888
          0.038803       -0.893587        0.196622
         -0.105996       -0.716617        0.377620
         -0.195278       -0.459810        0.467146
         -0.243025       -0.184260        0.431508
         -0.277418        0.048320        0.260406
         -0.319485        0.204483       -0.031416
         -0.372365        0.294769       -0.406105
         -0.419963        0.363955       -0.809162
         -0.431503        0.464353       -1.181692
         -0.376447        0.628519       -1.473064
         -0.245947        0.851716       -1.646347
         -0.061699        1.091246       -1.679155
          0.135913        1.285376       -1.568530
          0.304762        1.382167       -1.336110
          0.411459        1.361932       -1.020910
          0.441293        1.243894       -0.663358
          0.406532        1.075963       -0.298098
          0.339413        0.911756        0.043841
          0.271584        0.786434        0.338731
          0.219587        0.704913        0.577337
          0.184475        0.645589        0.759235
          0.157485        0.573431        0.880617
          0.127534        0.457008        0.937064
          0.091747        0.283821        0.936127
          0.063102        0.065510        0.896690
          0.065928       -0.169739        0.838025
          0.119891       -0.390325        0.778715
          0.224220       -0.571616        0.741365
          0.353312       -0.701121        0.744379
          0.464748       -0.779491        0.786825
          0.513674       -0.818361        0.847771
          0.469061       -0.835003        0.899472
          0.327944       -0.844869        0.916682
          0.119365       -0.856284        0.879976
         -0.107556       -0.870287        0.784518
         -0.304580       -0.882556        0.650439
         -0.441805       -0.883338        0.516854
         -0.515353       -0.857238        0.418680
         -0.544059       -0.786461        0.368008
         -0.555423       -0.655673        0.353299
         -0.567597       -0.455478        0.347127
         -0.578672       -0.187482        0.313907
         -0.567932        0.125813        0.223169
         -0.506893        0.433509        0.067804
         -0.377785        0.663523       -0.129585
         -0.190993        0.745193       -0.331030
          0.013845        0.634700       -0.503356
          0.185459        0.332969       -0.627393
          0.282089       -0.106190       -0.697483
          0.286915       -0.582539       -0.718904
          0.219335       -0.978291       -0.702688
          0.134083       -1.202059       -0.656420
          0.097663       -1.222153       -0.577940
          0.155397       -1.071296       -0.459986
          0.313795       -0.828900       -0.302820
          0.541068       -0.592438       -0.121110
          0.774628       -0.440330        0.063553
          0.937527       -0.396892        0.235228
          0.968535       -0.424811        0.386711
          0.849960       -0.454269        0.515519
          0.611897       -0.423878        0.623697
          0.314753       -0.306264        0.716784
          0.027237       -0.116241        0.792892
         -0.193322        0.094188        0.835011
         -0.320165        0.260442        0.823506
         -0.368239        0.344331        0.755019
         -0.384917        0.357970        0.642786
         -0.423755        0.353005        0.503684
         -0.519700        0.390949        0.352749
         -0.677282        0.518284        0.202295
         -0.869129        0.748402        0.052724
         -1.042701        1.048372       -0.113757
         -1.139512        1.344438       -0.318920
         -1.122778        1.552851       -0.565727
         -0.994503        1.614524       -0.832030
         -0.787704        1.510759       -1.080533
         -0.543089        1.263775       -1.268158
         -0.291463        0.932861       -1.354116
         -0.050015        0.600117       -1.316571
          0.174311        0.340704       -1.170206
          0.378136        0.194258       -0.965208
          0.550491        0.156207       -0.765875
          0.666140        0.186186       -0.626109
          0.697064        0.222599       -0.573136
          0.635446        0.203451       -0.597909
          0.503643        0.093103       -0.653979
          0.342839       -0.100485       -0.673953
          0.197232       -0.332625       -0.602493
          0.105042       -0.545821       -0.426144
          0.088731       -0.691560       -0.179481
          0.143558       -0.741738        0.073008
          0.240352       -0.693000        0.264327
          0.345776       -0.564811        0.350546
          0.438352       -0.389726        0.330639
          0.506318       -0.201710        0.251519
          0.540848       -0.031377        0.187046
          0.537383        0.092967        0.198956
          0.496519        0.147654        0.307382
          0.418105        0.121619        0.488171
          0.300365        0.021657        0.688021
          0.149839       -0.130792        0.844658
         -0.013187       -0.306212        0.911856
         -0.164741       -0.471116        0.883382
         -0.290311       -0.593239        0.795370
         -0.385936       -0.651183        0.700896
         -0.451464       -0.640774        0.639986
         -0.487734       -0.570829        0.626812
         -0.497417       -0.455438        0.650118
         -0.483426       -0.312464        0.677860
         -0.447698       -0.164158        0.670212
         -0.395669       -0.032137        0.600751
         -0.340932        0.068490        0.469675
         -0.300140        0.128495        0.298400
         -0.280441        0.143085        0.115535
         -0.272542        0.116717       -0.052703
         -0.256051        0.065999       -0.188141
         -0.210218        0.010644       -0.286123
         -0.122293       -0.039135       -0.356049
          0.005327       -0.084259       -0.412955
          0.148710       -0.129298       -0.466474
          0.265844       -0.176407       -0.515569
          0.315264       -0.220949       -0.550246
          0.278106       -0.245730       -0.557461
          0.167777       -0.222095       -0.528710
          0.024953       -0.125556       -0.465948
         -0.096208        0.045427       -0.382720
         -0.147940        0.265812       -0.299779
         -0.110757        0.495595       -0.235663
         -0.004896        0.692362       -0.195089
          0.119922        0.819641       -0.163607
          0.211641        0.855973       -0.116295
          0.241864        0.801010       -0.035926
          0.216873        0.669174        0.073832
          0.172756        0.476717        0.187776
          0.158461        0.238647        0.267169
          0.210149       -0.024527        0.274145
          0.327501       -0.285486        0.194137
          0.469608       -0.516539        0.055355
          0.576101       -0.691772       -0.075891
          0.597577       -0.785150       -0.125781
          0.516094       -0.777289       -0.045452
          0.350940       -0.668728        0.171238
          0.151341       -0.482973        0.480052
         -0.024460       -0.257286        0.790587
         -0.135643       -0.035467        0.996660
         -0.172471        0.135089        1.024458
         -0.150530        0.213463        0.862172
         -0.097062        0.180577        0.553931
         -0.039112        0.044350        0.177558
          0.005476       -0.166861       -0.178337
          0.030628       -0.409141       -0.444045
          0.035916       -0.624957       -0.598248
          0.020128       -0.754697       -0.669901
         -0.018321       -0.757947       -0.708629
         -0.078880       -0.628558       -0.754284
         -0.158480       -0.395553       -0.825051
         -0.249847       -0.116289       -0.913138
         -0.339606        0.136225       -0.981697
         -0.412655        0.297353       -0.976600
         -0.459970        0.339189       -0.855134
         -0.479982        0.282416       -0.609005
         -0.474471        0.183185       -0.266243
         -0.447790        0.107865        0.118091
         -0.407430        0.108905        0.472696
         -0.357797        0.204859        0.729223
         -0.293492        0.370020        0.850413
         -0.205284        0.543632        0.846855
         -0.094059        0.657189        0.766502
          0.023434        0.663654        0.666572
          0.119540        0.554501        0.586678
          0.163461        0.362256        0.531922
          0.132380        0.150574        0.470139
          0.027851       -0.007428        0.349035
         -0.115228       -0.056942        0.129295
         -0.241281        0.018417       -0.185649
         -0.300933        0.194887       -0.543047
         -0.271043        0.422058       -0.861231
         -0.159574        0.640276       -1.064240
         -0.000795        0.795617       -1.111995
          0.157724        0.852022       -1.012476
          0.276738        0.797859       -0.813121
          0.343368        0.643132       -0.577385
          0.371028        0.411850       -0.356722
          0.384283        0.138441       -0.171902
          0.402433       -0.133305       -0.015983
          0.429480       -0.358432        0.124761
          0.452731       -0.505654        0.252155
          0.450511       -0.567785        0.353380
          0.404191       -0.563370        0.409377
          0.308181       -0.532383        0.407094
          0.174568       -0.523718        0.353743
          0.029111       -0.573488        0.284163
         -0.100294       -0.686671        0.249204
         -0.191919       -0.835477        0.290487
         -0.230248       -0.971732        0.420502
         -0.208090       -1.042846        0.617483
         -0.134379       -1.006779        0.832202
         -0.034468       -0.843780        1.003287
          0.061564       -0.561137        1.076701
          0.129936       -0.190996        1.021008
          0.158172        0.214976        0.833330
          0.149206        0.592428        0.537241
          0.120475        0.874117        0.174995
          0.090970        1.004308       -0.202775
          0.065926        0.956486       -0.546142
          0.034689        0.747054       -0.814180
         -0.017817        0.436244       -0.984387
         -0.096485        0.115203       -1.058248
         -0.187499       -0.116106       -1.056532
         -0.261374       -0.177026       -1.007793
         -0.286008       -0.034097       -0.938010
         -0.240722        0.284633       -0.862855
         -0.125240        0.696795       -0.782499
          0.037371        1.088629       -0.683278
          0.207498        1.345544       -0.547655
          0.345494        1.386025       -0.366349
          0.425329        1.188795       -0.146068
          0.436807        0.798478        0.089477
          0.384945        0.307314        0.304752
          0.291967       -0.175441        0.461158
          0.191034       -0.555472        0.527431
          0.108390       -0.779408        0.491692
          0.050436       -0.844805        0.370241
          0.006594       -0.788640        0.203979
         -0.040884       -0.663437        0.043442
         -0.108550       -0.515497       -0.065969
         -0.202224       -0.371443       -0.094815
         -0.308968       -0.234318       -0.040789
         -0.402360       -0.091668        0.065994
         -0.461030        0.067920        0.175116
         -0.482252        0.242205        0.238449
         -0.477944        0.414190        0.224396
         -0.461365        0.557988        0.121431
         -0.438101        0.646825       -0.058145
         -0.403893        0.663699       -0.276870
         -0.347299        0.609541       -0.484567
         -0.258689        0.499581       -0.638088
         -0.142277        0.351640       -0.710571
         -0.019659        0.180068       -0.690317
          0.080489       -0.002701       -0.582176
          0.137353       -0.185693       -0.409276
          0.146023       -0.359787       -0.203118
          0.116650       -0.513414        0.012283
          0.068611       -0.630107        0.224874
          0.022916       -0.696307        0.427847
         -0.004382       -0.710292        0.616426
         -0.005564       -0.678880        0.789613
          0.018232       -0.607872        0.946175
          0.058044       -0.499911        1.076695
          0.099570       -0.358204        1.164085
          0.126942       -0.188169        1.191668
          0.127193       -0.000354        1.147151
          0.095706        0.182035        1.022432
          0.041392        0.322608        0.818475
         -0.013815        0.387468        0.552945
         -0.045171        0.364261        0.259121
         -0.039419        0.266716       -0.024900
         -0.001925        0.126506       -0.267140
          0.047162       -0.016330       -0.448592
          0.082417       -0.124624       -0.567724
          0.084253       -0.179129       -0.639603
          0.049858       -0.186191       -0.685942
         -0.003101       -0.169133       -0.721945
         -0.046491       -0.153747       -0.748852
         -0.058781       -0.160882       -0.753849
         -0.035708       -0.203488       -0.715965
          0.009942       -0.282465       -0.617389
          0.055508       -0.385764       -0.454214
          0.079487       -0.494626       -0.238414
          0.073471       -0.591434        0.007694
          0.048679       -0.663038        0.257192
          0.031257       -0.700260        0.482906
          0.046813       -0.697142        0.661321
          0.103167       -0.651276        0.772637
          0.183727       -0.563402        0.797371
          0.255425       -0.435336        0.718614
          0.283534       -0.270193        0.534191
          0.245971       -0.077831        0.269357
          0.144713        0.120841       -0.021533
          0.008372        0.298107       -0.266479
         -0.120414        0.427823       -0.395879
         -0.205468        0.490309       -0.365571
         -0.229953        0.476639       -0.175709
         -0.197360        0.396099        0.124322
         -0.127470        0.278470        0.452046
         -0.050274        0.163091        0.723935
          0.004459        0.081674        0.885233
          0.019522        0.046984        0.922117
         -0.003385        0.050062        0.856268
         -0.047079        0.063857        0.729235
         -0.087379        0.055270        0.580714
         -0.100855        0.005339        0.428584
         -0.072965       -0.074470        0.265656
         -0.008615       -0.145030        0.077503
          0.062940       -0.160875       -0.135303
          0.099889       -0.093912       -0.349475
          0.071229        0.052777       -0.527038
         -0.026661        0.241901       -0.629684
         -0.168124        0.410752       -0.634648
         -0.304964        0.494763       -0.549378
         -0.381128        0.456976       -0.415600
         -0.358573        0.304171       -0.294053
         -0.240280        0.080997       -0.236752
         -0.067976       -0.148676       -0.266087
          0.103102       -0.322292       -0.371300
          0.228242       -0.397810       -0.515180
          0.284724       -0.367026       -0.643794
          0.276729       -0.254836       -0.704306
          0.232997       -0.104644       -0.670040
          0.190372        0.039061       -0.553182
          0.171753        0.142540       -0.392741
          0.177874        0.189605       -0.233811
          0.196038        0.185226       -0.116025
          0.209536        0.153752       -0.064875
          0.199203        0.129717       -0.078756
          0.147459        0.144139       -0.127385
          0.050993        0.212776       -0.172479
         -0.071025        0.330736       -0.189505
         -0.184727        0.472537       -0.167574
         -0.256314        0.595301       -0.099500
         -0.261368        0.646822        0.015873
         -0.192067        0.581124        0.166536
         -0.066500        0.376374        0.332816
          0.072491        0.044913        0.495406
          0.178836       -0.367239        0.629474
          0.228330       -0.786529        0.699549
          0.223716       -1.125198        0.676133
          0.183308       -1.306947        0.559036
          0.131958       -1.295051        0.378458
          0.094498       -1.102889        0.177366
          0.082148       -0.783604       -0.001250
          0.082964       -0.412390       -0.120756
          0.073242       -0.067277       -0.164715
          0.038718        0.193425       -0.150356
         -0.018825        0.347035       -0.119417
         -0.089474        0.401840       -0.110765
         -0.160798        0.378647       -0.144275
         -0.219148        0.298782       -0.224272
         -0.254857        0.183690       -0.341213
         -0.266500        0.055514       -0.464871
         -0.253962       -0.064721       -0.549681
         -0.207396       -0.154987       -0.556976
         -0.109826       -0.188563       -0.469084
          0.045118       -0.139910       -0.285061
          0.238771        0.000646       -0.018967
          0.429616        0.218268        0.290956
          0.566326        0.477914        0.584422
          0.602492        0.733031        0.802647
          0.513696        0.932728        0.910363
          0.314216        1.032531        0.898877
          0.057565        1.009416        0.782036
         -0.187063        0.870283        0.595901
         -0.365088        0.647136        0.390381
         -0.451690        0.386764        0.205984
         -0.451058        0.143645        0.055209
         -0.389589       -0.027871       -0.072547
         -0.303250       -0.088400       -0.192609
         -0.218968       -0.028141       -0.313883
         -0.143718        0.131058       -0.436229
         -0.072704        0.344434       -0.546702
         -0.005977        0.553307       -0.618975
          0.045442        0.694997       -0.626945
          0.066222        0.720834       -0.565063
          0.045564        0.615467       -0.454470
         -0.016137        0.401788       -0.330157
         -0.100911        0.130347       -0.225587
         -0.171869       -0.135074       -0.165841
         -0.185522       -0.332823       -0.162781
         -0.114341       -0.423942       -0.208514
          0.036402       -0.409342       -0.278670
          0.227722       -0.326614       -0.350200
          0.398067       -0.226975       -0.415275
          0.481360       -0.151402       -0.474965
          0.431936       -0.118352       -0.525092
          0.248771       -0.121322       -0.554604
         -0.018498       -0.135409       -0.552500
         -0.288635       -0.134938       -0.509206
         -0.480808       -0.113480       -0.418098
         -0.544293       -0.089908       -0.288078
         -0.477066       -0.095579       -0.153218
         -0.326105       -0.153868       -0.059241
         -0.166498       -0.265061       -0.037609
         -0.067763       -0.401461       -0.093721
         -0.063003       -0.513098       -0.210843
         -0.135197       -0.544509       -0.354164
         -0.227370       -0.459200       -0.476550
         -0.270067       -0.259527       -0.536661
         -0.210105        0.011769       -0.518301
         -0.030082        0.288526       -0.429700
          0.243142        0.503570       -0.286435
          0.544468        0.607442       -0.100767
          0.793608        0.583096        0.115745
          0.924578        0.452000        0.349133
          0.905418        0.262998        0.584734
          0.744350        0.068560        0.805429
          0.486785       -0.094615        0.986175
          0.201669       -0.212886        1.097766
         -0.043698       -0.295494        1.122505
         -0.207975       -0.367334        1.064533
         -0.283597       -0.451792        0.943041
         -0.287374       -0.552894        0.780479
         -0.246207       -0.651362        0.600161
         -0.187065       -0.714568        0.426993
         -0.130436       -0.710023        0.281769
         -0.085889       -0.619016        0.177620
         -0.054679       -0.450085        0.126758
         -0.039783       -0.243092        0.144331
         -0.050962       -0.055670        0.236787
         -0.096313        0.060185        0.387694
         -0.170664        0.076817        0.559494
         -0.253866       -0.000028        0.707205
         -0.316662       -0.131883        0.790031
         -0.328213       -0.261415        0.781060
         -0.268614       -0.335778        0.679849
         -0.145105       -0.323964        0.517481
          0.003797       -0.219724        0.341573
          0.126616       -0.037936        0.191279
          0.186757        0.189493        0.084138
          0.178286        0.422094        0.018545
          0.123189        0.622427       -0.020569
          0.058036        0.761547       -0.056040
          0.016671        0.817855       -0.106914
          0.012737        0.778518       -0.177242
          0.032195        0.645149       -0.258403
          0.045582        0.435892       -0.340759
          0.031623        0.181470       -0.418087
         -0.009367       -0.079275       -0.483530
         -0.060860       -0.302943       -0.530054
         -0.103096       -0.449672       -0.556493
         -0.123331       -0.495876       -0.567706
         -0.122853       -0.441813       -0.567915
         -0.118156       -0.307841       -0.557584
         -0.130434       -0.125929       -0.535387
         -0.168495        0.066362       -0.498349
         -0.220050        0.232903       -0.441784
         -0.258304        0.350021       -0.365996
         -0.256590        0.412689       -0.284995
         -0.200864        0.428460       -0.224970
         -0.096059        0.407198       -0.212011
          0.033788        0.356825       -0.260135
          0.152662        0.281800       -0.365443
          0.226876        0.179412       -0.504816
          0.239574        0.041086       -0.640972
          0.195288       -0.135951       -0.736087
          0.113140       -0.337407       -0.766060
          0.016850       -0.533061       -0.724926
         -0.072551       -0.686291       -0.620472
         -0.141522       -0.762943       -0.468098
         -0.185098       -0.740705       -0.284295
         -0.202213       -0.621114       -0.080138
         -0.189922       -0.435245        0.139936
         -0.143788       -0.234122        0.372671
         -0.063934       -0.069646        0.610647
          0.039860        0.021337        0.841311
          0.148158        0.025645        1.047605
          0.237191       -0.042838        1.208694
          0.287099       -0.147499        1.302783
          0.288147       -0.244731        1.311578
          0.242060       -0.303678        1.224209
          0.161289       -0.315544        1.040965
          0.068334       -0.289017        0.777185
         -0.007716       -0.241759        0.464997
         -0.038730       -0.193763        0.150885
         -0.006023       -0.158975       -0.111998
          0.091843       -0.137176       -0.277387
          0.232734       -0.115844       -0.320801
          0.372450       -0.081727       -0.247103
          0.460217       -0.029523       -0.088241
          0.461910        0.038040        0.104538
          0.376029        0.112360        0.273564
          0.234039        0.181236        0.373098
          0.087909        0.235983        0.383138
         -0.009131        0.279635        0.308003
         -0.023465        0.324689        0.165953
          0.043817        0.380741       -0.017217
          0.155955        0.445541       -0.211348
          0.255028        0.505944       -0.388353
          0.284199        0.543313       -0.526684
          0.208708        0.540577       -0.607531
          0.030508        0.492139       -0.612148
         -0.208566        0.410477       -0.531152
         -0.440612        0.320895       -0.376913
         -0.599248        0.248779       -0.183119
         -0.646625        0.211173        0.006488
         -0.586082        0.214564        0.147768
         -0.456573        0.253676        0.204911
         -0.313111        0.313063        0.164827
         -0.202371        0.374798        0.046513
         -0.145342        0.425482       -0.110522
         -0.134750        0.456094       -0.269587
         -0.145991        0.460012       -0.408469
         -0.153905        0.434337       -0.517263
         -0.145852        0.379910       -0.595854
         -0.124089        0.298382       -0.649609
         -0.098400        0.193121       -0.675426
         -0.076769        0.074432       -0.651120
         -0.059849       -0.040008       -0.546208
         -0.040312       -0.132400       -0.345304
         -0.007545       -0.192894       -0.061350
          0.043951       -0.223980        0.265706
          0.109354       -0.241719        0.576279
          0.176315       -0.271783        0.805425
          0.231817       -0.337392        0.906638
          0.266964       -0.443754        0.872044
          0.278466       -0.569997        0.732359
          0.267524       -0.675150        0.538833
          0.236443       -0.714327        0.343438
          0.185491       -0.656818        0.186081
          0.113429       -0.500498        0.086637
          0.022278       -0.277378        0.041935
         -0.076796       -0.043919        0.032085
         -0.162131        0.142103        0.032948
         -0.208459        0.244264        0.024169
         -0.198362        0.257771       -0.010147
         -0.130866        0.207386       -0.080784
         -0.023922        0.136450       -0.189404
          0.089807        0.088510       -0.326339
          0.174695        0.088159       -0.473492
          0.206498        0.131747       -0.609399
          0.179097        0.191377       -0.713609
          0.101071        0.227206       -0.770445
         -0.010625        0.202848       -0.772133
         -0.135304        0.100070       -0.719697
         -0.253250       -0.072151       -0.620493
         -0.350040       -0.277860       -0.484165
         -0.417348       -0.463230       -0.321268
         -0.450950       -0.571375       -0.145930
         -0.449552       -0.559369        0.022285
         -0.414619       -0.413833        0.162438
         -0.348972       -0.159944        0.259898
         -0.254792        0.141730        0.311234
         -0.134289        0.411616        0.324914
          0.006810        0.575137        0.320482
          0.157094        0.586030        0.324756
          0.301075        0.440746        0.361305
          0.422282        0.176907        0.438153
          0.505971       -0.143453        0.544613
          0.542773       -0.455012        0.657555
          0.532309       -0.704753        0.747056
          0.482839       -0.860714        0.780119
          0.407205       -0.913340        0.730764
          0.319275       -0.867600        0.593240
          0.231240       -0.732551        0.384249
          0.150014       -0.518867        0.134146
          0.075907       -0.242647       -0.119812
          0.006910        0.073441       -0.337968
         -0.054959        0.401358       -0.489927
         -0.100285        0.706938       -0.565967
         -0.112846        0.951570       -0.572371
         -0.075125        1.100575       -0.516595
          0.020313        1.132132       -0.401349
          0.159808        1.041243       -0.228756
          0.308000        0.842363       -0.003413
          0.419425        0.572066        0.264111
          0.454784        0.284606        0.547169
          0.394707        0.037060        0.796574
          0.247094       -0.128521        0.951715
          0.044330       -0.197273        0.962824
         -0.169783       -0.184884        0.807494
         -0.355388       -0.130673        0.497627
         -0.485139       -0.079822        0.081292
         -0.545243       -0.061393       -0.364293
         -0.534158       -0.074827       -0.753872
         -0.461228       -0.092849       -1.020698
         -0.344027       -0.078386       -1.133245
         -0.204735       -0.007449       -1.097670
         -0.067512        0.112067       -0.951615
          0.043623        0.236492       -0.752103
          0.108790        0.302129       -0.556899
          0.117299        0.253377       -0.405284
          0.069874        0.069160       -0.309756
         -0.023143       -0.223824       -0.262166
         -0.144105       -0.557029       -0.245529
         -0.268655       -0.844304       -0.242718
         -0.368055       -1.014065       -0.241530
         -0.416737       -1.034045       -0.236616
         -0.401145       -0.919290       -0.224912
         -0.323195       -0.723345       -0.196234
         -0.198623       -0.516687       -0.129682
         -0.053907       -0.359571       -0.002153
          0.080174       -0.281112        0.197844
          0.180321       -0.274301        0.460224
          0.240044       -0.306668        0.749393
          0.267991       -0.339051        1.008010
          0.279075       -0.344665        1.172406
          0.287133       -0.321145        1.195786
          0.299460       -0.288549        1.066259
          0.311179       -0.272598        0.810474
          0.305562       -0.283378        0.483709
          0.265206       -0.303651        0.151694
          0.184928       -0.293235       -0.129518
          0.074073       -0.206435       -0.328021
         -0.049657       -0.015624       -0.439442
         -0.165346        0.269083       -0.480004
         -0.252831        0.596350       -0.474484
         -0.299299        0.891329       -0.445091
         -0.303349        1.085223       -0.405749
         -0.271032        1.141004       -0.363077
         -0.210082        1.065117       -0.321227
         -0.129574        0.902449       -0.286341
         -0.041018        0.716618       -0.267900
          0.044572        0.563429       -0.275981
          0.119657        0.470451       -0.314971
          0.178356        0.432811       -0.377260
          0.213656        0.424693       -0.442336
          0.218968        0.417285       -0.484020
          0.192083        0.393307       -0.482332
          0.137264        0.353033       -0.432806
          0.065938        0.310782       -0.348268
         -0.002508        0.283678       -0.252730
         -0.042762        0.278615       -0.169427
         -0.031602        0.286164       -0.107467
          0.041106        0.285627       -0.055884
          0.165103        0.256053        0.008294
          0.309760        0.184983        0.103221
          0.431630        0.073223        0.229522
          0.488749       -0.062464        0.368446
          0.457917       -0.192301        0.489410
          0.346118       -0.285563        0.564532
          0.188477       -0.323950        0.585336
          0.033578       -0.305896        0.569949
         -0.076418       -0.244532        0.552765
         -0.122269       -0.166350        0.564467
         -0.113163       -0.105580        0.617201
         -0.078421       -0.088751        0.700061
         -0.051403       -0.120584        0.782987
         -0.054859       -0.184193        0.829879
         -0.092192       -0.249913        0.817769
         -0.147223       -0.282788        0.747837
         -0.194846       -0.253103        0.638296
         -0.216976       -0.152454        0.508082
         -0.212111       -0.001065        0.365385
         -0.195014        0.162230        0.203594
         -0.191154        0.294404        0.004572
         -0.226098        0.356448       -0.246408
         -0.309288        0.322392       -0.540427
         -0.422451        0.191990       -0.838762
         -0.524406       -0.005516       -1.087727
         -0.569029       -0.222700       -1.239988
         -0.524261       -0.409589       -1.269457
         -0.385763       -0.525326       -1.179094
         -0.182370       -0.549435       -0.998972
          0.033093       -0.491433       -0.770014
          0.208300       -0.386972       -0.523583
          0.316091       -0.277927       -0.275095
          0.361368       -0.192210       -0.032514
          0.369491       -0.137183        0.194956
          0.368368       -0.103800        0.393957
          0.372149       -0.075335        0.545632
          0.370906       -0.041556        0.628498
          0.335269       -0.012573        0.630545
          0.238279       -0.016626        0.560942
          0.078575       -0.079022        0.447319
         -0.112959       -0.201104        0.322166
         -0.284452       -0.355459        0.211981
         -0.384169       -0.495177        0.131710
         -0.384233       -0.570107        0.080694
         -0.295471       -0.547060        0.045025
         -0.161189       -0.425259        0.010471
         -0.032980       -0.234261       -0.024755
          0.054209       -0.015479       -0.050116
          0.094403        0.195731       -0.052782
          0.107262        0.375635       -0.027227
          0.121664        0.509740        0.018445
          0.155295        0.590458        0.059959
          0.203851        0.614912        0.063928
          0.246033        0.582042        0.005603
          0.257613        0.493925       -0.114524
          0.224552        0.362525       -0.267981
          0.150157        0.212438       -0.409265
          0.054103        0.073011       -0.492641
         -0.037163       -0.032244       -0.489554
         -0.103037       -0.088991       -0.401628
         -0.135411       -0.090998       -0.261103
         -0.137088       -0.040870       -0.116169
         -0.117015        0.050829       -0.010345
         -0.085472        0.171632        0.032580
         -0.049680        0.310929        0.013798
         -0.012412        0.455519       -0.044559
          0.024903        0.584823       -0.111247
          0.058360        0.674031       -0.160295
          0.080848        0.700178       -0.179608
          0.084396        0.644792       -0.169962
          0.064706        0.497253       -0.138523
          0.025542        0.262194       -0.092680
         -0.021431       -0.035590       -0.036188
         -0.061936       -0.353699        0.032004
         -0.085051       -0.638753        0.115041
         -0.087265       -0.835369        0.213085
         -0.074274       -0.900576        0.321104
         -0.057874       -0.820800        0.431563
         -0.047624       -0.621142        0.537504
         -0.044011       -0.360291        0.633193
         -0.039345       -0.112562        0.715612
         -0.024539        0.057174        0.787519
          0.004406        0.116381        0.856130
          0.043826        0.074549        0.925763
          0.083317       -0.025537        0.992180
          0.109086       -0.129996        1.043444
          0.110019       -0.198489        1.062394
          0.084197       -0.220043        1.027431
          0.039361       -0.212803        0.916878
         -0.013769       -0.208464        0.718914
         -0.066813       -0.231008        0.438267
         -0.113011       -0.282567        0.093910
         -0.146892       -0.343406       -0.284470
         -0.168163       -0.383363       -0.654988
         -0.183371       -0.377173       -0.965899
         -0.201514       -0.316964       -1.169489
         -0.229244       -0.216559       -1.237013
         -0.269168       -0.104716       -1.162474
         -0.317250       -0.011596       -0.961120
         -0.358528        0.042049       -0.670964
         -0.368383        0.048017       -0.348541
         -0.323434        0.009027       -0.050804
         -0.214564       -0.063941        0.182996
         -0.052282       -0.155176        0.333741
          0.135731       -0.248407        0.396866
          0.310305       -0.328901        0.382366
          0.430839       -0.382560        0.314263
          0.470786       -0.396087        0.218952
          0.429555       -0.361857        0.112264
          0.330863       -0.283234        0.000365
          0.210723       -0.172976       -0.111914
          0.105377       -0.045995       -0.220611
          0.042623        0.085707       -0.326287
          0.034492        0.214640       -0.428571
          0.073122        0.339807       -0.517148
          0.134546        0.466279       -0.575570
          0.189465        0.597412       -0.594701
          0.213562        0.726143       -0.577551
          0.192940        0.836159       -0.533405
          0.127657        0.910986       -0.475281
          0.034469        0.939838       -0.422044
         -0.056778        0.917316       -0.392752
         -0.114426        0.843077       -0.394558
         -0.115665        0.722702       -0.420809
         -0.051356        0.564821       -0.461826
          0.071434        0.376790       -0.511094
          0.227981        0.168228       -0.559503
          0.380322       -0.039612       -0.591690
          0.488295       -0.213571       -0.592453
          0.521648       -0.321776       -0.551343
          0.468181       -0.346986       -0.459238
          0.336168       -0.291619       -0.309602
          0.151399       -0.179424       -0.108884
         -0.049489       -0.053350        0.120327
         -0.228502        0.038574        0.350777
         -0.357445        0.064141        0.560830
         -0.425943        0.017187        0.733619
         -0.441508       -0.087118        0.855312
         -0.423350       -0.220628        0.918297
         -0.394437       -0.349247        0.920879
         -0.372874       -0.442725        0.862613
         -0.363756       -0.484351        0.745913
         -0.357020       -0.471889        0.584039
         -0.335020       -0.411081        0.403229
         -0.284810       -0.311447        0.235118
         -0.205844       -0.186659        0.106521
         -0.109513       -0.053898        0.030515
         -0.013942        0.068720        0.000404
          0.062394        0.163310       -0.007139
          0.107193        0.213739       -0.018422
          0.118381        0.210639       -0.049049
          0.101980        0.156326       -0.098606
          0.065706        0.065080       -0.152277
          0.015395       -0.040253       -0.188701
         -0.043071       -0.133965       -0.193856
         -0.101439       -0.195540       -0.170566
         -0.150500       -0.215876       -0.133456
         -0.182387       -0.196919       -0.097282
         -0.190695       -0.147583       -0.072348
         -0.171198       -0.080623       -0.065303
         -0.125067       -0.008923       -0.077663
         -0.060029        0.059252       -0.105948
          0.013610        0.120017       -0.147530
          0.087227        0.168188       -0.202824
          0.154121        0.195774       -0.267573
          0.208753        0.197968       -0.326940
          0.247888        0.177805       -0.361919
          0.270821        0.145133       -0.359139
          0.277177        0.115310       -0.313019
          0.265920        0.107425       -0.225000
          0.237509        0.135445       -0.105953
          0.195763        0.196878        0.024713
          0.146506        0.272665        0.147114
          0.094964        0.339124        0.246588
          0.045307        0.378814        0.311249
          0.001811        0.383870        0.329943
         -0.031751        0.355948        0.296853
         -0.054358        0.303941        0.216332
         -0.067838        0.237480        0.101967
         -0.074654        0.161255       -0.027261
         -0.077014        0.077544       -0.150384
         -0.077133       -0.005504       -0.248302
         -0.075963       -0.069912       -0.308102
         -0.072431       -0.093623       -0.324902
         -0.066135       -0.061916       -0.298942
         -0.059493        0.023473       -0.230272
         -0.054523        0.141639       -0.117659
         -0.047947        0.255327        0.035379
         -0.031435        0.319126        0.214274
          0.003151        0.294117        0.394405
          0.058065        0.163697        0.547133
          0.125491       -0.060110        0.646085
          0.186550       -0.342808        0.675440
          0.217473       -0.637733        0.639303
          0.202190       -0.894618        0.561694
          0.142316       -1.069698        0.472898
          0.057230       -1.137815        0.394261
         -0.023629       -1.097677        0.332417
         -0.071049       -0.966013        0.279575
         -0.066739       -0.769595        0.216542
         -0.011345       -0.542281        0.123959
          0.075775       -0.320890       -0.000517
          0.165745       -0.134998       -0.134957
          0.231787        0.000844       -0.243375
          0.257500        0.085358       -0.292303
          0.241080        0.126421       -0.263316
          0.195161        0.141468       -0.162348
          0.140609        0.155652       -0.022875
          0.096532        0.191661        0.106661
          0.073010        0.259169        0.187531
          0.069794        0.352737        0.208289
          0.077962        0.454822        0.185074
          0.081914        0.539146        0.151464
          0.063530        0.577836        0.143761
          0.009334        0.553805        0.182405
         -0.083108        0.470652        0.258303
         -0.202979        0.352441        0.336622
         -0.327288        0.234232        0.375611
         -0.424714        0.149302        0.345347
         -0.464821        0.117975        0.237654
         -0.431232        0.140457        0.068376
         -0.329742        0.195573       -0.127696
         -0.185315        0.247817       -0.310484
         -0.032777        0.262049       -0.450940
          0.092545        0.218459       -0.539049
          0.164515        0.118889       -0.580588
          0.174615       -0.017119       -0.590161
          0.132180       -0.161564       -0.585882
          0.056509       -0.288360       -0.583153
         -0.030006       -0.382719       -0.587551
         -0.104977       -0.445255       -0.593550
         -0.151029       -0.486156       -0.590117
         -0.162263       -0.512658       -0.565244
         -0.144854       -0.520880       -0.506984
         -0.111497       -0.498503       -0.407600
         -0.076801       -0.433285       -0.270893
         -0.055195       -0.320787       -0.113572
         -0.056858       -0.170773        0.041397
         -0.082304       -0.010381        0.171280
         -0.121962        0.122555        0.256971
         -0.161136        0.195666        0.288275
         -0.183803        0.196295        0.269735
         -0.174274        0.134901        0.218176
         -0.122816        0.039681        0.151823
         -0.033947       -0.052351        0.082190
          0.072500       -0.105876        0.013956
          0.169586       -0.097603       -0.053870
          0.232587       -0.022096       -0.127573
          0.246063        0.110180       -0.211953
          0.210507        0.279980       -0.299291
          0.143999        0.464578       -0.368338
          0.073033        0.638632       -0.396021
          0.018434        0.775760       -0.368492
         -0.012284        0.853830       -0.285739
         -0.023285        0.858940       -0.165146
         -0.024134        0.785295       -0.040366
         -0.022653        0.636091        0.053563
         -0.019160        0.427272        0.100406
         -0.005575        0.187572        0.109458
          0.028574       -0.048415        0.106565
          0.087196       -0.248116        0.121391
          0.163191       -0.385184        0.175743
          0.241405       -0.443348        0.272392
          0.305159       -0.422086        0.392085
          0.341774       -0.338636        0.505374
          0.345531       -0.221785        0.589589
          0.317853       -0.102016        0.636334
          0.264929       -0.004777        0.648553
          0.193990        0.052902        0.635010
          0.110109        0.064387        0.605030
          0.015685        0.031672        0.563700
         -0.086743       -0.041042        0.511236
         -0.191315       -0.152209        0.448139
         -0.288137       -0.300171        0.380412
         -0.363647       -0.475354        0.318570
         -0.401323       -0.655296        0.271404
         -0.386759       -0.807633        0.240415
         -0.317448       -0.900222        0.219153
         -0.208651       -0.913069        0.197302
         -0.088606       -0.846248        0.166532
          0.012699       -0.720379        0.124899
          0.073660       -0.568586        0.077982
          0.087861       -0.422362        0.036093
          0.066233       -0.299276        0.008093
          0.030216       -0.200741       -0.005009
         -0.002661       -0.119481       -0.011584
         -0.028519       -0.048371       -0.024325
         -0.053292        0.015752       -0.053543
         -0.082631        0.072928       -0.103968
         -0.117165        0.123108       -0.173478
         -0.153032        0.170585       -0.251291
         -0.182880        0.227244       -0.320178
         -0.199058        0.309535       -0.365917
         -0.199599        0.428620       -0.386038
         -0.189380        0.581158       -0.389627
         -0.172576        0.747981       -0.392261
         -0.145622        0.899846       -0.411998
         -0.100271        1.005176       -0.462989
         -0.032713        1.038085       -0.545354
          0.052006        0.987200       -0.641056
          0.142044        0.861497       -0.722130
          0.221578        0.687213       -0.762705
          0.274031        0.497086       -0.745060
          0.289140        0.320251       -0.662112
          0.268942        0.177195       -0.521320
          0.224414        0.077018       -0.345244
          0.166733        0.016584       -0.162835
          0.104243       -0.014086        0.002654
          0.045370       -0.021972        0.138820
         -0.001392       -0.006998        0.242946
         -0.032181        0.031676        0.321601
         -0.049960        0.086742        0.388902
         -0.061090        0.139320        0.456752
         -0.071283        0.160875        0.523262
         -0.084460        0.119028        0.573210
         -0.101271       -0.010294        0.590059
         -0.115896       -0.226157        0.565565
         -0.117599       -0.493254        0.501620
         -0.099970       -0.750549        0.410652
         -0.068220       -0.933266        0.314463
         -0.035686       -0.994045        0.234595
         -0.015070       -0.915947        0.179161
         -0.013246       -0.717729        0.141229
         -0.028594       -0.448518        0.110362
         -0.048799       -0.169259        0.082382
         -0.054481        0.069564        0.059170
         -0.030548        0.239046        0.045555
          0.023880        0.329668        0.047700
          0.095182        0.345172        0.068183
          0.162268        0.297411        0.099306
          0.204958        0.200269        0.125433
          0.211182        0.064469        0.135017
          0.181618       -0.100599        0.128041
          0.129223       -0.278666        0.110801
          0.072868       -0.441933        0.086419
          0.028256       -0.557055        0.050283
          0.001598       -0.596774       -0.009763
         -0.009990       -0.548276       -0.109325
         -0.012740       -0.416966       -0.257302
         -0.011042       -0.228176       -0.443492
         -0.006236       -0.023189       -0.634930
          0.002663        0.154845       -0.787039
          0.017787        0.278045       -0.863358
          0.038985        0.340655       -0.851235
          0.060300        0.353815       -0.765301
          0.072611        0.338404       -0.639645
          0.071378        0.319773       -0.514200
          0.060663        0.318584       -0.419465
          0.050778        0.339890       -0.364465
          0.054653        0.372747       -0.335818
          0.083852        0.401124       -0.309766
          0.141438        0.411992       -0.266468
          0.215853        0.395708       -0.195918
          0.283172        0.348624       -0.097619
          0.316926        0.279326        0.020294
          0.298594        0.206708        0.144617
          0.224202        0.148284        0.264441
          0.105528        0.111843        0.374217
         -0.034263        0.095933        0.468351
         -0.168819        0.091301        0.536097
         -0.277500        0.080591        0.564317
         -0.350846        0.043570        0.543784
         -0.389369       -0.031131        0.473502
         -0.398142       -0.138117        0.364422
         -0.383390       -0.257451        0.241723
         -0.351674       -0.361741        0.138862
         -0.307655       -0.422854        0.082549
         -0.252091       -0.420771        0.078880
         -0.184824       -0.354805        0.110373
         -0.110116       -0.248404        0.144120
         -0.037872       -0.140998        0.146517
          0.019070       -0.072261        0.100251
          0.048482       -0.067958        0.016036
          0.044149       -0.130817       -0.070601
          0.012443       -0.237689       -0.118201
         -0.027032       -0.346433       -0.101619
         -0.050036       -0.412612       -0.024218
         -0.038862       -0.408672        0.083570
          0.011003       -0.335647        0.176788
          0.089269       -0.221598        0.216092
          0.173960       -0.107849        0.186934
          0.239823       -0.029846        0.104832
          0.267950       -0.001141        0.003366
          0.250322       -0.006878       -0.083542
          0.189444       -0.010867       -0.133667
          0.097390        0.024322       -0.142390
         -0.005710        0.114412       -0.122790
         -0.095958        0.243025       -0.095518
         -0.151362        0.370221       -0.072743
         -0.157182        0.452087       -0.051057
         -0.111642        0.460462       -0.018245
         -0.030043        0.396616        0.036833
          0.058087        0.292816        0.117608
          0.120048        0.196989        0.212919
          0.133987        0.147995        0.293516
          0.098990        0.158826        0.322235
          0.036017        0.215821        0.274130
         -0.021812        0.287307        0.150004
         -0.045418        0.335192       -0.023740
         -0.024678        0.328842       -0.203064
          0.025340        0.256869       -0.338970
          0.071139        0.129420       -0.395463
          0.077990       -0.028303       -0.365382
          0.027675       -0.184187       -0.271434
         -0.072578       -0.306771       -0.150607
         -0.192448       -0.374173       -0.034441
         -0.290228       -0.381750        0.062289
         -0.329750       -0.342340        0.143018
         -0.294800       -0.278176        0.224498
         -0.193627       -0.210359        0.325201
         -0.052965       -0.151365        0.449243
          0.093490       -0.102294        0.577961
          0.216760       -0.055760        0.678256
          0.300078       -0.004231        0.719253
          0.339857        0.051457        0.683378
          0.341689        0.100319        0.570470
          0.314603        0.126962        0.399099
          0.265649        0.119753        0.201808
          0.197569        0.076914        0.012021
          0.112364        0.008491       -0.148288
          0.017474       -0.067251       -0.270566
         -0.072751       -0.132024       -0.354042
         -0.141031       -0.174623       -0.400529
         -0.171522       -0.191792       -0.411719
         -0.154644       -0.184850       -0.387269
         -0.094262       -0.157642       -0.324802
         -0.010161       -0.116705       -0.224073
          0.071198       -0.071385       -0.093860
          0.129775       -0.034094        0.044457
          0.156824       -0.020534        0.161986
          0.152995       -0.045899        0.233047
          0.126299       -0.116179        0.242567
          0.087331       -0.221778        0.187956
          0.039977       -0.339754        0.081008
         -0.022243       -0.441504       -0.051626
         -0.106796       -0.500400       -0.177690
         -0.209656       -0.499345       -0.274353
         -0.312990       -0.437904       -0.334182
         -0.391533       -0.333096       -0.360635
         -0.419640       -0.211031       -0.365717
         -0.379720       -0.095978       -0.370260
         -0.273564       -0.003796       -0.395156
         -0.126275        0.061165       -0.447298
          0.025886        0.107526       -0.517522
          0.153289        0.153051       -0.590139
          0.240856        0.214602       -0.647150
          0.287040        0.299160       -0.666223
          0.301348        0.401128       -0.627073
          0.297838        0.503105       -0.524452
          0.283260        0.578885       -0.370674
          0.250996        0.601961       -0.187412
          0.187896        0.556986       -0.001935
          0.085501        0.446405        0.153107
         -0.053606        0.290517        0.250387
         -0.213846        0.123810        0.284441
         -0.367746       -0.013299        0.274843
         -0.482373       -0.087101        0.255002
         -0.530421       -0.081093        0.261373
         -0.500978       -0.000053        0.325062
         -0.405031        0.130643        0.458475
         -0.272667        0.271136        0.644302
         -0.142597        0.380939        0.840459
         -0.049065        0.434567        0.997053
         -0.010871        0.428677        1.071285
         -0.024573        0.378891        1.037093
         -0.065734        0.311272        0.892282
         -0.101527        0.250898        0.658906
         -0.107697        0.210302        0.373650
         -0.077221        0.185654        0.075316
         -0.018076        0.164664       -0.202753
          0.053051        0.138377       -0.435042
          0.118677        0.106741       -0.603317
          0.170397        0.077376       -0.695154
          0.213730        0.061752       -0.705127
          0.261135        0.069161       -0.639180
          0.319470        0.099223       -0.517118
          0.383235        0.139169       -0.370013
          0.435941        0.169688       -0.234043
          0.456239        0.173660       -0.141157
          0.427574        0.140893       -0.107619
          0.348369        0.069469       -0.128023
          0.235524       -0.033556       -0.181156
          0.117581       -0.153756       -0.242271
          0.022098       -0.274576       -0.291692
         -0.034950       -0.382644       -0.317697
         -0.052419       -0.469222       -0.316691
         -0.039690       -0.528736       -0.290651
         -0.009512       -0.557723       -0.242030
          0.026898       -0.554789       -0.171157
          0.061336       -0.519871       -0.080012
          0.088082       -0.453796        0.021353
          0.102610       -0.361409        0.113132
          0.100993       -0.256343        0.171285
          0.081195       -0.160085        0.176181
          0.045129       -0.093387        0.119566
         -0.001206       -0.066657        0.008897
         -0.050597       -0.074537       -0.131747
         -0.098435       -0.094746       -0.267679
         -0.143780       -0.093616       -0.366389
         -0.186402       -0.040960       -0.408572
         -0.223311        0.072961       -0.389928
         -0.248562        0.231004       -0.316789
         -0.255109        0.396122       -0.201976
         -0.236538        0.524844       -0.060795
         -0.190231        0.582003        0.094423
         -0.122191        0.553764        0.256830
         -0.047782        0.452392        0.420724
          0.015266        0.308074        0.575383
          0.055770        0.153645        0.704497
          0.072257        0.012603        0.790668
          0.070377       -0.106150        0.819609
          0.058793       -0.208268        0.782951
          0.044724       -0.307832        0.681802
          0.029607       -0.415702        0.529324
          0.008708       -0.529713        0.347842
         -0.022875       -0.633915        0.161173
         -0.062981       -0.705333       -0.011358
         -0.102061       -0.722645       -0.155707
         -0.130178       -0.674972       -0.262117
         -0.142935       -0.569398       -0.325575
         -0.140928       -0.431066       -0.345799
         -0.126907       -0.292385       -0.325088
         -0.105255       -0.178222       -0.267159
         -0.081118       -0.096713       -0.179649
         -0.057299       -0.037883       -0.077158
         -0.034066        0.021495        0.020277
         -0.014115        0.106346        0.093443
         -0.005321        0.227975        0.130039
         -0.015656        0.374983        0.127500
         -0.045841        0.517842        0.094218
         -0.087569        0.622668        0.049483
         -0.126333        0.664061        0.017734
         -0.144230        0.632619        0.016383
         -0.124325        0.538051        0.046163
         -0.059409        0.406179        0.091983
          0.041065        0.267799        0.130700
          0.154752        0.145625        0.138880
          0.257685        0.049468        0.101011
          0.331732       -0.020223        0.018600
          0.366185       -0.068680       -0.088165
          0.360281       -0.104853       -0.191871
          0.326086       -0.136892       -0.273122
          0.284126       -0.167752       -0.326296
          0.253147       -0.197790       -0.355220
          0.243334       -0.230548       -0.366240
          0.254198       -0.271490       -0.361281
          0.272216       -0.320484       -0.331216
          0.271799       -0.368012       -0.256104
          0.226428       -0.397833       -0.118163
          0.124396       -0.390816        0.080452
         -0.023324       -0.329224        0.311284
         -0.186415       -0.205627        0.529339
         -0.325282       -0.033430        0.688842
         -0.404501        0.151881        0.756888
         -0.405778        0.304884        0.724748
         -0.333817        0.386977        0.612481
         -0.212052        0.378640        0.459007
         -0.072363        0.286720        0.302531
          0.054836        0.145767        0.167129
          0.146314        0.007030        0.061370
          0.187308       -0.083749       -0.018205
          0.170852       -0.105077       -0.082737
          0.098370       -0.063333       -0.143676
         -0.017962        0.015331       -0.205593
         -0.154129        0.096409       -0.266346
         -0.277597        0.149470       -0.323107
         -0.355260        0.160170       -0.375976
         -0.364198        0.135036       -0.427227
         -0.301804        0.093500       -0.480256
         -0.189368        0.053095       -0.537921
         -0.064579        0.020696       -0.597984
          0.034125       -0.005771       -0.649773
          0.082979       -0.032413       -0.677049
          0.081475       -0.065661       -0.664243
          0.051363       -0.106186       -0.601555
          0.025755       -0.142763       -0.489774
          0.032181       -0.156422       -0.343811
          0.078275       -0.134629       -0.188887
          0.148182       -0.080517       -0.049770
          0.210951       -0.009343        0.057448
          0.235590        0.059034        0.127143
          0.205600        0.104801        0.164953
          0.126996        0.114871        0.187567
          0.025948        0.092308        0.214809
         -0.063507        0.056985        0.257305
         -0.115465        0.032380        0.312243
         -0.123265        0.031055        0.368553
         -0.100416        0.050939        0.411091
         -0.071659        0.078777        0.422607
         -0.059170        0.093664        0.391533
         -0.071411        0.073886        0.321939
         -0.101047        0.010146        0.232220
         -0.132593       -0.084654        0.143620
         -0.153668       -0.180263        0.073456
         -0.161355       -0.243717        0.035664
         -0.159593       -0.250689        0.037614
         -0.151182       -0.191407        0.073700
         -0.131896       -0.076446        0.128604
         -0.091651        0.061709        0.188959
         -0.022316        0.180249        0.247230
          0.072614        0.245867        0.295871
          0.173504        0.246916        0.326201
          0.250259        0.192228        0.333938
          0.276370        0.104606        0.318379
          0.243112        0.013858        0.275713
          0.165425       -0.053712        0.201184
          0.076129       -0.086828        0.099782
          0.011173       -0.091492       -0.010892
         -0.007622       -0.081759       -0.109049
          0.015695       -0.069931       -0.175739
          0.052292       -0.064212       -0.196836
          0.063760       -0.069405       -0.168352
          0.022912       -0.085055       -0.103839
         -0.071974       -0.104031       -0.031459
         -0.195496       -0.115505        0.020343
         -0.305622       -0.108884        0.034326
         -0.362713       -0.074862        0.005414
         -0.348516       -0.006760       -0.061454
         -0.273627        0.093817       -0.151592
         -0.169185        0.210855       -0.244635
         -0.070030        0.315251       -0.323652
         -0.000081        0.375302       -0.379958
          0.034018        0.369550       -0.409433
          0.040513        0.294924       -0.408336
          0.033970        0.169711       -0.374784
          0.025482        0.032202       -0.311434
          0.018573       -0.068830       -0.224116
          0.014087       -0.093169       -0.119309
          0.018084       -0.027509       -0.005362
          0.043095        0.109849        0.105100
          0.101105        0.278145        0.197855
          0.194545        0.427387        0.263425
          0.310163        0.511537        0.299212
          0.418035        0.503276        0.306247
          0.479051        0.404138        0.287434
          0.461062        0.239681        0.248818
          0.355541        0.043857        0.197828
          0.184077       -0.151718        0.138084
         -0.008545       -0.319950        0.068614
         -0.169658       -0.441810       -0.010583
         -0.256032       -0.511753       -0.094835
         -0.249435       -0.534371       -0.176967
         -0.165138       -0.513742       -0.248982
         -0.045755       -0.450136       -0.299889
          0.059187       -0.346917       -0.316413
          0.114807       -0.215303       -0.290318
          0.111746       -0.072439       -0.224632
          0.066394        0.059528       -0.132401
          0.012508        0.152594       -0.032797
         -0.016345        0.179542        0.051009
         -0.005120        0.128349        0.097233
          0.038145        0.011039        0.096013
          0.092666       -0.140991        0.055500
          0.137598       -0.287479       -0.003164
          0.159582       -0.387395       -0.055780
          0.155960       -0.408175       -0.082922
          0.133174       -0.338882       -0.076308
          0.099630       -0.197035       -0.042899
          0.058432       -0.020152       -0.001428
          0.006663        0.149560        0.028190
         -0.058982        0.275267        0.034595
         -0.136043        0.332537        0.018459
         -0.214273        0.318465       -0.009769
         -0.277706        0.254753       -0.036058
         -0.308671        0.176613       -0.050440
         -0.293952        0.116268       -0.051868
         -0.233517        0.093800       -0.047823
         -0.145818        0.114352       -0.049989
         -0.061896        0.166215       -0.068218
         -0.011530        0.223773       -0.104975
         -0.012336        0.259600       -0.153905
         -0.064639        0.258126       -0.204234
         -0.149187        0.220256       -0.247279
         -0.232042        0.159162       -0.279696
         -0.280175        0.094586       -0.302164
         -0.276922        0.047586       -0.315570
         -0.225304        0.032805       -0.316661
         -0.142857        0.050791       -0.294927
         -0.055526        0.087959       -0.233622
          0.011028        0.125066       -0.117441
          0.042725        0.146110        0.055979
          0.042098        0.142561        0.269427
          0.022753        0.115522        0.490063
          0.000157        0.076408        0.679742
         -0.014231        0.041877        0.805277
         -0.014689        0.024038        0.848270
         -0.000224        0.024060        0.813109
          0.027757        0.032977        0.724961
          0.067404        0.035821        0.615601
          0.116745        0.015986        0.508942
          0.171126       -0.039798        0.416171
          0.218918       -0.137066        0.336855
          0.241699       -0.272064        0.261439
          0.222715       -0.432547        0.178453
          0.156988       -0.599262        0.085477
          0.054888       -0.748008       -0.006276
         -0.060270       -0.852580       -0.078871
         -0.157799       -0.889183       -0.118946
         -0.209305       -0.843584       -0.124715
         -0.199377       -0.719306       -0.106996
         -0.129611       -0.540775       -0.085925
         -0.015106       -0.347727       -0.083485
          0.120795       -0.183698       -0.112133
          0.251348       -0.082912       -0.165246
          0.351597       -0.058326       -0.218739
          0.402619       -0.095750       -0.245305
          0.394967       -0.159639       -0.229869
          0.332416       -0.208805       -0.175452
          0.232550       -0.212530       -0.100936
          0.120859       -0.159190       -0.035017
          0.022387       -0.056421       -0.004205
         -0.044506        0.074999       -0.017319
         -0.073277        0.211261       -0.059834
         -0.071909        0.335557       -0.104609
         -0.057323        0.442383       -0.127815
         -0.043333        0.533750       -0.117765
         -0.033175        0.611198       -0.077530
         -0.021511        0.670219       -0.025066
          0.000055        0.700393        0.012796
          0.038022        0.689542        0.014072
          0.090803        0.628953       -0.026100
          0.144417        0.518604       -0.094429
          0.177752        0.371074       -0.167797
          0.175060        0.209940       -0.222131
          0.133453        0.061252       -0.238718
          0.061045       -0.055157       -0.210612
         -0.027416       -0.127847       -0.147167
         -0.113991       -0.152748       -0.069813
         -0.182656       -0.134133        0.000234
         -0.224244       -0.083971        0.051008
         -0.236570       -0.016261        0.079026
         -0.221760        0.057457        0.085688
         -0.185844        0.126872        0.077164
         -0.139471        0.181826        0.062335
         -0.095603        0.215280        0.045118
         -0.064205        0.224858        0.020590
         -0.046997        0.210276       -0.018444
         -0.035411        0.171842       -0.073841
         -0.014404        0.112215       -0.142596
          0.028481        0.037321       -0.219012
          0.094131       -0.045218       -0.292188
          0.168092       -0.127257       -0.346705
          0.223640       -0.199581       -0.372303
          0.231916       -0.251485       -0.372117
          0.176914       -0.272554       -0.359389
          0.066942       -0.256982       -0.348532
         -0.066709       -0.208245       -0.349115
         -0.183311       -0.140623       -0.360990
         -0.249275       -0.076110       -0.369182
         -0.250280       -0.037894       -0.346252
         -0.196001       -0.041711       -0.266147
         -0.115305       -0.087407       -0.120033
         -0.042171       -0.156422        0.077306
          0.000592       -0.219732        0.291697
          0.009686       -0.252151        0.479863
         -0.002350       -0.243366        0.603277
         -0.017592       -0.200505        0.642509
         -0.022073       -0.143400        0.604895
         -0.011393       -0.095142        0.519666
          0.006944       -0.071181        0.423462
          0.017469       -0.072450        0.345376
          0.008220       -0.087020        0.297995
         -0.019528       -0.099091        0.275530
         -0.053433       -0.098640        0.259085
         -0.079455       -0.084779        0.227892
         -0.087624       -0.062012        0.170423
         -0.074700       -0.034935        0.088240
         -0.047803       -0.005206       -0.007223
         -0.022916        0.030734       -0.099685
         -0.014248        0.082389       -0.172914
         -0.025300        0.159313       -0.215403
         -0.050837        0.261115       -0.221682
         -0.082595        0.374616       -0.189995
         -0.110143        0.480564       -0.122734
         -0.121308        0.559523       -0.031094
         -0.107488        0.593521        0.064299
         -0.068636        0.571324        0.139642
         -0.012095        0.496543        0.173945
          0.051245        0.386525        0.153081
          0.108710        0.261439        0.077247
          0.148189        0.137701       -0.032927
          0.163917        0.030176       -0.143120
          0.160156       -0.048175       -0.221325
          0.146508       -0.092594       -0.247783
          0.129219       -0.107504       -0.216146
          0.107903       -0.099853       -0.134871
          0.078961       -0.077447       -0.027362
          0.040375       -0.054269        0.078242
         -0.004323       -0.048338        0.163476
         -0.043160       -0.069517        0.222108
         -0.057835       -0.113743        0.252083
         -0.033141       -0.170127        0.252602
          0.032062       -0.227808        0.227747
          0.121089       -0.276301        0.184141
          0.205900       -0.308310        0.123731
          0.259116       -0.326132        0.045469
          0.263989       -0.339846       -0.045480
          0.218567       -0.356240       -0.136531
          0.135196       -0.372902       -0.215505
          0.035831       -0.383549       -0.273509
         -0.056837       -0.384223       -0.301123
         -0.127354       -0.372973       -0.290180
         -0.168784       -0.348545       -0.242097
         -0.180200       -0.312445       -0.169379
         -0.166702       -0.269004       -0.086491
         -0.140474       -0.220455       -0.002427
         -0.117595       -0.164232        0.077868
         -0.111791       -0.097702        0.151445
         -0.130226       -0.023492        0.220323
         -0.171966        0.052457        0.290827
         -0.226943        0.126476        0.363822
         -0.276717        0.198553        0.427519
         -0.300294        0.269753        0.463700
         -0.283562        0.340331        0.459071
         -0.225767        0.408438        0.409354
         -0.139027        0.467426        0.318797
         -0.043899        0.505022        0.201785
          0.035235        0.509100        0.081158
          0.076406        0.477118       -0.023453
          0.068963        0.420057       -0.108761
          0.019397        0.356886       -0.188149
         -0.051464        0.305217       -0.279302
         -0.116554        0.274849       -0.391856
         -0.149600        0.264825       -0.521842
         -0.131354        0.263436       -0.649533
         -0.057303        0.254117       -0.740688
          0.058271        0.226684       -0.758088
          0.187942        0.184743       -0.681593
          0.301892        0.141890       -0.520572
          0.374775        0.111085       -0.308117
          0.389412        0.096447       -0.086353
          0.342572        0.090435        0.104291
          0.249268        0.075117        0.233469
          0.138274        0.028892        0.291402
          0.041285       -0.061109        0.292588
         -0.016485       -0.188622        0.263846
         -0.023147       -0.329263        0.226750
          0.013977       -0.451747        0.191125
          0.068774       -0.529612        0.158412
          0.108760       -0.548675        0.122798
          0.112792       -0.511890        0.071555
          0.080218       -0.439850       -0.005138
          0.027189       -0.362352       -0.101032
         -0.023170       -0.304762       -0.194997
         -0.051748       -0.279262       -0.265663
         -0.053526       -0.283661       -0.300557
         -0.039962       -0.302390       -0.294616
         -0.028729       -0.309142       -0.251233
         -0.029679       -0.276327       -0.187395
         -0.040227       -0.188915       -0.128380
         -0.050563       -0.051736       -0.092321
         -0.050999        0.113742       -0.084058
         -0.038422        0.276469       -0.102335
         -0.020173        0.403290       -0.141961
         -0.010284        0.469786       -0.186340
         -0.018975        0.470595       -0.208416
         -0.044787        0.419213       -0.185026
         -0.074581        0.338171       -0.106886
         -0.088792        0.250641        0.022459
         -0.070221        0.176123        0.185976
         -0.014614        0.124872        0.349806
          0.064192        0.094147        0.472463
          0.139317        0.073286        0.525839
          0.181537        0.052675        0.507680
          0.170605        0.027132        0.437490
          0.105668       -0.004536        0.346263
          0.008973       -0.038731        0.265411
         -0.083269       -0.068211        0.212776
         -0.137399       -0.087165        0.182736
         -0.135443       -0.094311        0.151145
         -0.081686       -0.091712        0.092426
         -0.002235       -0.083684       -0.003644
          0.065854       -0.076594       -0.124225
          0.092799       -0.077012       -0.237378
          0.069433       -0.089608       -0.305173
          0.008221       -0.116641       -0.298544
         -0.064593       -0.157278       -0.207903
         -0.120285       -0.206432       -0.047919
         -0.139487       -0.255478        0.145968
         -0.120138       -0.294629        0.330458
         -0.076321       -0.314787        0.469040
         -0.028533       -0.308616        0.539066
          0.006998       -0.271398        0.532848
          0.023120       -0.201321        0.458717
          0.021461       -0.099281        0.339575
          0.010624        0.030660        0.204341
          0.002383        0.179247        0.077683
          0.005218        0.329560       -0.023474
          0.020052        0.457612       -0.088648
          0.041961        0.538143       -0.114800
          0.064035        0.552590       -0.107875
          0.079091        0.494951       -0.078579
          0.081224        0.374898       -0.035829
          0.069606        0.217680        0.013114
          0.051224        0.057388        0.057663
          0.038711       -0.076139        0.084097
          0.044833       -0.168448        0.081729
          0.077368       -0.222444        0.046834
          0.135211       -0.253412       -0.016885
          0.205526       -0.282304       -0.095547
          0.264899       -0.327254       -0.162640
          0.287657       -0.393578       -0.186200
          0.258019       -0.469804       -0.144135
          0.177728       -0.535235       -0.034712
          0.064763       -0.571574        0.123577
         -0.054108       -0.568212        0.296498
         -0.152710       -0.522794        0.439939
         -0.214511       -0.443128        0.512240
         -0.237953       -0.346580        0.491099
         -0.233983       -0.251511        0.382188
         -0.217181       -0.168424        0.213100
         -0.197856       -0.100747        0.021385
         -0.180044       -0.049955       -0.155181
         -0.163604       -0.015010       -0.288949
         -0.146822        0.010026       -0.373648
         -0.128508        0.031989       -0.425372
         -0.109331        0.053481       -0.468295
         -0.091297        0.075530       -0.518560
         -0.075437        0.102829       -0.579206
         -0.060264        0.141766       -0.641427
         -0.043439        0.194801       -0.685469
         -0.025461        0.260251       -0.687133
         -0.010771        0.335013       -0.632524
         -0.003660        0.412624       -0.527471
         -0.002839        0.480059       -0.391825
         -0.000979        0.521750       -0.248789
          0.009886        0.528266       -0.120523
          0.031576        0.500014       -0.024832
          0.055060        0.444886        0.032448
          0.060185        0.376014        0.059972
          0.024298        0.310091        0.071805
         -0.060500        0.261806        0.077757
         -0.174144        0.236176        0.083189
         -0.273414        0.226607        0.091622
         -0.312623        0.220994        0.102929
         -0.265473        0.209612        0.113213
         -0.137883        0.188880        0.120999
          0.031340        0.161300        0.131292
          0.185379        0.134086        0.150820
          0.277315        0.115988        0.181194
          0.294028        0.110790        0.217770
          0.258650        0.111097        0.252105
          0.212958        0.099982        0.273812
          0.194106        0.061422        0.273344
          0.216592       -0.009649        0.247603
          0.265682       -0.104390        0.204596
          0.306740       -0.200940        0.161453
          0.306090       -0.267636        0.135634
          0.249378       -0.274652        0.135935
          0.146549       -0.212379        0.159174
          0.023829       -0.100976        0.191246
         -0.089746        0.018049        0.209435
         -0.172684        0.099130        0.188773
         -0.213749        0.107851        0.114337
         -0.209946        0.033361       -0.009215
         -0.165300       -0.103948       -0.160317
         -0.090757       -0.258585       -0.310944
         -0.002622       -0.381174       -0.435103
          0.079864       -0.440223       -0.515668
          0.137304       -0.430140       -0.552074
          0.156172       -0.366450       -0.560618
          0.136658       -0.276877       -0.560789
          0.093756       -0.191121       -0.558913
          0.048135       -0.129217       -0.544578
          0.015131       -0.094552       -0.498674
          0.000314       -0.078033       -0.403281
          0.000446       -0.068162       -0.251632
          0.005842       -0.055704       -0.057386
          0.005022       -0.031776        0.146391
         -0.008414        0.012208        0.323172
         -0.032585        0.079981        0.451185
         -0.061312        0.167166        0.529050
         -0.089380        0.262291        0.569205
         -0.112890        0.348606        0.587823
         -0.127762        0.405923        0.595569
         -0.131753        0.416771        0.591701
         -0.127658        0.376196        0.566123
         -0.122540        0.295970        0.509389
         -0.123583        0.197354        0.422246
         -0.134292        0.098809        0.316542
         -0.151883        0.008559        0.208059
         -0.165768       -0.075899        0.108499
         -0.159852       -0.163930        0.022309
         -0.120754       -0.263791       -0.051643
         -0.047975       -0.372105       -0.116203
          0.042095       -0.468469       -0.171592
          0.122203       -0.522016       -0.212485
          0.166283       -0.506229       -0.229744
          0.160432       -0.411399       -0.216882
          0.108455       -0.248880       -0.175618
          0.030491       -0.048810       -0.115672
         -0.045483        0.146841       -0.050836
         -0.096609        0.296434        0.004487
         -0.115377        0.372770        0.038501
         -0.110217        0.371043        0.046242
         -0.097195        0.306584        0.031885
         -0.090332        0.206554        0.006569
         -0.095965        0.101059       -0.015766
         -0.111031        0.014643       -0.022039
         -0.124768       -0.041261       -0.004573
         -0.124620       -0.070631        0.033881
         -0.103819       -0.087005        0.079499
         -0.064866       -0.104097        0.113377
         -0.017065       -0.130026        0.120251
          0.027821       -0.165781        0.095442
          0.058396       -0.204315        0.047806
          0.066150       -0.231356       -0.003255
          0.049032       -0.231165       -0.036975
          0.013614       -0.194015       -0.041951
         -0.026984       -0.119419       -0.022053
         -0.058027       -0.015550        0.005103
         -0.067611        0.101809        0.015654
         -0.049930        0.212391       -0.010389
         -0.008093        0.298474       -0.080810
          0.045711        0.351292       -0.188286
          0.095611        0.372093       -0.313530
          0.130442        0.369377       -0.432270
          0.148625        0.355181       -0.523039
          0.156971        0.339938       -0.572833
          0.166154        0.327140       -0.578802
          0.185390        0.312052       -0.546508
          0.217184        0.285280       -0.486685
          0.254357        0.237806       -0.411701
          0.282465        0.166093       -0.332246
          0.287235        0.076909       -0.255157
          0.262007       -0.012395       -0.182853
          0.210360       -0.081364       -0.113690
          0.144131       -0.116751       -0.042796
          0.079873       -0.118495        0.035877
          0.034521       -0.100244        0.126300
          0.019704       -0.085204        0.228056
          0.036983       -0.095560        0.336590
          0.076973       -0.138823        0.444573
          0.121873       -0.201891        0.542545
          0.149649       -0.258067        0.619720
          0.139957       -0.280538        0.665912
          0.081788       -0.254674        0.673170
         -0.020023       -0.186533        0.636571
         -0.144204       -0.103762        0.556053
         -0.260795       -0.044573        0.439257
         -0.343331       -0.039276        0.302197
         -0.378172       -0.096078        0.165899
         -0.367612       -0.198284        0.050489
         -0.327548       -0.311520       -0.030640
         -0.279764       -0.396684       -0.074645
         -0.240731       -0.424130       -0.089851
         -0.214462       -0.383677       -0.092388
         -0.194850       -0.285970       -0.098874
         -0.173264       -0.155189       -0.118200
         -0.144565       -0.018215       -0.148201
         -0.109791        0.103389       -0.179387
         -0.075514        0.196151       -0.200986
         -0.049379        0.254229       -0.204807
         -0.034592        0.277952       -0.187927
         -0.028028        0.271850       -0.154252
         -0.023123        0.242970       -0.111309
         -0.014939        0.200545       -0.063939
         -0.003929        0.155800       -0.012575
          0.005030        0.119289        0.042731
          0.008312        0.095811        0.099335
          0.008350        0.080901        0.152309
          0.012843        0.062734        0.194329
          0.030572        0.028604        0.215740
          0.067377       -0.028295        0.208549
          0.121937       -0.104446        0.171942
          0.182674       -0.184368        0.113365
          0.231127       -0.243436        0.044846
          0.251652       -0.256822       -0.021152
          0.238644       -0.210956       -0.074324
          0.195956       -0.110174       -0.108392
          0.133535        0.024414       -0.122460
          0.066056        0.160790       -0.120691
          0.010307        0.264405       -0.110013
         -0.020980        0.309522       -0.097637
         -0.023283        0.290084       -0.090423
          0.001101        0.222110       -0.094980
          0.044467        0.135112       -0.115360
          0.091972        0.059561       -0.148986
          0.123389        0.017416       -0.185819
          0.122248        0.015995       -0.212417
          0.084722        0.045232       -0.216323
          0.020374        0.082695       -0.187998
         -0.053274        0.106054       -0.123269
         -0.116837        0.103044       -0.026659
         -0.154724        0.071862        0.089508
         -0.160583        0.017590        0.210539
         -0.139342       -0.048737        0.322017
         -0.102752       -0.111759        0.407776
         -0.061411       -0.157414        0.450733
         -0.020792       -0.177108        0.439098
          0.016049       -0.167012        0.370610
          0.044921       -0.128319        0.251817
          0.061191       -0.071395        0.098281
          0.061515       -0.016329       -0.063840
          0.042890        0.015329       -0.202360
          0.003059        0.011045       -0.289796
         -0.054539       -0.028361       -0.310783
         -0.117809       -0.089991       -0.263571
         -0.171180       -0.152278       -0.161369
         -0.202992       -0.191721       -0.032539
         -0.206749       -0.193599        0.087437
         -0.179386       -0.160163        0.169765
         -0.123454       -0.109152        0.201417
         -0.049885       -0.064605        0.186448
          0.025859       -0.047658        0.143932
          0.091106       -0.070083        0.102112
          0.138213       -0.128993        0.086164
          0.162470       -0.205483        0.105804
          0.163238       -0.272087        0.152643
          0.147686       -0.305768        0.206738
          0.128619       -0.297122        0.244529
          0.116275       -0.252153        0.246018
          0.114388       -0.189280        0.202542
          0.123402       -0.132247        0.120447
          0.141747       -0.098868        0.015818
          0.162652       -0.091025       -0.094107
          0.175677       -0.093131       -0.194851
          0.174449       -0.080219       -0.275823
          0.159388       -0.030764       -0.332872
          0.132285        0.062324       -0.368414
          0.093442        0.187677       -0.386360
          0.045710        0.319684       -0.388247
         -0.002995        0.428550       -0.374600
         -0.042750        0.492446       -0.346260
         -0.064709        0.506376       -0.303206
         -0.062431        0.481664       -0.246012
         -0.035753        0.436420       -0.180007
          0.003794        0.385621       -0.115334
          0.033314        0.337016       -0.062344
          0.027992        0.291247       -0.028339
         -0.025430        0.244626       -0.016482
         -0.120117        0.195389       -0.024053
         -0.230845        0.149066       -0.042185
         -0.323466        0.116294       -0.059757
         -0.366926        0.105004       -0.068202
         -0.345427        0.114909       -0.063661
         -0.267020        0.137280       -0.047200
         -0.160853        0.158080       -0.023928
         -0.062099        0.163474       -0.000773
          0.003712        0.146229        0.015602
          0.026281        0.108511        0.019587
          0.008831        0.058423        0.007650
         -0.033975        0.003497       -0.019686
         -0.080056       -0.053476       -0.056879
         -0.109355       -0.114256       -0.094089
         -0.112610       -0.181895       -0.118262
         -0.091134       -0.255952       -0.115557
         -0.051171       -0.328337       -0.077257
         -0.001837       -0.384170       -0.006293
          0.045195       -0.409363        0.081967
          0.081611       -0.398967        0.165324
          0.109035       -0.359365        0.221339
          0.135216       -0.304783        0.232965
          0.163756       -0.250891        0.195847
          0.191232       -0.205549        0.123999
          0.211897       -0.161490        0.045644
          0.219545       -0.100532       -0.009416
          0.207436       -0.008209       -0.020045
          0.173899        0.114522        0.021235
          0.127718        0.249299        0.103303
          0.082378        0.364207        0.195694
          0.044918        0.422957        0.261316
          0.013306        0.401231        0.275729
         -0.017887        0.301092        0.236055
         -0.052766        0.150286        0.157618
         -0.091254       -0.011505        0.067836
         -0.125521       -0.145860       -0.002679
         -0.140951       -0.223349       -0.035200
         -0.125778       -0.230732       -0.033422
         -0.081633       -0.176008       -0.017272
         -0.024820       -0.084200       -0.007019
          0.022052        0.013145       -0.012967
          0.041851        0.084922       -0.033384
          0.032097        0.104487       -0.055811
          0.006669        0.057701       -0.062892
         -0.011822       -0.048788       -0.043940
         -0.004680       -0.189133       -0.004056
          0.032261       -0.328699        0.038084
          0.085022       -0.434073        0.061288
          0.127684       -0.480074        0.052229
          0.136893       -0.456089        0.010025
          0.104976       -0.369035       -0.054254
          0.041685       -0.239236       -0.121718
         -0.033206       -0.092547       -0.172775
         -0.097895        0.045774       -0.195470
         -0.135909        0.154723       -0.190941
         -0.143552        0.220316       -0.171529
         -0.130218        0.237710       -0.152525
         -0.108172        0.212403       -0.145291
         -0.083155        0.159571       -0.155803
         -0.055257        0.100411       -0.183398
         -0.023299        0.056689       -0.217963
          0.014714        0.045689       -0.243639
          0.059932        0.075737       -0.249833
          0.106688        0.142769       -0.236575
          0.141434        0.231040       -0.209458
          0.151600        0.319024       -0.175631
          0.134586        0.386690       -0.144818
          0.098124        0.420038       -0.124944
          0.056082        0.412420       -0.112331
          0.025108        0.364245       -0.091651
          0.019109        0.282277       -0.048432
          0.040216        0.178355        0.021680
          0.075087        0.067045        0.113836
          0.103171       -0.036874        0.215545
          0.109213       -0.120259        0.306261
          0.088877       -0.174008        0.364725
          0.047891       -0.196185        0.383019
          0.000157       -0.192459        0.371339
         -0.036831       -0.171869        0.347855
         -0.051495       -0.141615        0.327115
         -0.045548       -0.105782        0.316388
         -0.031681       -0.067971        0.313739
         -0.025164       -0.033767        0.305067
         -0.037326       -0.010717        0.269703
         -0.071993       -0.006851        0.195852
         -0.123032       -0.028109        0.090452
         -0.175393       -0.073578       -0.025397
         -0.211809       -0.131126       -0.125940
         -0.220919       -0.179567       -0.187294
         -0.201104       -0.198244       -0.194994
         -0.159502       -0.176537       -0.152035
         -0.108966       -0.116762       -0.077503
         -0.064279       -0.032021        0.005275
         -0.037438        0.057234        0.079380
         -0.032854        0.128974        0.136808
         -0.044985        0.168422        0.176418
         -0.060567        0.173864        0.200418
         -0.064995        0.153657        0.209397
         -0.049580        0.118692        0.198885
         -0.016083        0.078486        0.161212
          0.023084        0.040664        0.091463
          0.048941        0.008852       -0.006690
          0.044371       -0.018666       -0.118645
          0.004628       -0.044029       -0.222430
         -0.057592       -0.063498       -0.297040
         -0.117814       -0.069826       -0.329539
         -0.151015       -0.060920       -0.316966
         -0.140391       -0.043497       -0.265517
         -0.083409       -0.030044       -0.188706
          0.004594       -0.035429       -0.101992
          0.095354       -0.072329       -0.015909
          0.161644       -0.141800        0.064453
          0.189140       -0.226164        0.133568
          0.178874       -0.294384        0.182856
          0.144294       -0.316990        0.204197
          0.106237       -0.279194        0.192234
          0.084094       -0.186448        0.144221
          0.086133       -0.062527        0.064062
          0.106853        0.059466       -0.032178
          0.133278        0.150953       -0.120033
          0.153833        0.200398       -0.178231
          0.163309        0.217230       -0.195817
          0.163020        0.224108       -0.172393
          0.158633        0.242572       -0.118379
          0.156399        0.282034       -0.054138
          0.157235        0.337037       -0.001657
          0.153112        0.390123        0.026580
          0.132284        0.418159        0.030642
          0.089441        0.402476        0.017988
          0.029529        0.338433       -0.001238
         -0.036208        0.236867       -0.016118
         -0.094460        0.117488       -0.018559
         -0.133556        0.001500       -0.007604
         -0.149693       -0.092823        0.012169
         -0.150007       -0.153707        0.037451
         -0.146428       -0.179330        0.069071
         -0.146999       -0.178156        0.108043
         -0.153863       -0.164434        0.152170
         -0.165887       -0.152216        0.196530
         -0.179886       -0.152463        0.232542
         -0.190790       -0.172293        0.245373
         -0.193517       -0.212096        0.217630
         -0.185538       -0.262383        0.139759
         -0.167667       -0.306886        0.016965
         -0.143191       -0.330720       -0.131875
         -0.117047       -0.325093       -0.277879
         -0.094797       -0.287080       -0.386919
         -0.079453       -0.220647       -0.429623
         -0.067284       -0.138586       -0.393516
         -0.047615       -0.058469       -0.287503
         -0.009015        0.005793       -0.136396
          0.052561        0.046949        0.027699
          0.129775        0.060576        0.172804
          0.205614        0.043886        0.274242
          0.258858        0.000264        0.320274
          0.271666       -0.058834        0.312175
          0.237632       -0.118406        0.259131
          0.166221       -0.163679        0.173661
          0.079088       -0.180079        0.070828
         -0.000170       -0.156591       -0.031893
         -0.054968       -0.093969       -0.117678
         -0.078484       -0.007344       -0.174668
         -0.073020        0.081719       -0.197782
         -0.048448        0.154574       -0.188107
         -0.017242        0.198730       -0.151963
          0.012956        0.208809       -0.098661
          0.041725        0.188749       -0.035361
          0.070915        0.150568        0.036988
          0.099862        0.107183        0.120697
          0.125515        0.066129        0.213285
          0.143426        0.030412        0.302959
          0.147195        0.002515        0.371510
          0.130509       -0.015481        0.400419
          0.092610       -0.024414        0.376840
          0.040605       -0.027118        0.300621
         -0.014715       -0.024721        0.189716
         -0.063917       -0.016147        0.076016
         -0.099758       -0.000720       -0.008749
         -0.116977        0.021906       -0.045308
         -0.114930        0.053922       -0.029445
         -0.099666        0.097344        0.029455
         -0.080737        0.148649        0.109097
         -0.065922        0.197802        0.180143
         -0.059750        0.232623        0.219123
         -0.064155        0.242373        0.216954
         -0.076626        0.219334        0.176340
         -0.088902        0.161702        0.107348
         -0.091786        0.076511        0.028060
         -0.082020       -0.021337       -0.038275
         -0.063052       -0.113495       -0.075107
         -0.040806       -0.183421       -0.081760
         -0.021013       -0.220897       -0.069635
         -0.008161       -0.224097       -0.054029
         -0.002869       -0.198691       -0.051994
         -0.000398       -0.155796       -0.079668
          0.005546       -0.108509       -0.141672
          0.016791       -0.065957       -0.224210
          0.029168       -0.029281       -0.304305
          0.036387        0.005617       -0.364221
          0.034216        0.042754       -0.394602
          0.021761        0.084549       -0.392177
          0.001652        0.131875       -0.364141
         -0.019693        0.181781       -0.330554
         -0.034383        0.226468       -0.312793
         -0.038079        0.256907       -0.319820
         -0.032102        0.266640       -0.348864
         -0.019735        0.251652       -0.393053
         -0.002302        0.209843       -0.440931
          0.019894        0.143561       -0.473584
          0.044916        0.061607       -0.472255
          0.069250       -0.023256       -0.429729
          0.088818       -0.098889       -0.350988
          0.098783       -0.156141       -0.246831
          0.094862       -0.189014       -0.132936
          0.077228       -0.195052       -0.031123
          0.052101       -0.176173        0.038585
          0.028347       -0.138287        0.070716
          0.013456       -0.089655        0.076706
          0.012376       -0.039998        0.075026
          0.027210       -0.000948        0.082039
          0.055970        0.015042        0.109700
          0.091823       -0.000660        0.162823
          0.123959       -0.047974        0.233533
          0.139960       -0.117448        0.303161
          0.129230       -0.193019        0.354869
          0.086220       -0.255067        0.382685
          0.012777       -0.284372        0.387298
         -0.079643       -0.268326        0.369544
         -0.169890       -0.206227        0.332272
         -0.233230       -0.109420        0.282853
         -0.251477        0.003220        0.228181
         -0.219709        0.111035        0.170662
         -0.147441        0.196725        0.113146
         -0.056904        0.250538        0.063591
          0.023139        0.272397        0.029660
          0.069541        0.270082        0.010970
          0.075316        0.253472        0.000235
          0.050174        0.229189       -0.010743
          0.013674        0.200614       -0.030068
         -0.012255        0.171771       -0.067271
         -0.010788        0.148897       -0.128763
          0.022013        0.138487       -0.209894
          0.074392        0.145861       -0.294615
          0.125227        0.174066       -0.363727
          0.155371        0.219399       -0.400999
          0.156319        0.266759       -0.393224
          0.132742        0.292981       -0.332517
          0.099553        0.277183       -0.223135
          0.074583        0.208233       -0.082247
          0.068877        0.086192        0.069316
          0.079803       -0.076632        0.214719
          0.092861       -0.255468        0.339918
          0.091730       -0.420475        0.432225
          0.068419       -0.548514        0.484964
          0.026402       -0.627652        0.499851
         -0.022420       -0.653671        0.480729
         -0.063088       -0.628428        0.427550
         -0.084706       -0.561459        0.339560
         -0.087294       -0.467399        0.221760
         -0.081780       -0.359715        0.085610
         -0.081494       -0.248734       -0.053367
         -0.093691       -0.144002       -0.174977
         -0.117910       -0.053350       -0.255125
         -0.148202        0.021837       -0.275583
         -0.175348        0.087252       -0.237149
         -0.190562        0.149894       -0.161964
         -0.190305        0.212877       -0.082794
         -0.177122        0.274861       -0.031000
         -0.155362        0.330019       -0.028720
         -0.127570        0.366947       -0.080095
         -0.095552        0.372017       -0.164216
         -0.062901        0.338069       -0.242512
         -0.034892        0.269614       -0.279831
         -0.016664        0.179070       -0.260635
         -0.011653        0.080394       -0.190393
         -0.018968       -0.013482       -0.091052
         -0.030075       -0.092295        0.004073
         -0.029828       -0.151753        0.062471
         -0.004277       -0.193399        0.069156
          0.050206       -0.218670        0.032015
          0.123407       -0.224204       -0.028576
          0.195037       -0.203364       -0.091196
          0.243129       -0.149946       -0.136874
          0.253459       -0.060733       -0.151510
          0.226262        0.060696       -0.130604
          0.176242        0.199633       -0.078628
          0.124274        0.331323       -0.002158
          0.085793        0.428927        0.092709
          0.064580        0.473142        0.195496
          0.054679        0.458645        0.288654
          0.046134        0.395468        0.352597
          0.031116        0.304417        0.372836
          0.009168        0.208151        0.344188
         -0.012111        0.122699        0.273599
         -0.023201        0.053621        0.181819
         -0.020603       -0.002410        0.099381
         -0.009909       -0.052501        0.055504
         -0.003172       -0.101794        0.066324
         -0.013348       -0.150193        0.129369
         -0.047771       -0.193391        0.224445
         -0.103005       -0.226398        0.318484
         -0.164492       -0.245512        0.374791
         -0.212489       -0.247725        0.365989
         -0.231423       -0.230336        0.284898
         -0.216780       -0.191995        0.147503
         -0.175536       -0.133464       -0.012864
         -0.121467       -0.058262       -0.157436
         -0.068834        0.024986       -0.255368
         -0.025819        0.100814       -0.293127
          0.009916        0.150626       -0.276744
          0.048585        0.160600       -0.226930
          0.099122        0.126924       -0.168889
          0.162087        0.055880       -0.121844
          0.229571       -0.037763       -0.094642
          0.288344       -0.133456       -0.087945
          0.323630       -0.211431       -0.097522
          0.324819       -0.260545       -0.116226
          0.290180       -0.280539       -0.136582
          0.225392       -0.277726       -0.152832
          0.138447       -0.259976       -0.160001
          0.037855       -0.234504       -0.152969
         -0.065787       -0.206588       -0.128960
         -0.159844       -0.178198       -0.090121
         -0.232304       -0.149201       -0.042313
         -0.274199       -0.121440        0.007713
         -0.280956       -0.100079        0.054210
         -0.253666       -0.088537        0.094347
         -0.199730       -0.082757        0.129533
         -0.131056       -0.072436        0.163452
         -0.060052       -0.047462        0.198080
          0.003420       -0.002674        0.232013
          0.051878        0.059569        0.261943
          0.079194        0.126490        0.285070
          0.082363        0.176267        0.301178
          0.064569        0.188780        0.313106
          0.034729        0.158260        0.323984
          0.003624        0.095814        0.333101
         -0.019052        0.022585        0.334425
         -0.026719       -0.037508        0.318395
         -0.019632       -0.064197        0.275610
         -0.006701       -0.049033        0.202219
         -0.000399        0.000234        0.104344
         -0.009087        0.065469       -0.003231
         -0.034165        0.128815       -0.102992
         -0.071017        0.178384       -0.179712
         -0.109601        0.208199       -0.224080
         -0.136697        0.217303       -0.236342
         -0.141956        0.208852       -0.225716
         -0.123339        0.187419       -0.203747
         -0.087367        0.156111       -0.179079
         -0.045515        0.116920       -0.158099
         -0.009487        0.074004       -0.145725
          0.013979        0.035089       -0.144000
          0.027046        0.007714       -0.153738
          0.039898       -0.006068       -0.177915
          0.064146       -0.010445       -0.219105
          0.104536       -0.012553       -0.273222
          0.154826       -0.019767       -0.329215
          0.200504       -0.037294       -0.374373
          0.225913       -0.063342       -0.397819
          0.221248       -0.086123       -0.392402
          0.186444       -0.089167       -0.358533
          0.130677       -0.061410       -0.305408
          0.067695       -0.002636       -0.244550
          0.010039        0.077392       -0.181412
         -0.033851        0.161299       -0.113602
         -0.059625        0.227794       -0.035031
         -0.066933        0.259803        0.059557
         -0.059709        0.253520        0.170591
         -0.045402        0.220159        0.289029
         -0.033550        0.178670        0.394686
         -0.034013        0.146068        0.462334
         -0.053207        0.131064        0.472589
         -0.089508        0.130631        0.419000
         -0.132549        0.128975        0.308667
         -0.167522        0.102725        0.160936
         -0.180810        0.033522        0.004800
         -0.165246       -0.080462       -0.129432
         -0.124656       -0.223645       -0.221511
         -0.073767       -0.370407       -0.266163
         -0.030973       -0.491985       -0.270434
         -0.009134       -0.562724       -0.250973
         -0.010696       -0.569734       -0.231053
         -0.027525       -0.519585       -0.230978
         -0.044226       -0.432804       -0.256608
         -0.045540       -0.331564       -0.297836
         -0.024889       -0.232703       -0.335980
          0.012685       -0.145805       -0.350215
          0.055259       -0.070067       -0.322931
          0.091389        0.005670       -0.248271
          0.115166        0.093018       -0.137212
          0.127902        0.191927       -0.011390
          0.136041        0.289166        0.107813
          0.145473        0.366264        0.204853
          0.155927        0.407246        0.271819
          0.160227        0.404099        0.311013
          0.149269        0.362078        0.334472
          0.118896        0.300021        0.356553
          0.073487        0.240722        0.385123
          0.023667        0.198301        0.418348
         -0.019448        0.174081        0.445892
         -0.049053        0.161944        0.450672
         -0.064783        0.155082        0.413065
         -0.071746        0.149624        0.320533
         -0.075370        0.146220        0.177556
         -0.075585        0.148950        0.007090
         -0.067723        0.159852       -0.157131
         -0.049635        0.173526       -0.281040
         -0.025791        0.178731       -0.340484
         -0.004832        0.165664       -0.331163
          0.004434        0.131219       -0.272447
         -0.003333        0.079280       -0.198547
         -0.025403        0.018457       -0.142160
         -0.050002       -0.041855       -0.122682
         -0.063489       -0.096458       -0.142775
         -0.059174       -0.146402       -0.189330
         -0.038765       -0.195870       -0.238555
         -0.008232       -0.247743       -0.266488
          0.025513       -0.301708       -0.258522
          0.056683       -0.354407       -0.210376
          0.082320       -0.401016       -0.124013
          0.100751       -0.438784       -0.006570
          0.107120       -0.469479        0.128542
          0.092261       -0.496759        0.263537
          0.048039       -0.520830        0.379495
         -0.025360       -0.535855        0.457805
         -0.115898       -0.530380        0.483271
         -0.201550       -0.488773        0.451061
         -0.256543       -0.395667        0.370900
         -0.260540       -0.244311        0.263024
         -0.207966       -0.042974        0.150131
         -0.112006        0.185964        0.051020
          0.000913        0.411874       -0.024173
          0.102795        0.602137       -0.076887
          0.173834        0.728663       -0.117242
          0.206910        0.775033       -0.155737
          0.208237        0.740291       -0.196905
          0.192995        0.636115       -0.239161
          0.175223        0.480972       -0.276926
          0.159482        0.297242       -0.302029
          0.142084        0.110674       -0.307106
          0.117604       -0.052908       -0.290475
          0.082012       -0.173283       -0.256104
          0.033485       -0.238658       -0.208453
         -0.024863       -0.245620       -0.150515
         -0.084479       -0.200817       -0.086851
         -0.136357       -0.122421       -0.023826
         -0.174253       -0.034769        0.033940
         -0.191531        0.041516        0.082806
         -0.179627        0.094145        0.116179
         -0.133861        0.117149        0.127867
         -0.059239        0.109665        0.120466
          0.030565        0.076464        0.105462
          0.117438        0.024357        0.095986
          0.182344       -0.043243        0.104687
          0.210283       -0.125110        0.144469
          0.196656       -0.216090        0.220637
          0.149447       -0.306252        0.321046
          0.084610       -0.385965        0.419958
          0.019191       -0.448500        0.491197
         -0.032553       -0.489007        0.514927
         -0.060344       -0.505495        0.479366
         -0.059832       -0.500404        0.387272
         -0.035120       -0.476888        0.260515
          0.002361       -0.432622        0.130399
          0.039310       -0.359700        0.021263
          0.064873       -0.251386       -0.055404
          0.070991       -0.108842       -0.096659
          0.052971        0.056068       -0.106274
          0.012330        0.220758       -0.095845
         -0.042830        0.355108       -0.079421
         -0.101971        0.430163       -0.064171
         -0.155415        0.430038       -0.049733
         -0.194181        0.359383       -0.036293
         -0.211326        0.241530       -0.027771
         -0.206523        0.110155       -0.026268
         -0.187368       -0.000127       -0.029640
         -0.164146       -0.062414       -0.037362
         -0.144132       -0.064878       -0.053482
         -0.130015       -0.013494       -0.080466
         -0.119637        0.072560       -0.115168
         -0.105861        0.169272       -0.154562
         -0.080031        0.253955       -0.199888
         -0.038186        0.308554       -0.250149
          0.016073        0.323274       -0.296565
          0.073958        0.299443       -0.329283
          0.125366        0.247354       -0.345627
          0.161682        0.180352       -0.347117
          0.177439        0.110991       -0.334151
          0.170829        0.050312       -0.310342
          0.143762        0.006401       -0.286886
          0.102570       -0.017776       -0.274242
          0.058065       -0.023677       -0.271620
          0.022903       -0.014698       -0.269991
          0.007298        0.003855       -0.261307
          0.015301        0.023453       -0.239254
          0.042451        0.034319       -0.197233
          0.076152        0.030045       -0.135363
          0.100812        0.010050       -0.067762
          0.105717       -0.021199       -0.015335
          0.089528       -0.055327        0.008854
          0.058391       -0.081096        0.004756
          0.021161       -0.087619       -0.018306
         -0.013722       -0.068838       -0.043382
         -0.039856       -0.025246       -0.047893
         -0.054792        0.037860       -0.014021
         -0.060453        0.112395        0.059154
         -0.060162        0.188567        0.155824
         -0.055756        0.256296        0.254493
         -0.048585        0.306420        0.336399
         -0.041245        0.330585        0.387630
         -0.035860        0.321438        0.401639
         -0.031772        0.275059        0.382071
         -0.026794        0.194203        0.339418
         -0.019496        0.089700        0.283357
         -0.008634       -0.021153        0.219459
          0.007942       -0.119412        0.151776
          0.031116       -0.191460        0.085408
          0.057334       -0.234327        0.026210
          0.078940       -0.255598       -0.020215
          0.087358       -0.268691       -0.048832
          0.075654       -0.286731       -0.055959
          0.040471       -0.316364       -0.041614
         -0.015000       -0.353385       -0.012117
         -0.079246       -0.384492        0.020671
         -0.135848       -0.395044        0.044816
         -0.170799       -0.375495        0.053787
         -0.177896       -0.322574        0.046995
         -0.159007       -0.239376        0.027997
         -0.121226       -0.135903        0.004608
         -0.073469       -0.025598       -0.012222
         -0.023121        0.080518       -0.014142
          0.026306        0.174153        0.000348
          0.074239        0.245456        0.028949
          0.118933        0.283590        0.069860
          0.154344        0.282449        0.120047
          0.171663        0.243001        0.172012
          0.163988        0.172061        0.215815
          0.129858        0.083819        0.242475
          0.074276        0.000911        0.243350
          0.008657       -0.052907        0.210204
         -0.050974       -0.063968        0.141244
         -0.089509       -0.032290        0.046816
         -0.099604        0.032348       -0.053366
         -0.084221        0.113439       -0.137857
         -0.053711        0.189905       -0.188187
         -0.021132        0.242860       -0.191776
          0.002386        0.263040       -0.147083
          0.012551        0.250271       -0.066627
          0.014383        0.207494        0.028207
          0.018342        0.138864        0.116366
          0.032096        0.051908        0.181632
          0.054889       -0.043217        0.212589
          0.078377       -0.136424        0.203857
          0.091704       -0.216502        0.158105
          0.087270       -0.268709        0.084119
          0.065227       -0.278272       -0.007368
          0.034359       -0.237825       -0.104368
          0.006964       -0.151187       -0.192242
         -0.009577       -0.032586       -0.256410
         -0.017074        0.094908       -0.288244
         -0.023076        0.202372       -0.287119
         -0.034180        0.262326       -0.257498
         -0.051785        0.258518       -0.206703
         -0.071707        0.192626       -0.144888
         -0.087124        0.084078       -0.083290
         -0.093661       -0.036333       -0.030697
         -0.093034       -0.135698        0.007125
         -0.091538       -0.189026        0.025274
         -0.093948       -0.188783        0.020539
         -0.097710       -0.148925       -0.004161
         -0.092666       -0.098052       -0.038538
         -0.067283       -0.065393       -0.069781
         -0.016505       -0.069486       -0.088003
          0.053943       -0.113037       -0.088502
          0.127494       -0.181751       -0.073649
          0.181177       -0.248504       -0.054152
          0.195747       -0.284556       -0.044208
          0.166477       -0.271655       -0.052027
          0.104999       -0.207396       -0.075302
          0.031476       -0.104072       -0.104202
         -0.034491        0.015420       -0.125638
         -0.079655        0.124129       -0.126995
         -0.100271        0.199686       -0.101686
         -0.100661        0.231655       -0.052928
         -0.086292        0.224149        0.008984
         -0.057721        0.192775        0.072174
         -0.011889        0.157615        0.126067
          0.051341        0.135706        0.162870
          0.124293        0.135689        0.179812
          0.191608        0.155225        0.180008
          0.234589        0.182292        0.170696
          0.238295        0.201671        0.160777
          0.199349        0.203603        0.158303
          0.129858        0.187747        0.167139
          0.052999        0.159760        0.184350
         -0.008185        0.124828        0.200816
         -0.041550        0.083107        0.204845
         -0.050297        0.028403        0.186814
         -0.050180       -0.048817        0.143156
         -0.060928       -0.153074        0.078107
         -0.094687       -0.274568        0.002125
         -0.147132       -0.387534       -0.072252
         -0.197511       -0.459545       -0.134732
         -0.218477       -0.465977       -0.179697
         -0.189940       -0.401188       -0.206005
         -0.109855       -0.281591       -0.214895
          0.002244       -0.139772       -0.207534
          0.110959       -0.011686       -0.183661
          0.179419        0.077756       -0.142196
          0.186085        0.123065       -0.083774
          0.133845        0.135327       -0.013724
          0.046122        0.130761        0.056788
         -0.045860        0.119796        0.112677
         -0.116792        0.103802        0.139286
         -0.156278        0.078777        0.127497
         -0.169274        0.041374        0.077819
         -0.167427       -0.005552        0.001601
         -0.158002       -0.050103       -0.081619
         -0.139755       -0.074899       -0.149876
         -0.107414       -0.066848       -0.185583
         -0.058957       -0.025593       -0.180839
         -0.000611        0.036199       -0.139178
          0.052784        0.098732       -0.073660
          0.083440        0.141574       -0.002976
          0.079987        0.149593        0.053435
          0.044175        0.119000        0.080541
         -0.009424        0.059845        0.070893
         -0.060025       -0.009120        0.024406
         -0.090197       -0.069675       -0.052949
         -0.093532       -0.109387       -0.149425
         -0.075752       -0.121539       -0.248741
         -0.049424       -0.104987       -0.333692
         -0.026736       -0.064780       -0.389181
         -0.013823       -0.009465       -0.403085
         -0.008402        0.053454       -0.368073
         -0.002571        0.117785       -0.284973
          0.010361        0.175728       -0.163102
          0.030792        0.218871       -0.016605
          0.053336        0.243092        0.138033
          0.070493        0.250101        0.281960
          0.075929        0.244130        0.396202
          0.067166        0.229416        0.466851
          0.047566        0.209845        0.488256
          0.025410        0.186813        0.463389
          0.009713        0.156486        0.404905
          0.006435        0.112438        0.334823
          0.017881        0.052714        0.277303
          0.043519       -0.016673        0.247316
          0.079753       -0.084641        0.244354
          0.119493       -0.139791        0.254039
          0.153326       -0.174702        0.254015
          0.171864       -0.190551        0.222949
          0.167944       -0.198983        0.151750
          0.138649       -0.217198        0.050047
          0.087560       -0.258940       -0.058424
          0.025828       -0.327702       -0.147786
         -0.030800       -0.414665       -0.200802
         -0.069002       -0.501080       -0.214553
         -0.083933       -0.564619       -0.200467
         -0.079965       -0.587045       -0.178342
         -0.067680       -0.559112       -0.166721
         -0.059896       -0.481525       -0.174941
         -0.066130       -0.363379       -0.200303
         -0.086454       -0.218986       -0.230502
         -0.110346       -0.064413       -0.249584
         -0.122915        0.084052       -0.244067
         -0.113292        0.210037       -0.206330
         -0.079620        0.299263       -0.135903
         -0.030269        0.344580       -0.040154
          0.018330        0.349978        0.066994
          0.048709        0.329946        0.169111
          0.052164        0.304262        0.250724
          0.033963        0.290203        0.298162
          0.009315        0.294714        0.301148
         -0.006292        0.310693        0.256940
         -0.005252        0.321424        0.172603
          0.009341        0.311695        0.062467
          0.026278        0.277923       -0.055372
          0.032915        0.230596       -0.160662
          0.023217        0.188993       -0.234042
          0.001955        0.172009       -0.263318
         -0.018881        0.188490       -0.247941
         -0.028553        0.231200       -0.197575
         -0.023323        0.278721       -0.128139
         -0.005921        0.304620       -0.059250
          0.018254        0.287825       -0.010230
          0.044704        0.219504        0.007972
          0.071878        0.105874       -0.001141
          0.100078       -0.033336       -0.022630
          0.126707       -0.171466       -0.038690
          0.142176       -0.284074       -0.034887
          0.132311       -0.356033       -0.004054
          0.087239       -0.384687        0.049637
          0.010198       -0.379477        0.111451
         -0.080243       -0.357220        0.165557
         -0.156420       -0.333639        0.204836
         -0.193672       -0.316389        0.231297
         -0.182661       -0.303832        0.250138
         -0.134960       -0.287912        0.265344
         -0.077771       -0.258550        0.277116
         -0.039779       -0.209340        0.279286
         -0.035878       -0.142079        0.260701
         -0.059926       -0.065999        0.212971
         -0.090223        0.007317        0.138069
         -0.103828        0.068279        0.048503
         -0.090165        0.111400       -0.038702
         -0.056186        0.136837       -0.108636
         -0.021331        0.150743       -0.153321
         -0.005201        0.162383       -0.174720
         -0.014669        0.179247       -0.184491
         -0.039254        0.203799       -0.198639
         -0.058561        0.233074       -0.228801
         -0.055734        0.259575       -0.275902
         -0.027171        0.273110       -0.330266
          0.016126        0.264876       -0.375941
          0.054762        0.232747       -0.394945
          0.071594        0.183560       -0.371926
          0.061395        0.130094       -0.300928
          0.033737        0.085400       -0.189891
          0.007776        0.057817       -0.057746
          0.002745        0.047279        0.072348
          0.029151        0.044151        0.177314
          0.084263        0.033635        0.237528
          0.153239        0.004721        0.242771
          0.214698       -0.043063        0.196364
          0.248348       -0.099865        0.112307
          0.242263       -0.150604        0.009373
          0.197159       -0.181122       -0.091753
          0.125756       -0.184308       -0.169961
          0.048070       -0.164440       -0.207595
         -0.014945       -0.135748       -0.194543
         -0.047732       -0.114783       -0.128846
         -0.044968       -0.112201       -0.015666
         -0.012899       -0.128649        0.131938
          0.033591       -0.154442        0.292190
          0.076793       -0.172255        0.437927
          0.102315       -0.164186        0.543553
          0.102789       -0.121477        0.591141
          0.077822       -0.050213        0.573407
          0.031691        0.031039        0.494463
         -0.028818        0.098759        0.368638
         -0.095643        0.133133        0.216464
         -0.159662        0.126538        0.058672
         -0.210007        0.088651       -0.088414
         -0.234697        0.042814       -0.213559
         -0.225190        0.014133       -0.309081
         -0.182421        0.017521       -0.371032
         -0.118299        0.052237       -0.401471
         -0.050837        0.102672       -0.408777
          0.003492        0.144094       -0.404158
          0.036744        0.153696       -0.397813
          0.053302        0.122529       -0.397265
          0.066950        0.059437       -0.405229
          0.091017       -0.015216       -0.416335
          0.128138       -0.078906       -0.418267
          0.167037       -0.114183       -0.399424
          0.188027       -0.114167       -0.355180
          0.173767       -0.084495       -0.286928
          0.119558       -0.038201       -0.199714
          0.037462        0.012829       -0.103671
         -0.048152        0.061626       -0.013401
         -0.111343        0.104075        0.058789
         -0.136214        0.136900        0.107939
         -0.123203        0.157969        0.134022
         -0.086221        0.166101        0.139285
         -0.043215        0.160086        0.131047
         -0.007478        0.139691        0.122431
          0.015839        0.107630        0.124903
          0.028953        0.068094        0.140745
          0.037923        0.022331        0.164216
          0.047128       -0.032445        0.186319
          0.055602       -0.098335        0.195991
          0.059561       -0.171528        0.182200
          0.058177       -0.241427        0.141786
          0.055248       -0.292986        0.084869
          0.055833       -0.310374        0.029068
          0.063039       -0.282838       -0.010849
          0.076407       -0.211506       -0.026605
          0.090006       -0.111218       -0.014846
          0.092955       -0.004034        0.022199
          0.075719        0.090509        0.075853
          0.036981        0.160749        0.135677
         -0.016493        0.202986        0.195293
         -0.075075        0.220313        0.251016
         -0.129634        0.220301        0.296255
         -0.172297        0.209169        0.321328
         -0.197492        0.186598        0.319038
         -0.202156        0.147982        0.287985
         -0.183762        0.091384        0.231353
         -0.139720        0.020552        0.156063
         -0.071011       -0.056953        0.073102
          0.013398       -0.131441       -0.005671
          0.096692       -0.192695       -0.073752
          0.159648       -0.234141       -0.131827
          0.187552       -0.256202       -0.182403
          0.174912       -0.263805       -0.224134
          0.127166       -0.260255       -0.252044
          0.059480       -0.244052       -0.261322
         -0.008577       -0.210998       -0.249858
         -0.061674       -0.158423       -0.219459
         -0.094970       -0.088031       -0.177260
         -0.113325       -0.007022       -0.134881
         -0.126075        0.071592       -0.102237
         -0.142251        0.131103       -0.079523
         -0.166387        0.157510       -0.055801
         -0.194492        0.146348       -0.016716
         -0.213857        0.103487        0.046067
         -0.209007        0.040666        0.130943
         -0.169581       -0.027813        0.226677
         -0.094849       -0.086417        0.313962
          0.005449       -0.122131        0.371205
          0.112375       -0.129386        0.385344
          0.202198       -0.110125        0.358291
          0.254464       -0.069625        0.301510
          0.259744       -0.014712        0.226174
          0.222141        0.044951        0.140235
          0.156055        0.098385        0.050525
          0.080377        0.138324       -0.037734
          0.012854        0.163466       -0.121662
         -0.034535        0.175971       -0.196214
         -0.058606        0.179308       -0.250407
         -0.064831        0.178667       -0.272837
         -0.063033        0.179921       -0.260767
         -0.061732        0.185492       -0.220974
         -0.065550        0.191682       -0.163279
         -0.075379        0.190983       -0.096562
         -0.088145        0.176415       -0.028728
         -0.097545        0.143489        0.035184
         -0.098756        0.090612        0.095700
         -0.092719        0.021237        0.155499
         -0.083902       -0.054250        0.211200
         -0.075103       -0.122355        0.250764
         -0.066285       -0.174268        0.260574
         -0.055820       -0.208870        0.233738
         -0.040141       -0.229061        0.172064
         -0.014951       -0.238972        0.085163
          0.019832       -0.244444       -0.008712
          0.057413       -0.250757       -0.085351
          0.087715       -0.257862       -0.125725
          0.102287       -0.261342       -0.126642
          0.096478       -0.258735       -0.099231
          0.070969       -0.251347       -0.059660
          0.033301       -0.239956       -0.024075
         -0.003860       -0.223005       -0.006379
         -0.027764       -0.199464       -0.011443
         -0.029749       -0.169931       -0.030107
         -0.006974       -0.134602       -0.046693
          0.036547       -0.093319       -0.051830
          0.089617       -0.048146       -0.045563
          0.136407       -0.003263       -0.032216
          0.161754        0.038607       -0.018277
          0.156504        0.077940       -0.012298
          0.120988        0.116060       -0.019355
          0.065838        0.152847       -0.035019
          0.008869        0.187791       -0.048759
         -0.032158        0.221843       -0.052631
         -0.047470        0.256566       -0.043897
         -0.039183        0.291147       -0.022011
         -0.019536        0.320072        0.011745
         -0.005307        0.333282        0.051979
         -0.010791        0.318999        0.090065
         -0.041333        0.268243        0.117513
         -0.090415        0.179800        0.127188
         -0.142807        0.064266        0.112978
         -0.181743       -0.055791        0.071511
         -0.194845       -0.152020        0.005308
         -0.176824       -0.199840       -0.076352
         -0.130531       -0.184744       -0.160325
         -0.066023       -0.103653       -0.234243
          0.003652        0.034367       -0.289868
          0.067037        0.206962       -0.323768
          0.115354        0.381826       -0.336365
          0.141860        0.525584       -0.331030
          0.143430        0.611513       -0.312853
          0.123333        0.622516       -0.286014
          0.091255        0.554043       -0.251392
          0.060155        0.418269       -0.207411
          0.042369        0.242091       -0.153039
          0.045573        0.056411       -0.088813
          0.068588       -0.113705       -0.015943
          0.100456       -0.250939        0.062527
          0.126140       -0.344892        0.139519
          0.134988       -0.393727        0.206430
          0.124522       -0.403749        0.259656
          0.098543       -0.383670        0.302913
          0.064024       -0.340484        0.342844
          0.028328       -0.282214        0.384562
         -0.003935       -0.220896        0.430250
         -0.032026       -0.168403        0.476474
         -0.056225       -0.129897        0.510479
         -0.074717       -0.103457        0.512928
         -0.084423       -0.083993        0.468033
         -0.084111       -0.064743        0.371753
         -0.075727       -0.038036        0.232401
         -0.063518       -0.000580        0.067996
         -0.052868        0.041004       -0.095991
         -0.049015        0.073024       -0.231912
         -0.054608        0.083767       -0.319885
         -0.067431        0.068822       -0.355778
         -0.081312        0.030684       -0.350504
         -0.090127       -0.021413       -0.323448
         -0.090969       -0.071259       -0.296870
         -0.084497       -0.101040       -0.290881
         -0.074402       -0.101120       -0.315059
         -0.066611       -0.074717       -0.361253
         -0.066445       -0.033844       -0.406841
         -0.075014        0.006768       -0.426925
         -0.088621        0.032879       -0.404263
         -0.101324        0.034312       -0.333115
         -0.107372        0.010319       -0.222097
         -0.102193       -0.029437       -0.094988
         -0.082908       -0.071435        0.018055
         -0.048846       -0.105527        0.095862
         -0.001955       -0.126536        0.134417
          0.052928       -0.133350        0.143243
          0.108255       -0.129606        0.138838
          0.154707       -0.122787        0.139891
          0.183069       -0.119000        0.160140
          0.187356       -0.118762        0.200562
          0.168035       -0.119038        0.250162
          0.132099       -0.117926        0.295650
          0.088944       -0.115727        0.328864
          0.045961       -0.112954        0.346405
          0.007641       -0.109301        0.347336
         -0.023151       -0.103376        0.333215
         -0.044711       -0.091216        0.307361
         -0.056300       -0.065509        0.272145
         -0.057099       -0.018684        0.228525
         -0.046602        0.051615        0.179073
         -0.027488        0.139619        0.129453
         -0.006523        0.233321        0.085224
          0.009567        0.318630        0.047639
          0.018839        0.382575        0.013224
          0.024588        0.415749       -0.023319
          0.032979        0.415042       -0.066694
          0.050622        0.384439       -0.120286
          0.081161        0.331891       -0.185149
          0.121166        0.265697       -0.258525
          0.159442        0.194496       -0.334395
          0.181804        0.128709       -0.405889
          0.177971        0.079383       -0.465930
          0.146039        0.055232       -0.505542
          0.092726        0.060314       -0.514250
          0.030391        0.092021       -0.484498
         -0.027547        0.139380       -0.416196
         -0.071754        0.184137       -0.318058
         -0.100765        0.205815       -0.206622
         -0.119958        0.189044       -0.103383
         -0.135533        0.130077       -0.028845
         -0.149093        0.038827        0.004694
         -0.157366       -0.065307       -0.002602
         -0.155235       -0.160594       -0.038420
         -0.138906       -0.229154       -0.082783
         -0.108878       -0.262116       -0.115654
         -0.071575       -0.263020       -0.123860
         -0.036928       -0.245010       -0.103131
         -0.012812       -0.221968       -0.056540
         -0.000892       -0.201701        0.007381
          0.003406       -0.186090        0.077835
          0.007629       -0.173699        0.146602
          0.017818       -0.161033        0.209415
          0.035364       -0.145279        0.262003
          0.057106       -0.128707        0.297773
          0.077847       -0.118241        0.311372
          0.093143       -0.118720        0.302106
          0.101657       -0.128317        0.272702
          0.106191       -0.141171        0.228274
          0.111264       -0.151197        0.178267
          0.118301       -0.152080        0.135471
          0.123875       -0.137689        0.109633
          0.123070       -0.105832        0.102851
          0.113243       -0.060130        0.111282
          0.094603       -0.006842        0.128169
          0.070067        0.048184        0.143939
          0.045770        0.098720        0.147178
          0.028730        0.137575        0.130214
          0.021457        0.159534        0.094888
          0.019754        0.163778        0.051638
          0.016456        0.151690        0.013318
          0.005609        0.123611       -0.008915
         -0.016903        0.079676       -0.006527
         -0.052830        0.022985        0.023303
         -0.098618       -0.039680        0.073448
         -0.144447       -0.099426        0.129311
         -0.178591       -0.146093        0.177521
         -0.192591       -0.168879        0.210483
         -0.182296       -0.159443        0.223748
         -0.147514       -0.116559        0.214497
         -0.094179       -0.047844        0.184290
         -0.035471        0.033023        0.138856
          0.012893        0.110132        0.082607
          0.039792        0.167604        0.016317
          0.041829        0.192661       -0.058150
          0.022798        0.180995       -0.134159
         -0.006648        0.139824       -0.203475
         -0.030678        0.084134       -0.259950
         -0.035196        0.029661       -0.297628
         -0.016750       -0.011441       -0.309064
          0.014851       -0.032558       -0.290567
          0.042362       -0.034688       -0.248233
          0.049285       -0.026095       -0.195451
          0.025814       -0.017286       -0.145636
         -0.026378       -0.015791       -0.109675
         -0.091271       -0.025700       -0.096299
         -0.143333       -0.049402       -0.108276
         -0.160447       -0.086348       -0.138308
         -0.134881       -0.129820       -0.173082
         -0.074273       -0.167054       -0.201626
          0.003568       -0.183784       -0.217399
          0.076004       -0.169300       -0.214529
          0.122447       -0.120193       -0.187376
          0.133400       -0.044128       -0.134941
          0.114337        0.038700       -0.062875
          0.079796        0.101674        0.019414
          0.044346        0.123910        0.101017
          0.018176        0.099740        0.169205
          0.005864        0.040740        0.212181
          0.004789       -0.027665        0.226383
          0.005640       -0.073890        0.219700
         -0.001970       -0.071959        0.204739
         -0.022641       -0.012041        0.189507
         -0.053147        0.096550        0.175106
         -0.085279        0.229545        0.158873
         -0.108964        0.355145        0.136704
         -0.114104        0.442592        0.105476
         -0.093879        0.469773        0.068277
         -0.049465        0.427481        0.036965
          0.008994        0.320885        0.025626
          0.067341        0.169367        0.039946
          0.113270        0.003007        0.073454
          0.138844       -0.145089        0.112584
          0.141650       -0.247577        0.143223
          0.126183       -0.290161        0.154438
          0.102122       -0.276616        0.141761
          0.078198       -0.228649        0.110152
          0.056894       -0.177453        0.071395
          0.035153       -0.150006        0.035341
          0.009307       -0.158111        0.004178
         -0.021222       -0.195094       -0.024106
         -0.053432       -0.239693       -0.049744
         -0.081363       -0.265170       -0.070734
         -0.097099       -0.251261       -0.084838
         -0.094452       -0.194180       -0.088579
         -0.074404       -0.108959       -0.076968
         -0.046120       -0.022393       -0.048288
         -0.021144        0.039098       -0.008304
         -0.007285        0.060025        0.032905
         -0.007455        0.040830        0.067257
         -0.020150       -0.003150        0.089839
         -0.038639       -0.048423        0.096005
         -0.053095       -0.074193        0.081436
         -0.057523       -0.071951        0.045305
         -0.054453       -0.047400       -0.009182
         -0.051862       -0.014454       -0.076825
         -0.056711        0.012628       -0.149680
         -0.071499        0.024421       -0.214480
         -0.093243        0.018980       -0.255417
         -0.112253        0.001915       -0.262458
         -0.113725       -0.017852       -0.236515
         -0.085679       -0.034795       -0.187030
         -0.027879       -0.049834       -0.126922
          0.047648       -0.067044       -0.069468
          0.124255       -0.088472       -0.025615
          0.187638       -0.111906       -0.000223
          0.228657       -0.130837        0.009149
          0.245568       -0.134571        0.007977
          0.244783       -0.110873       -0.000450
          0.235373       -0.052913       -0.014588
          0.220900        0.034861       -0.030594
          0.198265        0.137874       -0.042365
          0.164112        0.236927       -0.045578
          0.119632        0.312659       -0.038640
          0.069696        0.350069       -0.020471
          0.020827        0.344838        0.008202
         -0.019738        0.306298        0.041086
         -0.046673        0.252548        0.068259
         -0.060429        0.202007        0.082985
         -0.067226        0.167696        0.083703
         -0.073855        0.154648        0.070245
         -0.082747        0.158805        0.043202
         -0.092232        0.168640        0.007399
         -0.100007        0.170355       -0.028812
         -0.104933        0.153816       -0.058603
         -0.106762        0.115657       -0.077509
         -0.106753        0.058820       -0.080176
         -0.108297       -0.009476       -0.061344
         -0.113904       -0.079283       -0.020896
         -0.120726       -0.139206        0.035082
         -0.121389       -0.178915        0.097922
         -0.110011       -0.192053        0.158291
         -0.085919       -0.177025        0.205744
         -0.052628       -0.136293        0.230754
         -0.016817       -0.077195        0.228998
          0.011845       -0.013201        0.202624
          0.024407        0.038991        0.157676
          0.018981        0.066326        0.102012
          0.002718        0.064280        0.045187
         -0.012805        0.037016       -0.002822
         -0.017395       -0.004007       -0.035061
         -0.005412       -0.041823       -0.049880
          0.021941       -0.059461       -0.050076
          0.054759       -0.048505       -0.040908
          0.077257       -0.013308       -0.028803
          0.076464        0.032857       -0.019914
          0.050179        0.074222       -0.018192
          0.007801        0.096694       -0.024666
         -0.034474        0.092172       -0.038747
         -0.059623        0.063632       -0.059920
         -0.056060        0.024576       -0.087716
         -0.023547       -0.009360       -0.119953
          0.025608       -0.028306       -0.151631
          0.073058       -0.028709       -0.176057
          0.104296       -0.010462       -0.186822
          0.114453        0.024035       -0.179104
          0.107554        0.070678       -0.151332
          0.092539        0.126118       -0.107217
          0.078835        0.187381       -0.055251
          0.071857        0.246498       -0.005153
          0.070201        0.287353        0.035179
          0.067832        0.291528        0.060563
          0.059990        0.248757        0.069229
          0.046522        0.163083        0.063523
          0.029734        0.052936        0.048463
          0.010809       -0.052157        0.028605
         -0.011107       -0.119451        0.006316
         -0.037944       -0.126521       -0.017500
         -0.071455       -0.072817       -0.041845
         -0.110859        0.020425       -0.064361
         -0.150017        0.120530       -0.080452
         -0.177798        0.194848       -0.083473
         -0.183087        0.219429       -0.067085
         -0.160821        0.186083       -0.029417
         -0.114812        0.105045        0.023602
         -0.056572       -0.001087        0.078853
         -0.001696       -0.108600        0.120870
          0.034848       -0.200316        0.137717
          0.043767       -0.266984        0.124838
          0.025316       -0.306900        0.086317
         -0.010484       -0.325606        0.033255
         -0.048086       -0.332333       -0.021434
         -0.072303       -0.333397       -0.069093
         -0.072836       -0.329039       -0.107152
         -0.047332       -0.316455       -0.136039
         -0.002857       -0.293171       -0.155882
          0.046428       -0.256773       -0.165711
          0.085463       -0.205397       -0.163248
          0.104543       -0.141676       -0.144464
          0.102328       -0.074389       -0.105242
          0.084943       -0.014445       -0.045138
          0.062072        0.029000        0.030927
          0.042355        0.048478        0.114644
          0.030502        0.039073        0.196118
          0.026326        0.002755        0.263484
          0.025797       -0.049747        0.304332
          0.024932       -0.103314        0.310908
          0.023787       -0.144226        0.283785
          0.025536       -0.163157        0.230283
          0.032066       -0.157451        0.162008
          0.042236       -0.133731        0.094574
          0.052766       -0.106754        0.044757
          0.057534       -0.092390        0.023324
          0.047663       -0.099570        0.030874
          0.016805       -0.127064        0.060177
         -0.032991       -0.165139        0.098650
         -0.091539       -0.198701        0.128338
         -0.144326       -0.211089        0.129605
         -0.174898       -0.189765        0.089526
         -0.168460       -0.131690        0.007046
         -0.119478       -0.043773       -0.107588
         -0.037388        0.061448       -0.234136
          0.056035        0.169875       -0.344629
          0.135044        0.267901       -0.411248
          0.178154        0.344910       -0.416874
          0.174939        0.395837       -0.360418
          0.130949        0.420110       -0.255607
          0.066475        0.417549       -0.126629
          0.007043        0.386733       -0.001491
         -0.028659        0.327759        0.096311
         -0.035429        0.245119        0.153935
         -0.020828        0.147659        0.170417
         -0.000082        0.047508        0.154217
          0.011182       -0.041112        0.118970
          0.004812       -0.105547        0.078587
         -0.015480       -0.140104        0.043557
         -0.036843       -0.148152        0.019593
         -0.045069       -0.139333        0.007319
         -0.031951       -0.125603        0.002521
          0.000933       -0.118310       -0.001228
          0.042661       -0.125058       -0.008142
          0.077655       -0.146812       -0.017965
          0.092770       -0.177924       -0.027081
          0.082920       -0.208915       -0.029848
          0.052555       -0.229050       -0.019537
          0.012913       -0.228225        0.008058
         -0.023371       -0.200129        0.049691
         -0.047445       -0.145955        0.094845
         -0.056579       -0.075268        0.131551
         -0.053473       -0.003002        0.150559
         -0.044190        0.055582        0.145494
         -0.035775        0.090698        0.114782
         -0.033710        0.103274        0.065478
         -0.039748        0.105980        0.011300
         -0.051407        0.117375       -0.035063
         -0.063606        0.152176       -0.065752
         -0.070858        0.213817       -0.075941
         -0.068587        0.292416       -0.064571
         -0.054529        0.367394       -0.037709
         -0.030719        0.413938       -0.005826
         -0.003506        0.412370        0.023945
          0.019576        0.356292        0.049670
          0.032683        0.254419        0.069551
          0.031684        0.126249        0.079782
          0.013748       -0.003754        0.077307
         -0.021222       -0.111459        0.059968
         -0.069313       -0.179352        0.023982
         -0.123298       -0.202157       -0.033135
         -0.173558       -0.186733       -0.105031
         -0.208165       -0.146515       -0.175228
         -0.214642       -0.096661       -0.225109
         -0.185015       -0.051734       -0.241962
         -0.120947       -0.021918       -0.221546
         -0.034531       -0.008348       -0.169591
          0.055526       -0.003937       -0.103441
          0.129302        0.000014       -0.046823
          0.171068        0.009162       -0.017337
          0.174594        0.026202       -0.018528
          0.146007        0.050050       -0.043300
          0.100830        0.073118       -0.080624
          0.056344        0.083768       -0.118136
          0.025025        0.074528       -0.144521
          0.012338        0.046331       -0.154196
          0.017097        0.005435       -0.147525
          0.032669       -0.038955       -0.124321
          0.050169       -0.074216       -0.080118
          0.063147       -0.088596       -0.011154
          0.069718       -0.079564        0.079043
          0.070459       -0.055074        0.178858
          0.065904       -0.026229        0.271239
          0.056958       -0.001886        0.336537
          0.046118        0.011687        0.358312
          0.036680        0.012596        0.332417
          0.031337        0.005960        0.271455
          0.032187        0.000119        0.198597
          0.040850       -0.001191        0.135734
          0.056934       -0.000687        0.095235
          0.076453       -0.002730        0.078046
          0.092858       -0.010011        0.075630
          0.100090       -0.023613        0.074941
          0.094723       -0.041733        0.066121
          0.076297       -0.057659        0.048101
          0.047674       -0.062158        0.026458
          0.015724       -0.049021        0.005689
         -0.010338       -0.017513       -0.015805
         -0.023859        0.028972       -0.044356
         -0.024851        0.083523       -0.086892
         -0.019207        0.135234       -0.146992
         -0.014441        0.171549       -0.220851
         -0.016065        0.183263       -0.295223
         -0.025473        0.167264       -0.351383
         -0.038496        0.125688       -0.373750
         -0.046810        0.064999       -0.356580
         -0.044178       -0.004032       -0.305276
         -0.032898       -0.068659       -0.233946
         -0.023079       -0.118997       -0.160809
         -0.024978       -0.150792       -0.102002
         -0.042007       -0.164409       -0.066007
         -0.068823       -0.163595       -0.051533
         -0.092702       -0.155287       -0.049590
         -0.097783       -0.147258       -0.048468
         -0.073800       -0.143654       -0.039103
         -0.024677       -0.143269       -0.018012
          0.031954       -0.141523        0.012758
          0.074689       -0.132271        0.047084
          0.088480       -0.108917        0.077432
          0.069109       -0.067627        0.099015
          0.023844       -0.010981        0.112348
         -0.030559        0.052251        0.121216
         -0.074337        0.110513        0.129066
         -0.093755        0.152310        0.138338
         -0.086278        0.168283        0.151449
         -0.058694        0.154005        0.170299
         -0.021958        0.111963        0.195845
          0.012322        0.050607        0.229527
          0.034088       -0.018431        0.273336
          0.038260       -0.082637        0.326078
          0.026883       -0.130225        0.379796
          0.005938       -0.151952        0.420974
         -0.019644       -0.142849        0.435125
         -0.046047       -0.102771        0.411071
         -0.067973       -0.036115        0.344674
         -0.080152        0.048163        0.242786
         -0.081135        0.136824        0.124258
         -0.073147        0.214531        0.014059
         -0.059517        0.267442       -0.066876
         -0.044298        0.286129       -0.108525
         -0.032099        0.267188       -0.112772
         -0.024910        0.213887       -0.091844
         -0.019405        0.135416       -0.064695
         -0.008998        0.044732       -0.048836
          0.011274       -0.043874       -0.052003
          0.041434       -0.116945       -0.071850
          0.076349       -0.164073       -0.102045
          0.107445       -0.179887       -0.136021
          0.125107       -0.165333       -0.167488
          0.121752       -0.128205       -0.192462
          0.095741       -0.082149       -0.210490
          0.053554       -0.043331       -0.220781
          0.006814       -0.025608       -0.218435
         -0.033862       -0.036030       -0.197269
         -0.062272       -0.071932       -0.155229
         -0.076313       -0.121036       -0.095922
         -0.077725       -0.165415       -0.027767
         -0.071876       -0.187819        0.036219
         -0.064279       -0.177432        0.080427
         -0.056041       -0.133142        0.092195
         -0.044151       -0.063568        0.067059
         -0.026204        0.016074        0.010057
         -0.003197        0.088685       -0.065893
          0.021584        0.139493       -0.142420
          0.043667        0.158790       -0.199398
          0.057402        0.143523       -0.220898
          0.058368        0.098066       -0.201560
          0.047693        0.033752       -0.149617
          0.032418       -0.033560       -0.084487
          0.020499       -0.087648       -0.030137
          0.016554       -0.116472       -0.006777
          0.021942       -0.116056       -0.022914
          0.035916       -0.092552       -0.070215
          0.055530       -0.060119       -0.124761
          0.076659       -0.033955       -0.156283
          0.096661       -0.022578       -0.141196
          0.114987       -0.024399       -0.072275
          0.130281       -0.029209        0.038421
          0.137763       -0.022815        0.162346
          0.130711        0.005859        0.262625
          0.104696        0.057662        0.307370
          0.060396        0.121563        0.282550
          0.003701        0.180376        0.196325
         -0.055151        0.218827        0.073806
         -0.103539        0.228682       -0.052092
         -0.131266        0.210542       -0.150316
         -0.135755        0.173561       -0.201325
         -0.122489        0.132376       -0.202576
         -0.100594        0.101341       -0.164975
         -0.078332        0.089525       -0.103616
         -0.060901        0.099881       -0.031437
         -0.049706        0.130910        0.041764
         -0.043089        0.177102        0.109013
         -0.038910        0.228825        0.165754
         -0.037235        0.274841        0.207419
         -0.040668        0.305941        0.227496
         -0.051782        0.315666        0.220716
         -0.069668        0.299274        0.188831
         -0.088720        0.254939        0.141722
         -0.100984        0.185951        0.092947
         -0.100177        0.099470        0.055039
         -0.084659        0.002636        0.036493
         -0.058586       -0.099118        0.038622
         -0.031350       -0.201043        0.054081
         -0.014268       -0.298900        0.070818
         -0.014470       -0.389617        0.078860
         -0.029949       -0.469196        0.073338
         -0.050346       -0.528880        0.053056
         -0.062474       -0.555611        0.019232
         -0.055701       -0.538501       -0.024570
         -0.025479       -0.475524       -0.073896
          0.023943       -0.375511       -0.125009
          0.079703       -0.256757       -0.173087
          0.126212       -0.143739       -0.209219
          0.153061       -0.059713       -0.221926
          0.158084       -0.016338       -0.202836
          0.145154       -0.008427       -0.151123
          0.121649       -0.018862       -0.075297
          0.096749       -0.028136        0.006091
          0.078040       -0.021201        0.067439
          0.067770        0.008624        0.085554
          0.063114        0.057155        0.050360
          0.059891        0.111177       -0.030975
          0.054767        0.156051       -0.136742
          0.044895        0.183365       -0.236439
          0.028449        0.192580       -0.299653
          0.006604        0.188038       -0.307578
         -0.016600        0.176101       -0.260348
         -0.037386        0.163052       -0.174933
         -0.054492        0.151929       -0.077246
         -0.068187        0.140100        0.005865
         -0.078683        0.121665        0.054173
         -0.086541        0.093544        0.060662
         -0.093179        0.058847        0.032786
         -0.099038        0.024774       -0.013177
         -0.101759       -0.000931       -0.059481
         -0.097775       -0.012065       -0.090823
         -0.085357       -0.006434       -0.095893
         -0.064909        0.011522       -0.069605
         -0.037351        0.032055       -0.014732
         -0.004271        0.045637        0.059845
          0.030819        0.047019        0.142401
          0.063495        0.034671        0.219493
          0.090891        0.008818        0.276794
          0.111743       -0.028669        0.303492
          0.124222       -0.073926        0.296985
          0.126095       -0.122267        0.262072
          0.117896       -0.169478        0.206851
          0.103771       -0.211210        0.141134
          0.087888       -0.241802        0.076159
          0.071713       -0.255078        0.021471
          0.055257       -0.246704       -0.018742
          0.037918       -0.215379       -0.045298
          0.017148       -0.162341       -0.061090
         -0.010033       -0.091523       -0.070060
         -0.042040       -0.011266       -0.077679
         -0.071500        0.065297       -0.088857
         -0.090170        0.123531       -0.103549
         -0.093449        0.151922       -0.115762
         -0.080652        0.144655       -0.118065
         -0.054552        0.103238       -0.105749
         -0.022015        0.039017       -0.076672
          0.007640       -0.027120       -0.031370
          0.027532       -0.071906        0.023711
          0.036490       -0.079317        0.076291
          0.037275       -0.045247        0.115083
          0.033085        0.022915        0.135191
          0.026623        0.108255        0.136316
          0.020286        0.188985        0.120388
          0.014389        0.247159        0.093682
          0.005837        0.275895        0.066789
         -0.008980        0.278694        0.048119
         -0.029992        0.263208        0.039054
         -0.053431        0.236461        0.037224
         -0.074602        0.203167        0.041235
         -0.088747        0.164625        0.049445
         -0.091209        0.119129        0.057571
         -0.080379        0.066275        0.061758
         -0.060282        0.011664        0.062073
         -0.037924       -0.034102        0.059188
         -0.018253       -0.061357        0.050014
         -0.002417       -0.066171        0.031526
          0.011105       -0.051682        0.007351
          0.025245       -0.027806       -0.014431
          0.042158       -0.008906       -0.028663
          0.060073       -0.007798       -0.033944
          0.072683       -0.029092       -0.029501
          0.072775       -0.067419       -0.017967
          0.057239       -0.111559       -0.009041
          0.029923       -0.150464       -0.013202
          0.000586       -0.177572       -0.032107
         -0.019608       -0.192408       -0.059543
         -0.023197       -0.199303       -0.089340
         -0.009354       -0.203488       -0.117680
          0.015826       -0.206685       -0.141317
          0.041807       -0.205505       -0.160066
          0.058604       -0.194204       -0.179334
          0.061054       -0.169544       -0.203943
          0.049150       -0.133726       -0.228964
          0.025972       -0.093507       -0.240325
         -0.003885       -0.056755       -0.224291
         -0.035441       -0.028577       -0.174132
         -0.064379       -0.008568       -0.091160
         -0.087120        0.009098        0.013403
         -0.100561        0.031719        0.117052
         -0.102866        0.062274        0.193668
         -0.094559        0.096180        0.227441
         -0.078671        0.122968        0.219344
         -0.059969        0.131237        0.182703
         -0.043379        0.114036        0.137244
         -0.031869        0.072639        0.104554
         -0.025271        0.016793        0.099443
         -0.020840       -0.039160        0.120788
         -0.014752       -0.081879        0.153041
         -0.003804       -0.103123        0.177730
          0.013197       -0.101399        0.182910
          0.035047       -0.081618        0.165710
          0.058671       -0.052842        0.132446
          0.080052       -0.024855        0.096645
          0.095495       -0.005339        0.071430
          0.102765        0.001677        0.060444
          0.101265       -0.003248        0.056630
          0.091775       -0.015002        0.049519
          0.076643       -0.026242        0.032459
          0.059451       -0.030849        0.004904
          0.043391       -0.025328       -0.027950
          0.029988       -0.007836       -0.057125
          0.019639        0.022526       -0.075264
          0.012702        0.065344       -0.082638
          0.009717        0.118862       -0.087044
          0.011277        0.179872       -0.097402
          0.018032        0.242320       -0.118218
          0.029838        0.296520       -0.148730
          0.043939        0.331756       -0.184042
          0.054349        0.340809       -0.216834
          0.053983        0.322796       -0.241107
          0.038031        0.283323       -0.255897
          0.006278        0.233103       -0.264407
         -0.036135        0.185088       -0.269427
         -0.079514        0.149787       -0.270537
         -0.112710        0.130632       -0.265030
         -0.127856        0.122668       -0.249748
         -0.123824        0.115596       -0.222401
         -0.105988        0.098788       -0.183366
         -0.082786        0.065496       -0.136907
         -0.061598        0.015618       -0.089042
         -0.046196       -0.043341       -0.043144
         -0.036668       -0.098892        0.001835
         -0.031192       -0.139713        0.048896
         -0.028295       -0.161028        0.099901
         -0.028016       -0.165605        0.154385
         -0.030827       -0.161483        0.208927
         -0.035070       -0.158660        0.257024
         -0.035899       -0.165076        0.292027
         -0.027688       -0.183052        0.311777
         -0.007991       -0.208877        0.319390
          0.020365       -0.235803        0.319182
          0.050029       -0.257589        0.313014
          0.071730       -0.270120        0.299727
          0.078069       -0.271279        0.275308
          0.067323       -0.260466        0.233560
          0.044625       -0.238460        0.169690
          0.019218       -0.207256        0.085225
          0.000072       -0.169869       -0.010841
         -0.007201       -0.130478       -0.105449
         -0.001319       -0.094178       -0.185153
          0.015269       -0.064974       -0.237865
          0.038003       -0.042857       -0.254947
          0.062001       -0.022822       -0.234360
          0.082979        0.003286       -0.181394
          0.096994        0.043918       -0.105690
          0.099977        0.104920       -0.018659
          0.088680        0.186324        0.066637
          0.063230        0.280272        0.136794
          0.028831        0.372345        0.182137
         -0.005765        0.445929        0.199029
         -0.032140        0.487038        0.188310
         -0.045685        0.488022        0.154078
         -0.047288        0.449608        0.104775
         -0.042766        0.380215        0.052534
         -0.039375        0.292327        0.009075
         -0.040659        0.198112       -0.017810
         -0.043622        0.106777       -0.025032
         -0.040841        0.024104       -0.014873
         -0.025741       -0.046637        0.003864
          0.002932       -0.103464        0.017733
          0.039637       -0.145168        0.014574
          0.073597       -0.172016       -0.010769
          0.092883       -0.187024       -0.054854
          0.089882       -0.196488       -0.107306
          0.065347       -0.208612       -0.153419
          0.028020       -0.230371       -0.178125
         -0.009826       -0.264227       -0.171785
         -0.037675       -0.306301       -0.134102
         -0.050282       -0.346759       -0.072527
         -0.048912       -0.372833        0.002154
         -0.040295       -0.373694        0.078160
         -0.033285       -0.344536        0.143518
         -0.034319       -0.287796        0.188128
         -0.044346       -0.211981        0.205725
         -0.059539       -0.129285        0.193537
         -0.074609       -0.052160        0.151870
         -0.085177        0.010277        0.085887
         -0.088364        0.053852        0.006772
         -0.083620        0.078381       -0.070880
         -0.073407        0.086383       -0.133567
         -0.061652        0.082846       -0.171949
         -0.051567        0.074672       -0.182504
         -0.045660        0.068915       -0.168347
         -0.046090        0.071414       -0.137906
         -0.052367        0.086339       -0.101318
         -0.058787        0.114979       -0.067069
         -0.055628        0.153884       -0.040223
         -0.033469        0.195166       -0.021818
          0.012401        0.229454       -0.009730
          0.078743        0.248795       -0.001048
          0.153167        0.248421        0.005957
          0.216739        0.228592        0.011232
          0.250752        0.195756        0.012795
          0.244699        0.160725        0.007469
          0.200629        0.134209       -0.006385
          0.131240        0.122389       -0.026392
          0.053797        0.124427       -0.047054
         -0.016132        0.132584       -0.062621
         -0.069264        0.135037       -0.068625
         -0.104734        0.120605       -0.062431
         -0.128166        0.083600       -0.044318
         -0.145984        0.026560       -0.017466
         -0.160383       -0.040924        0.014372
         -0.169059       -0.106800        0.048689
         -0.168288       -0.161556        0.083008
         -0.155164       -0.200919        0.112713
         -0.128248       -0.225797        0.131127
         -0.088603       -0.240241        0.131733
         -0.040423       -0.248101        0.110615
          0.010978       -0.249757        0.068314
          0.061441       -0.241458        0.011231
          0.106858       -0.218463       -0.048331
          0.141244       -0.179483       -0.095255
          0.158705       -0.129005       -0.117462
          0.157150       -0.077033       -0.110685
          0.138699       -0.036903       -0.078659
          0.107854       -0.020396       -0.030373
          0.070998       -0.031189        0.022095
          0.035648       -0.061528        0.066007
          0.007235       -0.094945        0.092720
         -0.013086       -0.112308        0.101130
         -0.026291       -0.098312        0.095300
         -0.032564       -0.047834        0.079940
         -0.031931        0.030592        0.059742
         -0.026693        0.117970        0.040130
         -0.021926        0.192692        0.024599
         -0.024132        0.237240        0.012466
         -0.039450        0.242209        0.002095
         -0.070788        0.208832       -0.005380
         -0.113911        0.148101       -0.008199
         -0.156038        0.075371       -0.007366
         -0.180221        0.004862       -0.004678
         -0.173594       -0.052262        0.000678
         -0.133935       -0.088760        0.010705
         -0.071081       -0.103199        0.025771
         -0.003364       -0.099786        0.045807
          0.049808       -0.084666        0.071787
          0.076889       -0.063044        0.102286
          0.079430       -0.039872        0.129929
          0.069348       -0.020574        0.144665
          0.060299       -0.009205        0.139969
          0.059669       -0.007188        0.113919
          0.065756       -0.014370        0.066993
          0.070418       -0.028688        0.002885
          0.065166       -0.043453       -0.070359
          0.047491       -0.047784       -0.144363
          0.023391       -0.032360       -0.215007
          0.003873        0.005392       -0.280356
         -0.001996        0.060844       -0.335924
          0.008070        0.123608       -0.375053
          0.029508        0.179031       -0.392260
          0.053868        0.212636       -0.383608
          0.072548        0.217325       -0.346396
          0.080495        0.197092       -0.282572
          0.078251        0.163812       -0.201928
          0.070474        0.131125       -0.119348
          0.062238        0.109797       -0.048944
          0.056552        0.104165       -0.000787
          0.053872        0.109532        0.020606
          0.051952        0.113712        0.018860
          0.046338        0.103597        0.006458
          0.032967        0.071948       -0.000133
          0.011188        0.019913        0.012139
         -0.015970       -0.043789        0.048652
         -0.043677       -0.104731        0.106650
         -0.066586       -0.146414        0.176276
         -0.079820       -0.156520        0.243312
         -0.081068       -0.132764        0.294486
         -0.071897       -0.084465        0.322475
         -0.056034       -0.029467        0.326689
         -0.036554        0.011565        0.310371
         -0.014836        0.022106        0.277732
          0.009006       -0.003608        0.232521
          0.035202       -0.057688        0.176986
          0.062270       -0.121885        0.111778
          0.084421       -0.175211        0.038171
          0.091509       -0.201700       -0.039230
          0.073368       -0.195328       -0.112478
          0.026285       -0.160685       -0.172657
         -0.042803       -0.109691       -0.211997
         -0.117151       -0.056633       -0.225150
         -0.175706       -0.013796       -0.210302
         -0.201129        0.011598       -0.169328
         -0.187319        0.018228       -0.106437
         -0.142253        0.008818       -0.027051
         -0.083527       -0.011898        0.061727
         -0.029134       -0.036970        0.150560
          0.010431       -0.056716        0.229026
          0.034759       -0.060933        0.287614
          0.050809       -0.042671        0.319117
          0.067065       -0.000726        0.319945
          0.087629        0.059329        0.291580
          0.109564        0.125107        0.240265
          0.125061        0.180335        0.174204
          0.126670        0.211492        0.100969
          0.111628        0.213918        0.026830
          0.082531        0.192571       -0.043787
          0.044779        0.158131       -0.109527
          0.003492        0.122406       -0.171656
         -0.037899        0.094484       -0.231313
         -0.077094        0.077387       -0.287395
         -0.111318        0.067196       -0.336456
         -0.135797        0.056542       -0.372808
         -0.143931        0.039867       -0.388906
         -0.130311        0.015914       -0.378559
         -0.094971       -0.013074       -0.341799
         -0.045204       -0.042806       -0.286354
          0.006766       -0.068296       -0.224076
          0.048521       -0.086166       -0.165853
          0.072104       -0.096697       -0.117768
          0.076696       -0.103135       -0.078568
          0.067773       -0.108866       -0.039805
          0.052881       -0.115534        0.009201
          0.037176       -0.122875        0.073768
          0.022165       -0.128458        0.149443
          0.007869       -0.127276        0.223180
         -0.004246       -0.113366        0.277646
         -0.010069       -0.083392        0.296367
         -0.004254       -0.039325        0.269429
          0.016369        0.011095        0.198030
          0.049446        0.055294        0.094887
          0.086553        0.078781       -0.019650
          0.116360        0.070988       -0.122693
          0.129329        0.031320       -0.192984
          0.121214       -0.028980       -0.214757
          0.094335       -0.090269       -0.181926
          0.056498       -0.131363       -0.100712
          0.017638       -0.137634        0.011598
         -0.014254       -0.107308        0.131168
         -0.035400       -0.052232        0.233264
         -0.046174        0.007751        0.298586
         -0.050250        0.053459        0.319712
         -0.053368        0.073669        0.303788
         -0.060526        0.068509        0.268013
         -0.072543        0.047897        0.230671
         -0.085136        0.025371        0.203823
         -0.091157        0.010570        0.190291
         -0.083585        0.005342        0.183899
         -0.058417        0.005230        0.172903
         -0.017985        0.003536        0.146849
          0.027520       -0.004691        0.103015
          0.063305       -0.019274        0.046898
          0.076421       -0.034000       -0.012931
          0.060921       -0.040287       -0.069486
          0.019942       -0.032777       -0.118710
         -0.034660       -0.011739       -0.159979
         -0.085516        0.018218       -0.195866
         -0.116185        0.050214       -0.228268
         -0.118137        0.077664       -0.253190
         -0.094055        0.098037       -0.260886
         -0.056025        0.114908       -0.241690
         -0.020283        0.135156       -0.191077
         -0.000717        0.163397       -0.111517
         -0.003185        0.198385       -0.013838
         -0.023106        0.232890        0.082944
         -0.047858        0.255677        0.157553
         -0.062976        0.255135        0.195586
         -0.058995        0.224621        0.193937
         -0.035282        0.166911        0.158891
          0.000937        0.093762        0.102718
          0.038678        0.020474        0.039993
          0.067542       -0.039970       -0.018239
          0.081462       -0.079916       -0.069219
          0.081150       -0.098186       -0.116903
          0.072730       -0.100186       -0.166225
          0.062762       -0.095241       -0.219336
          0.054579       -0.091589       -0.274658
          0.048636       -0.093310       -0.326472
          0.043812       -0.101204       -0.366045
          0.037732       -0.114413       -0.385266
          0.028098       -0.130387       -0.379637
          0.014499       -0.145159       -0.348383
         -0.002478       -0.155149       -0.293860
         -0.023434       -0.158009       -0.221827
         -0.049367       -0.151710       -0.140916
         -0.078699       -0.134823       -0.060585
         -0.106273       -0.108681        0.011073
         -0.124866       -0.078078        0.069165
         -0.127310       -0.049115        0.113605
         -0.109104       -0.026621        0.149246
         -0.071205       -0.012745        0.183326
         -0.020825       -0.006465        0.221397
          0.030751       -0.004538        0.264182
          0.071821       -0.004340        0.306941
          0.093964       -0.006736        0.341217
          0.094899       -0.016547        0.358123
          0.079157       -0.039919        0.352594
          0.056051       -0.079655        0.327081
          0.036114       -0.131032        0.291349
          0.027305       -0.181354        0.257207
          0.032071       -0.214414        0.232315
          0.047003       -0.217295        0.217318
          0.065707       -0.185826        0.205900
          0.082674       -0.126706        0.187097
          0.095472       -0.055442        0.151656
          0.104597        0.009920        0.099990
          0.111757        0.056434        0.043964
          0.117943        0.080375        0.000360
          0.122850        0.086000       -0.017367
          0.125577        0.081692       -0.004340
          0.125274        0.076171        0.032814
          0.121504        0.075018        0.076715
          0.114335        0.078254        0.106550
          0.103220        0.081219        0.108160
          0.085457        0.078579        0.079105
          0.057307        0.067957        0.026737
          0.017618        0.050828       -0.036623
         -0.030134        0.031696       -0.098261
         -0.078999        0.016775       -0.148712
         -0.120713        0.011557       -0.183865
         -0.148124        0.017658       -0.204579
         -0.158659        0.031881       -0.214053
         -0.156575        0.048922       -0.215205
         -0.150669        0.064992       -0.210886
         -0.148737        0.079062       -0.206080
         -0.153503        0.091864       -0.207572
         -0.162203        0.104601       -0.220111
         -0.168652        0.117767       -0.243747
         -0.166456        0.129555       -0.274500
         -0.152537        0.135302       -0.304901
         -0.129275        0.130147       -0.323858
         -0.103372        0.112967       -0.320161
         -0.081515        0.087191       -0.288825
         -0.065970        0.058408       -0.233101
         -0.053965        0.032520       -0.160540
         -0.041064        0.014992       -0.079495
         -0.024713        0.009046        0.001065
         -0.005301        0.014132        0.072600
          0.014178        0.027522        0.130104
          0.029085        0.046936        0.172690
          0.036014        0.070353        0.200663
          0.036342        0.094361        0.214134
          0.036080        0.114468        0.215331
          0.041365        0.126442        0.210016
          0.054687        0.126354        0.204881
          0.074933        0.110597        0.204087
          0.098523        0.077574        0.208531
          0.119710        0.029334        0.216353
          0.132419       -0.028729        0.222367
          0.134067       -0.089030        0.218431
          0.126815       -0.142357        0.197530
          0.114136       -0.178653        0.158891
          0.097316       -0.189196        0.108631
          0.075715       -0.169390        0.055650
          0.048546       -0.120505        0.007824
          0.015453       -0.050005       -0.029288
         -0.022663        0.029052       -0.053893
         -0.061657        0.099883       -0.069636
         -0.093907        0.145850       -0.083234
         -0.111804        0.155430       -0.098143
         -0.112112        0.125868       -0.111305
         -0.097152        0.064155       -0.116512
         -0.072656       -0.014072       -0.109085
         -0.045184       -0.087623       -0.087437
         -0.020611       -0.135738       -0.054149
         -0.002703       -0.145352       -0.018063
          0.008086       -0.115266        0.007234
          0.013434       -0.055394        0.010206
          0.014104        0.016652       -0.012895
          0.009395        0.080126       -0.058079
          0.000519        0.117279       -0.116001
         -0.006900        0.119077       -0.173187
         -0.005143        0.086834       -0.214720
          0.011117        0.030061       -0.229950
          0.042112       -0.036043       -0.216748
          0.081814       -0.093485       -0.180499
          0.117764       -0.127187       -0.130204
          0.134760       -0.131223       -0.075485
          0.122749       -0.110317       -0.024861
          0.082918       -0.076509        0.015862
          0.026838       -0.044911        0.044528
         -0.028998       -0.029108        0.061509
         -0.068638       -0.035157        0.067348
         -0.081493       -0.058037        0.062363
         -0.066542       -0.085008        0.049315
         -0.032900       -0.102759        0.035183
          0.004953       -0.102230        0.028361
          0.033769       -0.080856        0.033927
          0.045424       -0.044111        0.051711
          0.037682       -0.003659        0.076718
          0.013768        0.029117        0.099613
         -0.018858        0.048622        0.109307
         -0.051216        0.055063        0.099476
         -0.076120        0.051815        0.073817
         -0.089713        0.043544        0.043949
         -0.090597        0.034007        0.022665
         -0.078949        0.023425        0.019275
         -0.057238        0.008578        0.037618
         -0.030659       -0.013756        0.073951
         -0.005426       -0.043685        0.116867
          0.013258       -0.077888        0.152494
          0.021580       -0.110887        0.171340
          0.017401       -0.136527        0.170671
          0.001999       -0.150061        0.152741
         -0.019060       -0.150369        0.123074
         -0.038421       -0.140207        0.089315
         -0.050597       -0.123976        0.058176
         -0.053304       -0.105152        0.031443
         -0.046932       -0.085321        0.005412
         -0.034391       -0.064710       -0.024957
         -0.020317       -0.043080       -0.061471
         -0.007968       -0.020282       -0.101483
          0.003428        0.003495       -0.138695
          0.017126        0.027655       -0.164013
          0.035132        0.051740       -0.168414
          0.056838        0.076340       -0.148812
          0.079946        0.102687       -0.111782
          0.101048        0.130687       -0.070287
          0.116358        0.157789       -0.036911
          0.123873        0.179984       -0.020023
          0.124727        0.193161       -0.022673
          0.121401        0.193795       -0.040826
          0.114906        0.180122       -0.063121
          0.104195        0.153564       -0.075939
          0.087283        0.118172       -0.070012
          0.061913        0.078268       -0.042030
          0.026083        0.036926        0.007464
         -0.020387       -0.004123        0.074118
         -0.074240       -0.044874        0.148500
         -0.128706       -0.087501        0.218379
         -0.174585       -0.134971        0.273164
         -0.201603       -0.188277        0.305041
         -0.200744       -0.244629        0.307653
         -0.168014       -0.297200        0.277603
         -0.107731       -0.335705        0.217918
         -0.032839       -0.348289        0.137736
          0.038398       -0.325387        0.048251
          0.088247       -0.263974       -0.039633
          0.106147       -0.169556       -0.115187
          0.093500       -0.055078       -0.169596
          0.063521        0.062059       -0.199668
          0.035274        0.163931       -0.208573
          0.024650        0.236710       -0.202596
          0.036720        0.274661       -0.188465
          0.063160        0.281310       -0.173202
          0.086447        0.267301       -0.163067
          0.089215        0.246667       -0.160254
          0.063500        0.232773       -0.161495
          0.014626        0.233978       -0.160903
         -0.041619        0.250222       -0.153278
         -0.086312        0.272987       -0.134790
         -0.105906        0.288941       -0.103448
         -0.097934        0.284681       -0.061262
         -0.070598        0.250756       -0.014939
         -0.036953        0.185240        0.027102
         -0.008086        0.096114        0.058291
          0.011066       -0.000236        0.074859
          0.022454       -0.084726        0.075559
          0.032591       -0.142112        0.062361
          0.047738       -0.165495        0.040785
          0.068978       -0.158547        0.017644
          0.090932       -0.134745       -0.002286
          0.105245       -0.112072       -0.017278
          0.105508       -0.104932       -0.027161
          0.090222       -0.118210       -0.032189
          0.063516       -0.146256       -0.033183
          0.033702       -0.175694       -0.031228
          0.009030       -0.190381       -0.026789
         -0.007041       -0.177356       -0.020440
         -0.016694       -0.131706       -0.015025
         -0.024428       -0.058117       -0.015446
         -0.033229        0.031261       -0.024623
         -0.042543        0.120981       -0.039662
         -0.048389        0.196191       -0.052305
         -0.046054        0.245101       -0.052571
         -0.034414        0.260907       -0.032870
         -0.018498        0.243776        0.007626
         -0.007959        0.200951        0.059293
         -0.012418        0.143544        0.103706
         -0.036217        0.082430        0.122676
         -0.075198        0.026052        0.108368
         -0.117759       -0.020671        0.066816
         -0.149925       -0.057241        0.014867
         -0.161220       -0.086127       -0.025626
         -0.148560       -0.108731       -0.035919
         -0.117348       -0.123316       -0.009180
         -0.079076       -0.127504        0.046669
         -0.045628       -0.121459        0.114735
         -0.023680       -0.108102        0.176976
         -0.012849       -0.092049        0.218418
         -0.007504       -0.079198        0.229572
         -0.000252       -0.075316        0.208515
          0.013955       -0.082837        0.160055
          0.034522       -0.098970        0.092411
          0.055130       -0.117780        0.015510
          0.067434       -0.133937       -0.059077
          0.065979       -0.144041       -0.120195
          0.051179       -0.145808       -0.160713
          0.029086       -0.138552       -0.179072
          0.008610       -0.124575       -0.178278
         -0.002483       -0.107771       -0.164397
         -0.001248       -0.090363       -0.144680
          0.009132       -0.072621       -0.124608
          0.021710       -0.055044       -0.105565
          0.030134       -0.037874       -0.085516
          0.031604       -0.018545       -0.061934
          0.027090        0.007366       -0.034171
          0.020098        0.042065       -0.004227
          0.015070        0.084201        0.023274
          0.015476        0.130766        0.042261
          0.022391        0.177413        0.048463
          0.034862        0.217303        0.042814
          0.051390        0.243239        0.031498
          0.070231        0.252352        0.022759
          0.088145        0.247094        0.023812
          0.100024        0.231469        0.038774
          0.100459        0.208093        0.066292
          0.085474        0.178342        0.098556
          0.053684        0.142125        0.124369
          0.007893        0.096938        0.133748
         -0.043908        0.040477        0.119681
         -0.090638       -0.023710        0.078263
         -0.122444       -0.084324        0.010543
         -0.133753       -0.127027       -0.075779
         -0.123872       -0.140999       -0.168204
         -0.096636       -0.123184       -0.252796
         -0.059692       -0.080649       -0.315907
         -0.022592       -0.030645       -0.346012
          0.005971        0.004659       -0.337547
          0.020125        0.008125       -0.293215
          0.017509       -0.024380       -0.221384
          0.000045       -0.083458       -0.131638
         -0.025054       -0.151330       -0.032856
         -0.046561       -0.207805        0.067097
         -0.054037       -0.235883        0.162525
         -0.043074       -0.227457        0.250228
         -0.017388       -0.185988        0.326863
          0.012516       -0.122926        0.386484
          0.033106       -0.051325        0.422304
          0.033732        0.017151        0.430449
          0.012401        0.072091        0.411053
         -0.022888        0.105430        0.367488
         -0.058464        0.113272        0.306828
         -0.081371        0.095105        0.239827
         -0.084069        0.052517        0.177209
         -0.066417       -0.008539        0.124975
         -0.035024       -0.075067        0.083544
          0.000006       -0.129599        0.049692
          0.029543       -0.156316        0.017317
          0.048633       -0.145409       -0.021949
          0.057233       -0.095715       -0.075054
          0.059194       -0.017459       -0.142870
          0.060239        0.068278       -0.219382
          0.065255        0.136690       -0.294226
          0.076013        0.168850       -0.354738
          0.090799        0.157280       -0.387716
          0.105928        0.106558       -0.383472
          0.117781        0.031376       -0.340126
          0.124413       -0.047887       -0.263438
          0.126168       -0.112321       -0.162831
          0.124654       -0.150783       -0.048550
          0.120654       -0.161095        0.068770
          0.112947       -0.147145        0.178781
          0.099018       -0.116078        0.272440
          0.076633       -0.076563        0.341218
          0.045135       -0.036279        0.375987
          0.006209        0.000640        0.369196
         -0.036284        0.033461        0.319204
         -0.077711        0.062518        0.232251
         -0.114491        0.087791        0.120842
         -0.144863        0.109101        0.000695
         -0.168180        0.126040       -0.112587
         -0.183517        0.137348       -0.206981
         -0.188673        0.141334       -0.276109
         -0.180132        0.137446       -0.318366
         -0.154070        0.126986       -0.333975
         -0.108530        0.112211       -0.322683
         -0.046356        0.095341       -0.284154
          0.023271        0.078703       -0.220541
          0.086833        0.065025       -0.138597
          0.131142        0.056391       -0.049305
          0.147987        0.052642        0.034568
          0.137265        0.051382        0.101812
          0.107416        0.049567        0.146313
          0.071865        0.044476        0.169168
          0.042916        0.033807        0.177084
          0.027083        0.016702        0.177467
          0.023741       -0.004831        0.174104
          0.026446       -0.026631        0.166465
          0.026580       -0.044516        0.151540
          0.018230       -0.054756        0.125831
          0.001094       -0.053245        0.087359
         -0.020270       -0.036437        0.037993
         -0.039278       -0.003831       -0.016293
         -0.050520        0.040946       -0.069014
         -0.052743        0.090707       -0.117129
         -0.049873        0.135160       -0.160708
         -0.048378        0.162118       -0.199756
         -0.052814        0.161178       -0.232606
         -0.063335        0.128024       -0.255626
         -0.076244        0.066147       -0.262112
         -0.086107       -0.014174       -0.243427
         -0.088589       -0.098041       -0.195271
         -0.083269       -0.169287       -0.123628
         -0.074254       -0.215237       -0.043349
         -0.067287       -0.230678        0.028369
         -0.065657       -0.218651        0.077256
         -0.068257       -0.188481        0.095806
         -0.070494       -0.152428        0.087151
         -0.066547       -0.121062        0.064695
         -0.051859       -0.098469        0.044234
         -0.025457       -0.080721        0.034797
          0.008985       -0.059224        0.036259
          0.044721       -0.026417        0.042815
          0.075484        0.019239        0.046672
          0.098124        0.070455        0.041417
          0.112654        0.112379        0.026711
          0.120890        0.129141        0.010362
          0.125127        0.112287        0.003019
          0.126763        0.065475        0.009646
          0.125051        0.003450        0.025998
          0.117505       -0.053022        0.041053
          0.102392       -0.084408        0.041054
          0.081125       -0.079714        0.014555
          0.058157       -0.040179       -0.040615
          0.038675        0.022777       -0.112795
          0.026306        0.093283       -0.179939
          0.021874        0.156566       -0.219562
          0.022823        0.202451       -0.218200
          0.023669        0.226796       -0.175720
          0.018651        0.230693       -0.104608
          0.005481        0.217564       -0.025321
         -0.013258        0.190083        0.041910
         -0.032282        0.149456        0.086225
         -0.046675        0.097040        0.110299
         -0.053606        0.035990        0.125994
         -0.053088       -0.028203        0.145594
         -0.047866       -0.087646        0.175680
         -0.041583       -0.132755        0.215495
         -0.036238       -0.154884        0.257449
         -0.031413       -0.149664        0.289905
         -0.025880       -0.118190        0.303483
         -0.019540       -0.065802        0.296875
         -0.013490       -0.000749        0.276346
         -0.008340        0.066746        0.250269
         -0.003201        0.126197        0.225079
          0.003396        0.168703        0.204449
          0.012052        0.187424        0.188573
          0.021705        0.177593        0.173296
          0.028888        0.137882        0.152266
          0.027801        0.072199        0.121475
          0.013299       -0.010111        0.080987
         -0.014449       -0.095785        0.032199
         -0.048185       -0.170071       -0.024397
         -0.076431       -0.220359       -0.087620
         -0.088300       -0.240594       -0.153686
         -0.077669       -0.233903       -0.217247
         -0.045980       -0.211239       -0.272442
         -0.002451       -0.186896       -0.311736
          0.039537       -0.173137       -0.326683
          0.068360       -0.175511       -0.313351
          0.078632       -0.190515       -0.276928
          0.071900       -0.207450       -0.229923
          0.054366       -0.213890       -0.186890
          0.033853       -0.201289       -0.160873
          0.017302       -0.167995       -0.160559
          0.008810       -0.119277       -0.185759
          0.008631       -0.064604       -0.224990
          0.014087       -0.012910       -0.259877
          0.021685        0.031380       -0.273431
          0.028224        0.068682       -0.255434
          0.030498        0.101459       -0.203720
          0.025626        0.131271       -0.124563
          0.012562        0.157058       -0.031726
         -0.007301        0.174298        0.059043
         -0.031274        0.175755        0.137546
         -0.056368        0.154912        0.201198
         -0.079113        0.110209        0.250368
         -0.095704        0.047128        0.284091
         -0.103166       -0.022095        0.300054
         -0.099988       -0.080100        0.295227
         -0.085774       -0.108547        0.265789
         -0.061817       -0.095192        0.210407
         -0.032904       -0.040077        0.136073
         -0.007342        0.043707        0.058551
          0.006531        0.134526       -0.005026
          0.004740        0.208800       -0.043892
         -0.010294        0.247962       -0.056214
         -0.030355        0.244519       -0.049198
         -0.043992        0.203962       -0.038321
         -0.041184        0.140655       -0.041849
         -0.018648        0.071117       -0.071121
          0.018144        0.009517       -0.124832
          0.058128       -0.034072       -0.191670
          0.090226       -0.054696       -0.256074
          0.107492       -0.052889       -0.302170
          0.108662       -0.033632       -0.317667
          0.097440       -0.005296       -0.298658
          0.079814        0.020551       -0.250717
          0.060746        0.030689       -0.184019
          0.042646        0.014974       -0.107763
          0.026370       -0.028205       -0.028693
          0.012869       -0.089604        0.048586
          0.003703       -0.151067        0.122384
          0.000129       -0.190906        0.193122
          0.001522       -0.191670        0.259349
          0.004660       -0.147944        0.315569
          0.004995       -0.070107        0.355502
         -0.001152        0.018391        0.376394
         -0.015190        0.089089        0.379679
         -0.035593        0.118627        0.369812
         -0.058052        0.097011        0.353277
         -0.077791        0.030344        0.335508
         -0.092825       -0.062949        0.316211
         -0.104444       -0.159479        0.288482
         -0.114710       -0.238176        0.243403
         -0.124439       -0.285497        0.175471
         -0.132691       -0.297014        0.085759
         -0.136411       -0.274853       -0.016577
         -0.131142       -0.223963       -0.115147
         -0.114099       -0.150959       -0.191154
         -0.087070       -0.064959       -0.230103
         -0.055699        0.022735       -0.226351
         -0.025991        0.100481       -0.184241
         -0.001524        0.157786       -0.116754
          0.017227        0.186659       -0.042008
          0.032402        0.184281        0.021825
          0.047365        0.155318        0.061253
          0.064047        0.110474        0.070051
          0.080492        0.062150        0.049383
          0.091211        0.021635        0.006257
          0.090445       -0.001598       -0.048823
          0.075431       -0.002047       -0.104435
          0.047619        0.018431       -0.150682
          0.012471        0.050439       -0.180910
         -0.021414        0.080439       -0.192303
         -0.044505        0.093835       -0.185667
         -0.049628        0.077512       -0.164775
         -0.034219        0.024762       -0.134970
         -0.000313       -0.059505       -0.101045
          0.046595       -0.159101       -0.065746
          0.098661       -0.252527       -0.030102
          0.147065       -0.318963        0.005116
          0.183924       -0.341943        0.038308
          0.204036       -0.313087        0.066747
          0.205596       -0.235661        0.086802
          0.189579       -0.124122        0.094864
          0.158615        0.001105        0.088996
          0.116519        0.119455        0.070181
          0.068249        0.214021        0.041962
          0.019010        0.274940        0.009037
         -0.027031        0.302633       -0.023450
         -0.066778        0.307232       -0.049951
         -0.097623        0.302529       -0.065593
         -0.118399        0.298786       -0.068267
         -0.130898        0.299235       -0.059593
         -0.138823        0.300294       -0.044211
         -0.144790        0.293521       -0.028899
         -0.149012        0.269485       -0.021127
         -0.149848        0.223633       -0.025481
         -0.143854        0.160628       -0.040026
         -0.126266        0.092961       -0.056895
         -0.094197        0.034920       -0.066754
         -0.049998       -0.002630       -0.062809
         -0.000543       -0.014421       -0.042887
          0.046398       -0.002148       -0.010913
          0.084548        0.024785        0.023576
          0.109750        0.052339        0.049775
          0.120733        0.068206        0.060678
          0.119602        0.065954        0.054151
          0.110229        0.044401        0.031057
          0.095471        0.005805       -0.005535
          0.076143       -0.044413       -0.050208
          0.052307       -0.098731       -0.096470
          0.024533       -0.150803       -0.138103
         -0.005972       -0.197238       -0.168442
         -0.036943       -0.235332       -0.179878
         -0.064122       -0.260893       -0.166641
         -0.081921       -0.270224       -0.128596
         -0.086159       -0.262980       -0.071926
         -0.076085       -0.241393       -0.007183
         -0.053894       -0.208274        0.052706
         -0.023394       -0.167685        0.095242
          0.010500       -0.125609        0.113235
          0.042192       -0.087053        0.108380
          0.066612       -0.052967        0.089597
          0.080212       -0.021576        0.068264
          0.081036        0.008361        0.054649
          0.068789        0.037067        0.055194
          0.045710        0.064904        0.069281
          0.017361        0.091673        0.088625
         -0.008261        0.115166        0.101797
         -0.023530        0.132170        0.100104
         -0.024208        0.140890        0.080596
         -0.010864        0.141423        0.046806
          0.011402        0.134491        0.008385
          0.034239        0.121481       -0.022216
          0.048785        0.105992       -0.036087
          0.049729        0.093588       -0.032786
          0.037966        0.088635       -0.020063
          0.019326        0.091345       -0.009728
          0.000879        0.097837       -0.013093
         -0.011966        0.102139       -0.037274
         -0.017200        0.098106       -0.082341
         -0.017530        0.081678       -0.140843
         -0.019542        0.053971       -0.201192
         -0.029452        0.022443       -0.252544
         -0.048555       -0.002637       -0.287116
         -0.072275       -0.013908       -0.299784
         -0.092307       -0.009444       -0.288151
         -0.099546        0.008798       -0.253592
         -0.087600        0.036783       -0.200616
         -0.056536        0.068742       -0.134509
         -0.013958        0.098307       -0.060311
          0.028318        0.120551        0.016589
          0.059623        0.131922        0.091266
          0.074465        0.128489        0.161403
          0.074005        0.106767        0.226990
          0.064897        0.067356        0.287411
          0.055623        0.016430        0.340327
          0.051809       -0.037157        0.383339
          0.053307       -0.085674        0.414525
          0.054794       -0.124103        0.431013
          0.049343       -0.150372        0.429261
          0.032846       -0.165524        0.407392
          0.006893       -0.172564        0.365825
         -0.021447       -0.173272        0.306050
         -0.042794       -0.166086        0.231161
         -0.049650       -0.148343        0.147950
         -0.039367       -0.120630        0.066598
         -0.014803       -0.087955       -0.002424
          0.017130       -0.057210       -0.050924
          0.048274       -0.034775       -0.074150
          0.071732       -0.025343       -0.072239
          0.082505       -0.030036       -0.051515
          0.076985       -0.044751       -0.023352
          0.053523       -0.061975       -0.000497
          0.014241       -0.075290        0.006716
         -0.033870       -0.081893       -0.007216
         -0.079799       -0.081479       -0.041521
         -0.111475       -0.074839       -0.088598
         -0.120575       -0.064474       -0.135606
         -0.107145       -0.054696       -0.168680
         -0.080624       -0.049231       -0.177908
         -0.055971       -0.049299       -0.160681
         -0.046695       -0.054748       -0.122450
         -0.057935       -0.065357       -0.075127
         -0.083224       -0.079460       -0.033373
         -0.107689       -0.092675       -0.009498
         -0.116150       -0.099714       -0.008997
         -0.100895       -0.096826       -0.029101
         -0.065202       -0.081970       -0.061124
         -0.021983       -0.054643       -0.094796
          0.012316       -0.017669       -0.121958
          0.026939        0.021392       -0.138435
          0.023553        0.052408       -0.144347
          0.014855        0.067215       -0.142725
          0.016472        0.062999       -0.136518
          0.038635        0.043235       -0.126174
          0.081456        0.017075       -0.110192
          0.134047       -0.002820       -0.087354
          0.178408       -0.004681       -0.057584
          0.198013        0.017298       -0.021535
          0.185943        0.060745        0.019102
          0.146397        0.117067        0.061154
          0.090157        0.175026        0.100760
          0.029600        0.222998        0.133996
         -0.024137        0.250257        0.155835
         -0.063542        0.249042        0.159542
         -0.086720        0.217017        0.138933
         -0.096371        0.158279        0.092030
         -0.096277        0.082844        0.022904
         -0.089776        0.005756       -0.058941
         -0.081049       -0.054988       -0.140478
         -0.074637       -0.083432       -0.208165
         -0.072006       -0.072184       -0.252278
         -0.070205       -0.026079       -0.270408
         -0.064904        0.039270       -0.266887
         -0.053551        0.102107       -0.248474
         -0.035981        0.140079       -0.220566
         -0.014740        0.136661       -0.186249
          0.004421        0.087529       -0.146419
          0.014948        0.002923       -0.100378
          0.014555       -0.096696       -0.048526
          0.007793       -0.188684        0.004509
          0.003168       -0.254803        0.050780
          0.007923       -0.285192        0.083661
          0.024875       -0.280752        0.101086
          0.051734       -0.252220        0.105603
          0.081239       -0.214167        0.103555
          0.102891       -0.177801        0.103597
          0.107836       -0.148340        0.113034
          0.093973       -0.126769        0.133799
          0.066183       -0.111718        0.161846
          0.032252       -0.100543        0.190026
         -0.000273       -0.091534        0.211314
         -0.025058       -0.085734        0.220645
         -0.038681       -0.084976        0.216264
         -0.042487       -0.087725        0.200956
         -0.041046       -0.088069        0.181409
         -0.038348       -0.078890        0.164698
         -0.036432       -0.055188        0.154342
         -0.036546       -0.015617        0.149212
         -0.039105        0.036110        0.144792
         -0.042399        0.090502        0.134470
         -0.043273        0.135594        0.111553
         -0.039634        0.163441        0.073327
         -0.031809        0.173881        0.024062
         -0.021930        0.172803       -0.026994
         -0.012992        0.168542       -0.070689
         -0.008351        0.169312       -0.101362
         -0.011016        0.180237       -0.117781
         -0.022175        0.200221       -0.123266
         -0.039749        0.222484       -0.124011
         -0.058616        0.239080       -0.124400
         -0.072614        0.244421       -0.122286
         -0.076299        0.235513       -0.108949
         -0.065718        0.211950       -0.074224
         -0.040142        0.176734       -0.012697
         -0.004466        0.135062        0.072556
          0.031491        0.091085        0.168776
          0.057728        0.046543        0.254719
          0.068586        0.001914        0.306294
          0.063936       -0.042846        0.306351
          0.048379       -0.088184        0.252210
          0.029742       -0.133567        0.155368
          0.015907       -0.175993        0.036042
          0.010608       -0.210713       -0.082179
          0.011843       -0.233050       -0.177857
          0.014652       -0.239352       -0.238369
          0.015111       -0.227594       -0.262944
          0.011609       -0.198074       -0.258454
          0.004123       -0.153016       -0.233447
         -0.005530       -0.095346       -0.196991
         -0.013058       -0.028419       -0.159719
         -0.013400        0.043265       -0.131516
         -0.003531        0.113787       -0.117995
          0.017191        0.176039       -0.120590
          0.048124        0.222075       -0.137833
          0.086255        0.244632       -0.163513
          0.124323        0.240335       -0.185683
          0.152665        0.212121       -0.192118
          0.163955        0.168390       -0.177663
          0.155742        0.119740       -0.145276
          0.130064        0.075376       -0.102213
          0.093288        0.039644       -0.057625
          0.055561        0.009751       -0.020679
          0.026612       -0.022552        0.004246
          0.010034       -0.065117        0.021016
          0.002091       -0.119615        0.038135
         -0.004250       -0.179783        0.061695
         -0.014954       -0.233735        0.092311
         -0.032764       -0.268543        0.126339
         -0.055979       -0.275799        0.157178
         -0.078660       -0.256286        0.176626
         -0.094200       -0.220492        0.178653
         -0.100212       -0.183451        0.163506
         -0.099770       -0.157202        0.137401
         -0.098098       -0.146068        0.107989
         -0.098871       -0.146239        0.080872
         -0.103062       -0.147680        0.059611
         -0.109246       -0.137935        0.046059
         -0.114192       -0.108349        0.039102
         -0.114371       -0.059342        0.034751
         -0.107838        0.000091        0.029128
         -0.094382        0.057534        0.020563
         -0.073859        0.101621        0.008308
         -0.045246        0.124709       -0.008552
         -0.007906        0.126117       -0.029090
          0.036226        0.113882       -0.048772
          0.081568        0.100955       -0.061482
          0.119619        0.098342       -0.062583
          0.141102        0.111458       -0.049452
          0.138991        0.140171       -0.021393
          0.111584        0.178771        0.018455
          0.064017        0.216513        0.062014
          0.006909        0.241781        0.099243
         -0.047423        0.247360        0.122466
         -0.089158        0.231504        0.127630
         -0.113463        0.195591        0.113560
         -0.120523        0.143455        0.082453
         -0.113877        0.082523        0.040341
         -0.098345        0.022605       -0.005218
         -0.078246       -0.027611       -0.048290
         -0.056495       -0.062320       -0.084984
         -0.035109       -0.078372       -0.112065
         -0.016357       -0.076237       -0.126909
         -0.002581       -0.061663       -0.128443
          0.005483       -0.044279       -0.116739
          0.009604       -0.033187       -0.091875
          0.013006       -0.033739       -0.054592
          0.018851       -0.047227       -0.008272
          0.029281       -0.071252        0.040784
          0.044531       -0.099776        0.085225
          0.062519       -0.124655        0.118337
          0.080000       -0.139249        0.135049
          0.094305       -0.141222        0.133699
          0.103735       -0.132070        0.117703
          0.107054       -0.114819        0.094384
          0.103852       -0.092640        0.071279
          0.095644       -0.068339        0.053147
          0.086240       -0.043465        0.041151
          0.080761       -0.018061        0.033193
          0.083488        0.007308        0.025079
          0.095073        0.029174        0.012876
          0.110619        0.042200       -0.004935
          0.120708        0.043238       -0.027421
          0.115743        0.034164       -0.052578
          0.091305        0.021420       -0.078093
          0.051278        0.013941       -0.101222
          0.006852        0.020543       -0.118860
         -0.028174        0.046010       -0.128264
         -0.043478        0.087245       -0.128156
         -0.036749        0.133317       -0.119807
         -0.014350        0.170485       -0.107512
          0.012144        0.188288       -0.097839
          0.031218        0.182731       -0.097269
          0.035516        0.156714       -0.108826
          0.023513        0.119082       -0.129893
         -0.000936        0.081557       -0.153083
         -0.030840        0.053407       -0.169248
         -0.059323        0.037432       -0.170401
         -0.081871        0.030889       -0.152026
         -0.096322        0.029641       -0.114869
         -0.101732        0.030832       -0.064720
         -0.098002        0.032885       -0.009699
         -0.086145        0.035240        0.042456
         -0.068043        0.038331        0.085190
         -0.046098        0.042092        0.113396
         -0.024007        0.044168        0.124526
         -0.007400        0.041381        0.119310
         -0.002036        0.033642        0.100903
         -0.010805        0.024955        0.073641
         -0.032704        0.020060        0.042720
         -0.063265        0.021406        0.013809
         -0.094520        0.029002       -0.008782
         -0.116323        0.040284       -0.023903
         -0.120959        0.049350       -0.032707
         -0.107252        0.049255       -0.036325
         -0.079800        0.037044       -0.035625
         -0.045351        0.015741       -0.032622
         -0.010463       -0.008510       -0.029963
          0.019866       -0.029690       -0.028862
          0.044046       -0.043274       -0.029256
          0.063983       -0.047767       -0.031363
          0.081549       -0.046254       -0.034655
          0.094857       -0.045001       -0.035786
          0.098848       -0.049289       -0.030409
          0.089020       -0.060423       -0.017118
          0.064074       -0.076202        0.002649
          0.026813       -0.093350        0.027994
         -0.015013       -0.109790        0.059338
         -0.049638       -0.125935        0.096468
         -0.066587       -0.144609        0.138312
         -0.063043       -0.168944        0.183754
         -0.044983       -0.198682        0.229704
         -0.023042       -0.227469        0.268626
         -0.008025       -0.244100        0.291027
         -0.007687       -0.237693        0.291614
         -0.023466       -0.203245        0.272105
         -0.049049       -0.144207        0.238760
         -0.073685       -0.071603        0.199337
         -0.088020       -0.000822        0.161495
         -0.087399        0.052939        0.129827
         -0.071688        0.079347        0.102531
         -0.044286        0.075627        0.073326
         -0.011008        0.045757        0.038154
          0.022325       -0.002695       -0.001134
          0.052405       -0.061048       -0.039032
          0.078205       -0.120101       -0.069557
          0.098361       -0.170763       -0.087969
          0.109827       -0.205744       -0.093735
          0.109424       -0.220437       -0.093539
          0.096192       -0.212267       -0.099085
          0.072585       -0.180757       -0.120089
          0.044383       -0.128967       -0.158859
          0.019208       -0.063626       -0.209522
          0.003385        0.007049       -0.259770
         -0.001259        0.075101       -0.294012
          0.001934        0.132651       -0.298867
          0.006929        0.172203       -0.269301
          0.008831        0.189376       -0.211188
          0.006847        0.185620       -0.138590
          0.004761        0.167737       -0.068227
          0.008529        0.145220       -0.014234
          0.022459        0.128352        0.015517
          0.046228        0.126485        0.021006
          0.073830        0.144326        0.008765
          0.095064        0.178637       -0.011894
          0.099892        0.219711       -0.032775
          0.083658        0.256032       -0.048726
          0.049265        0.276919       -0.057339
          0.005237        0.273473       -0.057555
         -0.037647        0.241584       -0.048549
         -0.069394        0.185168       -0.029789
         -0.083992        0.114786       -0.001664
         -0.081862        0.043096        0.034338
         -0.069013       -0.017819        0.075408
         -0.053443       -0.057588        0.116626
         -0.042215       -0.070511        0.151246
         -0.040145       -0.058749        0.173092
         -0.048237       -0.031667        0.178414
         -0.062365       -0.001906        0.165314
         -0.074840        0.018133        0.133376
         -0.078425        0.018568        0.085399
         -0.069387       -0.005320        0.028085
         -0.048538       -0.050744       -0.030385
         -0.021439       -0.108304       -0.082479
          0.002798       -0.166248       -0.121007
          0.015375       -0.214355       -0.139660
          0.012514       -0.245219       -0.135971
         -0.002433       -0.254784       -0.112592
         -0.020431       -0.243313       -0.074754
         -0.030398       -0.214984       -0.027922
         -0.023546       -0.175626        0.021722
          0.002824       -0.130973        0.067146
          0.043472       -0.086407        0.102652
          0.086358       -0.046482        0.125221
          0.116853       -0.013667        0.133291
          0.123461        0.012074        0.126227
          0.102312        0.032041        0.106076
          0.058547        0.047069        0.078283
          0.004742        0.056600        0.049345
         -0.043087        0.058950        0.024304
         -0.071516        0.052612        0.006405
         -0.075538        0.037929       -0.002631
         -0.060398        0.017935       -0.003061
         -0.038052       -0.002271        0.003001
         -0.020925       -0.017409        0.013125
         -0.016354       -0.024659        0.025787
         -0.023471       -0.025828        0.039662
         -0.033843       -0.026838        0.052116
         -0.036539       -0.034159        0.059083
         -0.025106       -0.050885        0.056709
         -0.001467       -0.074924        0.043329
          0.025697       -0.099364        0.020829
          0.045991       -0.114606       -0.004637
          0.052319       -0.112238       -0.023300
          0.043981       -0.089267       -0.025062
          0.027016       -0.049813       -0.004640
          0.011341       -0.002772        0.034797
          0.005841        0.042471        0.082240
          0.014312        0.078980        0.123053
          0.034556        0.103286        0.144255
          0.060015        0.115808        0.138933
          0.082045        0.120290        0.108427
          0.092431        0.121365        0.060957
          0.086419        0.122307        0.006869
          0.064798        0.125103       -0.046590
          0.033180        0.131132       -0.097493
         -0.000733        0.140065       -0.147499
         -0.029649        0.148540       -0.198159
         -0.048469        0.151153       -0.248011
         -0.055800        0.142820       -0.291757
         -0.054066        0.120494       -0.321383
         -0.047186        0.084678       -0.328978
         -0.037761        0.041184       -0.310682
         -0.026478        0.000875       -0.269299
         -0.013255       -0.024184       -0.213080
          0.001892       -0.025759       -0.151816
          0.018253       -0.002546       -0.093894
          0.033584        0.039074       -0.044977
          0.044406        0.086225       -0.006251
          0.048010        0.123158        0.026765
          0.043911        0.136558        0.061689
          0.033439        0.119799        0.104388
          0.018847        0.074405        0.156400
          0.002698        0.008957        0.214977
         -0.013383       -0.063761        0.272979
         -0.030061       -0.130501        0.319799
         -0.049998       -0.180741        0.345819
         -0.076094       -0.208270        0.347112
         -0.109644       -0.211298        0.325394
         -0.148696       -0.191485        0.284647
         -0.186680       -0.152448        0.228877
         -0.212711       -0.098858        0.161451
         -0.214676       -0.036884        0.084564
         -0.184006        0.025111       -0.000014
         -0.119856        0.077175       -0.088065
         -0.031044        0.109697       -0.170600
          0.064995        0.115853       -0.235125
          0.146755        0.094210       -0.270069
          0.195983        0.050612       -0.269393
          0.204545       -0.002809       -0.235025
          0.177047       -0.052096       -0.176547
          0.128429       -0.086497       -0.108481
          0.078458       -0.100920       -0.045568
          0.044948       -0.095810        0.002598
          0.037491       -0.075752        0.034585
          0.054561       -0.046867        0.055494
          0.085604       -0.013693        0.072157
          0.116102        0.021922        0.088870
          0.132570        0.059127        0.105511
          0.126428        0.096107        0.117473
          0.096563        0.129734        0.117320
          0.049365        0.155836        0.098563
         -0.004304        0.169302        0.059818
         -0.053141        0.165229        0.005975
         -0.088016        0.141410       -0.054327
         -0.103422        0.100107       -0.112055
         -0.098862        0.047614       -0.159621
         -0.079160       -0.007077       -0.191707
         -0.052586       -0.053373       -0.206130
         -0.028302       -0.081311       -0.203805
         -0.014590       -0.085412       -0.186919
         -0.016727       -0.067214       -0.157396
         -0.034269       -0.034544       -0.117986
         -0.060542        0.000445       -0.073910
         -0.085724        0.023351       -0.031471
         -0.100912        0.021673        0.004763
         -0.100731       -0.009556        0.032194
         -0.084598       -0.065133        0.049139
         -0.056587       -0.131635        0.056037
         -0.023018       -0.191243        0.056808
          0.010971       -0.226401        0.056451
          0.042881       -0.226172        0.057505
          0.071472       -0.191446        0.060147
          0.094732       -0.134214        0.063972
          0.109282       -0.071581        0.067378
          0.111168       -0.019468        0.066504
          0.097346        0.011835        0.057429
          0.067866        0.020714        0.039249
          0.027720        0.014101        0.013819
         -0.014109        0.002651       -0.016203
         -0.048693       -0.005222       -0.047078
         -0.070889       -0.005642       -0.072856
         -0.080051        0.001753       -0.087295
         -0.078616        0.015143       -0.087250
         -0.070190        0.031561       -0.072829
         -0.057288        0.048413       -0.045048
         -0.039834        0.064520       -0.005622
         -0.016601        0.079532        0.041371
          0.011400        0.092803        0.090141
          0.039547        0.103537        0.135519
          0.061496        0.111893        0.172982
          0.071753        0.119138        0.197629
          0.067415        0.126222        0.206308
          0.049541        0.132199        0.200863
          0.023422        0.133793        0.187165
         -0.003583        0.126042        0.171180
         -0.025238        0.103719        0.157136
         -0.038090        0.063736        0.147534
         -0.041423        0.008219        0.142244
         -0.036947       -0.053859        0.138324
         -0.028398       -0.108922        0.132505
         -0.020244       -0.144354        0.123154
         -0.015647       -0.153519        0.108979
         -0.015032       -0.137558        0.087195
         -0.016258       -0.104628        0.054199
         -0.016013       -0.067240        0.007698
         -0.011593       -0.037180       -0.051577
         -0.002780       -0.020003       -0.118731
          0.006956       -0.013574       -0.184685
          0.011601       -0.011575       -0.238533
          0.006281       -0.007735       -0.271676
         -0.009166        0.002305       -0.281118
         -0.029445        0.020206       -0.269935
         -0.046041        0.044125       -0.245138
         -0.050882        0.069697       -0.214526
         -0.039939        0.092950       -0.183994
         -0.015213        0.111683       -0.155960
          0.016115        0.123656       -0.129304
          0.045153        0.124844       -0.101049
          0.065448        0.110729       -0.068826
          0.075337        0.078713       -0.032453
          0.077215        0.028788        0.005973
          0.074739       -0.036383        0.042833
          0.070085       -0.110143        0.074232
          0.062471       -0.181467        0.097528
          0.048274       -0.238162        0.112244
          0.023494       -0.271194        0.119466
         -0.011911       -0.276129        0.120166
         -0.051175       -0.252432        0.113827
         -0.082512       -0.203442        0.098527
         -0.094442       -0.136225        0.072544
         -0.081008       -0.059071        0.036310
         -0.044742        0.021643       -0.006410
          0.003430        0.101636       -0.048510
          0.047993        0.176429       -0.081240
          0.075289        0.240226       -0.097841
          0.078902        0.286848       -0.097110
          0.060593        0.310367       -0.083860
          0.027273        0.305113       -0.066291
         -0.012587        0.267742       -0.052887
         -0.050817        0.201254       -0.049921
         -0.080472        0.116590       -0.059067
         -0.096770        0.029665       -0.076445
         -0.097355       -0.043237       -0.094954
         -0.081754       -0.089293       -0.108106
         -0.051693       -0.103136       -0.111768
         -0.012414       -0.090144       -0.103957
          0.027690       -0.064736       -0.085361
          0.060157       -0.042872       -0.060030
          0.079481       -0.034333       -0.033476
          0.083774       -0.039935       -0.009497
          0.074350       -0.053051        0.010339
          0.055773       -0.063085        0.025226
          0.035172       -0.060613        0.035347
          0.019712       -0.042926        0.042875
          0.013987       -0.015770        0.050256
          0.019285        0.010673        0.057700
          0.033892        0.027660        0.064122
          0.052985        0.030735        0.069693
          0.069245        0.019823        0.075607
          0.075780       -0.000947        0.082503
          0.069665       -0.024450        0.091111
          0.052730       -0.044074        0.103082
          0.029435       -0.056675        0.118802
          0.004498       -0.061958        0.134972
         -0.018565       -0.060428        0.145821
         -0.038786       -0.053029        0.145957
         -0.058254       -0.041210        0.131631
         -0.079878       -0.025444        0.101753
         -0.103661       -0.004256        0.060080
         -0.125446        0.023776        0.015631
         -0.139307        0.057171       -0.020944
         -0.140497        0.091064       -0.042273
         -0.126811        0.118347       -0.047105
         -0.099506        0.130545       -0.040928
         -0.064007        0.120050       -0.034704
         -0.028290        0.084869       -0.040966
          0.000641        0.031886       -0.068075
          0.018707       -0.025294       -0.115781
          0.024249       -0.071621       -0.174437
          0.017692       -0.094948       -0.227665
          0.002124       -0.089552       -0.257109
         -0.017168       -0.059211       -0.247836
         -0.034400       -0.016419       -0.192739
         -0.044412        0.023551       -0.094689
         -0.042974        0.048711        0.033911
         -0.027521        0.052394        0.174013
          0.001804        0.033346        0.304619
          0.041804       -0.003918        0.407389
          0.086756       -0.050597        0.469361
          0.129528       -0.097582        0.484233
          0.163070       -0.138168        0.453211
          0.181768       -0.167907        0.384406
          0.182397       -0.184741        0.290207
          0.164839       -0.190458        0.184706
          0.132063       -0.190212        0.082116
          0.088779       -0.189006       -0.005724
          0.040018       -0.188522       -0.072818
         -0.008861       -0.186555       -0.120356
         -0.051842       -0.177842       -0.154544
         -0.083473       -0.155438       -0.182927
         -0.100732       -0.113590       -0.210911
         -0.103398       -0.051599       -0.238877
         -0.093412        0.024451       -0.261033
         -0.074698        0.104102       -0.267674
         -0.052471        0.176927       -0.250484
         -0.030928        0.235388       -0.207573
         -0.011560        0.275370       -0.144695
          0.005541        0.295563       -0.072619
          0.019395        0.295856       -0.003718
          0.028021        0.274949        0.050629
          0.029903        0.229723        0.082683
          0.024843        0.158689        0.090319
          0.014338        0.067128        0.076160
          0.001988       -0.031228        0.045347
         -0.007298       -0.117659        0.005356
         -0.009862       -0.174189       -0.033458
         -0.005543       -0.188870       -0.060631
          0.002710       -0.160004       -0.070272
          0.011470       -0.097692       -0.062716
          0.019097       -0.020187       -0.042834
          0.025811        0.053401       -0.018202
          0.032351        0.108633        0.002922
          0.038886        0.137332        0.015154
          0.044165        0.138037        0.018420
          0.044692        0.116423        0.016204
          0.035708        0.083247        0.011923
          0.014817        0.049954        0.007577
         -0.015044        0.025472        0.004457
         -0.046432        0.015128        0.003349
         -0.070442        0.019652        0.004303
         -0.079174        0.034436        0.007239
         -0.067988        0.051414        0.012512
         -0.038081        0.062976        0.020233
          0.002888        0.064476        0.029486
          0.043640        0.053952        0.038814
          0.073402        0.031143        0.047152
          0.084493       -0.002574        0.054038
          0.073382       -0.044236        0.059372
          0.041497       -0.089945        0.063141
         -0.004656       -0.134906        0.064949
         -0.055542       -0.172762        0.063824
         -0.101970       -0.196450        0.058750
         -0.137030       -0.201211        0.049196
         -0.156092       -0.186819        0.035074
         -0.157038       -0.156884        0.016822
         -0.141112       -0.116812       -0.004193
         -0.112488       -0.072062       -0.025950
         -0.076299       -0.026287       -0.046624
         -0.037276        0.019895       -0.064578
          0.000122        0.067202       -0.077604
          0.031525        0.113825       -0.083269
          0.053340        0.153383       -0.080694
          0.063446        0.176364       -0.071654
          0.061039        0.173313       -0.059739
          0.046517        0.138553       -0.048868
          0.022506        0.073978       -0.042369
         -0.005311       -0.009458       -0.041833
         -0.029703       -0.094796       -0.045708
         -0.044718       -0.164861       -0.049931
         -0.046951       -0.206866       -0.051603
         -0.035263       -0.214482       -0.052216
         -0.011034       -0.188275       -0.056805
          0.021438       -0.134488       -0.070362
          0.056153       -0.062108       -0.095043
          0.087285        0.019796       -0.128548
          0.109722        0.102544       -0.162948
          0.119073        0.177440       -0.186406
          0.112872        0.236776       -0.189517
          0.091992        0.275668       -0.171644
          0.060322        0.292615       -0.141112
          0.023371        0.288898       -0.110130
         -0.012601        0.268163       -0.089806
         -0.041291        0.235570       -0.086720
         -0.057667        0.195875       -0.099518
         -0.059097        0.152445       -0.117976
         -0.045832        0.108729       -0.128084
         -0.021265        0.069783       -0.119487
          0.008692        0.041261       -0.088056
          0.037742        0.026959       -0.033877
          0.061227        0.026775        0.039394
          0.076709        0.035166        0.123723
          0.083902        0.041110        0.208871
          0.084162        0.031303        0.285912
          0.078713       -0.004689        0.346959
          0.067018       -0.070716        0.383389
          0.047533       -0.162784        0.388559
          0.019875       -0.269599        0.362795
         -0.014021       -0.375003        0.313846
         -0.049953       -0.461755        0.253251
         -0.081858       -0.514951        0.193704
         -0.102868       -0.524654        0.147009
         -0.107405       -0.488332        0.119627
         -0.093641       -0.412207        0.108902
         -0.064965       -0.310009        0.105175
         -0.029345       -0.199441        0.097914
          0.003070       -0.097842        0.079705
          0.022699       -0.018072        0.047085
          0.023322        0.034633        0.001448
          0.004940        0.063643       -0.050396
         -0.025274        0.078929       -0.099189
         -0.055963        0.092894       -0.138007
         -0.076647        0.116051       -0.163559
         -0.081251        0.153877       -0.174080
         -0.069195        0.205109       -0.168564
         -0.045053        0.261924       -0.147862
         -0.016702        0.312509       -0.114154
          0.008270        0.345107       -0.069402
          0.025965        0.351525       -0.016421
          0.036840        0.328919        0.038646
          0.043573        0.279856        0.086954
          0.048684        0.211125        0.120389
          0.053568        0.131566        0.133781
          0.058096        0.049575        0.125282
          0.060189       -0.028428        0.097140
          0.056749       -0.097633        0.056220
          0.046151       -0.153533        0.011696
          0.029633       -0.191543       -0.029147
          0.010024       -0.207939       -0.063126
         -0.009959       -0.201042       -0.090120
         -0.027575       -0.172297       -0.111388
         -0.039460       -0.127245       -0.128919
         -0.042644       -0.074942       -0.144260
         -0.036150       -0.024911       -0.156391
         -0.021296        0.016340       -0.161632
         -0.001334        0.046746       -0.156669
          0.018483        0.068232       -0.140966
          0.031830        0.085116       -0.116014
          0.034330        0.101228       -0.083992
          0.026342        0.116766       -0.047984
          0.012563        0.127294       -0.011593
         -0.001038        0.125645        0.023200
         -0.009998        0.105184        0.056843
         -0.012372        0.062975        0.089914
         -0.008683        0.002151        0.120931
         -0.001460       -0.067513        0.147102
          0.006096       -0.131804        0.166012
          0.011980       -0.176377        0.175725
          0.015927       -0.191085        0.174571
          0.017894       -0.172784        0.162333
          0.016810       -0.126113        0.140866
          0.011715       -0.061952        0.112215
          0.003683        0.006336        0.076454
         -0.004499        0.067125        0.032373
         -0.010358        0.112937       -0.020049
         -0.012698        0.140592       -0.078492
         -0.011414        0.150354       -0.139041
         -0.007790        0.144823       -0.196874
         -0.004254        0.127619       -0.246332
         -0.001933        0.102504       -0.281981
          0.001414        0.073408       -0.300900
          0.009516        0.044466       -0.303263
          0.023672        0.019283       -0.289781
          0.041390        0.000248       -0.259665
          0.057967       -0.011368       -0.212176
          0.068236       -0.015043       -0.148683
          0.067852       -0.010963       -0.071972
          0.055115       -0.000113        0.014190
          0.032206        0.015414        0.102800
          0.003835        0.031702        0.183169
         -0.025657        0.042852        0.245497
         -0.053601        0.042654        0.285266
         -0.078084        0.027711        0.302718
         -0.097106       -0.000185        0.300929
         -0.109030       -0.034196        0.285837
         -0.112917       -0.064985        0.264859
         -0.107974       -0.084813        0.242356
         -0.093638       -0.091895        0.217367
         -0.071192       -0.092385        0.186839
         -0.044737       -0.097479        0.149578
         -0.019595       -0.116945        0.106624
          0.000230       -0.153537        0.060297
          0.012800       -0.200965        0.014406
          0.017592       -0.245263       -0.026429
          0.015439       -0.269415       -0.059443
          0.008571       -0.260585       -0.085057
         -0.000811       -0.216073       -0.104639
         -0.011915       -0.143857       -0.117598
         -0.024101       -0.058296       -0.121358
         -0.034516        0.025274       -0.113546
         -0.038471        0.094958       -0.093782
         -0.032407        0.145356       -0.064625
         -0.015808        0.178061       -0.032435
          0.008972        0.198607       -0.007117
          0.037052        0.212047        0.000987
          0.061681        0.220864       -0.014194
          0.077045        0.225696       -0.051667
          0.081629        0.226156       -0.103966
          0.078150        0.220625       -0.159517
          0.070060        0.206743       -0.205310
          0.058897        0.183033       -0.230376
          0.044668        0.149666       -0.229824
          0.027217        0.108008       -0.206829
          0.007102        0.060873       -0.170631
         -0.013319        0.013585       -0.132486
         -0.029184       -0.026753       -0.102435
         -0.035018       -0.054299       -0.086722
         -0.028524       -0.066694       -0.085072
         -0.012563       -0.064394       -0.090133
          0.006549       -0.048949       -0.091040
          0.022374       -0.022403       -0.078380
          0.030847        0.012621       -0.046956
          0.031430        0.052871        0.003278
          0.027045        0.093540        0.066814
          0.022431        0.126537        0.134046
          0.021363        0.140652        0.194907
          0.024628        0.125709        0.241721
          0.030247        0.078550        0.269512
          0.035224        0.006234        0.275379
          0.036997       -0.075522        0.258329
          0.033901       -0.147005        0.219261
          0.025296       -0.190374        0.161214
          0.011802       -0.195701        0.090206
         -0.004768       -0.164728        0.015807
         -0.022040       -0.109384       -0.049615
         -0.037700       -0.045729       -0.093130
         -0.049422        0.012189       -0.104630
         -0.054724        0.055129       -0.080413
         -0.051799        0.078765       -0.025252
         -0.040818        0.083190        0.048314
         -0.024225        0.072008        0.123338
         -0.006103        0.050274        0.183268
          0.008298        0.022418        0.216684
          0.013398       -0.007882        0.220573
          0.005497       -0.036927        0.200658
         -0.014897       -0.062114        0.167943
         -0.042662       -0.084152        0.133133
         -0.069453       -0.106412        0.102533
         -0.085835       -0.131215        0.077114
         -0.084118       -0.157579        0.053636
         -0.061672       -0.182275        0.027289
         -0.022967       -0.200838       -0.004173
          0.021333       -0.207239       -0.037652
          0.058079       -0.195571       -0.066501
          0.076497       -0.164259       -0.084996
          0.072139       -0.117735       -0.091095
          0.048415       -0.063429       -0.086999
          0.015158       -0.008750       -0.079033
         -0.015336        0.038729       -0.075548
         -0.033168        0.071558       -0.082008
         -0.034066        0.085975       -0.097205
         -0.019395        0.084262       -0.114247
          0.006259        0.071988       -0.124243
          0.037678        0.054449       -0.119342
          0.070189        0.036956       -0.095500
          0.099498        0.025216       -0.055333
          0.121028        0.021648       -0.008250
          0.129536        0.022438        0.033446
          0.119921        0.020912        0.059191
          0.089653        0.012961        0.062593
          0.041456       -0.001962        0.042714
         -0.016286       -0.021982        0.005236
         -0.072210       -0.041559       -0.038597
         -0.115987       -0.051061       -0.076404
         -0.141442       -0.041581       -0.099410
         -0.147843       -0.010727       -0.104428
         -0.139151        0.037344       -0.093772
         -0.121237        0.095811       -0.074349
         -0.098416        0.156678       -0.054891
         -0.071939        0.210104       -0.041593
         -0.041468        0.246286       -0.035847
         -0.007475        0.259035       -0.036073
          0.027405        0.246155       -0.040712
          0.058049        0.207128       -0.049313
          0.077732        0.143411       -0.062328
          0.080858        0.061489       -0.080687
          0.066122       -0.027091       -0.104326
          0.037655       -0.110227       -0.130033
          0.003858       -0.178767       -0.151324
         -0.024929       -0.226244       -0.161297
         -0.039496       -0.248734       -0.155566
         -0.035135       -0.246803       -0.132874
         -0.013622       -0.225547       -0.094596
          0.017640       -0.190985       -0.044681
          0.048847       -0.147479        0.010901
          0.071437       -0.099222        0.065768
          0.080670       -0.051905        0.114060
          0.076827       -0.011029        0.150020
          0.064655        0.020065        0.168430
          0.050554        0.038792        0.167037
          0.038935        0.041556        0.148491
          0.030685        0.025712        0.119534
          0.024271       -0.007144        0.088570
          0.017073       -0.050869        0.063485
          0.006204       -0.096307        0.049489
         -0.009717       -0.131822        0.046875
         -0.028836       -0.144727        0.050777
         -0.047145       -0.126200        0.054273
         -0.061290       -0.076419        0.052504
         -0.069457       -0.004735        0.044471
         -0.070619        0.074674        0.032399
         -0.064935        0.147161        0.020665
         -0.054498        0.200582        0.014225
         -0.041861        0.228130        0.015250
         -0.027832        0.229856        0.020060
         -0.011876        0.210715        0.020273
          0.005673        0.176871        0.007531
          0.022942        0.134005       -0.022829
          0.037615        0.088083       -0.070455
          0.047318        0.045907       -0.128742
          0.049368        0.013929       -0.184769
          0.042047       -0.003652       -0.223776
          0.026737       -0.006130       -0.235903
          0.007675        0.003161       -0.219011
         -0.010957        0.016843       -0.176940
         -0.026952        0.025236       -0.117728
         -0.039381        0.020398       -0.052651
         -0.047881        0.000044        0.006799
         -0.053335       -0.031686        0.052999
         -0.057461       -0.066361        0.083049
         -0.060328       -0.094116        0.096439
         -0.059442       -0.106650        0.094183
         -0.052329       -0.100387        0.080566
         -0.038979       -0.077906        0.063216
         -0.021328       -0.046186        0.049524
         -0.002155       -0.013314        0.043629
          0.014707        0.013964        0.046851
          0.025329        0.031429        0.058051
          0.028727        0.037660        0.071496
          0.028142        0.033265        0.076940
          0.028306        0.019639        0.065241
          0.031999       -0.001607        0.033795
          0.039062       -0.028340       -0.013749
          0.046782       -0.057284       -0.069672
          0.050387       -0.083512       -0.122002
          0.044873       -0.100778       -0.156303
          0.028397       -0.103284       -0.162585
          0.004535       -0.087975       -0.140418
         -0.018938       -0.055759       -0.096305
         -0.033848       -0.011357       -0.038658
         -0.035145        0.037726        0.023499
         -0.022633        0.083168        0.081149
         -0.001223        0.118441        0.128717
          0.020561        0.140503        0.165867
          0.034645        0.149464        0.194024
          0.038117        0.147091        0.212582
          0.034452        0.135704        0.220184
          0.030418        0.117829        0.217932
          0.031870        0.095999        0.208941
          0.040926        0.072371        0.195601
          0.054704        0.048419        0.179463
          0.066150        0.024751        0.162811
          0.067657        0.000488        0.147476
          0.055595       -0.027721        0.132373
          0.032337       -0.065107        0.114937
          0.004636       -0.115454        0.094944
         -0.019633       -0.177335        0.074579
         -0.034475       -0.242888        0.055197
         -0.038042       -0.299002        0.036706
         -0.033381       -0.329834        0.019821
         -0.026642       -0.321496        0.006122
         -0.023640       -0.268651       -0.004312
         -0.027249       -0.178780       -0.013069
         -0.036876       -0.070451       -0.021266
         -0.049565        0.032847       -0.029461
         -0.061978        0.109531       -0.039605
         -0.072201        0.146112       -0.054580
         -0.080080        0.142093       -0.074991
         -0.086036        0.110291       -0.097703
         -0.089591        0.070562       -0.117576
         -0.088777        0.040950       -0.129283
         -0.080902        0.032083       -0.127930
         -0.064479        0.045761       -0.110592
         -0.040891        0.075733       -0.078775
         -0.014186        0.110785       -0.038538
          0.010972        0.140182        0.002641
          0.031578        0.158160        0.039054
          0.047169        0.164115        0.067433
          0.058889        0.159724        0.086254
          0.067616        0.146672        0.095265
          0.072652        0.126329        0.094793
          0.071852        0.099944        0.084529
          0.063057        0.068557        0.063475
          0.046209        0.033801        0.031783
          0.024787       -0.000400       -0.007707
          0.004940       -0.028059       -0.050201
         -0.007373       -0.044345       -0.090797
         -0.008838       -0.048303       -0.125638
          0.000652       -0.042364       -0.152402
          0.018542       -0.030923       -0.170563
          0.040397       -0.019983       -0.180905
          0.061260       -0.015517       -0.184417
          0.077501       -0.019578       -0.181881
          0.087712       -0.028358       -0.174511
          0.091860       -0.034798       -0.164387
          0.090078       -0.032283       -0.153924
          0.082591       -0.016200       -0.145055
          0.069945        0.015031       -0.138584
          0.052357        0.058228       -0.133587
          0.029469        0.105763       -0.127423
          0.001822        0.149067       -0.117039
         -0.027964        0.181627       -0.100552
         -0.056383        0.198955       -0.077669
         -0.080546        0.197991       -0.049460
         -0.097852        0.178244       -0.018493
         -0.105671        0.142911        0.011403
         -0.102761        0.098061        0.036624
         -0.090300        0.051093        0.055258
         -0.070863        0.009515        0.067272
         -0.047266       -0.021202        0.074290
         -0.022786       -0.040700        0.079786
         -0.001073       -0.054796        0.088176
          0.015191       -0.072346        0.102044
          0.024940       -0.099630        0.119868
          0.027714       -0.136054        0.136391
          0.023013       -0.173627        0.144575
          0.011301       -0.200060        0.137732
         -0.004926       -0.203914        0.112393
         -0.021481       -0.179990        0.071393
         -0.033633       -0.132578        0.024398
         -0.037356       -0.073946       -0.015171
         -0.030821       -0.018351       -0.034507
         -0.015772        0.024181       -0.025138
          0.002341        0.050401        0.014192
          0.016111        0.062891        0.076137
          0.019390        0.067520        0.146056
          0.010369        0.069797        0.205775
         -0.007501        0.070898        0.238423
         -0.027262        0.066348        0.233205
         -0.041508        0.049126        0.188706
         -0.045443        0.014566        0.113386
         -0.039175       -0.036617        0.023151
         -0.027642       -0.097639       -0.063080
         -0.017261       -0.156280       -0.128759
         -0.011627       -0.197746       -0.164249
         -0.009717       -0.210335       -0.168210
         -0.007163       -0.190887       -0.145511
          0.001171       -0.145939       -0.104153
          0.018482       -0.088617       -0.053188
          0.043886       -0.034389       -0.001101
          0.072083        0.003115        0.045714
          0.095433        0.016698        0.083116
          0.107148        0.008509        0.108028
          0.103594       -0.011694        0.118325
          0.084758       -0.031611        0.114330
          0.053635       -0.040686        0.099095
          0.015776       -0.032694        0.076483
         -0.021265       -0.007924        0.049869
         -0.049742        0.026055        0.022717
         -0.064222        0.057172       -0.001300
         -0.063023        0.073986       -0.019686
         -0.048387        0.069781       -0.031818
         -0.026165        0.044409       -0.038017
         -0.004328        0.004581       -0.039111
          0.010300       -0.037686       -0.037528
          0.015107       -0.069314       -0.037567
          0.011914       -0.081436       -0.043338
          0.004652       -0.072281       -0.056854
         -0.002960       -0.046457       -0.078601
         -0.008457       -0.012247       -0.108630
         -0.011231        0.021625       -0.145679
         -0.012906        0.049384       -0.186102
         -0.016176        0.070399       -0.224969
         -0.022302        0.088281       -0.257626
         -0.029827        0.107329       -0.279553
         -0.035589        0.129109       -0.286250
         -0.036244        0.151091       -0.275002
         -0.029385        0.167515       -0.246326
         -0.015149        0.172119       -0.202789
          0.002468        0.161714       -0.147259
          0.016942        0.138434       -0.083416
          0.022969        0.108923       -0.017161
          0.019498        0.080911        0.044041
          0.009764        0.059304        0.093285
         -0.000970        0.044022        0.125355
         -0.007974        0.030745        0.137243
         -0.009006        0.014082        0.129600
         -0.005546       -0.008806        0.107509
         -0.002251       -0.036271        0.078241
         -0.003813       -0.062878        0.047919
         -0.011491       -0.082268        0.020632
         -0.022478       -0.090753       -0.000375
         -0.031690       -0.089681       -0.011983
         -0.033554       -0.085056       -0.011100
         -0.023744       -0.084596        0.005575
         -0.001695       -0.093993        0.040544
          0.027868       -0.114396        0.092528
          0.056535       -0.142236        0.154121
          0.075793       -0.171028        0.212743
          0.079896       -0.193913        0.254323
          0.067236       -0.205967        0.267911
          0.040795       -0.205522        0.250052
          0.007349       -0.193949        0.207063
         -0.025152       -0.174433        0.153310
         -0.050758       -0.151094        0.106027
         -0.066762       -0.128557        0.079303
         -0.072455       -0.110795        0.079473
         -0.067562       -0.099332        0.103310
         -0.052180       -0.092354        0.139864
         -0.027447       -0.085223        0.174948
          0.004443       -0.071870        0.195793
          0.040342       -0.047157        0.194239
          0.075656       -0.009928        0.168353
          0.104502        0.035343        0.122234
          0.121632        0.079970        0.063759
          0.124484        0.114668        0.001328
          0.113196        0.133406       -0.058480
          0.089477        0.136008       -0.111681
          0.056451        0.128167       -0.156680
          0.018748        0.118594       -0.193454
         -0.019005        0.115013       -0.222114
         -0.053940        0.121351       -0.241860
         -0.084427        0.137038       -0.251469
         -0.108415        0.158194       -0.250566
         -0.123514        0.180035       -0.239928
         -0.128456        0.199133       -0.220657
         -0.123594        0.213723       -0.193386
         -0.110340        0.221985       -0.158065
         -0.091053        0.220405       -0.114233
         -0.069121        0.203854       -0.061947
         -0.047798        0.167076       -0.003214
         -0.028368        0.107051        0.057297
         -0.010126        0.025917        0.113288
          0.007479       -0.067190        0.159015
          0.023521       -0.157585        0.191032
          0.036711       -0.229567        0.208418
          0.046586       -0.271182        0.211598
          0.053010       -0.276879        0.200847
          0.055772       -0.248136        0.175726
          0.055394       -0.192853        0.135559
          0.053224       -0.123078        0.080522
          0.050256       -0.051186        0.013268
          0.046973        0.013160       -0.059903
          0.044824        0.063585       -0.130095
          0.046628        0.096790       -0.188653
          0.054390        0.113155       -0.229195
          0.066747        0.116529       -0.248267
          0.078703        0.111912       -0.246058
          0.083489        0.103325       -0.226692
          0.075017        0.093672       -0.196552
          0.050411        0.084920       -0.161792
          0.012192        0.077347       -0.127456
         -0.031618        0.069503       -0.097669
         -0.070744        0.059865       -0.074888
         -0.097345        0.048374       -0.058958
         -0.108546        0.036331       -0.047916
         -0.105712        0.025639       -0.039576
         -0.092462        0.018974       -0.031720
         -0.073142        0.020202       -0.021796
         -0.051530        0.033044       -0.008069
         -0.029876        0.058191        0.008829
         -0.009292        0.091578        0.026171
          0.008775        0.125061        0.040613
          0.022123        0.148229        0.049194
          0.029239        0.151056        0.050275
          0.030754        0.127909        0.045211
          0.029061        0.080944        0.039182
          0.026823        0.019671        0.039352
          0.026045       -0.043184        0.051385
          0.027629       -0.096323        0.076875
          0.030779       -0.132465        0.112806
          0.033198       -0.148720        0.152521
          0.032874       -0.145878        0.187624
          0.029807       -0.127462        0.210620
          0.025631       -0.098556        0.217547
          0.021824       -0.064855        0.208824
          0.018671       -0.032874        0.187301
          0.015594       -0.010526        0.155511
          0.011869       -0.005435        0.115058
          0.007312       -0.020879        0.067770
          0.003012       -0.053150        0.016302
          0.001423       -0.092803       -0.035645
          0.004828       -0.127853       -0.082195
          0.012844       -0.146893       -0.115302
          0.021282       -0.142828       -0.128362
          0.023874       -0.116442       -0.120594
          0.015828       -0.075996       -0.097510
         -0.003301       -0.032156       -0.068003
         -0.028884        0.006976       -0.041690
         -0.052520        0.037118       -0.026309
         -0.065146        0.057085       -0.023660
         -0.061383        0.068260       -0.027514
         -0.042732        0.073288       -0.027548
         -0.016908        0.073807       -0.016191
          0.006225        0.069975        0.007832
          0.018923        0.062676        0.039661
          0.018131        0.055022        0.069194
          0.006426        0.050646        0.083648
         -0.009058        0.050754        0.073561
         -0.020059        0.053088        0.038279
         -0.021194        0.053094       -0.014318
         -0.011932        0.045831       -0.072317
          0.004179        0.028130       -0.123313
          0.021642        0.001009       -0.156373
          0.034909       -0.029304       -0.164820
          0.039625       -0.053782       -0.148597
          0.033615       -0.065250       -0.113089
          0.017526       -0.061335       -0.065799
         -0.005491       -0.044258       -0.014900
         -0.030715       -0.019555        0.030501
         -0.052476        0.005236        0.061833
         -0.064944        0.023040        0.074150
         -0.064186        0.030150        0.067352
         -0.050491        0.026939        0.044854
         -0.028382        0.016222        0.012424
         -0.004200        0.001607       -0.022245
          0.016236       -0.013303       -0.051433
          0.028857       -0.025936       -0.070294
          0.032544       -0.035947       -0.077542
          0.029803       -0.045349       -0.073610
          0.025023       -0.057422       -0.059187
          0.021395       -0.075336       -0.035297
          0.019626       -0.100816       -0.003523
          0.018721       -0.132709        0.034102
          0.016814       -0.165920        0.074629
          0.011963       -0.191711        0.113450
          0.003758       -0.199972        0.144631
         -0.005610       -0.182959        0.162779
         -0.012456       -0.138723        0.165285
         -0.013866       -0.072326        0.153258
         -0.009151        0.005379        0.130519
          0.000114        0.080387        0.101799
          0.010822        0.139135        0.071330
          0.019229        0.172353        0.041476
          0.021890        0.177270        0.011524
          0.016837        0.157106       -0.021305
          0.004335        0.119170       -0.058508
         -0.013637        0.073042       -0.098134
         -0.034499        0.028656       -0.135476
         -0.055419       -0.005877       -0.164231
         -0.073258       -0.025596       -0.177209
         -0.085179       -0.028673       -0.168703
         -0.089517       -0.015987       -0.137848
         -0.085906        0.009267       -0.089357
         -0.074752        0.042612       -0.031625
         -0.056861        0.079744        0.024793
         -0.033455        0.116979        0.068511
         -0.006014        0.150504        0.090669
          0.024272        0.175807        0.088664
          0.056592        0.187862        0.066643
          0.089388        0.181848        0.033225
          0.119221        0.154871       -0.000768
          0.141218        0.108478       -0.024726
          0.150559        0.049720       -0.031774
          0.143597       -0.010661       -0.021078
          0.118983       -0.061332        0.003326
          0.079331       -0.093315        0.035310
          0.031666       -0.102774        0.068310
         -0.014984       -0.092311        0.096431
         -0.053099       -0.068853        0.116105
         -0.078603       -0.039748        0.126832
         -0.091123       -0.010400        0.130085
         -0.093526        0.016149        0.128179
         -0.090236        0.038983        0.124116
         -0.084448        0.058263        0.120866
         -0.076451        0.073271        0.119613
         -0.064647        0.081505        0.118930
         -0.047944        0.079929        0.115610
         -0.027434        0.066743        0.105691
         -0.006686        0.041972        0.085308
          0.009317        0.007234        0.052384
          0.016584       -0.034378        0.008423
          0.014720       -0.078482       -0.041493
          0.007716       -0.120262       -0.090266
          0.002010       -0.155540       -0.130190
          0.002980       -0.181129       -0.154378
          0.011977       -0.194803       -0.159095
          0.025579       -0.195916       -0.145361
          0.037433       -0.185940       -0.117845
          0.041641       -0.167487       -0.082600
          0.035871       -0.142733       -0.045930
          0.022542       -0.113197       -0.013543
          0.007317       -0.080337        0.011035
         -0.004243       -0.045468        0.026718
         -0.009576       -0.009791        0.032911
         -0.009765        0.024515        0.028598
         -0.007951        0.053847        0.014050
         -0.006785        0.074749       -0.008180
         -0.006446        0.085754       -0.034851
         -0.004491        0.087735       -0.063231
          0.002077        0.083555       -0.090600
          0.013731        0.077735       -0.114632
          0.026669        0.075154       -0.134743
          0.034028        0.078554       -0.151141
          0.029457        0.086973       -0.161890
          0.010699        0.096790       -0.162149
         -0.018732        0.103924       -0.146565
         -0.050331        0.104825       -0.111731
         -0.073836        0.096652       -0.057226
         -0.081849        0.078344        0.013391
         -0.072996        0.051445        0.091632
         -0.051444        0.018798        0.165346
         -0.024033       -0.017025        0.222574
          0.002695       -0.053026        0.254857
          0.024815       -0.084681        0.257661
          0.042260       -0.107103        0.229830
          0.057737       -0.116727        0.174491
          0.073617       -0.111268        0.099800
          0.089408       -0.089737        0.017075
          0.101697       -0.054423       -0.061934
          0.105900       -0.012491       -0.126161
          0.098549        0.025636       -0.166513
          0.079575        0.049584       -0.179143
          0.053473        0.051172       -0.167491
          0.027605        0.025970       -0.139766
          0.008210       -0.024153       -0.104441
         -0.002661       -0.089657       -0.067947
         -0.007444       -0.156166       -0.034305
         -0.011349       -0.209474       -0.004588
         -0.019428       -0.238436        0.022631
         -0.033240       -0.236204        0.048234
         -0.049557       -0.202383        0.069847
         -0.062538       -0.144001        0.083293
         -0.067328       -0.072205        0.086258
         -0.062390        0.002304        0.079589
         -0.049872        0.070700        0.066465
         -0.034124        0.125925        0.052215
         -0.018965        0.164016        0.043560
         -0.005688        0.184734        0.045166
          0.006472        0.189509        0.056535
          0.018173        0.179944        0.072684
          0.028093        0.159136        0.086439
          0.032719        0.132824        0.089540
          0.028120        0.107863        0.074071
          0.012785        0.090131        0.035568
         -0.010476        0.083757       -0.024682
         -0.034877        0.090269       -0.099916
         -0.052193        0.106981       -0.179325
         -0.056584        0.127060       -0.249589
         -0.047884        0.142498       -0.297561
         -0.031969        0.147293       -0.314263
         -0.017592        0.138480       -0.297741
         -0.011810        0.116124       -0.252994
         -0.016400        0.083346       -0.190121
         -0.026798        0.045086       -0.121992
         -0.034667        0.005596       -0.060811
         -0.033374       -0.032586       -0.014052
         -0.022772       -0.067320        0.017421
         -0.009842       -0.096066        0.038055
         -0.004804       -0.117012        0.055316
         -0.014955       -0.129709        0.077392
         -0.039605       -0.134079        0.109980
         -0.069212       -0.130178        0.153316
         -0.089305       -0.119408        0.202205
         -0.087028       -0.104527        0.248657
         -0.057267       -0.088079        0.284328
         -0.005364       -0.072136        0.302274
          0.055487       -0.059559        0.299125
          0.110489       -0.053418        0.276385
          0.148745       -0.054329        0.238953
          0.165781       -0.059655        0.192210
          0.163770       -0.065671        0.140128
          0.149556       -0.069125        0.084571
          0.130503       -0.066861        0.025038
          0.110981       -0.056560       -0.040477
          0.092437       -0.039085       -0.112874
          0.075532       -0.018378       -0.188876
          0.060998        0.001837       -0.260148
          0.049249        0.019715       -0.315718
          0.040416        0.033791       -0.345943
          0.034098        0.042854       -0.345918
          0.027979        0.048317       -0.317683
          0.017383        0.054058       -0.270377
         -0.002309        0.062541       -0.216876
         -0.032362        0.072774       -0.168051
         -0.069649        0.082232       -0.128645
         -0.108022        0.088343       -0.097159
         -0.140285        0.087730       -0.068670
         -0.160027        0.077176       -0.038430
         -0.163611        0.057108       -0.005016
         -0.151447        0.032170        0.028090
         -0.126986        0.007050        0.053894
         -0.094149       -0.016327        0.066231
         -0.056044       -0.036800        0.064150
         -0.015835       -0.052111        0.052943
          0.022647       -0.060342        0.041745
          0.055925       -0.060315        0.039928
          0.081706       -0.049522        0.053431
          0.098440       -0.024928        0.081754
          0.105294        0.012483        0.117925
          0.102957        0.056087        0.152193
          0.093185        0.097016        0.176479
          0.076991        0.127203        0.186688
          0.054218        0.140187        0.182956
          0.025264        0.133119        0.168767
         -0.007571        0.109384        0.149097
         -0.040673        0.077469        0.128364
         -0.070411        0.046535        0.109536
         -0.094142        0.023156        0.094408
         -0.111160        0.010338        0.083717
         -0.123069        0.007085        0.076628
         -0.132338        0.008900        0.070457
         -0.139786        0.010546        0.061226
         -0.143383        0.009365        0.044838
         -0.139284        0.006250        0.018698
         -0.124104        0.004088       -0.016601
         -0.097121        0.005491       -0.056643
         -0.061393        0.010793       -0.094449
         -0.022970        0.017163       -0.123218
          0.011708        0.019875       -0.138850
          0.038711        0.015076       -0.140884
          0.058099        0.001935       -0.132033
          0.073325       -0.017093       -0.116946
          0.088925       -0.037688       -0.100238
          0.107436       -0.056009       -0.084679
          0.127324       -0.070734       -0.071098
          0.143433       -0.083442       -0.059659
          0.149617       -0.096956       -0.050622
          0.141590       -0.112936       -0.044207
          0.118693       -0.130794       -0.040529
          0.084512       -0.148400       -0.039603
          0.046213       -0.163198       -0.040753
          0.012131       -0.173162       -0.041880
         -0.011367       -0.178118       -0.039815
         -0.021703       -0.180493       -0.031703
         -0.020150       -0.183722       -0.016144
         -0.011378       -0.189402        0.006496
         -0.002346       -0.196334        0.034135
          0.000613       -0.201656        0.063269
         -0.004729       -0.201490        0.089995
         -0.015468       -0.191140        0.111620
         -0.025483       -0.167242        0.127559
         -0.028120       -0.130696        0.138664
         -0.018736       -0.086352        0.145899
          0.002492       -0.039876        0.149818
          0.029131        0.003795        0.150741
          0.050988        0.040360        0.148850
          0.059213        0.068085        0.144407
          0.049936        0.090113        0.138346
          0.025034        0.112019        0.132151
         -0.008555        0.136678        0.126349
         -0.040925        0.163348        0.119038
         -0.063335        0.190162        0.106217
         -0.072027        0.214103        0.083930
         -0.068565        0.229994        0.050782
         -0.057374        0.233657        0.009360
         -0.043360        0.225752       -0.034147
         -0.030326        0.210097       -0.071963
         -0.019719        0.190037       -0.097930
         -0.010586        0.168927       -0.110798
         -0.001391        0.151307       -0.115228
          0.007827        0.139909       -0.118837
          0.014977        0.132833       -0.127433
          0.017252        0.125898       -0.142198
          0.012765        0.116143       -0.159643
          0.001485        0.101774       -0.173024
         -0.014322        0.081581       -0.175336
         -0.030339        0.056950       -0.163803
         -0.041871        0.032719       -0.142432
         -0.046104        0.013807       -0.119490
         -0.042966        0.001745       -0.102160
         -0.034463       -0.004753       -0.092926
         -0.023700       -0.007813       -0.088661
         -0.013654       -0.010250       -0.081110
         -0.005586       -0.015279       -0.059587
          0.001628       -0.024324       -0.016693
          0.010553       -0.035931        0.046502
          0.023857       -0.047783        0.120312
          0.043227       -0.059047        0.190427
          0.068333       -0.070498        0.242176
          0.096551       -0.083610        0.264280
          0.124033       -0.100003        0.252804
          0.146817       -0.120671        0.212926
          0.160931       -0.144481        0.156069
          0.162559       -0.166919        0.094645
          0.149024       -0.180605        0.038364
          0.119510       -0.178130       -0.007262
          0.075215       -0.155533       -0.041266
          0.019986       -0.113906       -0.065969
         -0.039222       -0.058952       -0.083937
         -0.093878       -0.000027       -0.095242
         -0.136852        0.052016       -0.097201
         -0.164281        0.089126       -0.086495
         -0.175626        0.109366       -0.061924
         -0.173203        0.115563       -0.025927
         -0.161320        0.111598        0.015979
         -0.144190        0.100889        0.056923
         -0.123889        0.086399        0.090319
         -0.100519        0.069247        0.111554
         -0.073988        0.047924        0.119437
         -0.045119        0.021141        0.115540
         -0.015833       -0.008945        0.101509
          0.010694       -0.037606        0.077794
          0.030574       -0.060210        0.045159
          0.041139       -0.072677        0.006013
          0.042718       -0.071670       -0.036091
          0.038489       -0.057344       -0.076644
          0.032719       -0.035425       -0.109595
          0.028757       -0.014702       -0.128948
          0.027661       -0.002311       -0.132605
          0.028002       -0.001143       -0.124129
          0.027154       -0.009197       -0.110590
          0.023500       -0.019316       -0.099535
          0.018126       -0.020727       -0.097225
          0.014714       -0.003972       -0.106737
          0.017564        0.033493       -0.125490
          0.028927        0.085562       -0.145192
          0.047314        0.140441       -0.155805
          0.067844        0.185040       -0.150025
          0.084306        0.208378       -0.124486
          0.091572        0.204609       -0.079218
          0.087319        0.175501       -0.018411
          0.072850        0.129465        0.049166
          0.052690        0.076511        0.112855
          0.032663        0.023918        0.163378
          0.017558       -0.023991        0.193374
          0.010037       -0.064803        0.197499
          0.010455       -0.098341        0.175050
          0.016456       -0.126074        0.132171
          0.023172       -0.148512        0.079861
          0.025237       -0.164239        0.029651
          0.019283       -0.172236       -0.009112
          0.004873       -0.173639       -0.030438
         -0.015840       -0.170301       -0.033279
         -0.038624       -0.162863       -0.022419
         -0.058497       -0.151057       -0.006180
         -0.072353       -0.134606        0.007785
         -0.080767       -0.112860        0.014598
         -0.086918       -0.084762        0.011640
         -0.093824       -0.050682       -0.001273
         -0.102327       -0.013795       -0.020587
         -0.110398        0.021543       -0.040027
         -0.113482        0.052542       -0.054313
         -0.106494        0.078339       -0.061309
         -0.087052        0.098554       -0.061034
         -0.057505        0.112776       -0.054773
         -0.024025        0.120805       -0.045407
          0.006441        0.121788       -0.036172
          0.029253        0.113348       -0.027949
          0.043473        0.093111       -0.019126
          0.051307        0.061665       -0.008604
          0.056389        0.023422        0.002352
          0.061626       -0.015471        0.011331
          0.067298       -0.049391        0.016354
          0.070791       -0.074067        0.016344
          0.068679       -0.087573        0.011867
          0.059396       -0.091710        0.005951
          0.044272       -0.090984        0.002810
          0.026890       -0.088900        0.004674
          0.011656       -0.085704        0.009973
          0.001841       -0.079675        0.014706
         -0.002166       -0.068886        0.015163
         -0.002804       -0.051344        0.009725
         -0.003265       -0.025730       -0.000343
         -0.004993        0.006496       -0.010593
         -0.006624        0.041001       -0.014694
         -0.005193        0.073404       -0.007611
          0.001081        0.101148        0.011945
          0.010538        0.122691        0.041633
          0.018068        0.136930        0.076577
          0.017190        0.143897        0.110122
          0.003027        0.144175        0.135223
         -0.024703        0.137050        0.146397
         -0.060245        0.120598        0.140354
         -0.093819        0.093856        0.115544
         -0.116320        0.058035        0.072504
         -0.123127        0.016287        0.014759
         -0.114859       -0.026269       -0.051483
         -0.096103       -0.062962       -0.118578
         -0.073400       -0.087975       -0.178312
         -0.052314       -0.099010       -0.222956
         -0.034646       -0.097645       -0.247592
         -0.018242       -0.088157       -0.252067
          0.000292       -0.076391       -0.240177
          0.022736       -0.068001       -0.217110
          0.048344       -0.066134       -0.187876
          0.074165       -0.070839       -0.156488
          0.095677       -0.080530       -0.124398
          0.108425       -0.092877       -0.089991
          0.110642       -0.104325       -0.051209
          0.104517       -0.110223       -0.008589
          0.094355       -0.106063        0.035062
          0.083393       -0.088159        0.076879
          0.072376       -0.053982        0.114599
          0.060135       -0.003997        0.146618
          0.044378        0.055912        0.173636
          0.022775        0.114830        0.199257
         -0.004687        0.160547        0.226523
         -0.033966        0.183755        0.253773
         -0.058529        0.180933        0.274702
         -0.072914        0.156174        0.281245
         -0.074733        0.120879        0.265584
         -0.064814        0.089426        0.222228
         -0.047433        0.072464        0.151981
         -0.029871        0.072565        0.064414
         -0.019354        0.084655       -0.025102
         -0.019121        0.099380       -0.101300
         -0.027258        0.106950       -0.152837
         -0.038363        0.100908       -0.173733
         -0.045492        0.081093       -0.164670
         -0.041996        0.053345       -0.133101
         -0.024303        0.025158       -0.089859
          0.005671        0.001010       -0.044196
          0.041002       -0.018553       -0.001757
          0.072777       -0.035033        0.033953
          0.093050       -0.050681        0.060471
          0.096694       -0.067707        0.077072
          0.082849       -0.086352        0.084326
          0.055655       -0.104009        0.081859
          0.023044       -0.118053        0.068252
         -0.006206       -0.129274        0.044013
         -0.025386       -0.141036        0.012897
         -0.031316       -0.155652       -0.020406
         -0.024342       -0.172835       -0.052138
         -0.007747       -0.190111       -0.078942
          0.012988       -0.202399       -0.098319
          0.031595       -0.202356       -0.110970
          0.043181       -0.184365       -0.120804
          0.045699       -0.149087       -0.131393
          0.039833       -0.103207       -0.143358
          0.028490       -0.055387       -0.155255
          0.016678       -0.013540       -0.165023
          0.010017        0.015886       -0.169806
          0.011205        0.029480       -0.166186
          0.017830        0.028572       -0.152161
          0.024297        0.017875       -0.128242
          0.025348        0.002227       -0.095984
          0.017927       -0.014352       -0.056480
          0.002237       -0.027066       -0.011197
         -0.017094       -0.030005        0.036410
         -0.032410       -0.018375        0.081026
         -0.037839        0.009608        0.117046
         -0.032999        0.052678        0.139781
         -0.022272        0.106348        0.146214
         -0.012136        0.162120        0.136527
         -0.009380        0.208991        0.115686
         -0.018973        0.237966        0.092232
         -0.040786        0.245494        0.073830
         -0.068320        0.232933        0.063445
         -0.091835        0.204106        0.059292
         -0.103011        0.163905        0.056879
         -0.097395        0.117601        0.050874
         -0.075289        0.069771        0.037846
         -0.042505        0.023964        0.019897
         -0.009030       -0.015707        0.004908
          0.015725       -0.043121        0.001383
          0.027579       -0.051938        0.012914
          0.028258       -0.039610        0.037052
          0.022965       -0.009647        0.066893
          0.017661        0.029167        0.092801
          0.016686        0.064814        0.105663
          0.020597        0.084881        0.101803
          0.025898        0.081121        0.084981
          0.027883        0.053984        0.062943
          0.024426        0.013425        0.042414
          0.017157       -0.024998        0.026870
          0.009656       -0.045924        0.016392
          0.005298       -0.039070        0.007614
          0.006046       -0.002768       -0.004877
          0.011472        0.054109       -0.024568
          0.018364        0.114078       -0.049811
          0.022389        0.157759       -0.074849
          0.021103        0.171564       -0.093164
          0.015559        0.151611       -0.099609
          0.009363        0.103512       -0.091543
          0.006872        0.040135       -0.070324
          0.011880       -0.022650       -0.041675
          0.026062       -0.072100       -0.013149
          0.047201       -0.102988        0.009480
          0.069354       -0.117039        0.023715
          0.085648       -0.119426        0.029485
          0.091097       -0.116039        0.028332
          0.083654       -0.111750        0.023208
          0.064593       -0.108927        0.017026
          0.038736       -0.107418        0.010330
          0.013231       -0.106332        0.001198
         -0.005176       -0.105644       -0.012370
         -0.012533       -0.106542       -0.031017
         -0.008605       -0.110914       -0.054246
          0.003249       -0.120053       -0.079687
          0.016758       -0.133188       -0.102016
          0.024437       -0.147124       -0.114825
          0.020624       -0.156697       -0.114421
          0.004485       -0.155435       -0.101282
         -0.019454       -0.137552       -0.078906
         -0.043650       -0.101305       -0.052750
         -0.060621       -0.050631       -0.028982
         -0.065455        0.006547       -0.011736
         -0.057795        0.060984       -0.001084
         -0.042157        0.103919        0.005837
         -0.025127        0.129205        0.012125
         -0.011418        0.135918        0.019651
         -0.002306        0.128578        0.028901
          0.003256        0.113907        0.038824
          0.006984        0.097536        0.047016
          0.009935        0.083040        0.051230
          0.011403        0.071333        0.051237
          0.008974        0.059379        0.048944
          0.000251        0.041288        0.046866
         -0.015021        0.012647        0.046963
         -0.034301       -0.026223        0.050213
         -0.053427       -0.070667        0.055733
         -0.068497       -0.113388        0.060351
         -0.077185       -0.145869        0.060570
         -0.079286       -0.161011        0.055617
         -0.076641       -0.156451        0.048226
         -0.072169       -0.135412        0.043000
         -0.068129       -0.104287        0.044571
         -0.064860       -0.069532        0.055696
         -0.061124       -0.035977        0.074739
         -0.055514       -0.006516        0.094791
         -0.047576        0.017569        0.106628
         -0.037948        0.036076        0.103256
         -0.027911        0.049024        0.082357
         -0.018680        0.055795        0.046435
         -0.010428        0.055547        0.002285
         -0.001522        0.049038       -0.040699
          0.010763        0.039350       -0.073984
          0.027948        0.030031       -0.092645
          0.048560        0.023070       -0.095051
          0.068542        0.018847       -0.081560
          0.082894        0.016450       -0.054974
          0.087225        0.013172       -0.021262
          0.079599        0.005368        0.011715
          0.062141       -0.008664        0.036052
          0.040235       -0.026987        0.044523
          0.019361       -0.045313        0.031964
          0.002672       -0.058999       -0.001696
         -0.009223       -0.063859       -0.050018
         -0.017593       -0.056918       -0.102502
         -0.024633       -0.037817       -0.148168
         -0.031719       -0.009130       -0.177610
         -0.037926        0.025526       -0.184988
         -0.040531        0.063658       -0.170640
         -0.037026        0.103969       -0.141153
         -0.026549        0.144957       -0.105615
         -0.009942        0.184164       -0.071702
          0.010635        0.218159       -0.044159
          0.031978        0.242028       -0.023865
          0.050587        0.249447       -0.006974
          0.063882        0.235259        0.013100
          0.070706        0.198935        0.041081
          0.070774        0.145318        0.077057
          0.064328        0.082574        0.117178
          0.052421        0.019857        0.155201
          0.036635       -0.034863        0.183939
          0.018045       -0.077296        0.197727
         -0.003007       -0.107946        0.194582
         -0.026058       -0.130297        0.175900
         -0.049873       -0.147705        0.144846
         -0.072353       -0.161636        0.105689
         -0.090437       -0.171696        0.063751
         -0.100432       -0.176371        0.024806
         -0.099395       -0.173718       -0.005784
         -0.086776       -0.162079       -0.024066
         -0.065040       -0.140763       -0.029155
         -0.038954       -0.110207       -0.024633
         -0.013908       -0.071600       -0.017834
          0.006172       -0.027014       -0.017374
          0.020203        0.019675       -0.030531
          0.029653        0.062753       -0.060526
          0.036943        0.096559       -0.104263
          0.043588        0.117469       -0.152941
          0.048813        0.124170       -0.195702
          0.049620        0.117123       -0.223126
          0.042974        0.098269       -0.229012
          0.028633        0.070225       -0.211601
          0.010055        0.035179       -0.174215
         -0.007047       -0.004621       -0.123901
         -0.017056       -0.045178       -0.069059
         -0.016835       -0.080711       -0.018307
         -0.007539       -0.105616        0.019856
          0.005637       -0.116046        0.038741
          0.016294       -0.110575        0.036066
          0.020334       -0.091055        0.015010
          0.017741       -0.062729       -0.016695
          0.012133       -0.032119       -0.048440
          0.009014       -0.004313       -0.069291
          0.013444        0.017954       -0.071718
          0.027396        0.034022       -0.054415
          0.047988        0.045236       -0.022081
          0.068407        0.054268        0.017273
          0.081318        0.063184        0.055691
          0.082059        0.072010        0.088167
          0.069968        0.079147        0.114024
          0.048514        0.082487        0.135902
          0.024292        0.080108        0.157089
          0.003977        0.070977        0.179151
         -0.009187        0.055665        0.200898
         -0.016169        0.035941        0.218675
         -0.020103        0.013180        0.228043
         -0.024040       -0.012644        0.226307
         -0.029599       -0.042441        0.213895
         -0.036151       -0.076791        0.193476
         -0.041255       -0.114634        0.168350
         -0.042704       -0.151957        0.141332
         -0.040404       -0.181676        0.113358
         -0.036357       -0.195650        0.082284
         -0.033050       -0.187501        0.044320
         -0.031711       -0.154647       -0.002175
         -0.031655       -0.099399       -0.054385
         -0.030936       -0.028967       -0.105831
         -0.027600        0.046329       -0.148171
         -0.020886        0.115925       -0.173267
         -0.011892        0.171197       -0.176862
         -0.002980        0.206514       -0.161883
          0.003917        0.219943       -0.137257
          0.008491        0.213630       -0.112937
          0.011640        0.193083       -0.095957
          0.014241        0.165452       -0.089161
          0.016257        0.137808       -0.090851
          0.016578        0.115902       -0.095524
          0.013689        0.102815       -0.097142
          0.007023        0.097496       -0.092889
         -0.002038        0.094809       -0.083619
         -0.010591        0.087794       -0.071380
         -0.015821        0.070591       -0.057740
         -0.016635        0.040547       -0.044019
         -0.014378       -0.000303       -0.031298
         -0.012178       -0.044630       -0.019862
         -0.013040       -0.081756       -0.009871
         -0.017764       -0.102249       -0.002722
         -0.024224       -0.102204       -0.000531
         -0.028554       -0.084289       -0.003958
         -0.027323       -0.055936       -0.011242
         -0.019362       -0.026610       -0.019234
         -0.006471       -0.004750       -0.024599
          0.007346        0.005242       -0.024406
          0.018024        0.003909       -0.017122
          0.023770       -0.005664       -0.003872
          0.025886       -0.020867        0.011772
          0.027664       -0.039922        0.025830
          0.032452       -0.060567        0.035908
          0.042005       -0.079857        0.041897
          0.055420       -0.094934        0.046042
          0.068907       -0.103219        0.052622
          0.077075       -0.102681        0.066272
          0.075459       -0.093324        0.089224
          0.062470       -0.078259        0.119361
          0.039583       -0.062056        0.150296
          0.010683       -0.047608        0.173174
         -0.018722       -0.034954        0.179580
         -0.043126       -0.022483        0.164676
         -0.059086       -0.007895        0.129082
         -0.065850        0.011434        0.078698
         -0.064235        0.036643        0.022974
         -0.055560        0.065080       -0.027844
         -0.041308        0.091097       -0.066004
         -0.022779        0.109418       -0.088427
         -0.000841        0.116986       -0.096554
          0.023536        0.112678       -0.095053
          0.048438        0.097510       -0.090537
          0.070821        0.075060       -0.089388
          0.087118        0.049686       -0.094855
          0.094362        0.023767       -0.105967
          0.091332       -0.002664       -0.119061
          0.079061       -0.029937       -0.129835
          0.060505       -0.057396       -0.134758
          0.039596       -0.083570       -0.132232
          0.019724       -0.106246       -0.123064
          0.002114       -0.122083       -0.109385
         -0.014525       -0.127336       -0.092688
         -0.032481       -0.119916       -0.072573
         -0.053017       -0.100525       -0.047314
         -0.075510       -0.071491       -0.015928
         -0.097726       -0.035204        0.020040
         -0.116341        0.005492        0.056517
         -0.127645        0.046201        0.087988
         -0.128854        0.081730        0.108687
         -0.119309        0.107762        0.114475
         -0.100468        0.120773        0.105330
         -0.075059        0.117547        0.085731
         -0.046588        0.097226        0.061688
         -0.019010        0.063560        0.037567
          0.004408        0.023097        0.015514
          0.022368       -0.018445       -0.004103
          0.035265       -0.056648       -0.022903
          0.043674       -0.087261       -0.043472
          0.047608       -0.107457       -0.066117
          0.046982       -0.117321       -0.086848
          0.041987       -0.117843       -0.099452
          0.033156       -0.108515       -0.098969
          0.022111       -0.088759       -0.082891
          0.012254       -0.060401       -0.051123
          0.007627       -0.026881       -0.007118
          0.010516        0.008707        0.041846
          0.020246        0.042967        0.088049
          0.033718        0.071010        0.127374
          0.046525        0.088202        0.159106
          0.054526        0.092745        0.182979
          0.055899        0.085313        0.198491
          0.052051        0.067357        0.205798
          0.046275        0.041522        0.204435
          0.041311        0.012777        0.191637
          0.037465       -0.013034        0.164612
          0.032096       -0.031905        0.124554
          0.020895       -0.042180        0.076956
          0.000497       -0.043366        0.028846
         -0.029210       -0.036381       -0.012546
         -0.064198       -0.025050       -0.039918
         -0.096971       -0.015491       -0.048197
         -0.118995       -0.012976       -0.037898
         -0.124169       -0.019821       -0.015030
         -0.111022       -0.035698        0.012753
         -0.082557       -0.057804        0.039219
         -0.045076       -0.080266        0.059742
         -0.006644       -0.095697        0.071456
          0.025309       -0.099050        0.074695
          0.046189       -0.089494        0.072444
          0.054614       -0.068740        0.066637
          0.051801       -0.039196        0.055778
          0.041241       -0.003902        0.036809
          0.027911        0.033677        0.007799
          0.016545        0.070910       -0.031671
          0.010214        0.106406       -0.080379
          0.009919        0.138696       -0.133821
          0.014611        0.164988       -0.183827
          0.021595        0.181711       -0.221634
          0.027482        0.186123       -0.241663
          0.029259        0.176834       -0.242477
          0.025280        0.153082       -0.225679
          0.016162        0.115248       -0.195344
          0.004802        0.066946       -0.157692
         -0.004946        0.015286       -0.118948
         -0.009745       -0.031869       -0.082290
         -0.007679       -0.068087       -0.047341
          0.000844       -0.088575       -0.012672
          0.012808       -0.091494        0.022153
          0.024372       -0.080730        0.056725
          0.033239       -0.065581        0.089734
          0.038936       -0.056194        0.117849
          0.041673       -0.059520        0.136340
          0.041932       -0.078444        0.141969
          0.040200       -0.111396        0.134529
          0.035982       -0.151412        0.115675
          0.027760       -0.187816        0.087791
          0.014696       -0.211121        0.054070
         -0.002101       -0.216597        0.018107
         -0.020195       -0.203598       -0.017339
         -0.037081       -0.173568       -0.050769
         -0.050766       -0.129801       -0.081076
         -0.059812       -0.077337       -0.106496
         -0.063351       -0.021036       -0.124528
         -0.061077        0.035795       -0.133036
         -0.053008        0.089940       -0.131321
         -0.039336        0.136660       -0.119979
         -0.021188        0.171227       -0.100402
         -0.001905        0.191597       -0.074813
          0.013258        0.198409       -0.045723
          0.019592        0.193160       -0.014494
          0.015263        0.177748        0.018870
          0.001936        0.154778        0.054090
         -0.015626        0.126196        0.089378
         -0.030844        0.091615        0.121741
         -0.038132        0.049580        0.147771
         -0.035940        0.000838        0.164362
         -0.027499       -0.050239        0.169442
         -0.018631       -0.096952        0.162359
         -0.014334       -0.132009        0.143826
         -0.016342       -0.148898        0.115694
         -0.022696       -0.144143        0.080443
         -0.028968       -0.119894        0.040862
         -0.030393       -0.083697        0.000714
         -0.024582       -0.044564       -0.034689
         -0.013482       -0.008821       -0.059986
         -0.002215        0.020878       -0.072499
          0.004777        0.044266       -0.073493
          0.006393        0.062255       -0.067548
          0.004481        0.075706       -0.061559
          0.002563        0.083454       -0.063023
          0.004794        0.081769       -0.076608
          0.013658        0.067493       -0.101162
          0.027395        0.042292       -0.130264
          0.040685        0.013252       -0.155440
          0.048554       -0.010386       -0.168925
          0.049167       -0.020704       -0.165473
          0.043626       -0.013521       -0.144186
          0.035056        0.009183       -0.109245
          0.027899        0.038375       -0.067996
          0.025558        0.061650       -0.027601
          0.027223        0.069731        0.007366
          0.027916        0.060205        0.035628
          0.022428        0.036650        0.058800
          0.008961        0.006389        0.080200
         -0.010161       -0.021325        0.103008
         -0.029343       -0.038215        0.128330
         -0.041177       -0.040368        0.154127
         -0.039673       -0.028753        0.175989
         -0.024414       -0.006797        0.189429
         -0.001761        0.021270        0.191579
          0.018613        0.050442        0.181131
          0.028594        0.075750        0.158013
          0.024372        0.094031        0.123987
          0.007282        0.104465        0.082605
         -0.016459        0.107588        0.037648
         -0.038345        0.104100       -0.007637
         -0.052073        0.094113       -0.049082
         -0.056245        0.077048       -0.080693
         -0.053344        0.052147       -0.096661
         -0.047275        0.019099       -0.093946
         -0.041660       -0.021162       -0.072619
         -0.038575       -0.065327       -0.035655
         -0.037699       -0.107606        0.009905
         -0.036815       -0.141859        0.053342
         -0.033373       -0.164095        0.084583
         -0.025933       -0.172888        0.098385
         -0.014927       -0.168400        0.094059
         -0.002539       -0.151954        0.073165
          0.008397       -0.125808        0.038921
          0.015663       -0.091961       -0.004163
          0.018462       -0.051204       -0.052316
          0.017877       -0.004526       -0.103451
          0.016552        0.044533       -0.154803
          0.017017        0.090255       -0.200556
          0.019807        0.127631       -0.233169
          0.023309        0.153830       -0.246851
          0.025247        0.167593       -0.239423
          0.024127        0.169595       -0.212153
          0.019872        0.163372       -0.169808
          0.014082        0.153624       -0.120808
          0.009762        0.143176       -0.074974
          0.009931        0.132764       -0.039400
          0.015856        0.123079       -0.016631
          0.026499        0.114991       -0.006018
          0.039410        0.107747       -0.004611
          0.051740        0.098724       -0.006821
          0.060814        0.085328       -0.006031
          0.064778        0.065792        0.001949
          0.063349        0.038395        0.017449
          0.057950        0.002532        0.038233
          0.050919       -0.038682        0.060628
          0.044417       -0.078937        0.079922
          0.039726       -0.112558        0.091800
          0.036999       -0.136731        0.094561
          0.035166       -0.151162        0.089867
          0.032339       -0.158079        0.081413
          0.027065       -0.161962        0.073028
          0.019580       -0.166626        0.067412
          0.011748       -0.171900        0.065466
          0.005745       -0.173836        0.065991
          0.002742       -0.167583        0.066121
          0.002268       -0.149675        0.062691
          0.002221       -0.119279        0.053921
         -0.000455       -0.079045        0.040269
         -0.008343       -0.034437        0.023835
         -0.022013        0.008774        0.006899
         -0.039285        0.046531       -0.009103
         -0.055889        0.076490       -0.023596
         -0.067316        0.097271       -0.036795
         -0.070816        0.108084       -0.050006
         -0.066444        0.108521       -0.064917
         -0.057062        0.098752       -0.081499
         -0.047528        0.080564       -0.096958
         -0.042569        0.058052       -0.107057
         -0.043825        0.036558       -0.107450
         -0.048505        0.020580       -0.093785
         -0.050987        0.012324       -0.062854
         -0.045720        0.011113       -0.015274
         -0.029729        0.013449        0.043725
         -0.004486        0.014376        0.106846
          0.023735        0.010027        0.167398
          0.046298       -0.000418        0.219759
          0.056493       -0.014739        0.259296
          0.052727       -0.029120        0.283201
          0.038765       -0.039627        0.290503
          0.021581       -0.043270        0.280174
          0.008366       -0.039001        0.250045
          0.003755       -0.028340        0.199006
          0.007991       -0.014620        0.130205
          0.016973       -0.001262        0.051439
          0.024613        0.009221       -0.026996
          0.026104        0.015027       -0.094275
          0.019983        0.014908       -0.140871
          0.008188        0.008548       -0.161758
         -0.005152       -0.003488       -0.159092
         -0.015536       -0.020430       -0.140768
         -0.020342       -0.041359       -0.115733
         -0.020557       -0.064117       -0.090691
         -0.020255       -0.084660       -0.069778
         -0.023633       -0.098404       -0.054704
         -0.031930       -0.102469       -0.044413
         -0.042383       -0.096456       -0.036355
         -0.049176       -0.081767       -0.029311
         -0.045621       -0.061307       -0.024182
         -0.027468       -0.039304       -0.021529
          0.003767       -0.019366       -0.019701
          0.040138       -0.002019       -0.016454
          0.070484        0.014700       -0.011214
          0.085400        0.032267       -0.004794
          0.081067        0.050505        0.001420
          0.060614        0.068383        0.004280
          0.032740        0.083558       -0.001402
          0.007783        0.091481       -0.019405
         -0.007258        0.087549       -0.048690
         -0.011778        0.070800       -0.084434
         -0.010511        0.044491       -0.120735
         -0.009401        0.013729       -0.150721
         -0.011707       -0.016027       -0.166381
         -0.016497       -0.039255       -0.161739
         -0.019528       -0.052038       -0.136351
         -0.015982       -0.054424       -0.094740
         -0.004215       -0.050016       -0.043994
          0.011908       -0.042946        0.006792
          0.024493       -0.036145        0.047286
          0.025975       -0.031909        0.069724
          0.013063       -0.031856        0.072761
         -0.011588       -0.035616        0.061158
         -0.040160       -0.040969        0.042547
         -0.062858       -0.045866        0.025062
         -0.072533       -0.049360        0.015948
         -0.068042       -0.050463        0.019136
         -0.054047       -0.047474        0.032901
         -0.037704       -0.039016        0.050752
         -0.024619       -0.024878        0.065159
         -0.016437       -0.005520        0.070364
         -0.011009        0.018232        0.063050
         -0.004598        0.044258        0.042993
          0.005091        0.068502        0.014090
          0.016643        0.086083       -0.016576
          0.025263        0.093354       -0.041790
          0.025987        0.089008       -0.056439
          0.017261        0.073933       -0.057599
          0.002136        0.050954       -0.044269
         -0.013135        0.024644       -0.018101
         -0.021859        0.000017        0.016024
         -0.020196       -0.019814        0.051006
         -0.009563       -0.034559        0.079545
          0.003864       -0.045066        0.095614
          0.012682       -0.051529        0.095308
          0.012358       -0.053729        0.078392
          0.003347       -0.051597        0.049930
         -0.009396       -0.044373        0.019186
         -0.018871       -0.030237       -0.004445
         -0.019277       -0.008007       -0.014667
         -0.008715        0.021319       -0.008748
          0.009881        0.055029        0.012462
          0.030270        0.089351        0.044015
          0.046028        0.118877        0.078357
          0.053166        0.136664        0.108893
          0.050954        0.136657        0.131442
          0.041535        0.116765        0.142508
          0.029032        0.079870        0.138493
          0.017920        0.032637        0.117674
          0.011020       -0.015987        0.081780
          0.008616       -0.056189        0.035506
          0.009108       -0.079971       -0.013967
          0.009965       -0.084346       -0.057093
          0.008333       -0.071857       -0.084091
          0.002114       -0.048039       -0.089153
         -0.008480       -0.019375       -0.073202
         -0.020379        0.006881       -0.042803
         -0.028828        0.023530       -0.006874
         -0.029158        0.025690        0.025850
         -0.018181        0.011864        0.048372
          0.004438       -0.016704        0.057275
          0.034980       -0.055851        0.053657
          0.066081       -0.097576        0.041104
          0.089133       -0.131477        0.022588
          0.097116       -0.148810        0.000104
          0.086624       -0.145815       -0.023672
          0.058927       -0.124523       -0.045536
          0.019768       -0.091874       -0.063441
         -0.022510       -0.057582       -0.076410
         -0.059812       -0.030671       -0.083384
         -0.086745       -0.015776       -0.084215
         -0.101632       -0.011294       -0.081336
         -0.105720       -0.010835       -0.078383
         -0.101352       -0.007084       -0.077327
         -0.090498        0.004642       -0.078298
         -0.074253        0.024881       -0.081259
         -0.052854        0.050193       -0.086081
         -0.026342        0.074585       -0.091797
          0.003827        0.092277       -0.097629
          0.033605        0.100679       -0.104217
          0.057377        0.101475       -0.112404
          0.070389        0.099073       -0.121170
          0.070308        0.098096       -0.127855
          0.057673        0.101771       -0.129871
          0.036109        0.111311       -0.125327
          0.011508        0.125519       -0.112960
         -0.010570        0.140945       -0.092982
         -0.027314        0.153328       -0.067709
         -0.038661        0.159637       -0.040229
         -0.045674        0.158897       -0.012480
         -0.049419        0.151402        0.014932
         -0.050538        0.137985        0.041780
         -0.048745        0.120317        0.067750
         -0.042798        0.100681        0.092056
         -0.031913        0.080357        0.112548
         -0.017381        0.058828        0.125666
         -0.002303        0.035158        0.127986
          0.010215        0.009078        0.117833
          0.018232       -0.019768        0.095922
          0.021054       -0.052064        0.065561
          0.019349       -0.087275        0.032228
          0.015224       -0.122880        0.001855
          0.011245       -0.155890       -0.020982
          0.008904       -0.184161       -0.033547
          0.008208       -0.205706       -0.034758
          0.008428       -0.217963       -0.025090
          0.008524       -0.218628       -0.006018
          0.006993       -0.206468        0.020674
          0.002337       -0.180704        0.052444
         -0.005668       -0.140685        0.084937
         -0.015428       -0.087507        0.112211
         -0.024368       -0.025845        0.128443
         -0.030057        0.036591        0.129770
         -0.030859        0.091318        0.115756
         -0.026525        0.130947        0.090365
         -0.018725        0.150722        0.061374
         -0.010522        0.150507        0.037476
         -0.004582        0.135612        0.024669
         -0.001522        0.114546        0.024162
          0.000162        0.094959        0.032343
          0.002704        0.080570        0.042309
          0.007558        0.070299        0.046650
          0.014745        0.059129        0.040716
          0.022763        0.040296        0.024670
          0.028958        0.008515        0.003205
          0.031109       -0.036925       -0.016641
          0.029562       -0.091083       -0.028233
          0.027312       -0.145257       -0.027600
          0.027590       -0.190531       -0.014710
          0.031895       -0.220618        0.006692
          0.039868       -0.233040        0.030747
          0.049366       -0.229184        0.051766
          0.056525       -0.213304        0.065870
          0.057721       -0.190104        0.071445
          0.052485       -0.162064        0.068642
          0.043769       -0.128952        0.058435
          0.035386       -0.089825        0.041773
          0.030036       -0.045087        0.019068
          0.029057        0.002939       -0.009716
          0.032039        0.050055       -0.044008
          0.036371        0.090624       -0.081306
          0.038710        0.119552       -0.117136
          0.037419        0.135141       -0.146653
          0.032789        0.139967       -0.166378
          0.025198        0.138882       -0.175177
          0.014467        0.136177       -0.174834
          0.000877        0.133799       -0.169880
         -0.014743        0.130747       -0.165504
         -0.031948        0.123565       -0.164494
         -0.050233        0.108339       -0.166188
         -0.067605        0.083620       -0.168056
         -0.080787        0.052262       -0.167345
         -0.086854        0.020525       -0.161608
         -0.083952       -0.004830       -0.149577
         -0.071245       -0.019017       -0.132083
         -0.049754       -0.019931       -0.110641
         -0.023405       -0.008013       -0.084717
          0.001817        0.013902       -0.051792
          0.020427        0.041538       -0.010490
          0.029687        0.070793        0.037295
          0.030288        0.097992        0.086824
          0.025838        0.118562        0.131149
          0.021661        0.126838        0.161872
          0.022762        0.118098        0.172533
          0.031359        0.090717        0.163152
          0.045686        0.046977        0.140660
          0.061120       -0.006673        0.114565
          0.072555       -0.059875        0.092777
          0.076057       -0.100774        0.079827
          0.069379       -0.120686        0.075224
          0.052253       -0.118126        0.072578
          0.026668       -0.099367        0.063047
         -0.003902       -0.075775        0.041513
         -0.036152       -0.059838        0.009378
         -0.067529       -0.060671       -0.027390
         -0.095327       -0.079587       -0.060907
         -0.116514       -0.108591       -0.083207
         -0.129000       -0.134100       -0.088903
         -0.132175       -0.143334       -0.077678
         -0.126151       -0.128916       -0.053634
         -0.111838       -0.090664       -0.022109
         -0.091929       -0.035476        0.012448
         -0.070239        0.025287        0.046263
         -0.049540        0.080546        0.075677
         -0.030765        0.123117        0.097678
         -0.014082        0.150021        0.110602
          0.000406        0.161059        0.113820
          0.012779        0.157739        0.107102
          0.022887        0.142615        0.091182
          0.029692        0.118610        0.068881
          0.031731        0.088893        0.044385
          0.028343        0.057240        0.020880
          0.020296        0.027756       -0.000280
          0.009485        0.003836       -0.018312
         -0.001756       -0.012523       -0.032556
         -0.011220       -0.020786       -0.043230
         -0.017126       -0.021703       -0.050598
         -0.018401       -0.016798       -0.053005
         -0.014899       -0.007578       -0.047446
         -0.006899        0.004746       -0.032617
          0.005933        0.018905       -0.010473
          0.024506        0.033347        0.014904
          0.048668        0.046286        0.038630
          0.075800        0.055708        0.055596
          0.101052        0.059574        0.061814
          0.118465        0.056666        0.056483
          0.122216        0.047519        0.042504
          0.108673        0.034503        0.024666
          0.078829        0.021001        0.007466
          0.038686        0.010311       -0.005542
         -0.003384        0.004443       -0.011567
         -0.039935        0.002972       -0.009276
         -0.066113        0.002925       -0.000034
         -0.080092        0.000320        0.012365
         -0.083083       -0.007619        0.023555
         -0.078137       -0.021030        0.029775
         -0.067861       -0.037376        0.027952
         -0.053226       -0.052580        0.016761
         -0.034705       -0.062839       -0.001375
         -0.013997       -0.066278       -0.020414
          0.005798       -0.063591       -0.033771
          0.021376       -0.057425       -0.037251
          0.030435       -0.051184       -0.029706
          0.032577       -0.047944       -0.012993
          0.030191       -0.049664        0.007704
          0.028311       -0.056721        0.025024
          0.032371       -0.067885        0.033052
          0.045078       -0.080648        0.030415
          0.064979       -0.091792        0.019918
          0.087380       -0.098328        0.006128
          0.106132       -0.098674       -0.006056
          0.115420       -0.093476       -0.012100
          0.111786       -0.085561       -0.009578
          0.095653       -0.079044        0.000273
          0.070655       -0.077984        0.013818
          0.041170       -0.084985        0.027751
          0.010587       -0.099835        0.039643
         -0.018752       -0.118635        0.046408
         -0.045298       -0.134480        0.044208
         -0.068295       -0.139788        0.030513
         -0.087254       -0.128695        0.005473
         -0.101124       -0.098574       -0.028509
         -0.108501       -0.051241       -0.066804
         -0.108750        0.006809       -0.101634
         -0.102502        0.066512       -0.123181
         -0.091064        0.119425       -0.123860
         -0.075892        0.159448       -0.101824
         -0.058505        0.183236       -0.060530
         -0.040090        0.190640       -0.006611
         -0.020986        0.184385        0.051014
         -0.001222        0.168265        0.102282
          0.018240        0.145531        0.139194
          0.035078        0.118676        0.158332
          0.046192        0.089553        0.159722
          0.048539        0.059229        0.144423
          0.040241        0.028441        0.114497
          0.021888       -0.001336        0.074148
         -0.003206       -0.027490        0.028777
         -0.030340       -0.046849       -0.017241
         -0.055090       -0.056454       -0.061050
         -0.074276       -0.054401       -0.100159
         -0.086297       -0.041081       -0.132289
         -0.090861       -0.019924       -0.156380
         -0.088074        0.003481       -0.172084
         -0.077715        0.023093       -0.177373
         -0.059520        0.033595       -0.168020
         -0.034266        0.031402       -0.140693
         -0.004671        0.016052       -0.095801
          0.024769       -0.009578       -0.036924
          0.049213       -0.041128        0.030526
          0.065405       -0.074480        0.098913
          0.072910       -0.105621        0.158917
          0.074244       -0.130522        0.202977
          0.073894       -0.146437        0.227849
          0.076010       -0.152250        0.232983
          0.081667       -0.146974        0.218128
          0.088090       -0.129683        0.184172
          0.090609       -0.101806        0.134986
          0.085143       -0.067688        0.076511
          0.069562       -0.032226        0.014835
          0.044606        0.000324       -0.043387
          0.014370        0.025412       -0.090303
         -0.015172        0.038855       -0.119607
         -0.039155        0.039274       -0.130186
         -0.055322        0.028380       -0.125744
         -0.063127        0.009073       -0.111751
         -0.062906       -0.014993       -0.094441
         -0.056218       -0.038227       -0.081068
         -0.045428       -0.053520       -0.077535
         -0.032129       -0.054789       -0.085166
         -0.016969       -0.038940       -0.101146
         -0.001353       -0.005955       -0.121285
          0.012034        0.041219       -0.140785
          0.020879        0.095985       -0.153956
          0.024394        0.148779       -0.156224
          0.022867        0.190653       -0.146762
          0.017670        0.216799       -0.128112
          0.012016        0.226656       -0.103801
          0.010093        0.222239       -0.077354
          0.014433        0.207685       -0.052523
          0.024350        0.188715       -0.032420
          0.036706        0.169992       -0.018129
          0.047420        0.152746       -0.009083
          0.052501        0.135598       -0.004603
          0.049138        0.116847       -0.004052
          0.037108        0.095166       -0.005656
          0.019266        0.069369       -0.006253
          0.000024        0.039340       -0.002386
         -0.016908        0.007297        0.008757
         -0.029443       -0.023014        0.028923
         -0.036869       -0.048836        0.057955
         -0.039890       -0.069605        0.092961
         -0.040629       -0.085583        0.129010
         -0.041381       -0.096497        0.161389
         -0.043006       -0.102154        0.187388
         -0.044781       -0.102943        0.206290
         -0.045501       -0.098703        0.218488
         -0.044160       -0.088715        0.224669
         -0.039933       -0.074368        0.224852
         -0.032387       -0.060593        0.217688
         -0.021957       -0.053200        0.201258
         -0.009786       -0.055289        0.174838
          0.003083       -0.066261        0.139579
          0.016071       -0.082010        0.097725
          0.028539       -0.094612        0.051580
          0.039300       -0.093968        0.002753
          0.046960       -0.073026       -0.048181
          0.050525       -0.032562       -0.100852
          0.049518        0.019078       -0.153196
          0.043914        0.070018       -0.200207
          0.034448        0.108694       -0.234615
          0.022803        0.127023       -0.249201
          0.011051        0.123873       -0.239785
          0.000780        0.106276       -0.207672
         -0.007256        0.085457       -0.159981
         -0.012976        0.070434       -0.107122
         -0.016839        0.064809       -0.058748
         -0.019785        0.067384       -0.020361
         -0.022882        0.073234        0.008070
         -0.026762        0.075125        0.030924
         -0.031215        0.067248        0.053419
         -0.035181        0.048730        0.077653
         -0.037045        0.022914        0.100757
         -0.034916       -0.005774        0.116004
         -0.026864       -0.033271        0.115867
         -0.011667       -0.056173        0.095746
          0.009903       -0.072692        0.056939
          0.034577       -0.082800        0.006908
          0.057558       -0.086711       -0.043770
          0.073938       -0.083978       -0.085775
          0.079824       -0.074444       -0.114126
          0.073664       -0.059582       -0.128899
          0.057290       -0.042983       -0.133857
          0.035159       -0.029779       -0.133643
          0.012231       -0.024908       -0.130721
         -0.007413       -0.030852       -0.123936
         -0.020860       -0.046129       -0.109774
         -0.026860       -0.065218       -0.085110
         -0.026269       -0.080230       -0.049097
         -0.021516       -0.084352       -0.003634
         -0.015701       -0.075289        0.046674
         -0.012064       -0.056264        0.095022
         -0.013096       -0.034466        0.134108
         -0.019223       -0.018417        0.158160
         -0.028329       -0.014820        0.163757
         -0.036635       -0.025567        0.149945
         -0.040327       -0.046867        0.118982
         -0.037296       -0.071090        0.076859
         -0.028363       -0.089516        0.031887
         -0.017069       -0.094789       -0.008084
         -0.008005       -0.083184       -0.037777
         -0.004701       -0.055818       -0.055356
         -0.007991       -0.017707       -0.062573
         -0.015458        0.024559       -0.063965
         -0.022394        0.064890       -0.064559
         -0.024083        0.098860       -0.067264
         -0.018094        0.124014       -0.071950
         -0.005390        0.139419       -0.076457
          0.010059        0.144561       -0.077982
          0.023024        0.138329       -0.073909
          0.029512        0.119475       -0.062443
          0.028629        0.088603       -0.043292
          0.022711        0.049627       -0.017716
          0.015889        0.009425        0.012367
          0.011857       -0.023459        0.045194
          0.011872       -0.040828        0.078947
          0.014220       -0.038238        0.111314
          0.015348       -0.017918        0.140011
          0.011663        0.012004        0.163579
          0.001242        0.041527        0.181152
         -0.014999        0.062599        0.191793
         -0.033567        0.071241        0.194629
         -0.050016        0.068313        0.189372
         -0.060568        0.058212        0.176223
         -0.063143        0.045358        0.155484
         -0.058077        0.031218        0.127889
         -0.048157        0.014519        0.095306
         -0.037489       -0.006288        0.060512
         -0.029892       -0.030911        0.025877
         -0.027634       -0.056469       -0.007375
         -0.030464       -0.077946       -0.038507
         -0.035148       -0.090046       -0.066642
         -0.036374       -0.089923       -0.091119
         -0.028995       -0.078820       -0.111540
         -0.010412       -0.061546       -0.126985
          0.017973       -0.044468       -0.136198
          0.050852       -0.032904       -0.139268
          0.080895       -0.029031       -0.138432
          0.101723       -0.031515       -0.136669
          0.110372       -0.036505       -0.136045
          0.108133       -0.038776       -0.137454
          0.099386       -0.033310       -0.140551
          0.088708       -0.017538       -0.143018
          0.077989        0.007441       -0.140900
          0.065756        0.037617       -0.130959
          0.048807        0.067440       -0.112706
          0.024719        0.090915       -0.087909
         -0.005616        0.103053       -0.059203
         -0.036586        0.101562       -0.029963
         -0.059567        0.087571       -0.004104
         -0.067332        0.064896        0.015870
         -0.057670        0.038562        0.030341
         -0.034083        0.013753        0.041244
         -0.004466       -0.004596        0.050367
          0.021617       -0.012755        0.059870
          0.036859       -0.009936        0.072871
          0.039126        0.001218        0.091779
          0.031056        0.016191        0.116529
          0.017492        0.029933        0.144784
          0.003450        0.037122        0.172301
         -0.006846        0.033638        0.192363
         -0.010810        0.019266        0.196792
         -0.008063       -0.001890        0.179731
         -0.000002       -0.024218        0.141135
          0.011031       -0.043023        0.087053
          0.021895       -0.054848        0.027529
          0.028628       -0.058093       -0.025923
          0.027646       -0.054499       -0.063300
          0.017595       -0.048508       -0.079636
         -0.000262       -0.044094       -0.076716
         -0.023274       -0.043147       -0.061047
         -0.048280       -0.047027       -0.040175
         -0.071847       -0.057678       -0.020638
         -0.091198       -0.075943       -0.007334
         -0.105181       -0.099831       -0.002508
         -0.113437       -0.125033       -0.005177
         -0.114805       -0.145775       -0.012523
         -0.107489       -0.154800       -0.021822
         -0.090578       -0.145180       -0.030866
         -0.064697       -0.114876       -0.037729
         -0.031856       -0.069603       -0.041406
          0.004283       -0.020495       -0.042468
          0.038657        0.020781       -0.042204
          0.066795        0.045538       -0.041048
          0.086858        0.050215       -0.038361
          0.099493        0.037896       -0.033769
          0.106233        0.017362       -0.028091
          0.108416       -0.001165       -0.022938
          0.106712       -0.010571       -0.020269
          0.100584       -0.008394       -0.022280
          0.088283        0.004355       -0.029853
          0.068162        0.024612       -0.040159
          0.040395        0.047898       -0.046972
          0.007563        0.069332       -0.044212
         -0.025983        0.085470       -0.028721
         -0.055189        0.095135       -0.000699
         -0.075437        0.098277        0.035906
         -0.083771        0.095049        0.073311
         -0.079769        0.086624        0.102703
         -0.065441        0.075487        0.118311
         -0.044169        0.063467        0.118432
         -0.019446        0.050146        0.103774
          0.005501        0.034183        0.076693
          0.027152        0.015484        0.041344
          0.041652       -0.004613        0.002607
          0.045993       -0.024086       -0.035333
          0.039160       -0.039923       -0.068701
          0.022518       -0.048041       -0.093451
          0.000253       -0.045468       -0.106384
         -0.020634       -0.032867       -0.106908
         -0.032625       -0.013917       -0.096847
         -0.031468        0.007517       -0.078716
         -0.018230        0.028447       -0.054870
          0.001433        0.046092       -0.027746
          0.019355        0.058623        0.000288
          0.027571        0.066510        0.027242
          0.021645        0.071151        0.050681
          0.002928        0.072306        0.066715
         -0.022344        0.068420        0.070873
         -0.046626        0.058890        0.060528
         -0.064588        0.044516        0.036526
         -0.074395        0.026658        0.003053
         -0.076873        0.007628       -0.033361
         -0.073866       -0.008815       -0.065231
         -0.066680       -0.018939       -0.086318
         -0.055183       -0.021173       -0.093932
         -0.038546       -0.016732       -0.089548
         -0.017584       -0.008924       -0.077390
          0.003620       -0.002320       -0.062434
          0.018946       -0.001937       -0.048951
          0.023502       -0.011912       -0.039570
          0.016240       -0.033601       -0.034730
          0.000597       -0.064275       -0.032778
         -0.016559       -0.097630       -0.030915
         -0.027202       -0.125610       -0.026691
         -0.025386       -0.140442       -0.019092
         -0.010131       -0.136769       -0.008503
          0.014147       -0.113820        0.003742
          0.040134       -0.076419        0.015359
          0.060853       -0.033675        0.023596
          0.071674        0.004269        0.027029
          0.071382        0.029671        0.026822
          0.062750        0.039193        0.025774
          0.051383        0.034275        0.026858
          0.042519        0.020236        0.033021
          0.038278        0.003984        0.046601
          0.037553       -0.009082        0.067358
          0.037540       -0.016962        0.091844
          0.034954       -0.020366        0.115553
          0.027209       -0.020657        0.134897
          0.014153       -0.018637        0.147203
         -0.001290       -0.014439        0.150847
         -0.015032       -0.007600        0.146360
         -0.024427        0.002396        0.136054
         -0.028970        0.014660        0.121824
         -0.029507        0.026171        0.104206
         -0.027786        0.033347        0.083654
         -0.026063        0.034529        0.061576
         -0.025709        0.031067        0.039996
         -0.025894        0.026867        0.021273
         -0.024215        0.027309        0.008031
         -0.018696        0.037336        0.002004
         -0.008984        0.058710        0.002463
          0.003798        0.088160        0.006391
          0.017401        0.118160        0.010324
          0.028747        0.139807        0.011913
          0.035065        0.145966        0.010565
          0.035573        0.133671        0.007462
          0.031842        0.105422        0.004584
          0.026158        0.068554        0.002980
          0.019841        0.032357        0.001888
          0.013209        0.004368       -0.000827
          0.006251       -0.012032       -0.007812
         -0.001194       -0.017928       -0.021017
         -0.009121       -0.017619       -0.040254
         -0.016514       -0.016519       -0.063097
         -0.021317       -0.018845       -0.086518
         -0.021800       -0.026212       -0.108171
         -0.017814       -0.037951       -0.126438
         -0.010658       -0.052506       -0.140466
         -0.002187       -0.068336       -0.150271
          0.005814       -0.084043       -0.155753
          0.011946       -0.098282       -0.155501
          0.015493       -0.109409       -0.147310
          0.016440       -0.114950       -0.129967
          0.015059       -0.112040       -0.104341
          0.011456       -0.098943       -0.073401
          0.005674       -0.076104       -0.041969
         -0.001638       -0.045859       -0.015864
         -0.008767       -0.011817        0.000333
         -0.013443        0.021613        0.005779
         -0.013911        0.050201        0.003873
         -0.009543        0.070996        0.000369
         -0.000789        0.082242        0.000966
          0.011097        0.082647        0.009438
          0.024441        0.071764        0.025944
          0.037778        0.051098        0.046397
          0.050326        0.024224        0.064392
          0.061647       -0.004005        0.074240
          0.070529       -0.028156        0.072581
          0.074295       -0.043155        0.058850
          0.069601       -0.045875        0.035670
          0.054168       -0.036481        0.008346
          0.028060       -0.018482       -0.016799
         -0.005783        0.002571       -0.033729
         -0.041463        0.021084       -0.037392
         -0.071246        0.033106       -0.024987
         -0.088350        0.037279        0.002602
         -0.089725        0.035284        0.040608
         -0.076756        0.031361        0.081312
         -0.054108        0.030103        0.115486
         -0.028214        0.033836        0.134606
         -0.005653        0.042000        0.133598
          0.008869        0.052151        0.112535
          0.013960        0.060628        0.076221
          0.011235        0.063489        0.032359
          0.003832        0.058883       -0.010618
         -0.004760        0.048634       -0.045804
         -0.011175        0.036817       -0.069658
         -0.012730        0.027286       -0.082222
         -0.008434        0.022635       -0.085601
          0.000361        0.023631       -0.082469
          0.010534        0.028231       -0.075592
          0.018462        0.032121       -0.067633
          0.020946        0.031446       -0.060911
          0.016088        0.024903       -0.057663
          0.004511        0.013371       -0.060176
         -0.010394       -0.001321       -0.069757
         -0.024353       -0.017153       -0.085355
         -0.034709       -0.032903       -0.103555
         -0.041156       -0.049023       -0.119959
         -0.044792       -0.066712       -0.130766
         -0.047145       -0.085491       -0.134120
         -0.049358       -0.101894       -0.131052
         -0.051001       -0.110429       -0.124984
         -0.049598       -0.105607       -0.119370
         -0.042215       -0.084145       -0.115049
         -0.027829       -0.047168       -0.109217
         -0.008092       -0.000958       -0.096330
          0.013577        0.045087       -0.070335
          0.033109        0.081879       -0.027585
          0.046758        0.103164        0.030628
          0.052517        0.106764        0.097257
          0.051182        0.094580        0.161136
          0.045591        0.070899        0.210550
          0.038447        0.040084        0.237044
          0.030657        0.005758        0.237785
          0.021271       -0.028646        0.216066
          0.008570       -0.059541        0.180166
         -0.008522       -0.083207        0.140554
         -0.028961       -0.095967        0.106131
         -0.048571       -0.095372        0.081623
         -0.060924       -0.082122        0.067559
         -0.060498       -0.060586        0.061777
         -0.045848       -0.037178        0.060903
         -0.020246       -0.018039        0.061737
          0.009867       -0.007166        0.062625
          0.037108       -0.004993        0.063554
          0.055676       -0.008163        0.064616
          0.063510       -0.011474        0.064766
          0.062410       -0.010816        0.062247
          0.055949       -0.004819        0.055374
          0.047051        0.005203        0.042693
          0.036860        0.016049        0.023504
          0.025145        0.024186       -0.000920
          0.011590        0.027933       -0.027151
         -0.003100        0.028518       -0.051235
         -0.016874        0.028810       -0.070350
         -0.026869        0.031110       -0.083044
         -0.030819        0.035861       -0.088881
         -0.028759        0.041221       -0.088413
         -0.023563        0.043045       -0.082728
         -0.019523        0.036148       -0.072270
         -0.020049        0.017142       -0.056505
         -0.026155       -0.013419       -0.035344
         -0.036202       -0.051247       -0.010480
         -0.046423       -0.089552        0.015088
         -0.052164       -0.120292        0.038278
         -0.049826       -0.136659        0.056501
         -0.038487       -0.136260        0.068187
         -0.020004       -0.121880        0.073530
          0.002176       -0.099154        0.074051
          0.024289       -0.073862        0.071018
          0.043191       -0.050423        0.064837
          0.057208       -0.030779        0.055845
          0.066478       -0.013959        0.044937
          0.072210        0.002214        0.033539
          0.075302        0.018148        0.023459
          0.075547        0.031486        0.016322
          0.071936        0.038874        0.012662
          0.063481        0.037918        0.011789
          0.049866        0.027909        0.012702
          0.031623        0.010334        0.015114
          0.009842       -0.010799        0.019948
         -0.014186       -0.030367        0.028935
         -0.039047       -0.044968        0.043125
         -0.063042       -0.054408        0.061213
         -0.083802       -0.060396        0.079163
         -0.097839       -0.064521        0.091383
         -0.101034       -0.067690        0.092589
         -0.090657       -0.069958        0.079796
         -0.067377       -0.069430        0.053595
         -0.035244       -0.062405        0.017622
         -0.000024       -0.046316       -0.023341
          0.032411       -0.021965       -0.064885
          0.057314        0.007865       -0.103589
          0.072240        0.040451       -0.137276
          0.077291        0.072859       -0.164654
          0.073917        0.101780       -0.184397
          0.063624        0.125172       -0.195031
          0.048081        0.142509       -0.195895
          0.029912        0.152374       -0.187661
          0.012406        0.151679       -0.171996
         -0.002009        0.138602       -0.151268
         -0.012808        0.115113       -0.128011
         -0.020996        0.086263       -0.103784
         -0.028342        0.058710       -0.078727
         -0.036867        0.040002       -0.052460
         -0.047607        0.036441       -0.025092
         -0.058861        0.049537        0.002300
         -0.066218        0.074858        0.027351
         -0.065005        0.104623        0.046888
         -0.052728        0.130833        0.058700
         -0.029907        0.146691        0.063047
         -0.000185        0.147574        0.062483
          0.029821        0.132462        0.060645
          0.052182        0.104109        0.060856
          0.060999        0.067026        0.064416
          0.055037        0.025402        0.069364
          0.037523       -0.016937        0.071403
          0.013902       -0.055783        0.066593
         -0.010105       -0.087071        0.053204
         -0.029749       -0.107926        0.031614
         -0.042733       -0.116647        0.003915
         -0.049935       -0.112603       -0.026116
         -0.053649       -0.097353       -0.054127
         -0.055046       -0.075352       -0.077005
         -0.053994       -0.052264       -0.092855
         -0.050491       -0.032299       -0.099642
         -0.044924       -0.017179       -0.095737
         -0.037570       -0.006811       -0.082086
         -0.029049       -0.000177       -0.062205
         -0.020634        0.003686       -0.039923
         -0.012990        0.004123       -0.018462
         -0.005031       -0.002095       -0.000897
          0.005119       -0.019153        0.011246
          0.018136       -0.048754        0.019890
          0.032563       -0.088111        0.028457
          0.045179       -0.130638        0.037840
          0.051778       -0.167843        0.045840
          0.048379       -0.191597        0.049453
          0.033132       -0.196999        0.045582
          0.007919       -0.184455        0.031148
         -0.021862       -0.158965        0.005897
         -0.049172       -0.127137       -0.024899
         -0.067399       -0.094517       -0.052426
         -0.071812       -0.064598       -0.068862
         -0.060688       -0.039014       -0.069358
         -0.035927       -0.018230       -0.051882
         -0.002556       -0.002579       -0.018254
          0.032799        0.006860        0.024794
          0.063632        0.008623        0.068026
          0.084994        0.002612        0.103929
          0.094649       -0.008317        0.127954
          0.093633       -0.018649        0.137211
          0.085582       -0.022259        0.130937
          0.075033       -0.014607        0.112257
          0.065698        0.005892        0.086965
          0.059372        0.037220        0.060194
          0.055581        0.074199        0.035645
          0.052143        0.110567        0.016903
          0.046579        0.141494        0.006585
          0.037372        0.164500        0.004116
          0.024288        0.178902        0.006124
          0.008311        0.185272        0.008487
         -0.008358        0.185181        0.006364
         -0.022831        0.180678       -0.006452
         -0.032605        0.173774       -0.035294
         -0.036084        0.166311       -0.080810
         -0.032497        0.159810       -0.137585
         -0.022179        0.155016       -0.195535
         -0.006996        0.151539       -0.241990
          0.010070        0.147823       -0.264402
          0.025966        0.141496       -0.254408
          0.038116        0.130213       -0.211306
          0.044357        0.112427       -0.142044
          0.043229        0.087426       -0.058079
          0.034866        0.055336        0.028058
          0.021329        0.017603        0.105143
          0.005686       -0.023061        0.165031
         -0.009135       -0.063563        0.203638
         -0.020915       -0.100844        0.220427
         -0.028858       -0.131754        0.217003
         -0.034272       -0.153578        0.196257
         -0.039633       -0.164961        0.162455
         -0.046299       -0.166133        0.121366
         -0.053377       -0.158720        0.079490
         -0.058525       -0.145741        0.042619
         -0.059247       -0.131200        0.014713
         -0.053989       -0.118822       -0.002673
         -0.043195       -0.110799       -0.010876
         -0.029563       -0.107208       -0.013845
         -0.016818       -0.105895       -0.016163
         -0.007917       -0.102891       -0.020619
         -0.003959       -0.093862       -0.027447
         -0.004162       -0.076064       -0.035084
         -0.006749       -0.049554       -0.041154
         -0.010159       -0.017376       -0.043756
         -0.013709        0.014972       -0.043069
         -0.017559        0.041143       -0.041678
         -0.022315        0.056444       -0.042651
         -0.028305        0.059536       -0.047088
         -0.034844        0.052205       -0.053253
         -0.040459        0.038205       -0.057396
         -0.043990        0.022137       -0.055259
         -0.045207        0.008111       -0.043960
         -0.044318       -0.001524       -0.023853
         -0.041223       -0.006262        0.001109
         -0.035225       -0.006432        0.025323
         -0.025194       -0.002471        0.044170
         -0.010282        0.005123        0.055263
          0.008890        0.015737        0.058429
          0.029496        0.028577        0.055368
          0.047122        0.042326        0.048741
          0.057559        0.054818        0.040652
          0.058658        0.063220        0.031952
          0.051197        0.064939        0.023110
          0.038412        0.058999        0.015299
          0.024623        0.046799        0.010435
          0.013652        0.031456        0.010737
          0.007645        0.016527        0.018318
          0.006796        0.004991        0.034113
          0.009962       -0.001864        0.056225
          0.015379       -0.005413        0.079551
          0.021163       -0.008948        0.097429
          0.025825       -0.015400        0.103709
          0.028519       -0.025885        0.094290
          0.028719       -0.039923        0.068730
          0.026159       -0.055854        0.031177
          0.021393       -0.071086       -0.011256
          0.015931       -0.082975       -0.051720
          0.011607       -0.089820       -0.085646
          0.010147       -0.090790       -0.111067
          0.012921       -0.085286       -0.128710
          0.020015       -0.072980       -0.141469
          0.029289       -0.054466       -0.152136
          0.036927       -0.031820       -0.161143
          0.039205       -0.008500       -0.166869
          0.033886        0.011639       -0.167466
          0.020874        0.025744       -0.161431
          0.002575        0.032947       -0.147354
         -0.016421        0.034891       -0.124898
         -0.030963        0.035889       -0.095825
         -0.037475        0.041822       -0.062849
         -0.035057        0.057362       -0.027935
         -0.025173        0.083170        0.007208
         -0.010778        0.115317        0.040003
          0.004546        0.146723        0.068133
          0.017629        0.168935        0.091229
          0.026755        0.174401        0.110151
          0.032086        0.159970        0.125498
          0.035023        0.128985        0.138101
          0.036875        0.089032        0.149651
          0.037934        0.047667        0.161043
          0.037595        0.010259        0.170850
          0.034790       -0.020363        0.176691
          0.028211       -0.044395        0.177238
          0.017092       -0.064340        0.172157
          0.002486       -0.082015        0.161357
         -0.013004       -0.096250        0.145292
         -0.027270       -0.104206        0.125043
         -0.039719       -0.104461        0.101135
         -0.050394       -0.098162        0.072641
         -0.059460       -0.087911        0.038309
         -0.067563       -0.076729       -0.001072
         -0.075145       -0.067588       -0.041646
         -0.081138       -0.061734       -0.077851
         -0.083516       -0.056600       -0.104298
         -0.081227       -0.046940       -0.116792
         -0.074637       -0.029038       -0.113704
         -0.064422       -0.003063       -0.097609
         -0.051230        0.028111       -0.074335
         -0.036323        0.059717       -0.049389
         -0.021384        0.084652       -0.025796
         -0.007627        0.095544       -0.004841
          0.004059        0.089026        0.013128
          0.012257        0.066948        0.028921
          0.015424        0.033872        0.043768
          0.013452       -0.004487        0.057731
          0.008164       -0.041091        0.069708
          0.002158       -0.069184        0.079000
         -0.002190       -0.085201        0.085809
         -0.002827       -0.089226        0.090155
          0.001564       -0.083208        0.091258
          0.010699       -0.070129        0.088051
          0.022924       -0.054318        0.079503
          0.036658       -0.040702        0.064378
          0.050937       -0.032854        0.041546
          0.064436       -0.031565        0.010983
          0.074886       -0.035008       -0.025753
          0.079939       -0.039888       -0.065995
          0.078128       -0.042391       -0.106524
          0.068881       -0.038987       -0.143663
          0.052653       -0.028042       -0.173512
          0.031879       -0.011351       -0.192838
          0.011073        0.006623       -0.200029
         -0.005104        0.021436       -0.195156
         -0.014001        0.030606       -0.179400
         -0.015478        0.033743       -0.154787
         -0.011727        0.032155       -0.124233
         -0.007296        0.028712       -0.091335
         -0.007822        0.027002       -0.060132
         -0.016866        0.029391       -0.035111
         -0.033466        0.035791       -0.020749
         -0.052692        0.044778       -0.019972
         -0.068116        0.055292       -0.032258
         -0.074186        0.066349       -0.052839
         -0.068188        0.075903       -0.073585
         -0.051744        0.081522       -0.085091
         -0.030500        0.081906       -0.079374
         -0.011196        0.076566       -0.052719
          0.001881        0.064873       -0.007514
          0.008268        0.047259        0.048315
          0.010230        0.026838        0.104033
          0.010994        0.007939        0.149259
          0.013265       -0.006904        0.176461
          0.017832       -0.017550        0.182753
          0.022935       -0.025108        0.170452
          0.025613       -0.031843        0.145546
          0.024378       -0.041063        0.114893
          0.020554       -0.054877        0.084140
          0.017029       -0.071981        0.056856
          0.016085       -0.088602        0.034022
          0.018213       -0.101296        0.014063
          0.021773       -0.108334       -0.005737
          0.023268       -0.109553       -0.027252
          0.019213       -0.106057       -0.050636
          0.009247       -0.099402       -0.074480
         -0.002520       -0.089828       -0.095971
         -0.009880       -0.075280       -0.111343
         -0.008582       -0.052666       -0.117260
          0.001225       -0.020416       -0.112347
          0.014946        0.019498       -0.097529
          0.025153        0.061259       -0.075118
          0.024689        0.096933       -0.047713
          0.010663        0.119459       -0.017610
         -0.013356        0.125380        0.013436
         -0.039066        0.116391        0.044227
         -0.057640        0.099192        0.073473
         -0.063093        0.082953        0.098527
         -0.053629        0.075093        0.114917
         -0.031793        0.078024        0.117832
         -0.003496        0.088738        0.104566
          0.024539        0.100535        0.075960
          0.047526        0.105577        0.036399
          0.063395        0.097881       -0.006865
          0.071665        0.075876       -0.045311
          0.072404        0.042855       -0.072137
          0.066036        0.004944       -0.084948
          0.053168       -0.031693       -0.085717
          0.034463       -0.062646       -0.078560
          0.011336       -0.085671       -0.067892
         -0.013084       -0.100188       -0.057638
         -0.034232       -0.106308       -0.050329
         -0.047700       -0.103738       -0.046256
         -0.050945       -0.091256       -0.044036
         -0.044268       -0.067716       -0.041994
         -0.030781       -0.034285       -0.038199
         -0.015281        0.004287       -0.029340
         -0.002478        0.040806       -0.011055
          0.004685        0.067941        0.019586
          0.006111        0.080069        0.061891
          0.004484        0.074708        0.111171
          0.003611        0.053450        0.159235
          0.006046        0.021179        0.195511
          0.011788       -0.016395        0.210089
          0.018497       -0.054732        0.198053
          0.022341       -0.090358        0.161796
          0.019427       -0.119882        0.109526
          0.008102       -0.140088        0.051854
         -0.009306       -0.148836       -0.001104
         -0.027250       -0.145308       -0.041957
         -0.039720       -0.130013       -0.067942
         -0.042770       -0.105549       -0.081227
         -0.035858       -0.076621       -0.086640
         -0.022233       -0.047685       -0.088554
         -0.008065       -0.020355       -0.089558
          0.000163        0.006608       -0.090823
         -0.001050        0.035547       -0.092289
         -0.010488        0.068481       -0.092649
         -0.023217        0.105772       -0.090466
         -0.033120        0.144576       -0.085779
         -0.035273        0.178799       -0.080044
         -0.027867        0.201509       -0.074389
         -0.013576        0.207850       -0.068550
          0.001047        0.196252       -0.061490
          0.008969        0.167998       -0.052271
          0.006524        0.126398       -0.040241
         -0.005225        0.076037       -0.025544
         -0.021400        0.021808       -0.010373
         -0.034841       -0.031922        0.000876
         -0.038563       -0.081300        0.003871
         -0.029289       -0.122563       -0.002813
         -0.009442       -0.152360       -0.016924
          0.014502       -0.168788       -0.033563
          0.035467       -0.171942       -0.046188
          0.048260       -0.163429       -0.047741
          0.050837       -0.145512       -0.033246
          0.044904       -0.120559       -0.002597
          0.035161       -0.090796        0.039437
          0.026930       -0.058183        0.085857
          0.023742       -0.024507        0.129497
          0.026609        0.008180        0.163503
          0.034724        0.037304        0.182600
          0.046126        0.060480        0.185462
          0.057839        0.076964        0.175064
          0.066311        0.088351        0.156242
          0.068506        0.097728        0.133921
          0.062806        0.108135        0.113352
          0.049109        0.121214        0.099382
          0.028734        0.136033        0.093731
          0.004570        0.148554        0.093850
         -0.019302        0.152957        0.095151
         -0.039139        0.144685        0.093316
         -0.053043        0.122981        0.084344
         -0.061032        0.091207        0.064817
         -0.064091        0.055513        0.034086
         -0.063525        0.022904       -0.004660
         -0.060700       -0.001148       -0.046644
         -0.056525       -0.014976       -0.087978
         -0.051071       -0.021262       -0.125434
         -0.044179       -0.025199       -0.155794
         -0.036490       -0.031742       -0.177351
         -0.029514       -0.043715       -0.191165
         -0.024559       -0.061113       -0.199383
         -0.021640       -0.081369       -0.202903
         -0.019372       -0.100590       -0.201624
         -0.015754       -0.115478       -0.195713
         -0.009055       -0.124905       -0.185103
          0.001350       -0.129995       -0.168701
          0.013955       -0.132592       -0.145765
          0.024914       -0.133501       -0.117679
          0.029918       -0.131855       -0.087276
          0.027036       -0.125484       -0.056924
          0.017894       -0.111704       -0.028124
          0.006595       -0.088727       -0.002192
         -0.002219       -0.057438        0.019933
         -0.005304       -0.022025        0.038399
         -0.002467        0.011364        0.054219
          0.003111        0.036871        0.068303
          0.006773        0.050602        0.081011
          0.005622        0.051628        0.092483
          0.000643        0.042568        0.102754
         -0.003987        0.029108        0.111052
         -0.003593        0.017908        0.115123
          0.004487        0.014032        0.111963
          0.019590        0.019526        0.099589
          0.037353        0.033328        0.077915
          0.050769        0.051888        0.048226
          0.053443        0.070509        0.012885
          0.043319        0.085282       -0.024324
          0.023555        0.094406       -0.058907
          0.000292        0.097957       -0.087422
         -0.019903        0.096638       -0.107745
         -0.031760        0.090664       -0.117563
         -0.033086        0.079415       -0.113906
         -0.025772        0.061883       -0.094722
         -0.014085        0.037711       -0.060205
         -0.001556        0.008240       -0.012736
          0.010256       -0.023224        0.043265
          0.020769       -0.052223        0.101026
          0.029380       -0.074627        0.152143
          0.035341       -0.088215        0.189093
          0.037609       -0.093575        0.207784
          0.034714       -0.093447        0.208023
          0.025578       -0.090900        0.192378
          0.010978       -0.087871        0.165470
         -0.006104       -0.084675        0.133454
         -0.022078       -0.079967        0.101960
         -0.034758       -0.071434        0.073488
         -0.043857       -0.057539        0.047283
         -0.050276       -0.038952        0.021551
         -0.055500       -0.018230       -0.005022
         -0.060750        0.001413       -0.033059
         -0.065429        0.016874       -0.061692
         -0.066595        0.025752       -0.087663
         -0.060782        0.027240       -0.106765
         -0.046304        0.022413       -0.116908
         -0.024019        0.013479       -0.119270
          0.002943        0.003018       -0.116635
          0.029896       -0.006303       -0.111557
          0.052179       -0.012174       -0.105882
          0.066880       -0.013201       -0.100349
          0.073368       -0.009164       -0.093678
          0.072812       -0.001174       -0.083078
          0.067349        0.008461       -0.066713
          0.059009        0.017167       -0.045253
          0.049042        0.023021       -0.020702
          0.038269        0.024858        0.005149
          0.027587        0.022499        0.030556
          0.017680        0.017460        0.053505
          0.008734        0.012760        0.072669
          0.000841        0.011493        0.087961
         -0.005723        0.015844        0.099415
         -0.010872        0.027100        0.106176
         -0.014863        0.045319        0.107330
         -0.017790        0.068450        0.103250
         -0.019431        0.092614        0.095451
         -0.020015        0.113867        0.085546
         -0.020701        0.129485        0.074959
         -0.022659        0.137801        0.065129
         -0.025885        0.138161        0.056788
         -0.029321        0.131567        0.048921
         -0.031748        0.120232        0.039436
         -0.032092        0.105740        0.027188
         -0.029570        0.088208        0.012645
         -0.024477        0.067387       -0.003206
         -0.018524        0.043604       -0.019381
         -0.013589        0.017606       -0.034428
         -0.010287       -0.009252       -0.046897
         -0.008162       -0.034208       -0.056494
         -0.006681       -0.053509       -0.063544
         -0.005294       -0.064250       -0.067277
         -0.003037       -0.065638       -0.065693
          0.001088       -0.058733       -0.057023
          0.007507       -0.045765       -0.040552
          0.016229       -0.029781       -0.016633
          0.027099       -0.014044        0.012794
          0.039218       -0.001193        0.043652
          0.050208        0.006974        0.070469
          0.056610        0.009106        0.087774
          0.055508        0.004179        0.090954
          0.046156       -0.008049        0.076845
          0.030529       -0.026366        0.044803
          0.012795       -0.047845       -0.002165
         -0.001849       -0.068590       -0.057081
         -0.009139       -0.085197       -0.109966
         -0.008147       -0.095640       -0.150029
         -0.002088       -0.099366       -0.168480
          0.003745       -0.097708       -0.161235
          0.005071       -0.094232       -0.130740
          0.000246       -0.093310       -0.085894
         -0.009512       -0.097550       -0.039457
         -0.020394       -0.106871       -0.003980
         -0.027411       -0.119277        0.011862
         -0.027145       -0.130952        0.005581
         -0.019695       -0.136216       -0.018439
         -0.008094       -0.129935       -0.050385
          0.003580       -0.110885       -0.078386
          0.011522       -0.081830       -0.092095
          0.013198       -0.046951       -0.085059
          0.008589       -0.010725       -0.056043
          0.000400        0.021999       -0.009472
         -0.007576        0.047885        0.045741
         -0.012430        0.067221        0.098828
         -0.012932        0.082165        0.139845
         -0.009649        0.093154        0.161758
         -0.004969        0.098627        0.162181
         -0.002219        0.097260        0.144120
         -0.003690        0.088463        0.114748
         -0.009104        0.071808        0.082684
         -0.015731        0.048547        0.055214
         -0.019676        0.023299        0.036398
         -0.017644        0.002080        0.026365
         -0.008877       -0.011437        0.021923
          0.003772       -0.016703        0.018393
          0.014893       -0.014583        0.012074
          0.019212       -0.006744        0.001970
          0.014024        0.004107       -0.010331
          0.000393        0.015674       -0.022098
         -0.017084        0.027998       -0.030840
         -0.032316        0.042677       -0.035396
         -0.040848        0.060169       -0.036792
         -0.041784        0.078804       -0.037929
         -0.037362        0.096064       -0.041744
         -0.031319        0.109547       -0.049338
         -0.027086        0.116860       -0.059549
         -0.026048        0.116328       -0.069678
         -0.026891        0.108642       -0.076552
         -0.026896        0.096864       -0.077755
         -0.024043        0.084233       -0.072787
         -0.018216        0.072664       -0.063351
         -0.011104        0.063452       -0.052310
         -0.005128        0.057812       -0.042089
         -0.001922        0.055566       -0.033748
         -0.001341        0.054199       -0.027139
         -0.001663        0.050112       -0.021659
         -0.000621        0.040003       -0.017182
          0.003283        0.020850       -0.014845
          0.009757       -0.009276       -0.016979
          0.016973       -0.048778       -0.025854
          0.023130       -0.091788       -0.041989
          0.027593       -0.130676       -0.063038
          0.030638       -0.158721       -0.083959
          0.032939       -0.171111       -0.098833
          0.035413       -0.165878       -0.103386
          0.038627       -0.145027       -0.096242
          0.042050       -0.113705       -0.078539
          0.044476       -0.077687       -0.053082
          0.045186       -0.041800       -0.023033
          0.044160       -0.009872        0.009949
          0.041408        0.015308        0.046079
          0.036760        0.032337        0.085179
          0.030156        0.041087        0.124577
          0.021652        0.042320        0.159616
          0.011295        0.037733        0.185214
         -0.000403        0.030042        0.196898
         -0.011788        0.022099        0.192364
         -0.020274        0.015325        0.173496
         -0.023540        0.008928        0.146079
         -0.020786        0.000530        0.116736
         -0.013204       -0.012555        0.090356
         -0.003590       -0.031958        0.069795
          0.004634       -0.056896        0.056070
          0.008821       -0.083762        0.047981
          0.008424       -0.107649        0.042649
          0.005189       -0.124648        0.037211
          0.001650       -0.132915        0.029548
         -0.000844       -0.132507        0.017602
         -0.002722       -0.124865       -0.000506
         -0.005254       -0.111558       -0.024952
         -0.009367       -0.092490       -0.053448
         -0.014824       -0.065589       -0.082189
         -0.019784       -0.028633       -0.107034
         -0.021444        0.018661       -0.124321
         -0.017973        0.073716       -0.132113
         -0.010118        0.130943       -0.131415
         -0.000877        0.182439       -0.125711
          0.006269        0.220150       -0.118896
          0.009100        0.238576       -0.113356
          0.007792        0.236175       -0.109214
          0.005101        0.214979       -0.104610
          0.004993        0.179365       -0.096833
          0.010153        0.134787       -0.083957
          0.020037        0.086668       -0.066066
          0.030799        0.039509       -0.045398
          0.037029       -0.003546       -0.025425
          0.034314       -0.040552       -0.009333
          0.021385       -0.070500        0.001340
          0.000910       -0.093418        0.007158
         -0.021433       -0.110360        0.010199
         -0.039280       -0.122624        0.012941
         -0.048178       -0.130731        0.017262
         -0.047040       -0.134084        0.023788
         -0.037937       -0.131307        0.031501
         -0.024683       -0.120902        0.037903
         -0.010924       -0.102261        0.040132
          0.001332       -0.076769        0.036361
          0.011746       -0.048129        0.026269
          0.020567       -0.021380        0.011012
          0.027651       -0.001149       -0.006363
          0.031902        0.009883       -0.021134
          0.031158        0.011753       -0.028758
          0.023263        0.006967       -0.026651
          0.007968       -0.000799       -0.014369
         -0.012350       -0.008306        0.006538
         -0.033756       -0.013530        0.032205
         -0.052129       -0.015509        0.057166
         -0.064141       -0.013925        0.076406
         -0.068418       -0.008591        0.086858
         -0.066229        0.001055        0.087600
         -0.060326        0.015559        0.079854
         -0.052670        0.034169        0.067023
         -0.043447        0.054208        0.053830
         -0.031859        0.071706        0.044613
         -0.017041        0.082295        0.041880
          0.001323        0.082132        0.045737
          0.021956        0.069513        0.054000
          0.041382        0.046343        0.062818
          0.055255        0.017858        0.067832
          0.060645       -0.009146        0.065709
          0.057059       -0.028003        0.055505
          0.046108       -0.033557        0.039052
          0.031010       -0.023775        0.020003
          0.015952       -0.000769        0.002241
          0.004813        0.030020       -0.011394
         -0.000217        0.061794       -0.019780
          0.000864        0.088001       -0.023675
          0.006299        0.103437       -0.025018
          0.013246        0.105428       -0.025556
          0.018342        0.094571       -0.025870
          0.018492        0.074147       -0.025473
          0.012071        0.048712       -0.023518
         -0.000174        0.023014       -0.019592
         -0.015421        0.001206       -0.014359
         -0.029968       -0.014259       -0.009623
         -0.040267       -0.023531       -0.007607
         -0.043635       -0.029064       -0.009868
         -0.039124       -0.034240       -0.016197
         -0.028070       -0.041823       -0.023916
         -0.013381       -0.052804       -0.028636
          0.001866       -0.065879       -0.026497
          0.015174       -0.077719       -0.016140
          0.024736       -0.084347        0.000744
          0.029844       -0.083236        0.019855
          0.031402       -0.074747        0.035615
          0.031543       -0.061891        0.043678
          0.032280       -0.049229        0.043258
          0.034335       -0.041837        0.037208
          0.036923       -0.043846        0.029932
          0.038118       -0.056504        0.025065
          0.035293       -0.077257        0.024158
          0.026037       -0.100430        0.026343
          0.009885       -0.118416        0.028887
         -0.010555       -0.123228        0.028762
         -0.030564       -0.109217        0.024589
         -0.045349       -0.075976        0.017595
         -0.051295       -0.029193        0.010814
         -0.046717        0.021021        0.007300
         -0.032891        0.063120        0.009003
         -0.014002        0.087521        0.016532
          0.005105        0.089836        0.028716
          0.021250        0.072455        0.042188
          0.033066        0.043243        0.052413
          0.040018        0.012187        0.055560
          0.042152       -0.011882        0.049152
          0.040042       -0.023472        0.031872
          0.034044       -0.021493        0.004393
          0.024033       -0.008866       -0.029505
          0.010515        0.009442       -0.063786
         -0.004398        0.028849       -0.092468
         -0.017565        0.046710       -0.111018
         -0.026087        0.062632       -0.116733
         -0.027908        0.077733       -0.109573
         -0.022117        0.093350       -0.092760
         -0.009755        0.109811       -0.071326
          0.005624        0.125706       -0.049479
          0.018896        0.137985       -0.029504
          0.025475        0.143346       -0.012523
          0.022988        0.140112        0.000739
          0.011895        0.128930        0.009847
         -0.004497        0.112196        0.014188
         -0.020793        0.093310        0.012423
         -0.031571        0.075517        0.003268
         -0.033897        0.060102       -0.012670
         -0.028605        0.045677       -0.032293
         -0.019586        0.029697       -0.051422
         -0.011674        0.010506       -0.066546
         -0.008341       -0.011806       -0.075698
         -0.010200       -0.035180       -0.078962
         -0.014842       -0.055632       -0.078608
         -0.018176       -0.068632       -0.077876
         -0.017014       -0.071556       -0.078726
         -0.011408       -0.064967       -0.080543
         -0.004690       -0.051830       -0.080757
         -0.001130       -0.036200       -0.076462
         -0.003356       -0.022276       -0.065856
         -0.011135       -0.013190       -0.049187
         -0.021453       -0.009720       -0.029167
         -0.029711       -0.010250       -0.010465
         -0.031983       -0.012130        0.002003
         -0.027083       -0.012941        0.005388
         -0.016791       -0.010840        0.000239
         -0.004341       -0.004819       -0.009855
          0.007190        0.004640       -0.019592
          0.015646        0.015521       -0.023623
          0.020075        0.025349       -0.018662
          0.020802        0.032202       -0.005230
          0.019075        0.034763        0.012566
          0.016476        0.032315        0.029221
          0.014627        0.025223        0.040207
          0.015088        0.014870        0.043462
          0.018888        0.002495        0.040089
          0.025731       -0.011567        0.034004
          0.033578       -0.027237        0.030101
          0.039167       -0.043952        0.031917
          0.039332       -0.060791        0.040484
          0.032522       -0.076357        0.054458
          0.019733       -0.088186        0.070665
          0.004429       -0.093315        0.085195
         -0.008465       -0.089965        0.095086
         -0.014355       -0.078368        0.099348
         -0.011007       -0.060393        0.098700
          0.000391       -0.039125        0.095167
          0.015741       -0.018123        0.091806
          0.029420        0.000190        0.091530
          0.035913        0.015639        0.095416
          0.031639        0.029647        0.102253
          0.016360        0.043662        0.109331
         -0.006827        0.057883        0.113174
         -0.032760        0.070537        0.110352
         -0.055791        0.078036        0.099192
         -0.071245        0.076409        0.081176
         -0.076595        0.063368        0.060126
         -0.071880        0.039704        0.039873
         -0.059195        0.009267        0.022715
         -0.041706       -0.022478        0.009040
         -0.022784       -0.050489       -0.002837
         -0.005406       -0.071627       -0.016071
          0.008148       -0.085294       -0.033035
          0.016236       -0.093499       -0.052895
          0.017723       -0.099869       -0.071524
          0.012206       -0.107355       -0.083775
          0.000452       -0.116345       -0.086012
         -0.015251       -0.124623       -0.077570
         -0.030981       -0.128189       -0.061338
         -0.041832       -0.122077       -0.043328
         -0.043719       -0.102391       -0.030303
         -0.035282       -0.069255       -0.026162
         -0.018337       -0.027600       -0.030119
          0.003005        0.015033       -0.038277
          0.023697        0.050953       -0.046301
          0.039567        0.073771       -0.050724
          0.049156        0.080206       -0.049739
          0.053810        0.071610       -0.044222
          0.055710        0.052989       -0.037057
          0.056053        0.030223       -0.030313
          0.054836        0.008327       -0.023702
          0.051252       -0.008817       -0.016020
          0.044176       -0.018797       -0.006757
          0.033496       -0.021144        0.003958
          0.021304       -0.016809        0.015358
          0.010880       -0.006894        0.025429
          0.004261        0.007842        0.031679
          0.001283        0.026230        0.033159
          0.000390        0.046156        0.031055
         -0.000427        0.065226        0.027283
         -0.002774        0.081507        0.023071
         -0.006673        0.093300        0.018517
         -0.010357        0.099094        0.012646
         -0.011838        0.098533        0.003944
         -0.010602        0.092847       -0.008456
         -0.007716        0.083686       -0.023545
         -0.004888        0.072015       -0.038062
         -0.003621        0.058416       -0.047463
         -0.004454        0.043610       -0.048073
         -0.006384        0.028123       -0.039227
         -0.007332        0.011958       -0.023872
         -0.005703       -0.004921       -0.007450
         -0.001768       -0.022088        0.003822
          0.002229       -0.038906        0.004811
          0.003120       -0.054904       -0.006295
         -0.001589       -0.069428       -0.026610
         -0.012244       -0.080962       -0.049738
         -0.026537       -0.087429       -0.068612
         -0.040404       -0.087478       -0.077470
         -0.049883       -0.081273       -0.072806
         -0.052911       -0.070076       -0.054575
         -0.049972       -0.055790       -0.026813
         -0.043265       -0.041102        0.004037
         -0.035264       -0.029009        0.031986
         -0.027735       -0.021392        0.052899
         -0.021412       -0.018508        0.064301
         -0.016238       -0.020043        0.065463
         -0.012018       -0.025611        0.057575
         -0.008765       -0.033727        0.042478
         -0.006251       -0.041327        0.021008
         -0.003529       -0.045039       -0.006544
          0.000772       -0.042471       -0.038426
          0.007688       -0.032350       -0.070749
          0.017210       -0.014816       -0.098547
          0.027672        0.007669       -0.116656
          0.035920        0.030709       -0.120281
          0.038834        0.050141       -0.106665
          0.035058        0.063457       -0.077088
          0.025533        0.069391       -0.036733
          0.013063        0.067581        0.007464
          0.001622        0.059049        0.048526
         -0.004909        0.045947        0.080240
         -0.004447        0.030655        0.098589
          0.002554        0.015683        0.103502
          0.013904        0.003890        0.098800
          0.026805       -0.002404        0.090305
          0.038355       -0.002783        0.084037
          0.046049        0.000819        0.084815
          0.048753        0.004686        0.094407
          0.047204        0.004522        0.110161
          0.043177       -0.002797        0.125941
          0.038297       -0.017608        0.135021
          0.033747       -0.037107        0.132805
          0.030184       -0.056506        0.118171
          0.026993       -0.070815        0.093653
          0.022186       -0.076306        0.064512
          0.014055       -0.071283        0.036481
          0.002671       -0.055987        0.013145
         -0.010602       -0.031915       -0.005107
         -0.024177       -0.001235       -0.020076
         -0.036270        0.033129       -0.034109
         -0.045032        0.067049       -0.048849
         -0.049568        0.095294       -0.064283
         -0.050202        0.112746       -0.078506
         -0.047223        0.116166       -0.088822
         -0.040033        0.105370       -0.093331
         -0.027915        0.083452       -0.091610
         -0.011081        0.056168       -0.084410
          0.009184        0.030175       -0.073146
          0.030634        0.010417       -0.059527
          0.049916       -0.001512       -0.045341
          0.063140       -0.006820       -0.032385
          0.067566       -0.008045       -0.022522
          0.062954       -0.008074       -0.017707
          0.051325       -0.009192       -0.019578
          0.035828       -0.011963       -0.028590
          0.019711       -0.015378       -0.043549
          0.005318       -0.018284       -0.062121
         -0.006787       -0.019906       -0.081560
         -0.017727       -0.018976       -0.099053
         -0.029089       -0.013578       -0.112138
         -0.041618       -0.002217       -0.119140
         -0.054625        0.015480       -0.118945
         -0.066055        0.038668       -0.110657
         -0.072884        0.064882       -0.094105
         -0.071901        0.090040       -0.070531
         -0.060817        0.109900       -0.042389
         -0.039315        0.121838       -0.012776
         -0.009635        0.125166        0.014946
          0.023335        0.120317        0.037946
          0.052763        0.108330        0.055000
          0.071802        0.090790        0.066485
          0.076131        0.069502        0.073360
          0.065529        0.046136        0.076588
          0.043770        0.022586        0.077114
          0.017207        0.001237        0.075512
         -0.007645       -0.015968        0.071813
         -0.026819       -0.028620        0.066383
         -0.040155       -0.037544        0.060737
         -0.050128       -0.043983        0.056883
         -0.059436       -0.049615        0.056092
         -0.069193       -0.056332        0.058550
         -0.078250       -0.064877        0.063337
         -0.083459       -0.074080        0.068061
         -0.081046       -0.081819        0.069310
         -0.068797       -0.085914        0.064547
         -0.047475       -0.084104        0.053588
         -0.020258       -0.074931        0.038145
          0.008722       -0.059661        0.020662
          0.035261       -0.042582        0.003842
          0.055706       -0.029069       -0.009785
          0.067924       -0.023604       -0.018897
          0.071894       -0.028657       -0.023759
          0.069264       -0.043467       -0.025120
          0.062410       -0.063317       -0.023192
          0.053656       -0.081049       -0.018117
          0.044676       -0.090208       -0.010702
          0.036017       -0.087169       -0.002015
          0.026952       -0.071257        0.007282
          0.016122       -0.044322        0.016684
          0.002846       -0.010417        0.025344
         -0.012060        0.025467        0.032362
         -0.026731        0.059221        0.037306
         -0.039056        0.087934        0.039932
         -0.046951        0.108852        0.039528
         -0.048870        0.119116        0.035244
         -0.044786        0.116555        0.027247
         -0.036278        0.100262        0.016848
         -0.025283        0.071183        0.005187
         -0.013020        0.033172       -0.007566
          0.000044       -0.007010       -0.021596
          0.013758       -0.041760       -0.036997
          0.027753       -0.065235       -0.054057
          0.040687       -0.074960       -0.072629
          0.049717       -0.072531       -0.090498
          0.051178       -0.063069       -0.103415
          0.042536       -0.052765       -0.107666
          0.024356       -0.045881       -0.102290
          0.000725       -0.043473       -0.088934
         -0.022263       -0.043890       -0.070948
         -0.038885       -0.043739       -0.052923
         -0.045824       -0.039501       -0.039250
         -0.043313       -0.029793       -0.031516
         -0.034858       -0.016233       -0.027550
         -0.025169       -0.001820       -0.023574
         -0.017396        0.010940       -0.016958
         -0.011778        0.020446       -0.007003
         -0.006378        0.026161        0.005475
          0.001280        0.029151        0.018195
          0.012757        0.031399        0.028067
          0.027613        0.033950        0.033492
          0.043155        0.036303        0.036056
          0.055504        0.037560        0.039309
          0.061405        0.037259        0.046326
          0.059515        0.035127        0.058728
          0.050630        0.031173        0.076702
          0.037092        0.026289        0.098483
          0.021855        0.021909        0.120104
          0.007607        0.018718        0.136800
         -0.003850        0.016287        0.144990
         -0.011874        0.014010        0.142804
         -0.016778        0.011727        0.129459
         -0.019231        0.009512        0.105331
         -0.019976        0.007703        0.072655
         -0.020175        0.007171        0.035198
         -0.021523        0.008732       -0.003072
         -0.025539        0.012001       -0.038725
         -0.032822        0.015092       -0.068697
         -0.042893        0.015292       -0.090382
         -0.054159        0.009865       -0.102372
         -0.063928       -0.003020       -0.104948
         -0.069232       -0.023127       -0.099611
         -0.068248       -0.047614       -0.088200
         -0.060982       -0.071757       -0.072762
         -0.048689       -0.090220       -0.055991
         -0.033041       -0.098435       -0.040760
         -0.015661       -0.094238       -0.028744
          0.002193       -0.078943       -0.020215
          0.019645       -0.056575       -0.015230
          0.035554       -0.032115       -0.013877
          0.047891       -0.010268       -0.015368
          0.054265        0.005653       -0.018362
          0.053304        0.015015       -0.022351
          0.045617        0.019596       -0.027490
          0.033740        0.021372       -0.033081
          0.021184        0.021024       -0.037439
          0.010896        0.018422       -0.039217
          0.003768        0.013289       -0.037811
         -0.001523        0.005349       -0.032611
         -0.006881       -0.004797       -0.023102
         -0.012779       -0.014638       -0.009827
         -0.017546       -0.020508        0.005790
         -0.018206       -0.019653        0.022743
         -0.012219       -0.011321        0.040564
          0.000497        0.003519        0.058013
          0.016534        0.022592        0.072536
          0.030298        0.042666        0.081216
          0.037065        0.060507        0.081700
          0.035533        0.073905        0.072583
          0.028247        0.081701        0.054061
          0.020079        0.083177        0.028645
          0.015751        0.077979        0.000562
          0.017504        0.066511       -0.026077
          0.023922        0.050013       -0.048549
          0.030707        0.030197       -0.065333
          0.033266        0.008793       -0.075401
          0.029352       -0.012971       -0.077821
          0.019859       -0.034778       -0.071620
          0.007789       -0.057010       -0.056157
         -0.003246       -0.079890       -0.032246
         -0.010456       -0.102550       -0.003106
         -0.013252       -0.122490        0.026048
         -0.013614       -0.135812        0.049628
         -0.014585       -0.138446        0.063672
         -0.018109       -0.127889        0.067523
         -0.024093       -0.104442        0.064269
         -0.030854       -0.071289        0.059254
         -0.035826       -0.033558        0.057423
         -0.036334        0.003159        0.061249
         -0.030853        0.034275        0.069956
         -0.020067        0.057269        0.079724
         -0.006382        0.071963        0.085108
          0.007665        0.079719        0.081707
          0.020287        0.082152        0.068378
          0.030162        0.080575        0.047285
          0.036145        0.076224        0.022364
          0.037386        0.070195       -0.002244
          0.033197        0.063179       -0.023492
          0.022837        0.055810       -0.040460
          0.006134        0.048995       -0.054158
         -0.015397        0.043220       -0.065676
         -0.038349        0.037762       -0.074306
         -0.058367        0.031079       -0.077579
         -0.071312        0.021704       -0.072926
         -0.074110        0.008576       -0.059297
         -0.065431       -0.008837       -0.038036
         -0.046154       -0.029995       -0.013061
         -0.019410       -0.052925        0.010222
          0.009938       -0.074906        0.027413
          0.036408       -0.093643        0.037392
          0.055168       -0.107682        0.042459
          0.062858       -0.115949        0.046351
          0.058062       -0.117448        0.051675
          0.041929       -0.111474        0.058151
          0.018367       -0.097714        0.062375
         -0.007100       -0.076134        0.059231
         -0.029102       -0.047361        0.044493
         -0.043421       -0.013467        0.017490
         -0.047523        0.022218       -0.017730
         -0.041568        0.056639       -0.053721
         -0.028895        0.088160       -0.082684
         -0.014549        0.116035       -0.099299
         -0.003064        0.139472       -0.102122
          0.002518        0.157505       -0.093684
          0.000851        0.168799       -0.079498
         -0.007031        0.171053       -0.065898
         -0.017519        0.161614       -0.057557
         -0.026053        0.139572       -0.056105
         -0.029286        0.107017       -0.060321
         -0.025903        0.068347       -0.067043
         -0.016449        0.029025       -0.072037
         -0.003174       -0.005365       -0.071092
          0.010526       -0.030511       -0.061744
          0.021642       -0.044982       -0.044528
          0.029061       -0.050595       -0.022477
          0.033633       -0.051071        0.000274
          0.036893       -0.050174        0.019324
          0.039764       -0.050525        0.030861
          0.042194       -0.053219        0.033230
          0.043346       -0.057718        0.027716
          0.041831       -0.062176        0.017344
          0.036461       -0.064538        0.005077
          0.027626       -0.063737       -0.006865
          0.017763       -0.059865       -0.016940
          0.009912       -0.053592       -0.024500
          0.005861       -0.045848       -0.029854
          0.005667       -0.037826       -0.033479
          0.008065       -0.030697       -0.035174
          0.010806       -0.024977       -0.034382
          0.011488       -0.020034       -0.031096
          0.009087       -0.014113       -0.025806
          0.004690       -0.004843       -0.018625
          0.000335        0.010027       -0.009055
         -0.002759        0.031681        0.003383
         -0.004666        0.058989        0.018817
         -0.006069        0.087739        0.037204
         -0.007773        0.111642        0.058064
         -0.010524        0.124988        0.079652
         -0.014330        0.124894        0.098781
         -0.017922        0.111846        0.111946
         -0.019628        0.089369        0.116604
         -0.018841        0.063369        0.111410
         -0.016103        0.040220        0.096155
         -0.012202        0.023935        0.072590
         -0.007992        0.015107        0.045064
         -0.004755        0.012355        0.019226
         -0.003762        0.013679       -0.000210
         -0.005510        0.016538       -0.010564
         -0.009832        0.018586       -0.011526
         -0.016233        0.019187       -0.005860
         -0.023357        0.019197        0.000764
         -0.028486        0.019018        0.002360
         -0.028477        0.017811       -0.004024
         -0.021517        0.014362       -0.017122
         -0.008084        0.007523       -0.032674
          0.009083       -0.003937       -0.045091
          0.025420       -0.020428       -0.048865
          0.035831       -0.039945       -0.040705
          0.037074       -0.058121       -0.021600
          0.029641       -0.070433        0.003676
          0.017482       -0.074402        0.029470
          0.006053       -0.070310        0.051296
          0.000144       -0.061184        0.065845
          0.001999       -0.052555        0.071120
          0.010165       -0.050780        0.067277
          0.020001       -0.059829        0.056239
          0.025907       -0.079044        0.040083
          0.023796       -0.103631        0.020573
          0.012512       -0.126568        0.000126
         -0.005817       -0.140320       -0.018112
         -0.026177       -0.138812       -0.031835
         -0.042142       -0.119845       -0.040700
         -0.048270       -0.086127       -0.045683
         -0.042079       -0.043771       -0.048059
         -0.024718        0.000117       -0.049213
         -0.000753        0.038801       -0.050218
          0.022840        0.066726       -0.050508
          0.038941        0.080809       -0.047507
          0.042941        0.081236       -0.038589
          0.034174        0.070554       -0.023404
          0.015864        0.052222       -0.004159
         -0.005930        0.030198        0.015478
         -0.024394        0.008644        0.031370
         -0.034619       -0.009369        0.040306
         -0.035364       -0.022854        0.042114
         -0.028930       -0.032075        0.040374
         -0.019447       -0.037243        0.040289
         -0.010498       -0.038379        0.045434
         -0.003247       -0.035521        0.055875
          0.003871       -0.028369        0.068211
          0.013710       -0.016644        0.076927
          0.028056       -0.001539        0.076599
          0.045677        0.013948        0.064390
          0.061994        0.026509        0.041696
          0.070893        0.033879        0.013570
          0.067842        0.035312       -0.014023
          0.052338        0.032258       -0.036867
          0.028276        0.028621       -0.053313
          0.002363        0.029243       -0.063904
         -0.018517        0.037639       -0.070665
         -0.030140        0.054770       -0.075606
         -0.032767        0.078763       -0.078928
         -0.030613        0.105056       -0.078823
         -0.029135        0.127514       -0.073114
         -0.032083        0.140589       -0.060879
         -0.040022        0.141234       -0.043059
         -0.050396        0.129516       -0.022457
         -0.058631        0.108108       -0.003228
         -0.060224        0.081048        0.010596
         -0.053167        0.052044        0.017014
         -0.038870        0.023070        0.017051
         -0.020883       -0.005736        0.014225
         -0.003031       -0.034973        0.013073
          0.011630       -0.064605        0.017452
          0.021402       -0.093025        0.029016
          0.026356       -0.116982        0.046473
          0.027898       -0.132841        0.066130
          0.027601       -0.138614        0.083413
          0.026476       -0.135090        0.094447
          0.024972       -0.125450        0.097130
          0.023112       -0.114169        0.091434
          0.020408       -0.105481        0.078803
          0.015789       -0.101338        0.061050
          0.007890       -0.100404        0.039546
         -0.004210       -0.099294        0.014966
         -0.020278       -0.094609       -0.012695
         -0.038707       -0.083918       -0.043678
         -0.056551       -0.066207       -0.077414
         -0.069773       -0.042455       -0.111550
         -0.074354       -0.015241       -0.141979
         -0.068179        0.012834       -0.163738
         -0.052238        0.040042       -0.172081
         -0.030115        0.064978       -0.163734
         -0.006334        0.085969       -0.138472
          0.015234        0.101330       -0.099943
          0.032389        0.109776       -0.054712
          0.045028        0.110475       -0.010367
          0.054617        0.103216        0.026059
          0.062589        0.088901        0.049608
          0.068740        0.069579        0.058889
          0.071232        0.047444        0.056202
          0.068073        0.023776        0.046075
          0.058440       -0.000838        0.033634
          0.043133       -0.025325        0.023381
          0.024884       -0.047403        0.017934
          0.008210       -0.063679        0.017226
         -0.002374       -0.070155        0.018954
         -0.004903       -0.063250        0.019782
         -0.000838       -0.041580        0.016440
          0.006149       -0.007804        0.006756
          0.011850        0.031028       -0.009455
          0.012916        0.065543       -0.030268
          0.008292        0.087360       -0.052409
         -0.000049        0.091414       -0.072379
         -0.008247        0.076941       -0.087551
         -0.012979        0.047890       -0.096881
         -0.013157        0.011892       -0.100749
         -0.009895       -0.023117       -0.100066
         -0.005486       -0.052061       -0.095279
         -0.002385       -0.072874       -0.085778
         -0.002246       -0.085048       -0.070050
         -0.005041       -0.089281       -0.046778
         -0.009109       -0.087402       -0.016125
         -0.012561       -0.080817        0.019844
         -0.014724       -0.069280        0.057546
         -0.016130       -0.052284        0.092662
         -0.017529       -0.031009        0.121399
         -0.019335       -0.007919        0.141838
         -0.021617        0.014484        0.154232
         -0.023795        0.033428        0.160056
         -0.024406        0.045801        0.160925
         -0.021933        0.050013        0.157838
         -0.016206        0.047406        0.150551
         -0.008636        0.041140        0.137639
         -0.001149        0.034409        0.117734
          0.004702        0.029823        0.091014
          0.008034        0.028938        0.059847
          0.009105        0.031445        0.028497
          0.009567        0.035285        0.001966
          0.011373        0.038038       -0.015818
          0.014972        0.038413       -0.023495
          0.018829        0.036814       -0.022656
          0.020677        0.034675       -0.017079
          0.018906        0.033156       -0.010975
          0.013148        0.032378       -0.006899
          0.004534        0.031566       -0.004845
         -0.004404        0.029394       -0.003210
         -0.010903        0.024558       -0.000440
         -0.013562        0.016850        0.003851
         -0.012733        0.007728        0.008420
         -0.009648       -0.000732        0.010724
         -0.005616       -0.007478        0.008341
         -0.001808       -0.012952        0.000614
          0.000878       -0.018447       -0.011004
          0.001902       -0.025207       -0.024125
          0.000849       -0.033502       -0.036893
         -0.002688       -0.041890       -0.048599
         -0.008574       -0.047363       -0.059360
         -0.015611       -0.046671       -0.069645
         -0.021884       -0.038191       -0.079859
         -0.025604       -0.023169       -0.089561
         -0.025669       -0.005336       -0.096943
         -0.021993        0.010917       -0.099772
         -0.015654        0.022467       -0.096882
         -0.008286        0.028335       -0.088212
         -0.001043        0.029632       -0.074014
          0.005771        0.028903       -0.055170
          0.012236        0.028709       -0.033805
          0.018371        0.029777       -0.012459
          0.023871        0.030423        0.007094
          0.027749        0.028150        0.023613
          0.028426        0.021664        0.035769
          0.024790        0.011420        0.042608
          0.017350       -0.000579        0.044209
          0.008235       -0.010747        0.041095
          0.000127       -0.014909        0.033318
         -0.004938       -0.010801        0.020822
         -0.006460        0.000502        0.004633
         -0.005845        0.015926       -0.013001
         -0.005789        0.032425       -0.029556
         -0.008640        0.047690       -0.042604
         -0.014772        0.060397       -0.049545
         -0.022225        0.070695       -0.048345
         -0.027784        0.079554       -0.039005
         -0.028541        0.086689       -0.023562
         -0.023063        0.089412       -0.004644
         -0.011987        0.083958        0.015122
          0.002072        0.067919        0.032720
          0.015574        0.041699        0.045335
          0.025560        0.008653        0.051707
          0.030548       -0.025647        0.052062
          0.030532       -0.054978        0.046973
          0.026590       -0.074745        0.037267
          0.020350       -0.083907        0.024717
          0.013421       -0.085184        0.011697
          0.007017       -0.083284        0.000097
          0.001783       -0.082607       -0.008845
         -0.002349       -0.086032       -0.013989
         -0.006046       -0.094586       -0.014512
         -0.010092       -0.107022       -0.010685
         -0.015000       -0.119999       -0.003781
         -0.020835       -0.129754        0.004737
         -0.026877       -0.133892        0.013313
         -0.031452       -0.131529        0.019885
         -0.032735       -0.122624        0.022426
         -0.029962       -0.108046        0.020245
         -0.023748       -0.089752        0.014476
         -0.015521       -0.069959        0.007612
         -0.006988       -0.050148        0.002886
          0.000243       -0.031028        0.003375
          0.005216       -0.013013        0.010425
          0.007919        0.003678        0.022389
          0.008788        0.019123        0.035037
          0.007812        0.033402        0.043446
          0.004327        0.045889        0.044067
         -0.002216        0.054945        0.036032
         -0.011493        0.058927        0.021438
         -0.022276        0.057770        0.004485
         -0.032668        0.053373       -0.010383
         -0.040228        0.048724       -0.020378
         -0.042624        0.047196       -0.025190
         -0.038824        0.051897       -0.026337
         -0.029671        0.063872       -0.025731
         -0.017250        0.080433       -0.024409
         -0.003998        0.096133       -0.021890
          0.007692        0.105735       -0.016305
          0.015852        0.106182       -0.005400
          0.019640        0.096985        0.011962
          0.019748        0.080538        0.034602
          0.017981        0.061911        0.058866
          0.016425        0.046518        0.079691
          0.016875        0.037039        0.092292
          0.020538        0.032743        0.093526
          0.027588        0.031217        0.082604
          0.036831        0.029884        0.061386
          0.046192        0.026588        0.033902
          0.053814        0.020521        0.004813
          0.058685        0.013214       -0.022090
          0.060502        0.007668       -0.044288
          0.059567        0.005832       -0.060457
          0.056787        0.007068       -0.070776
          0.053152        0.008815       -0.076806
          0.048939        0.007858       -0.080258
          0.043689        0.001234       -0.081929
          0.036915       -0.012445       -0.081968
          0.028535       -0.031529       -0.080487
          0.018848       -0.051589       -0.077356
          0.008649       -0.067802       -0.072080
         -0.000735       -0.077316       -0.064659
         -0.008062       -0.079755       -0.056132
         -0.012989       -0.076295       -0.047685
         -0.016171       -0.068750       -0.039706
         -0.018837       -0.058934       -0.032178
         -0.022442       -0.047830       -0.025317
         -0.028129       -0.035259       -0.019290
         -0.035900       -0.021107       -0.013984
         -0.044422       -0.006844       -0.009775
         -0.051773        0.004898       -0.008017
         -0.056233        0.012296       -0.010072
         -0.056766        0.015466       -0.015999
         -0.053411        0.016038       -0.024364
         -0.047172        0.016447       -0.032720
         -0.039056        0.019335       -0.037917
         -0.029268        0.026130       -0.036641
         -0.017465        0.035409       -0.026723
         -0.003526        0.043249       -0.008459
          0.011903        0.045656        0.015332
          0.027075        0.040495        0.040557
          0.039207        0.027777        0.063126
          0.045470        0.009679        0.079592
          0.044525       -0.009339        0.087773
          0.037351       -0.023720        0.087619
          0.026711       -0.029303        0.081173
          0.015813       -0.024913        0.071264
          0.007090       -0.011924        0.060443
          0.001551        0.006789        0.051069
         -0.001371        0.027383        0.045426
         -0.003318        0.046030        0.045104
         -0.005699        0.060635        0.050609
         -0.008422        0.071354        0.061617
         -0.009931        0.079000        0.076853
         -0.008407        0.083402        0.093422
         -0.002822        0.083443        0.106911
          0.006620        0.077884        0.112739
          0.018153        0.065797        0.107633
          0.028481        0.047070        0.090435
          0.033913        0.023229        0.062386
          0.032118       -0.002501        0.026865
          0.023035       -0.026619       -0.011605
          0.008481       -0.046945       -0.048626
         -0.008521       -0.062766       -0.080858
         -0.024178       -0.074003       -0.106388
         -0.034953       -0.080944       -0.124467
         -0.039259       -0.084514       -0.134639
         -0.038173       -0.085950       -0.136171
         -0.034204       -0.086146       -0.128452
         -0.029586       -0.085766       -0.111498
         -0.025557       -0.085791       -0.085816
         -0.022092       -0.087187       -0.052568
         -0.017568       -0.090123       -0.014405
         -0.009580       -0.094208        0.024516
          0.002776       -0.099420        0.059781
          0.017497       -0.106083        0.087535
          0.030783       -0.113909        0.104283
          0.039202       -0.121437        0.107356
          0.040898       -0.126254        0.096515
          0.036016       -0.125295        0.074633
          0.026934       -0.115283        0.046340
          0.017433       -0.094097        0.016371
          0.010370       -0.062647       -0.010999
          0.005861       -0.025367       -0.032641
          0.001982        0.011392       -0.047987
         -0.003070        0.041556       -0.058942
         -0.009716        0.060796       -0.067306
         -0.016987        0.067812       -0.072733
         -0.022729        0.065303       -0.073527
         -0.024325        0.058932       -0.068367
         -0.020479        0.054316       -0.056876
         -0.012648        0.054752       -0.040005
         -0.004283        0.060940       -0.020931
          0.001359        0.071278       -0.004571
          0.002641        0.082318        0.005225
         -0.000269        0.090492        0.008124
         -0.005497        0.094222        0.006661
         -0.009885        0.094002        0.003775
         -0.010496        0.090792        0.001570
         -0.006499        0.085180        0.001374
          0.000416        0.077645        0.003225
          0.007386        0.068537        0.005587
          0.011891        0.057966        0.007333
          0.012499        0.046665        0.010014
          0.009265        0.036808        0.016748
          0.003831        0.031085        0.028982
         -0.001541        0.030780        0.045271
         -0.005594        0.034987        0.062140
         -0.008620        0.041131        0.074408
         -0.011457        0.045494        0.075777
         -0.014450        0.043878        0.061903
         -0.017400        0.033374        0.033770
         -0.019851        0.014125       -0.002524
         -0.021258       -0.010901       -0.038913
         -0.021470       -0.037567       -0.067847
         -0.021284       -0.061632       -0.083443
         -0.022005       -0.079248       -0.083063
         -0.024149       -0.087999       -0.068677
         -0.026759       -0.087775       -0.045548
         -0.027999       -0.080206       -0.019108
         -0.026185       -0.067492        0.006491
         -0.020551       -0.052068        0.027696
         -0.011841       -0.036648        0.041544
         -0.002438       -0.023538        0.046818
          0.004614       -0.013709        0.044135
          0.007242       -0.006694        0.034743
          0.005254       -0.001132        0.020160
          0.000162        0.004743        0.002961
         -0.005455        0.012728       -0.013430
         -0.008821        0.024108       -0.026615
         -0.008204        0.038960       -0.036475
         -0.003660        0.055892       -0.044320
          0.003536        0.072672       -0.051648
          0.011946        0.087019       -0.059965
          0.020376        0.096627       -0.070206
          0.027907        0.099095       -0.080905
          0.033988        0.092712       -0.087627
          0.038106        0.077327       -0.085350
          0.039174        0.054222       -0.071249
          0.035834        0.025669       -0.045374
          0.027632       -0.005181       -0.010486
          0.015696       -0.034679        0.027725
          0.002439       -0.059693        0.061798
         -0.009045       -0.078444        0.085702
         -0.015688       -0.090508        0.097149
         -0.015572       -0.096262        0.097122
         -0.008865       -0.096479        0.088547
          0.002383       -0.092269        0.075681
          0.015318       -0.084992        0.063181
          0.027107       -0.075753        0.054392
          0.035182       -0.065008        0.050416
          0.037535       -0.052907        0.050679
          0.033252       -0.039729        0.053639
          0.022746       -0.025610        0.056859
          0.007449       -0.010316        0.057334
         -0.010502        0.006015        0.052731
         -0.028406        0.022183        0.042528
         -0.043515        0.036592        0.028030
         -0.053972        0.048196        0.011712
         -0.059228        0.056253       -0.003493
         -0.059468        0.059784       -0.015080
         -0.054980        0.058039       -0.021896
         -0.046304        0.050981       -0.024421
         -0.034510        0.038637       -0.024349
         -0.020932        0.020600       -0.023800
         -0.006886       -0.003044       -0.024429
          0.006134       -0.030574       -0.027067
          0.016509       -0.058705       -0.032040
          0.023200       -0.083334       -0.039228
          0.026132       -0.100033       -0.047776
          0.025688       -0.104677       -0.056523
          0.022156       -0.094816       -0.064856
          0.015912       -0.071040       -0.072627
          0.007887       -0.036988       -0.079466
         -0.000389        0.002007       -0.084797
         -0.007064        0.040269       -0.088215
         -0.010273        0.072649       -0.089235
         -0.008669        0.095640       -0.087049
         -0.002272        0.108554       -0.081230
          0.007041        0.113581       -0.072695
          0.016200        0.114445       -0.063629
          0.022455        0.114749       -0.056524
          0.024599        0.116986       -0.053474
          0.023279        0.122058       -0.055756
          0.020580        0.128843       -0.062897
          0.019044        0.134307       -0.071836
          0.020308        0.134838       -0.077749
          0.024109        0.128006       -0.076160
          0.028492        0.113259       -0.064449
          0.031089        0.091583       -0.042452
          0.030485        0.065249       -0.012847
          0.026855        0.037593        0.019340
          0.021752        0.011915        0.048896
          0.017271       -0.009941        0.072695
          0.014943       -0.027765        0.090236
          0.014876       -0.041832        0.102827
          0.015715       -0.051976        0.112598
          0.015446       -0.057607        0.121248
          0.012465       -0.057980        0.128741
          0.006341       -0.052393        0.133178
         -0.002009       -0.040902        0.132112
         -0.010765       -0.025440        0.124082
         -0.017996       -0.010028        0.109388
         -0.022392        0.000731        0.090049
         -0.023710        0.003753        0.069116
         -0.022914       -0.001568        0.049508
         -0.021775       -0.013673        0.032885
         -0.021905       -0.029418        0.019202
         -0.023808       -0.044889        0.007180
         -0.026600       -0.057026       -0.004717
         -0.028299       -0.065190       -0.017449
         -0.026495       -0.070936       -0.030914
         -0.019521       -0.076119       -0.043776
         -0.007742       -0.081412       -0.053661
          0.006121       -0.086343       -0.057717
          0.018147       -0.089661       -0.053482
          0.025001       -0.089202       -0.039874
          0.025236       -0.082474       -0.017977
          0.019788       -0.068551        0.008724
          0.011638       -0.049239        0.034807
          0.004510       -0.027982        0.054135
          0.000963       -0.008300        0.061791
          0.001103        0.006383        0.056017
          0.002812        0.012919        0.038898
          0.003090        0.010236        0.015522
         -0.000441        0.000611       -0.007612
         -0.008434       -0.011974       -0.024432
         -0.019333       -0.024320       -0.031202
         -0.029719       -0.034363       -0.027475
         -0.035705       -0.040814       -0.015226
         -0.034865       -0.044195        0.002836
         -0.027321       -0.047285        0.024201
         -0.015189       -0.052904        0.046768
         -0.001383       -0.061424        0.068977
          0.011145       -0.070843        0.089505
          0.020165       -0.078203        0.106475
          0.025079       -0.080127        0.117290
          0.026787       -0.073329        0.119624
          0.026304       -0.056624        0.112526
          0.023797       -0.032662        0.096710
          0.019035       -0.006868        0.074287
          0.012012        0.015323        0.048472
          0.002947        0.030127        0.022961
         -0.007481        0.035851        0.000731
         -0.017460        0.033418       -0.016976
         -0.024414        0.026439       -0.030686
         -0.026660        0.019579       -0.042091
         -0.024463        0.016110       -0.053427
         -0.019560        0.016766       -0.066735
         -0.014267        0.020469       -0.082756
         -0.010822        0.025482       -0.100009
         -0.010496        0.029926       -0.115011
         -0.012738        0.032402       -0.123657
         -0.015408        0.033102       -0.122737
         -0.016051        0.033908       -0.110977
         -0.013154        0.036749       -0.089885
         -0.006646        0.042202       -0.063919
          0.002362        0.049786       -0.039051
          0.012129        0.058504       -0.020333
          0.020777        0.066650       -0.010240
          0.026797        0.072248       -0.008291
          0.029636        0.074269       -0.011480
          0.029752        0.072795       -0.015382
          0.027958        0.068135       -0.015812
          0.025040        0.060538       -0.010312
          0.022038        0.050350        0.001237
          0.020028        0.037719        0.017033
          0.019168        0.022666        0.034268
          0.018343        0.006002        0.049797
          0.015965       -0.010359        0.060588
          0.010876       -0.024184        0.064387
          0.002771       -0.033466        0.060399
         -0.007470       -0.036618        0.049306
         -0.017603       -0.033466        0.032734
         -0.024695       -0.026130        0.012790
         -0.026669       -0.017878       -0.008319
         -0.023518       -0.010992       -0.028840
         -0.017175       -0.006218       -0.047898
         -0.010505       -0.003455       -0.065375
         -0.006454       -0.001782       -0.081401
         -0.007309        0.000474       -0.095860
         -0.013568        0.004069       -0.108250
         -0.023220        0.007338       -0.117930
         -0.032644        0.007336       -0.124071
         -0.038560        0.002318       -0.125208
         -0.039172       -0.007508       -0.119519
         -0.034193       -0.020785       -0.106159
         -0.024834       -0.035104       -0.085903
         -0.013623       -0.046632       -0.060479
         -0.003024       -0.051629       -0.032340
          0.006136       -0.049067       -0.005152
          0.014319       -0.040899        0.017144
          0.021683       -0.029998        0.032488
          0.027656       -0.019275        0.041059
          0.031598       -0.012328        0.043654
          0.032869       -0.012455        0.041287
          0.030773       -0.020145        0.036304
          0.025524       -0.032768        0.031960
          0.018956       -0.046970        0.030369
          0.013426       -0.060202        0.032218
          0.010231       -0.070201        0.038287
          0.009385       -0.075097        0.049194
          0.010164       -0.074931        0.063446
          0.011335       -0.071621        0.077770
          0.011640       -0.066320        0.089796
          0.010850       -0.057770        0.098759
          0.010081       -0.044168        0.103764
          0.010795       -0.025358        0.103730
          0.013629       -0.002203        0.099288
          0.017915        0.024424        0.092543
          0.021727        0.052361        0.084728
          0.022507        0.077530        0.076021
          0.018424        0.096663        0.067489
          0.009637        0.109646        0.060868
         -0.001576        0.117895        0.056214
         -0.011813        0.122014        0.051627
         -0.018086        0.122345        0.045348
         -0.019379        0.119816        0.036635
         -0.017380        0.114362        0.024968
         -0.015576        0.103901        0.010335
         -0.017182        0.086576       -0.005446
         -0.023446        0.063195       -0.019101
         -0.033235        0.036627       -0.028219
         -0.043549        0.010007       -0.032691
         -0.050676       -0.013501       -0.033901
         -0.051888       -0.030681       -0.033382
         -0.046701       -0.039854       -0.032663
         -0.036595       -0.042137       -0.033339
         -0.023822       -0.040012       -0.035909
         -0.010714       -0.035160       -0.038831
          0.000534       -0.028332       -0.039889
          0.008379       -0.020259       -0.038391
          0.012457       -0.011683       -0.035342
          0.013461       -0.003210       -0.032186
          0.012705        0.004159       -0.030465
          0.011881        0.008814       -0.031990
          0.012736        0.009312       -0.037736
          0.016300        0.005420       -0.046254
          0.022108       -0.001541       -0.054112
          0.028181       -0.009343       -0.058306
          0.031953       -0.015894       -0.057796
          0.031398       -0.019734       -0.052880
          0.025616       -0.020037       -0.044394
          0.014950       -0.016808       -0.034037
          0.001094       -0.010975       -0.023958
         -0.013120       -0.003784       -0.014815
         -0.024676        0.003745       -0.005108
         -0.031384        0.010615        0.006718
         -0.032079        0.015765        0.020420
         -0.026403        0.018739        0.034627
         -0.015117        0.020217        0.047850
         -0.000537        0.021801        0.057911
          0.013956        0.025521        0.061855
          0.025123        0.033179        0.057811
          0.030606        0.045330        0.046313
          0.029103        0.060645        0.029226
          0.020811        0.076414        0.008331
          0.007906        0.089474       -0.014454
         -0.006097        0.096802       -0.036650
         -0.017835        0.096244       -0.056170
         -0.024927        0.087401       -0.072411
         -0.025830        0.071556       -0.085835
         -0.019959        0.050748       -0.096856
         -0.008302        0.027499       -0.105561
          0.006593        0.005215       -0.111955
          0.021636       -0.012313       -0.115526
          0.034171       -0.022320       -0.114575
          0.042403       -0.023848       -0.106812
          0.045817       -0.017708       -0.091050
          0.045656       -0.006719       -0.068133
          0.044395        0.004133       -0.040263
          0.043985        0.009164       -0.009984
          0.044447        0.004636        0.020126
          0.044095       -0.009888        0.047600
          0.040715       -0.032123        0.070679
          0.032569       -0.057918        0.088501
          0.019169       -0.081933        0.100226
          0.001764       -0.099224        0.104296
         -0.017075       -0.107156        0.099172
         -0.034751       -0.105660        0.084778
         -0.049705       -0.096020        0.062965
         -0.061531       -0.080029        0.036900
         -0.070470       -0.059930        0.010488
         -0.076757       -0.038187       -0.012145
         -0.080158       -0.017065       -0.027894
         -0.079944        0.001480       -0.035986
         -0.075159        0.015657       -0.037812
         -0.064933        0.023915       -0.035399
         -0.049199        0.025552       -0.030103
         -0.029614        0.021407       -0.022286
         -0.009459        0.013627       -0.011553
          0.007738        0.004542        0.002871
          0.019464       -0.004120        0.021483
          0.024665       -0.011242        0.043653
          0.024045       -0.016452        0.067249
          0.020075       -0.020456        0.089385
          0.015851       -0.024505        0.107904
          0.013398       -0.029110        0.122214
          0.012982       -0.033610        0.132796
          0.013748       -0.036982        0.140358
          0.014533       -0.038465        0.145604
          0.014165       -0.037336        0.148877
          0.011781       -0.032971        0.149199
          0.007448       -0.025603        0.144214
          0.002230       -0.016437        0.131816
         -0.002797       -0.006635        0.111488
         -0.007471        0.003330        0.083912
         -0.012296        0.012989        0.050349
         -0.017558        0.021269        0.012970
         -0.022899        0.027002       -0.025220
         -0.027147        0.029375       -0.061629
         -0.028015        0.027412       -0.094736
         -0.022449        0.019992       -0.123205
         -0.008257        0.007208       -0.145131
          0.014020       -0.008900       -0.158604
          0.040703       -0.025524       -0.162519
          0.066330       -0.040334       -0.156679
          0.085598       -0.051490       -0.141846
          0.094862       -0.057941       -0.120154
          0.093189       -0.060567       -0.095171
          0.082859       -0.062085       -0.071034
          0.068291       -0.065076       -0.051046
          0.053443       -0.070373       -0.036723
          0.039929       -0.076964       -0.027821
          0.027495       -0.082137       -0.022807
          0.015418       -0.081579       -0.019168
          0.003129       -0.070917       -0.014047
         -0.009377       -0.048330       -0.005539
         -0.020749       -0.015815        0.006342
         -0.028497        0.021631        0.020011
         -0.030805        0.057452        0.033320
         -0.027953        0.085019        0.044119
         -0.021676        0.099665        0.050498
         -0.013651        0.100475        0.051517
         -0.004979        0.090354        0.048053
          0.003510        0.074449        0.042498
          0.011209        0.058257        0.037368
          0.017608        0.046247        0.034318
          0.021449        0.040959        0.034024
          0.020271        0.042543        0.036090
          0.011768        0.049059        0.038936
         -0.003973        0.057454        0.040560
         -0.023810        0.064479        0.039989
         -0.043049        0.067132        0.037889
         -0.057314        0.063153        0.035558
         -0.063643        0.051918        0.033394
         -0.061418        0.035103        0.030421
         -0.053012        0.016325        0.024909
         -0.042756       -0.000064        0.015050
         -0.034401       -0.010236       -0.000348
         -0.029553       -0.011942       -0.020635
         -0.028150       -0.005397       -0.042626
         -0.029402        0.006659       -0.061926
         -0.031911        0.020228       -0.075166
         -0.033809        0.031659       -0.080798
         -0.033583        0.038267       -0.078355
         -0.030561        0.038106       -0.067891
         -0.024345        0.029848       -0.050088
         -0.014371        0.013007       -0.026330
         -0.000688       -0.011709        0.001300
          0.015030       -0.041923        0.029559
          0.029738       -0.073225        0.053524
          0.040261       -0.099587        0.067316
          0.044192       -0.115042        0.066493
          0.040328       -0.116013        0.050375
          0.029462       -0.102852        0.022359
          0.014974       -0.079603       -0.011525
          0.001596       -0.052290       -0.044296
         -0.007223       -0.026741       -0.069752
         -0.010955       -0.006898       -0.084504
         -0.011563        0.006005       -0.089006
         -0.012100        0.013308       -0.086186
         -0.015217        0.017694       -0.078871
         -0.021493        0.021389       -0.068431
         -0.028336        0.025416       -0.055006
         -0.030950        0.030266       -0.038049
         -0.025280        0.036288       -0.016905
         -0.010673        0.043064        0.008090
          0.009775        0.049278        0.034670
          0.030846        0.053545        0.059245
          0.047186        0.054666        0.078813
          0.055015        0.051186        0.092277
          0.053604        0.041855        0.099920
          0.045552        0.026995        0.102010
          0.035131        0.008814        0.098103
          0.025945       -0.009813        0.087186
          0.019704       -0.026216        0.067990
          0.016293       -0.037633        0.039782
          0.014195       -0.041477        0.004136
          0.010995       -0.036796       -0.033919
          0.004396       -0.024941       -0.067479
         -0.006279       -0.008555       -0.091105
         -0.019228        0.009274       -0.102846
         -0.030913        0.024854       -0.104031
         -0.037615        0.034417       -0.098302
         -0.036399        0.035741       -0.090292
         -0.025832        0.028931       -0.083267
         -0.007230        0.015767       -0.076947
          0.014899       -0.000833       -0.068020
          0.034654       -0.016916       -0.053167
          0.047310       -0.028321       -0.031480
          0.050451       -0.032196       -0.004558
          0.044125       -0.028176        0.024345
          0.031047       -0.018778        0.050890
          0.015861       -0.008734        0.070901
          0.002760       -0.003099        0.082431
         -0.006574       -0.005147        0.086305
         -0.012883       -0.015210        0.084196
         -0.017890       -0.030284        0.076865
         -0.023055       -0.044559        0.064540
         -0.028842       -0.051883        0.047717
         -0.034399       -0.049078        0.026915
         -0.038095       -0.037085        0.002755
         -0.038820       -0.019516       -0.022970
         -0.037043       -0.001119       -0.047049
         -0.034686        0.013157       -0.066250
         -0.033797        0.019949       -0.078667
         -0.035055        0.019314       -0.083733
         -0.037367        0.013934       -0.081753
         -0.038684        0.006356       -0.073775
         -0.037050       -0.002359       -0.061411
         -0.031360       -0.011850       -0.046155
         -0.021968       -0.021854       -0.028704
         -0.010682       -0.032333       -0.008956
          0.000378       -0.042682        0.013483
          0.010231       -0.050334        0.038827
          0.019354       -0.051365        0.066890
          0.028817       -0.043363        0.096933
          0.039286       -0.027400        0.127433
          0.050526       -0.007229        0.155917
          0.061222        0.012530        0.179273
          0.069063        0.027566        0.194579
          0.071469        0.035228        0.199745
          0.066990        0.036209        0.193423
          0.056254        0.034494        0.174862
          0.041523        0.034703        0.144532
          0.025543        0.039250        0.104618
          0.010862        0.047790        0.058352
         -0.000526        0.058369        0.009339
         -0.007852        0.068398       -0.038079
         -0.011887        0.075204       -0.078945
         -0.014093        0.076960       -0.109421
         -0.015547        0.073527       -0.128303
         -0.016945        0.065992       -0.136645
         -0.019033        0.055208       -0.136837
         -0.022307        0.041112       -0.132332
         -0.026517        0.023579       -0.126862
         -0.030874        0.003396       -0.122603
         -0.034437       -0.018038       -0.119188
         -0.035993       -0.039327       -0.114817
         -0.033976       -0.058499       -0.107900
         -0.027064       -0.072413       -0.097610
         -0.015017       -0.078082       -0.083923
          0.001023       -0.074469       -0.068032
          0.018802       -0.062301       -0.052447
          0.035432       -0.043165       -0.039904
          0.048045       -0.020111       -0.031964
          0.054651        0.001941       -0.028788
          0.054823        0.018221       -0.029796
          0.049640        0.026574       -0.033844
          0.040964        0.027609       -0.038942
          0.030594        0.023612       -0.042830
          0.019832        0.018009       -0.044075
          0.009594        0.014579       -0.042137
          0.000743        0.015721       -0.036608
         -0.005873        0.021360       -0.027225
         -0.009739        0.029681       -0.014491
         -0.010948        0.038572        0.000356
         -0.010289        0.046468        0.015886
         -0.009339        0.052462        0.030472
         -0.010276        0.056028        0.042086
         -0.014808        0.056639        0.048808
         -0.022865        0.053641        0.049734
         -0.032499        0.046327        0.045316
         -0.040984        0.034050        0.037055
         -0.045741        0.016741        0.027066
         -0.044933       -0.004065        0.017703
         -0.038471       -0.024906        0.011117
         -0.028576       -0.041739        0.008835
         -0.018446       -0.051687        0.011512
         -0.010157       -0.053544        0.018996
         -0.004078       -0.047618        0.030607
          0.000389       -0.036123        0.045286
          0.004281       -0.022947        0.061580
          0.008610       -0.011460        0.077819
          0.013249       -0.002510        0.092592
          0.016345        0.004828        0.105121
          0.015525        0.011398        0.115319
          0.009757        0.017773        0.123605
         -0.000058        0.024658        0.130530
         -0.011731        0.031889        0.136209
         -0.022478        0.037602        0.139792
         -0.029579        0.039634        0.139360
         -0.031501        0.037243        0.132476
         -0.028788        0.030581        0.117237
         -0.023599        0.019388        0.093298
         -0.018215        0.003596        0.062243
         -0.013917       -0.015146        0.027030
         -0.010865       -0.033691       -0.009049
         -0.008319       -0.048927       -0.043290
         -0.004757       -0.058264       -0.074156
          0.001534       -0.059345       -0.101430
          0.011211       -0.051125       -0.125665
          0.023208       -0.035585       -0.146979
          0.035449       -0.017273       -0.164202
          0.045834       -0.000783       -0.175179
          0.052442        0.010889       -0.177625
          0.053745        0.016149       -0.169701
          0.049415        0.014647       -0.150710
          0.040586        0.007824       -0.122138
          0.028957       -0.001635       -0.087797
          0.016050       -0.011863       -0.052432
          0.003386       -0.022834       -0.020072
         -0.007461       -0.034919        0.006744
         -0.015435       -0.047304        0.027120
         -0.020257       -0.058312        0.041589
         -0.022096       -0.066081        0.051303
         -0.021385       -0.068182        0.056971
         -0.018916       -0.061898        0.058397
         -0.015635       -0.046281        0.055070
         -0.012119       -0.023616        0.047383
         -0.008225        0.001662        0.037305
         -0.003265        0.025057        0.027625
          0.003351        0.042998        0.020502
          0.011418        0.053175        0.016789
          0.019630        0.055275        0.016034
          0.025802        0.051324        0.016412
          0.027561        0.044355        0.015315
          0.023300        0.036350        0.011150
          0.013054        0.027723        0.004466
         -0.001307        0.018458       -0.003211
         -0.016836        0.008794       -0.011045
         -0.030715       -0.001132       -0.018868
         -0.041027       -0.011183       -0.026419
         -0.046866       -0.020514       -0.033357
         -0.048200       -0.027892       -0.039059
         -0.045660       -0.032977       -0.041497
         -0.039989       -0.036479       -0.037209
         -0.031523       -0.038812       -0.023681
         -0.020405       -0.039227       -0.001808
         -0.007349       -0.036612        0.024120
          0.006068       -0.030651        0.048127
          0.017787       -0.021978        0.064223
          0.025769       -0.011953        0.068269
          0.028443       -0.002889        0.060211
          0.025493        0.002336        0.044674
          0.018518        0.002356        0.028664
          0.010551       -0.000922        0.018281
          0.004582       -0.003395        0.016788
          0.002455       -0.001422        0.024170
          0.004619        0.006825        0.037488
          0.009998        0.021144        0.052166
          0.016088        0.038750        0.064065
          0.020127        0.054681        0.071100
          0.020646        0.064488        0.073342
          0.017853        0.066827        0.071818
          0.013022        0.063137        0.067057
          0.008000        0.055684        0.058419
          0.004709        0.046617        0.044713
          0.004255        0.037638        0.025318
          0.006329        0.028830        0.000805
          0.009630        0.018077       -0.026624
          0.012798        0.002924       -0.052831
          0.014832       -0.017078       -0.072995
          0.014962       -0.040115       -0.084239
          0.012723       -0.062929       -0.086686
          0.008268       -0.081069       -0.082259
          0.002187       -0.089813       -0.073683
         -0.005028       -0.086501       -0.064244
         -0.012961       -0.072022       -0.056593
         -0.020914       -0.049954       -0.051284
         -0.028109       -0.024947       -0.047219
         -0.034128       -0.001642       -0.043324
         -0.038687        0.016574       -0.039213
         -0.041181        0.028776       -0.034757
         -0.040830        0.036275       -0.029921
         -0.037071        0.041232       -0.025050
         -0.029640        0.045601       -0.020823
         -0.018624        0.050592       -0.017741
         -0.004828        0.056272       -0.015873
          0.009879        0.061671       -0.015258
          0.022846        0.065442       -0.016284
          0.031570        0.066327       -0.019353
          0.034630        0.063209       -0.024235
          0.032108        0.055215       -0.030087
          0.025691        0.041966       -0.035946
          0.018340        0.023596       -0.040799
          0.013014        0.000711       -0.043264
          0.010956       -0.025260       -0.041786
          0.011086       -0.051512       -0.035454
          0.010926       -0.073959       -0.024499
          0.007903       -0.088171       -0.010072
          0.000332       -0.090522        0.005995
         -0.011684       -0.079122        0.020941
         -0.025859       -0.054843        0.031063
         -0.038610       -0.022050        0.032897
         -0.046660        0.012126        0.024993
         -0.048030        0.040081        0.008593
         -0.042171        0.055922       -0.012989
         -0.029943        0.056549       -0.034837
         -0.013554        0.042377       -0.050819
          0.003973        0.017725       -0.055613
          0.019790       -0.010459       -0.047498
          0.031920       -0.035431       -0.028757
          0.039268       -0.052712       -0.003745
          0.041582       -0.060323        0.022311
          0.039788       -0.058758        0.043641
          0.035843       -0.051167        0.055624
          0.031663       -0.042113        0.056936
          0.028293       -0.035042        0.049348
          0.026016       -0.031120        0.035827
          0.024461       -0.029982        0.019757
          0.022461       -0.030178        0.005237
          0.018530       -0.029050       -0.003707
          0.011821       -0.023857       -0.004934
          0.002435       -0.013578        0.001169
         -0.008947        0.000859        0.012654
         -0.021298        0.017677        0.026732
         -0.033328        0.034844        0.039616
         -0.043843        0.050144        0.047258
         -0.052077        0.061646        0.047537
         -0.057526        0.068350        0.041460
         -0.059536        0.070330        0.031901
         -0.057242        0.068283        0.021890
         -0.049953        0.063009        0.014241
         -0.037715        0.055439        0.011307
         -0.021775        0.046904        0.013696
         -0.004698        0.038750        0.019740
          0.010244        0.031548        0.027136
          0.020318        0.025065        0.034724
          0.024460        0.018890        0.042211
          0.023612        0.012492        0.049159
          0.020231        0.004807        0.055208
          0.017320       -0.005357        0.060539
          0.017142       -0.018187        0.065071
          0.020121       -0.032571        0.067830
          0.024754       -0.046876        0.068023
          0.028637       -0.059362        0.066218
          0.029657       -0.067992        0.063659
          0.026745       -0.070910        0.060965
          0.020455       -0.067679        0.058055
          0.013085       -0.059727        0.054538
          0.007573       -0.049460        0.049534
          0.005674       -0.039317        0.041856
          0.007040       -0.031651        0.031062
          0.009747       -0.028493        0.018094
          0.011332       -0.030491        0.004791
          0.009800       -0.036267       -0.007027
          0.004766       -0.043335       -0.016250
         -0.001814       -0.049281       -0.022890
         -0.006533       -0.051818       -0.028062
         -0.006744       -0.048788       -0.033539
         -0.002081       -0.039145       -0.041159
          0.005779       -0.023582       -0.052172
          0.014092       -0.003762       -0.066546
          0.019937        0.018475       -0.082731
          0.021488        0.040849       -0.098165
          0.019216        0.060435       -0.109951
          0.015308        0.074466       -0.115226
          0.011541        0.081256       -0.111737
          0.008085        0.080313       -0.098800
          0.004131        0.072138       -0.077701
         -0.001130        0.058282       -0.051208
         -0.007925        0.041220       -0.022955
         -0.015207        0.023536        0.002955
         -0.020466        0.007025        0.022492
         -0.021132       -0.007361        0.032486
         -0.016606       -0.018843        0.031344
         -0.008894       -0.026509        0.019375
         -0.001406       -0.029700       -0.001379
          0.002876       -0.028312       -0.027456
          0.002808       -0.022837       -0.054319
         -0.000346       -0.014662       -0.077255
         -0.003519       -0.006159       -0.092743
         -0.003713        0.000371       -0.099186
         -0.000206        0.004114       -0.096654
          0.004635        0.006114       -0.086573
          0.006848        0.008713       -0.071648
          0.003615        0.014649       -0.055171
         -0.004784        0.025594       -0.039711
         -0.014774        0.040766       -0.026522
         -0.020914        0.057053       -0.015946
         -0.018634        0.070582       -0.007676
         -0.007187        0.078420       -0.000699
          0.009476        0.079725        0.006120
          0.024807        0.076015        0.013081
          0.032893        0.070093        0.019705
          0.030796        0.064175        0.025623
          0.019601        0.058637        0.031015
          0.003859        0.052039        0.036392
         -0.010827        0.042313        0.042368
         -0.020564        0.028502        0.049398
         -0.024156        0.011873        0.057157
         -0.022512       -0.004456        0.064012
         -0.017795       -0.016862        0.067419
         -0.012422       -0.022806        0.065271
         -0.007915       -0.022427        0.057046
         -0.004697       -0.019080        0.043845
         -0.002969       -0.017603        0.027764
         -0.003217       -0.021518        0.011416
         -0.005669       -0.031637       -0.002725
         -0.009700       -0.046294       -0.013287
         -0.013897       -0.061927       -0.020123
         -0.016419       -0.074302       -0.023134
         -0.015481       -0.080801       -0.021514
         -0.010290       -0.081846       -0.014430
         -0.002082       -0.079702       -0.001921
          0.006019       -0.076337        0.014867
          0.010692       -0.072797        0.033481
          0.010253       -0.069463        0.049971
          0.005306       -0.065694        0.059824
         -0.001547       -0.059953        0.059993
         -0.006660       -0.051507        0.050422
         -0.007140       -0.041548        0.033696
         -0.002672       -0.031853        0.013515
          0.004336       -0.022861       -0.006358
          0.010464       -0.013554       -0.022648
          0.013233       -0.002208       -0.033629
          0.012045        0.013299       -0.039674
          0.008081        0.034555       -0.041710
          0.003506        0.060576       -0.039427
          0.000135        0.086992       -0.031915
         -0.001769        0.107901       -0.019340
         -0.003520        0.118648       -0.002891
         -0.006669        0.117529        0.015833
         -0.011573        0.106379        0.033973
         -0.017068        0.090186        0.047040
         -0.021167        0.075324        0.051170
         -0.022094        0.066908        0.045492
         -0.019260        0.066660        0.031727
         -0.013820        0.072440        0.012814
         -0.008210        0.079691       -0.006945
         -0.004665        0.083719       -0.022021
         -0.003750        0.081134       -0.028055
         -0.004112        0.070277       -0.024220
         -0.003443        0.051640       -0.012823
          0.000226        0.027897        0.002306
          0.007541        0.002619        0.016305
          0.017353       -0.021154        0.023938
          0.026994       -0.040949        0.022144
          0.033410       -0.054617        0.012212
          0.034603       -0.061281       -0.001319
          0.030411       -0.062261       -0.013520
          0.022174       -0.060413       -0.020482
          0.011879       -0.058801       -0.019750
          0.001510       -0.060032       -0.011603
         -0.007357       -0.065711        0.000363
         -0.013931       -0.075468        0.011374
         -0.018189       -0.086571        0.018255
         -0.020357       -0.095094        0.019995
         -0.020621       -0.097774        0.016947
         -0.019468       -0.093065        0.010597
         -0.017965       -0.081188        0.003386
         -0.017325       -0.063905       -0.002535
         -0.018212       -0.044114       -0.006703
         -0.020360       -0.024962       -0.010214
         -0.022522       -0.008760       -0.014329
         -0.022700        0.003580       -0.019526
         -0.018859        0.012272       -0.025542
         -0.010016        0.017909       -0.031344
          0.003007        0.021079       -0.034885
          0.017832        0.022511       -0.033793
          0.031584        0.022868       -0.026990
          0.041920        0.021977       -0.015441
          0.047547        0.018734       -0.001209
          0.048367        0.012095        0.013792
          0.045307        0.001752        0.028108
          0.039630       -0.012077        0.040691
          0.032097       -0.028541        0.051288
          0.022832       -0.045355        0.060517
          0.011894       -0.059025        0.068871
         -0.000325       -0.066725        0.075761
         -0.013105       -0.067725        0.079919
         -0.025310       -0.062775        0.080315
         -0.035259       -0.052982        0.076066
         -0.041190       -0.039820        0.066002
         -0.042039       -0.025102        0.049379
         -0.037638       -0.009764        0.027097
         -0.028382        0.006640        0.001808
         -0.015219        0.024202       -0.022848
          0.000121        0.041050       -0.042616
          0.015431        0.054303       -0.053056
          0.028694        0.061994       -0.051078
          0.038248        0.063336       -0.036654
          0.042734        0.058125       -0.012919
          0.041588        0.047271        0.015055
          0.035545        0.033488        0.041330
          0.026278        0.020057        0.060086
          0.015723        0.008765        0.067323
          0.005778       -0.000002        0.062346
         -0.002140       -0.005597        0.047503
         -0.007774       -0.007216        0.026669
         -0.012002       -0.005667        0.003951
         -0.016111       -0.003246       -0.017387
         -0.021169       -0.001483       -0.036128
         -0.027541       -0.000423       -0.053344
         -0.034427       -0.000115       -0.070915
         -0.040112       -0.000684       -0.089645
         -0.042960       -0.000498       -0.108510
         -0.042141        0.003476       -0.124904
         -0.037771        0.012532       -0.135336
         -0.030930        0.025138       -0.136657
         -0.023376        0.039156       -0.127395
         -0.016684        0.052854       -0.108141
         -0.011565        0.063451       -0.080785
         -0.008038        0.067497       -0.047554
         -0.005912        0.063891       -0.010793
         -0.004879        0.054778        0.026577
         -0.004455        0.042843        0.060685
         -0.004116        0.029604        0.087029
         -0.003430        0.016680        0.101292
         -0.001989        0.006163        0.100492
          0.000555       -0.001468        0.084537
          0.004125       -0.007823        0.057304
          0.007903       -0.013875        0.025693
          0.010609       -0.018522       -0.003285
          0.011212       -0.020618       -0.025177
          0.009418       -0.020419       -0.039080
          0.005683       -0.018181       -0.047353
          0.001106       -0.013481       -0.054332
         -0.002718       -0.007108       -0.063775
         -0.004181       -0.001746       -0.076236
         -0.002347        0.000467       -0.088699
          0.002787       -0.000303       -0.096754
          0.010590       -0.002759       -0.097026
          0.020067       -0.005693       -0.088308
          0.029775       -0.007442       -0.071889
          0.037765       -0.006055       -0.051243
          0.041985       -0.001188       -0.030299
          0.040869        0.005166       -0.011037
          0.033770        0.010480        0.007268
          0.021285        0.013325        0.026586
          0.005522        0.013165        0.048274
         -0.010116        0.009867        0.072207
         -0.022018        0.003775        0.096488
         -0.027857       -0.004694        0.117439
         -0.027399       -0.015827        0.130672
         -0.022132       -0.030507        0.133245
         -0.014377       -0.049151        0.125107
         -0.006522       -0.070605        0.108555
         -0.000182       -0.091737        0.086920
          0.004609       -0.108195        0.063826
          0.009169       -0.116081        0.042551
          0.014798       -0.113390        0.025047
          0.021701       -0.100527        0.011786
          0.029126       -0.080219        0.002856
          0.035819       -0.056968       -0.001170
          0.040119       -0.035697        0.000358
          0.040480       -0.019947        0.007303
          0.036763       -0.010846        0.018358
          0.030710       -0.007492        0.031049
          0.024646       -0.007856        0.042047
          0.020007       -0.009173        0.048120
          0.017089       -0.008411        0.047551
          0.015121       -0.003548        0.041139
          0.012174        0.005603        0.032051
          0.006028        0.018314        0.024385
         -0.003944        0.034115        0.021119
         -0.015939        0.052298        0.022729
         -0.026963        0.070984        0.027116
         -0.034593        0.087713        0.030280
         -0.037742        0.100552        0.027525
         -0.036669        0.107836        0.015383
         -0.032846        0.107746       -0.006692
         -0.028303        0.099603       -0.036322
         -0.024311        0.085280       -0.069503
         -0.020715        0.068252       -0.101734
         -0.016829        0.051679       -0.128875
         -0.012725        0.038162       -0.148282
         -0.009344        0.030117       -0.159614
         -0.007690        0.028572       -0.164276
         -0.008224        0.031800       -0.163900
         -0.010656        0.036218       -0.159163
         -0.013778        0.038390       -0.149459
         -0.015640        0.035592       -0.133144
         -0.014517        0.025673       -0.108253
         -0.010092        0.008173       -0.073833
         -0.003658       -0.014408       -0.031499
          0.002908       -0.037550        0.014057
          0.008285       -0.057085        0.056321
          0.012082       -0.070351        0.089053
          0.014717       -0.076112        0.107854
          0.017136       -0.074895        0.111015
          0.020084       -0.069284        0.099959
          0.023168       -0.062535        0.078802
          0.024773       -0.056484        0.052722
          0.023273       -0.051031        0.026083
          0.018456       -0.045205        0.001710
          0.011835       -0.038023       -0.018699
          0.005796       -0.028699       -0.034193
          0.002511       -0.017058       -0.044543
          0.003079       -0.004092       -0.049807
          0.006875        0.008337       -0.049630
          0.011604        0.018607       -0.043528
          0.014630        0.026054       -0.031969
          0.014719        0.030791       -0.016632
          0.012476        0.033300        0.000463
          0.009394        0.034288        0.017490
          0.006911        0.034609        0.032670
          0.005926        0.035026        0.044619
          0.006273        0.035955        0.053161
          0.006611        0.037606        0.059153
          0.005368        0.040483        0.063313
          0.001887        0.045327        0.065699
         -0.003381        0.052188        0.066276
         -0.009334        0.059755        0.065255
         -0.014678        0.065837        0.062754
         -0.018389        0.068187        0.058947
         -0.020083        0.064877        0.054810
         -0.019967        0.054738        0.051902
         -0.018530        0.038200        0.051001
         -0.016287        0.017415        0.051454
         -0.013549       -0.004837        0.051797
         -0.010400       -0.026009        0.050177
         -0.007072       -0.043502        0.044420
         -0.004212       -0.054324        0.032897
         -0.002517       -0.055608        0.015724
         -0.002269       -0.045482       -0.005249
         -0.003349       -0.023748       -0.027419
         -0.005260        0.007503       -0.048156
         -0.006971        0.043516       -0.065110
         -0.007295        0.077287       -0.076666
         -0.005842        0.101098       -0.082381
         -0.003495        0.108907       -0.082862
         -0.001927        0.098370       -0.079166
         -0.002731        0.071181       -0.072458
         -0.006677        0.032133       -0.064223
         -0.013143       -0.011849       -0.056357
         -0.019912       -0.052924       -0.050599
         -0.023851       -0.084503       -0.047957
         -0.022467       -0.103037       -0.048610
         -0.015353       -0.107818       -0.051715
         -0.004443       -0.100052       -0.055051
          0.006942       -0.082888       -0.055500
          0.015352       -0.061096       -0.050321
          0.018394       -0.039128       -0.037983
          0.015762       -0.019613       -0.018291
          0.009463       -0.003895        0.007424
          0.002605        0.007185        0.036208
         -0.002433        0.013624        0.064114
         -0.004886        0.016296        0.087116
         -0.005259        0.016123        0.101687
         -0.004759        0.013760        0.105286
         -0.004843        0.010075        0.097115
         -0.006398        0.006136        0.078649
         -0.009086        0.002425        0.053338
         -0.011913       -0.001642        0.025603
         -0.014359       -0.007403       -0.000231
         -0.016478       -0.016266       -0.020904
         -0.018085       -0.029003       -0.035037
         -0.018528       -0.045182       -0.043171
         -0.017181       -0.062918       -0.046751
         -0.013619       -0.079072       -0.046851
         -0.007510       -0.089945       -0.043524
          0.000908       -0.092468       -0.035910
          0.010193       -0.085372       -0.022897
          0.018224       -0.069550       -0.004051
          0.023581       -0.047522        0.019574
          0.026096       -0.022744        0.045160
          0.026272        0.000824        0.068761
          0.024964        0.019313        0.086664
          0.023615        0.029887        0.096570
          0.023889        0.031214        0.097996
          0.026636        0.023070        0.092139
          0.031498        0.006226        0.081462
          0.037296       -0.016824        0.068744
          0.042113       -0.041687        0.055843
          0.043150       -0.063306        0.043080
          0.037590       -0.077258        0.029654
          0.024361       -0.080206        0.014536
          0.005063       -0.070642       -0.002786
         -0.016755       -0.050222       -0.021829
         -0.036868       -0.023782       -0.040838
         -0.051365        0.002757       -0.057074
         -0.057818        0.024527       -0.067929
         -0.056492        0.038504       -0.072116
         -0.050169        0.044018       -0.069816
         -0.042254        0.043339       -0.061988
         -0.034981        0.040827       -0.050041
         -0.029072        0.040463       -0.035859
         -0.023979        0.043894       -0.021310
         -0.018069        0.050286       -0.007660
         -0.009566        0.057188        0.004085
          0.001855        0.061534        0.012645
          0.014584        0.060769        0.017019
          0.026135        0.053975        0.017394
          0.034238        0.042230        0.014903
          0.037267        0.027796        0.010777
          0.034738        0.012665        0.006183
          0.027877       -0.002232        0.002335
          0.019321       -0.016432       -0.000044
          0.011961       -0.029078       -0.001203
          0.007930       -0.039068       -0.001764
          0.008205       -0.045504       -0.001833
          0.012384       -0.047311       -0.001106
          0.018524       -0.043178        0.000396
          0.023659       -0.032981        0.002258
          0.025118       -0.018756        0.004096
          0.021625       -0.003353        0.005499
          0.013456        0.011200        0.005703
          0.002215        0.023344        0.004026
         -0.009438        0.031421        0.000595
         -0.018712        0.034791       -0.003899
         -0.024031        0.034513       -0.008942
         -0.025451        0.031899       -0.014188
         -0.023991        0.027425       -0.019107
         -0.021048        0.021802       -0.023299
         -0.018132        0.016905       -0.026900
         -0.016173        0.014717       -0.030269
         -0.014963        0.016218       -0.033501
         -0.013772        0.021835       -0.036393
         -0.012242        0.031675       -0.038540
         -0.010302        0.044319       -0.039343
         -0.007855        0.056246       -0.038088
         -0.005073        0.063364       -0.034138
         -0.002379        0.062828       -0.027251
          0.000166        0.053495       -0.017915
          0.002842        0.035895       -0.007342
          0.005590        0.012545        0.002894
          0.007936       -0.012305        0.011060
          0.009505       -0.034053        0.015493
          0.010170       -0.049396        0.015299
          0.009981       -0.057019        0.011048
          0.009275       -0.057268        0.004646
          0.008562       -0.051752       -0.001356
          0.008095       -0.043212       -0.004474
          0.007760       -0.034865       -0.003161
          0.007297       -0.028976        0.002348
          0.006477       -0.025948        0.010134
          0.005244       -0.024840        0.017756
          0.003743       -0.024184        0.023534
          0.001948       -0.022211        0.027292
         -0.000686       -0.017379        0.030488
         -0.004863       -0.009661        0.035384
         -0.010771       -0.000932        0.043313
         -0.017803        0.006378        0.053406
         -0.024555        0.010753        0.062860
         -0.028934        0.011948        0.068135
         -0.028819        0.010932        0.066329
         -0.023284        0.009747        0.056621
         -0.013322        0.010555        0.041044
         -0.001374        0.014210        0.023578
          0.009787        0.019718        0.008111
          0.017919        0.024936       -0.003087
          0.021926        0.027637       -0.009756
          0.022230        0.026431       -0.013246
          0.020295        0.021351       -0.015640
          0.017330        0.013761       -0.018646
          0.013530        0.005742       -0.022682
          0.008597       -0.000421       -0.026739
          0.002516       -0.002745       -0.029317
         -0.004227       -0.000277       -0.029569
         -0.010595        0.006741       -0.027454
         -0.015060        0.017451       -0.023294
         -0.016352        0.030453       -0.017969
         -0.014460        0.043367       -0.013200
         -0.010765        0.053392       -0.010776
         -0.007209        0.058475       -0.011665
         -0.005423        0.057411       -0.016243
         -0.006209        0.049521       -0.024543
         -0.009186        0.035165       -0.035449
         -0.012732        0.016098       -0.046317
         -0.014665       -0.005181       -0.054221
         -0.013354       -0.025904       -0.057356
         -0.008371       -0.042937       -0.055093
         -0.000426       -0.053198       -0.047586
          0.008976       -0.054652       -0.035913
          0.018016       -0.047046       -0.021958
          0.025241       -0.032252       -0.007348
          0.030126       -0.014013        0.007393
          0.032956        0.003177        0.022274
          0.034226        0.015433        0.036669
          0.034232        0.020356        0.049217
          0.033050        0.017588        0.058512
          0.030612        0.008749        0.063144
          0.026937       -0.003796        0.061522
          0.022551       -0.018333        0.053071
          0.018526       -0.033996        0.039711
          0.015744       -0.050236        0.025198
          0.014064       -0.066586        0.013192
          0.012237       -0.082374        0.006421
          0.008545       -0.096076        0.006311
          0.001702       -0.105400        0.011789
         -0.008224       -0.108484        0.018979
         -0.019288       -0.104773        0.023343
         -0.028227       -0.094666        0.022118
         -0.032059       -0.078953        0.014820
         -0.029577       -0.058806        0.002785
         -0.021759       -0.035562       -0.011041
         -0.011146       -0.010046       -0.022926
         -0.000738        0.017451       -0.030103
          0.007199        0.046329       -0.031864
          0.012047        0.075278       -0.029069
          0.014893        0.102699       -0.023243
          0.017386        0.126889       -0.016377
          0.020257        0.145843       -0.010858
          0.022845        0.157672       -0.008736
          0.023722        0.161476       -0.010978
          0.021349        0.157584       -0.017568
          0.014559        0.147157       -0.027784
          0.003365        0.132025       -0.039826
         -0.010548        0.114632       -0.050717
         -0.024717        0.097499       -0.057402
         -0.037242        0.082478       -0.057881
         -0.046900        0.070427       -0.051353
         -0.052595        0.061274       -0.038187
         -0.053616        0.054180       -0.020244
         -0.050117        0.047839       -0.000538
         -0.042709        0.040916        0.017845
         -0.032008        0.032420        0.032345
         -0.019097        0.021880        0.040908
         -0.005898        0.009242        0.042211
          0.005517       -0.005453        0.036063
          0.013886       -0.022112        0.023464
          0.018993       -0.040087        0.006461
          0.021424       -0.057838       -0.012049
          0.022355       -0.073290       -0.028864
          0.023243       -0.084285       -0.041232
          0.025068       -0.088943       -0.047438
          0.027500       -0.086614       -0.047214
          0.028940       -0.078929       -0.041765
          0.027734       -0.069311       -0.033026
          0.023384       -0.061189       -0.022749
          0.016604       -0.056777       -0.012351
          0.008822       -0.056709       -0.003091
          0.001970       -0.059622        0.004143
         -0.002164       -0.062372        0.008812
         -0.003288       -0.061795        0.010193
         -0.002901       -0.056574        0.007592
         -0.002752       -0.047359        0.001519
         -0.003538       -0.035851       -0.005886
         -0.005205       -0.024372       -0.011840
         -0.007406       -0.015480       -0.013962
         -0.009304       -0.010813       -0.010815
         -0.010008       -0.010344       -0.002654
         -0.009698       -0.013191        0.008072
         -0.009529       -0.018670        0.017739
         -0.010213       -0.026006        0.023621
         -0.011363       -0.033669        0.025169
         -0.012151       -0.039774        0.023838
         -0.011891       -0.042742        0.022276
         -0.010134       -0.041027        0.023456
         -0.007016       -0.033032        0.029466
         -0.003617       -0.018367        0.040241
         -0.001371        0.000960        0.053543
         -0.000868        0.021137        0.066505
         -0.001444        0.038040        0.077058
         -0.001851        0.048165        0.084019
         -0.001032        0.049391        0.086697
          0.001487        0.042180        0.084937
          0.005231        0.029972        0.078945
          0.008632        0.017591        0.068588
          0.009759        0.008874        0.053416
          0.007593        0.005444        0.033866
          0.002722        0.006820        0.012092
         -0.002884        0.010901       -0.008670
         -0.006618        0.014771       -0.025252
         -0.006289        0.016216       -0.035162
         -0.001233        0.014966       -0.037179
          0.007241        0.012271       -0.032253
          0.016477        0.009483       -0.023615
          0.023750        0.007310       -0.015362
          0.027342        0.005792       -0.010730
          0.026977        0.004370       -0.011380
          0.023602        0.002330       -0.017339
          0.018639       -0.000424       -0.026884
          0.013006       -0.003247       -0.036944
          0.006631       -0.005373       -0.044462
         -0.001100       -0.006531       -0.047626
         -0.010530       -0.007394       -0.046060
         -0.021339       -0.009595       -0.040496
         -0.032492       -0.014715       -0.032526
         -0.042325       -0.022952       -0.024232
         -0.049218       -0.032930       -0.017536
         -0.052604       -0.042472       -0.013623
         -0.053128       -0.049254       -0.012741
         -0.051813       -0.051533       -0.014314
         -0.049465       -0.049206       -0.017133
         -0.046618       -0.044038       -0.019493
         -0.043232       -0.038453       -0.019582
         -0.038458       -0.034141       -0.016262
         -0.031280       -0.031623       -0.009643
         -0.021489       -0.030457       -0.000921
         -0.009812       -0.029637        0.008168
          0.002568       -0.028242        0.015952
          0.014162       -0.026243        0.021703
          0.023167       -0.024830        0.026298
          0.028104       -0.025717        0.031714
          0.028739       -0.029805        0.039811
          0.026081       -0.036370        0.051465
          0.021600       -0.043430        0.065953
          0.016923       -0.048745        0.080604
          0.013824       -0.050658        0.091814
          0.013444       -0.048714        0.096994
          0.015403       -0.043975        0.095428
          0.018213       -0.038467        0.087880
          0.020462       -0.033712        0.076333
          0.021369       -0.029538        0.063474
          0.020854       -0.024276        0.051121
          0.019822       -0.015957        0.039152
          0.020007       -0.003281        0.026424
          0.022771        0.014083        0.012196
          0.027933        0.035416       -0.003630
          0.033899        0.058822       -0.020612
          0.038692        0.081719       -0.037329
          0.040708        0.101979       -0.051510
          0.039011        0.118280       -0.061406
          0.033615        0.129172       -0.066908
          0.025436        0.132857       -0.069253
          0.015628        0.128580       -0.070176
          0.004980        0.117407       -0.071602
         -0.005935        0.101330       -0.075385
         -0.016391        0.082854       -0.082384
         -0.025578        0.065587       -0.091673
         -0.032819        0.053464       -0.101011
         -0.037486        0.048630       -0.108036
         -0.038957        0.050803       -0.110764
         -0.036888        0.058300       -0.107464
         -0.031426        0.068338       -0.097065
         -0.023063        0.076698       -0.079959
         -0.012471        0.078733       -0.057929
         -0.000567        0.071397       -0.033260
          0.011545        0.054181       -0.008234
          0.022848        0.028794        0.014776
          0.032363       -0.001114        0.033597
          0.038822       -0.030263        0.047100
          0.040844       -0.053167        0.055507
          0.037653       -0.066264        0.059625
          0.029415       -0.069165        0.060073
          0.017174       -0.064374        0.057493
          0.002940       -0.056203        0.052959
         -0.010590       -0.049504        0.047510
         -0.021156       -0.048172        0.041523
         -0.027850       -0.053607        0.035079
         -0.030850       -0.064144        0.028537
         -0.030897       -0.076025        0.022014
         -0.029179       -0.085123        0.014717
         -0.026971       -0.088251        0.005679
         -0.025030       -0.083814       -0.005019
         -0.023708       -0.072038       -0.016340
         -0.023472       -0.054727       -0.027037
         -0.024736       -0.034505       -0.035585
         -0.027304       -0.013827       -0.040009
         -0.030360        0.005596       -0.038744
         -0.032784        0.022548       -0.031713
         -0.033244        0.035797       -0.020279
         -0.030478        0.044185       -0.006433
         -0.023987        0.047032        0.007691
         -0.014295        0.044064        0.019826
         -0.002484        0.035320        0.027857
          0.010203        0.021737        0.030545
          0.022422        0.005598        0.027835
          0.033089       -0.010169        0.020178
          0.041818       -0.023127        0.007960
          0.048674       -0.031804       -0.007919
          0.053591       -0.035817       -0.025404
          0.056338       -0.036165       -0.041976
          0.056670       -0.035080       -0.055533
          0.054117       -0.034966       -0.064096
          0.048119       -0.037075       -0.065667
          0.038883       -0.040937       -0.059439
          0.027894       -0.044722       -0.046553
          0.017303       -0.045971       -0.029028
          0.009055       -0.042234       -0.008676
          0.004483       -0.031793        0.012696
          0.003890       -0.014516        0.033229
          0.006123        0.007929        0.051760
          0.009094        0.032864        0.067919
          0.011165        0.057422        0.081150
          0.011971        0.078707        0.090132
          0.012049        0.093990        0.093317
          0.012141        0.101496        0.089727
          0.012682        0.101010        0.079277
          0.013173        0.093690        0.062877
          0.011805        0.081716        0.042477
          0.006311        0.068164        0.020704
         -0.004312        0.056489       -0.000031
         -0.018865        0.049427       -0.018323
         -0.034438        0.048164       -0.033770
         -0.047584        0.052297       -0.046331
         -0.055608        0.060111       -0.055817
         -0.057766        0.068846       -0.061843
         -0.055652        0.075210       -0.063905
         -0.052250        0.076171       -0.061509
         -0.050262        0.069584       -0.054584
         -0.050821        0.054467       -0.043903
         -0.053128        0.031232       -0.031041
         -0.054968        0.001925       -0.017953
         -0.053812       -0.029879       -0.006434
         -0.047935       -0.059663        0.002446
         -0.037085       -0.082791        0.008661
         -0.022595       -0.095486        0.013129
         -0.006882       -0.096012        0.017374
          0.007568       -0.085454        0.023015
          0.019181       -0.067370        0.030995
          0.027518       -0.046672        0.040962
          0.032816       -0.028448        0.051310
          0.035621       -0.016723        0.059698
          0.036690       -0.013337        0.063629
          0.036654       -0.017776        0.061064
          0.035621       -0.027929        0.051234
          0.033415       -0.040817        0.035274
          0.030139       -0.053055        0.016137
          0.026123       -0.061501       -0.002300
          0.021430       -0.064007       -0.016368
          0.015925       -0.059832       -0.023516
          0.009756       -0.049716       -0.022998
          0.003353       -0.035708       -0.016260
         -0.003024       -0.020658       -0.006446
         -0.009322       -0.007433        0.003015
         -0.015295        0.001888        0.009708
         -0.020459        0.006692        0.012697
         -0.024553        0.008031        0.012540
         -0.027583        0.007975        0.011173
         -0.029229        0.008503        0.011244
         -0.028705        0.010758        0.014908
         -0.025541        0.014746        0.022998
         -0.020054        0.019200        0.034952
         -0.012878        0.022000        0.048934
         -0.004604        0.021446        0.061888
          0.004005        0.017380        0.070120
          0.012178        0.011056        0.070599
          0.019703        0.004220        0.062164
          0.026810       -0.001399        0.045875
          0.033415       -0.004291        0.024623
          0.038717       -0.003748        0.002342
          0.041450       -0.000289       -0.017217
          0.040345        0.005048       -0.031822
          0.034609        0.011788       -0.041288
          0.024472        0.019926       -0.046887
          0.011649        0.028968       -0.050249
         -0.000753        0.037821       -0.052550
         -0.009226        0.045439       -0.054241
         -0.011385        0.050725       -0.055218
         -0.007106        0.052112       -0.055211
          0.001273        0.048520       -0.054260
          0.009738        0.040835       -0.052939
          0.014190        0.031482       -0.051972
          0.012263        0.022537       -0.051550
          0.004526        0.014938       -0.051051
         -0.005635        0.008845       -0.049317
         -0.013548        0.003350       -0.045152
         -0.015503       -0.003808       -0.037890
         -0.010434       -0.014628       -0.027896
         -0.000193       -0.028647       -0.016641
          0.011394       -0.042967       -0.006196
          0.020202       -0.054201        0.001581
          0.023602       -0.059882        0.005746
          0.021463       -0.058996        0.006594
          0.015686       -0.052661        0.005542
          0.008784       -0.044294        0.004707
          0.002593       -0.037899        0.006254
         -0.002280       -0.035499        0.011579
         -0.006229       -0.036245        0.020719
         -0.009806       -0.037614        0.032378
         -0.012880       -0.036909        0.044294
         -0.014540       -0.032140        0.053566
         -0.013720       -0.022858        0.057329
         -0.009949       -0.010810        0.053834
         -0.003955        0.000812        0.043051
          0.002079        0.009356        0.026451
          0.005209        0.014075        0.006737
          0.003288        0.015763       -0.012520
         -0.003811        0.015707       -0.027996
         -0.014152        0.015090       -0.037877
         -0.024438        0.014669       -0.042143
         -0.030997        0.014427       -0.042096
         -0.031183        0.013824       -0.039826
         -0.024731        0.012909       -0.037589
         -0.013877        0.013039       -0.036953
         -0.001989        0.016144       -0.038132
          0.008030        0.023283       -0.040019
          0.014501        0.033880       -0.040866
          0.017143        0.045929       -0.039036
          0.017091        0.056632       -0.033453
          0.016397        0.063250       -0.023970
          0.016691        0.064204       -0.011624
          0.018125        0.059936        0.001779
          0.019776        0.052547        0.014725
          0.020684        0.044271        0.026665
          0.020040        0.036220        0.037707
          0.017088        0.028308        0.047970
          0.011798        0.019698        0.057192
          0.005300        0.009256        0.064382
         -0.001065       -0.003732        0.067654
         -0.006724       -0.018829        0.064867
         -0.011486       -0.034591        0.054930
         -0.014932       -0.049473        0.038601
         -0.016894       -0.062447        0.018284
         -0.017998       -0.072860       -0.002684
         -0.019120       -0.080052       -0.020874
         -0.020688       -0.083235       -0.033641
         -0.022855       -0.081608       -0.039688
         -0.025675       -0.074555       -0.039075
         -0.028487       -0.062030       -0.032753
         -0.029624       -0.045070       -0.021980
         -0.027417       -0.025919       -0.008158
         -0.021421       -0.007338        0.006857
         -0.012474        0.008354        0.020729
         -0.002093        0.019767        0.031213
          0.007784        0.026484        0.036624
          0.015156        0.028863        0.036069
          0.018850        0.027506        0.029921
          0.018953        0.022689        0.020039
          0.016100        0.014389        0.008982
          0.010834        0.002799       -0.001086
          0.003923       -0.011202       -0.008949
         -0.003272       -0.025808       -0.014589
         -0.009024       -0.038361       -0.019142
         -0.011536       -0.046086       -0.024153
         -0.009264       -0.047268       -0.030634
         -0.001813       -0.042075       -0.038528
          0.009254       -0.032573       -0.046495
          0.020796       -0.022029       -0.052241
          0.029350       -0.013680       -0.053687
          0.032334       -0.009371       -0.050000
          0.029074       -0.008850       -0.041727
          0.021287       -0.010097       -0.030734
          0.012171       -0.010355       -0.020045
          0.004505       -0.007442       -0.012655
         -0.000570       -0.000860       -0.009910
         -0.003532        0.008060       -0.011053
         -0.005942        0.017008       -0.013849
         -0.009542        0.023626       -0.015305
         -0.014864        0.026221       -0.012748
         -0.020448        0.024549       -0.005480
         -0.023734        0.020072        0.004268
         -0.022766        0.015018        0.012160
         -0.017115        0.011242        0.013691
         -0.007962        0.009936        0.006005
          0.002049        0.011553       -0.010887
          0.009519        0.015370       -0.033563
          0.011804        0.019708       -0.055855
          0.008213        0.023292       -0.071008
         -0.000115        0.026170       -0.074271
         -0.010984        0.029139       -0.064265
         -0.021583        0.032865       -0.042779
         -0.028915        0.037624       -0.013850
         -0.030770        0.042972        0.017567
         -0.026520        0.047263        0.047420
         -0.016989        0.048219        0.073867
         -0.003968        0.044643        0.096932
          0.009993        0.037477        0.117095
          0.022032        0.028977        0.134392
          0.030004        0.021107        0.148169
          0.033181        0.014776        0.156917
          0.032038        0.009631        0.158574
          0.027831        0.003695        0.151673
          0.022326       -0.006055        0.136348
          0.017137       -0.021368        0.114233
          0.012977       -0.040787        0.087691
          0.009679       -0.060265        0.059164
          0.006771       -0.075050        0.030708
          0.003865       -0.080939        0.003751
          0.000968       -0.075433       -0.020764
         -0.001205       -0.059267       -0.041920
         -0.001526       -0.036570       -0.058355
          0.000699       -0.012799       -0.068259
          0.005194        0.007634       -0.070222
          0.010810        0.022215       -0.064444
          0.015873        0.030101       -0.053115
          0.018781        0.031854       -0.039747
          0.018770        0.029038       -0.028221
          0.016213        0.023285       -0.021789
          0.012143        0.015489       -0.021794
          0.007471        0.006208       -0.026982
          0.002465       -0.003149       -0.034450
         -0.003253       -0.010187       -0.041416
         -0.010160       -0.012794       -0.046127
         -0.018231       -0.010027       -0.047789
         -0.026708       -0.001841       -0.046505
         -0.034233        0.010880       -0.043274
         -0.039298        0.025875       -0.039521
         -0.041087        0.040340       -0.036438
         -0.040037        0.052681       -0.034916
         -0.037330        0.062717       -0.035842
         -0.033972        0.070389       -0.039725
         -0.030547        0.075324       -0.045779
         -0.027285        0.077336       -0.051841
         -0.023880        0.076171       -0.055512
         -0.019737        0.071156       -0.055210
         -0.014901        0.062154       -0.050410
         -0.010253        0.050492       -0.041682
         -0.006448        0.038152       -0.030710
         -0.003230        0.026339       -0.019513
          0.000068        0.015101       -0.009113
          0.004085        0.003684        0.000897
          0.009528       -0.009091        0.011479
          0.016628       -0.024073        0.023081
          0.024127       -0.040632        0.035083
          0.029606       -0.056265        0.045653
          0.031182       -0.067739        0.052104
          0.028497       -0.072812        0.051874
          0.022306       -0.070997        0.043679
          0.014074       -0.063338        0.028302
          0.005935       -0.052154        0.008636
         -0.000193       -0.040465       -0.011285
         -0.004001       -0.030525       -0.027699
         -0.006643       -0.022828       -0.037864
         -0.009035       -0.016962       -0.040255
         -0.010957       -0.012812       -0.034972
         -0.011749       -0.010400       -0.023774
         -0.010890       -0.009452       -0.009011
         -0.007803       -0.009838        0.007489
         -0.002173       -0.011629        0.024358
          0.005129       -0.014125        0.040251
          0.012219       -0.015742        0.054105
          0.017667       -0.015442        0.065432
          0.021216       -0.013692        0.073885
          0.022843       -0.011895        0.078873
          0.021958       -0.011654        0.080102
          0.017985       -0.014510        0.078296
          0.011121       -0.021302        0.074908
          0.002084       -0.031189        0.071201
         -0.008128       -0.041467        0.067979
         -0.017671       -0.048687        0.065945
         -0.023811       -0.050258        0.065499
         -0.024514       -0.045327        0.066101
         -0.020050       -0.034574        0.066600
         -0.012534       -0.019719        0.066266
         -0.004200       -0.003223        0.064752
          0.003299        0.012509        0.061218
          0.008649        0.026472        0.054539
          0.011414        0.039200        0.044341
          0.012755        0.051094        0.030987
          0.014362        0.061210        0.014869
          0.016614        0.068066       -0.003382
          0.018641        0.070667       -0.022337
          0.019813        0.068238       -0.040348
          0.019959        0.060290       -0.056447
          0.018511        0.047934       -0.070101
          0.014809        0.034033       -0.080558
          0.009248        0.021000       -0.087055
          0.003095        0.009250       -0.089396
         -0.002759       -0.001585       -0.087938
         -0.007937       -0.011258       -0.083349
         -0.011688       -0.019595       -0.076675
         -0.012951       -0.027182       -0.069295
         -0.011514       -0.034121       -0.062423
         -0.008237       -0.039347       -0.056631
         -0.003976       -0.042239       -0.051944
          0.000940       -0.043646       -0.048226
          0.006062       -0.044434       -0.045392
          0.010546       -0.044397       -0.043441
          0.013804       -0.043353       -0.042532
          0.015808       -0.041921       -0.042945
          0.016483       -0.040482       -0.044872
          0.015454       -0.038281       -0.048294
          0.012673       -0.033940       -0.052967
          0.008728       -0.026158       -0.058251
          0.004214       -0.013887       -0.063074
         -0.000822        0.003331       -0.066291
         -0.006503        0.024510       -0.066958
         -0.012423        0.046513       -0.064253
         -0.017570        0.064526       -0.057578
         -0.020839        0.074122       -0.046874
         -0.021399        0.073327       -0.032487
         -0.018839        0.062796       -0.014765
         -0.013602        0.044849        0.005740
         -0.007428        0.023260        0.027658
         -0.002724        0.002757        0.048760
         -0.001029       -0.013216        0.066617
         -0.002212       -0.024048        0.079215
         -0.004937       -0.030525        0.085360
         -0.007342       -0.033131        0.085170
         -0.007495       -0.032659        0.080392
         -0.004133       -0.030786        0.073839
          0.002479       -0.028649        0.068127
          0.010569       -0.025934        0.064890
          0.017872       -0.022044        0.064945
          0.022625       -0.016821        0.068474
          0.023880       -0.009641        0.074731
          0.021494        0.000815        0.082049
          0.016234        0.015085        0.088370
          0.009620        0.031824        0.091446
          0.003070        0.048286        0.088814
         -0.002886        0.061224        0.078502
         -0.008358        0.067361        0.060133
         -0.013339        0.064196        0.035153
         -0.017528        0.051382        0.006223
         -0.020500        0.031488       -0.023401
         -0.021537        0.009218       -0.050544
         -0.019725       -0.010356       -0.072868
         -0.014737       -0.023518       -0.089105
         -0.007449       -0.028860       -0.098733
          0.000373       -0.027261       -0.101721
          0.006808       -0.021221       -0.098453
          0.010342       -0.013855       -0.089559
          0.010309       -0.007538       -0.075933
          0.007261       -0.002846       -0.059050
          0.002934        0.000947       -0.040889
         -0.000443        0.004298       -0.023354
         -0.001210        0.006734       -0.008118
          0.000990        0.007538        0.003050
          0.005207        0.006280        0.008566
          0.009638        0.002852        0.007886
          0.012296       -0.002072        0.001755
          0.011822       -0.006483       -0.008176
          0.008041       -0.007779       -0.019467
          0.001841       -0.004702       -0.029043
         -0.005362        0.001504       -0.034181
         -0.012134        0.007884       -0.033713
         -0.017423        0.011293       -0.028085
         -0.020666        0.009170       -0.018438
         -0.021571        0.000280       -0.005962
         -0.020091       -0.013982        0.008029
         -0.016763       -0.029498        0.022120
         -0.012701       -0.041655        0.035160
         -0.009116       -0.047544        0.046228
         -0.007054       -0.046101        0.054086
         -0.007265       -0.037699        0.057288
         -0.009669       -0.024464        0.055329
         -0.012989       -0.009849        0.049323
         -0.015372        0.003184        0.041168
         -0.015407        0.013429        0.032474
         -0.012579        0.020998        0.024491
         -0.007243        0.026522        0.018113
         -0.000546        0.031008        0.013121
          0.005909        0.035702        0.008093
          0.010841        0.041341        0.001937
          0.013932        0.047524       -0.004938
          0.015641        0.053091       -0.011369
          0.016440        0.057106       -0.016523
          0.016388        0.059196       -0.019735
          0.015355        0.059156       -0.020401
          0.013358        0.056947       -0.019003
          0.010713        0.053140       -0.017513
          0.008261        0.048583       -0.017855
          0.007418        0.043452       -0.020376
          0.009468        0.037249       -0.024156
          0.014437        0.029740       -0.027859
          0.020720        0.021317       -0.029629
          0.025883        0.012517       -0.027229
          0.027798        0.003861       -0.019480
          0.025364       -0.003929       -0.007336
          0.018917       -0.010280        0.006920
          0.010355       -0.015484        0.021047
          0.002349       -0.020535        0.033046
         -0.003190       -0.026152        0.040917
         -0.006018       -0.032184        0.043299
         -0.007125       -0.037763        0.040205
         -0.007931       -0.041563        0.032570
         -0.009737       -0.042079        0.021408
         -0.013033       -0.038371        0.008021
         -0.016974       -0.030903       -0.005359
         -0.019939       -0.021604       -0.016034
         -0.020806       -0.013111       -0.022050
         -0.019599       -0.007828       -0.022623
         -0.017238       -0.007214       -0.017768
         -0.014977       -0.011429       -0.008279
         -0.013715       -0.019374        0.004023
         -0.013356       -0.029150        0.016840
         -0.012775       -0.038871        0.028468
         -0.010508       -0.047336        0.038151
         -0.005602       -0.054132        0.045513
          0.001893       -0.059298        0.050126
          0.010930       -0.063003        0.051731
          0.019946       -0.065332        0.050532
          0.027557       -0.066073        0.046933
          0.032964       -0.064806        0.041219
          0.035912       -0.061322        0.033880
          0.036509       -0.055772        0.025963
          0.035047       -0.048360        0.018525
          0.031733       -0.039319        0.011972
          0.026588       -0.029108        0.006430
          0.019726       -0.018102        0.002366
          0.011624       -0.006205        0.000150
          0.003033        0.006736       -0.000711
         -0.005241        0.020497       -0.001366
         -0.012480        0.034924       -0.002949
         -0.018226        0.050079       -0.006496
         -0.022372        0.065271       -0.012880
         -0.025025        0.078500       -0.022031
         -0.026280        0.087362       -0.032393
         -0.026029        0.089971       -0.041695
         -0.023908        0.084990       -0.048126
         -0.019590        0.072123       -0.050703
         -0.013253        0.053302       -0.049117
         -0.005666        0.032508       -0.043891
          0.002078        0.013770       -0.036439
          0.008817       -0.000334       -0.028440
          0.013584       -0.008721       -0.021201
          0.016009       -0.011866       -0.015720
          0.016368       -0.012065       -0.012912
          0.015038       -0.012489       -0.013324
          0.012068       -0.015346       -0.016788
          0.007463       -0.021068       -0.022540
          0.001620       -0.028892       -0.029464
         -0.004723       -0.037443       -0.036130
         -0.010624       -0.044899       -0.040944
         -0.015012       -0.049428       -0.042629
         -0.017202       -0.049976       -0.040703
         -0.017552       -0.046624       -0.035604
         -0.017317       -0.040179       -0.028431
         -0.017766       -0.031483       -0.020657
         -0.019492       -0.021229       -0.013902
         -0.022152       -0.010384       -0.009392
         -0.024443       -0.000291       -0.007350
         -0.024547        0.007925       -0.007045
         -0.021111        0.013542       -0.007391
         -0.014112        0.015782       -0.007257
         -0.004969        0.014196       -0.005583
          0.004022        0.009965       -0.001849
          0.010506        0.005818        0.003593
          0.012928        0.004195        0.009912
          0.011336        0.006072        0.016326
          0.007559        0.011266        0.022026
          0.004357        0.018423        0.026007
          0.004140        0.024599        0.027509
          0.008113        0.026400        0.026494
          0.015798        0.022306        0.023440
          0.024910        0.013337        0.019039
          0.032182        0.001667        0.014449
          0.035033       -0.010418        0.011293
          0.032667       -0.020462        0.010771
          0.025990       -0.026439        0.012960
          0.017086       -0.027978        0.017204
          0.008502       -0.026193        0.022778
          0.002017       -0.022231        0.029090
         -0.002323       -0.016721        0.035971
         -0.005791       -0.010415        0.044128
         -0.009700       -0.004336        0.054785
         -0.014572        0.000913        0.068386
         -0.020037        0.005355        0.083627
         -0.025042        0.008956        0.097596
         -0.028345        0.011226        0.106577
         -0.029277        0.011866        0.107075
         -0.028226        0.011430        0.097012
         -0.026258        0.010873        0.076711
         -0.024206        0.010861        0.048977
         -0.022100        0.012008        0.018070
         -0.019382        0.015172       -0.011852
         -0.015464        0.020534       -0.037930
         -0.010169        0.026626       -0.058940
         -0.003951        0.031077       -0.074941
          0.002144        0.032076       -0.086650
          0.006918        0.028511       -0.094731
          0.009792        0.019595       -0.099155
          0.011285        0.005751       -0.099158
          0.012652       -0.010546       -0.094076
          0.014971       -0.025935       -0.084181
          0.018472       -0.037819       -0.070623
          0.022389       -0.044334       -0.054895
          0.025165       -0.043887       -0.038557
          0.024876       -0.036015       -0.022940
          0.020042       -0.022124       -0.008572
          0.010551       -0.004598        0.004831
         -0.002056        0.014213        0.017508
         -0.015314        0.031743        0.028983
         -0.026826        0.045061        0.038228
         -0.034710        0.051925        0.044045
         -0.037797        0.051779        0.045272
         -0.036098        0.045525        0.041195
         -0.030908        0.034773        0.032099
         -0.024005        0.021528        0.019322
         -0.016764        0.008030        0.004803
         -0.010149       -0.003803       -0.009332
         -0.004996       -0.013022       -0.020976
         -0.001648       -0.019549       -0.028257
          0.000570       -0.023300       -0.029809
          0.002925       -0.023688       -0.025042
          0.006352       -0.020174       -0.014393
          0.011255       -0.012898        0.000629
          0.017827       -0.002470        0.017637
          0.025716        0.010277        0.033677
          0.033435        0.023827        0.045690
          0.038945        0.035967        0.051197
          0.041049        0.044945        0.048936
          0.039686        0.050251        0.039121
          0.035109        0.051924        0.023311
          0.027758        0.049808        0.004123
          0.018859        0.043962       -0.015124
          0.009964        0.035178       -0.031096
          0.001689        0.024672       -0.041503
         -0.006349        0.013802       -0.045860
         -0.014427        0.004390       -0.045378
         -0.022306       -0.001346       -0.042468
         -0.029643       -0.001946       -0.040200
         -0.035787        0.002188       -0.041192
         -0.039189        0.009003       -0.046059
         -0.037973        0.015870       -0.052874
         -0.031594        0.020387       -0.058162
         -0.021608        0.020791       -0.058293
         -0.010706        0.016379       -0.050548
         -0.001396        0.007830       -0.034226
          0.004522       -0.003108       -0.011404
          0.006338       -0.014603        0.013720
          0.005148       -0.025483        0.036579
          0.003599       -0.034961        0.053562
          0.004082       -0.042146        0.062433
          0.007189       -0.046525        0.062514
          0.012042       -0.048624        0.054862
          0.017315       -0.049386        0.041936
          0.021512       -0.049221        0.026773
          0.023169       -0.048348        0.012297
          0.021781       -0.047362        0.000950
          0.018322       -0.046364       -0.005735
          0.014259       -0.044138       -0.007626
          0.010218       -0.039197       -0.006005
          0.005950       -0.031136       -0.002913
          0.001252       -0.020314       -0.000322
         -0.003633       -0.007167        0.000362
         -0.008245        0.007161       -0.001563
         -0.011758        0.020223       -0.006060
         -0.012748        0.029373       -0.012267
         -0.010074        0.033287       -0.018565
         -0.004375        0.032045       -0.023001
          0.001919        0.026492       -0.023851
          0.006282        0.018428       -0.020004
          0.007396        0.010920       -0.011331
          0.005092        0.007127        0.000830
          0.000280        0.008492        0.013694
         -0.004751        0.014454        0.024037
         -0.007135        0.023497        0.029535
         -0.005330        0.033572        0.029415
          0.000222        0.042018        0.024525
          0.008251        0.046534        0.017246
          0.017414        0.046497        0.010926
          0.025911        0.042612        0.008469
          0.031737        0.035387        0.010952
          0.033933        0.024712        0.017293
          0.032848        0.010510        0.024822
          0.029121       -0.007090        0.030103
          0.023339       -0.027865        0.030036
          0.016661       -0.050774        0.023240
          0.010647       -0.073196        0.010870
          0.006128       -0.091579       -0.003887
          0.002802       -0.102844       -0.017286
         -0.000103       -0.105041       -0.026484
         -0.003411       -0.097477       -0.030416
         -0.008082       -0.081061       -0.029991
         -0.014776       -0.058302       -0.027594
         -0.022916       -0.032485       -0.025905
         -0.030520       -0.006935       -0.026492
         -0.035214        0.015239       -0.029149
         -0.035361        0.031672       -0.032391
         -0.030437        0.041355       -0.034458
         -0.021105        0.044436       -0.034090
         -0.009314        0.041747       -0.031114
          0.002161        0.034941       -0.026701
          0.011062        0.026487       -0.022816
          0.016798        0.018830       -0.021086
          0.020245        0.013694       -0.022117
          0.022626        0.012179       -0.025481
          0.024723        0.014586       -0.029841
          0.026669        0.019690       -0.033262
          0.027776        0.024878       -0.033945
          0.026764        0.027543       -0.030832
          0.023004        0.026241       -0.023623
          0.017631        0.020875       -0.012673
          0.012934        0.012775        0.000885
          0.010627        0.004693        0.015267
          0.010896       -0.000184        0.028630
          0.012562        0.000086        0.039535
          0.013459        0.005312        0.047037
          0.011100        0.013647        0.050813
          0.004137        0.022648        0.051300
         -0.006459        0.030197        0.049294
         -0.018058        0.035179        0.045275
         -0.028210        0.037821        0.039274
         -0.035587        0.039332        0.031308
         -0.039811        0.040753        0.021763
         -0.041394        0.041792        0.011555
         -0.041702        0.040745        0.002271
         -0.041963        0.035638       -0.003864
         -0.042131        0.025561       -0.004573
         -0.041235        0.011225        0.001414
         -0.038573       -0.005192        0.013583
         -0.033993       -0.020636        0.029831
         -0.027525       -0.032350        0.047287
         -0.019736       -0.039350        0.063063
         -0.012247       -0.042955        0.074923
         -0.006988       -0.045542        0.081945
         -0.004930       -0.048617        0.084473
         -0.005950       -0.051965        0.083064
         -0.009334       -0.053987        0.077535
         -0.013649       -0.052284        0.067118
         -0.016679       -0.044569        0.051228
         -0.016514       -0.030282        0.030140
         -0.012671       -0.011803        0.005514
         -0.005858        0.006332       -0.019393
          0.002806        0.019777       -0.040404
          0.011911        0.026194       -0.053858
          0.019892        0.025522       -0.057928
          0.025861        0.019640       -0.053089
          0.030051        0.011826       -0.041608
          0.033069        0.005172       -0.026491
          0.035215        0.000423       -0.010597
          0.036705       -0.004423        0.003777
          0.037754       -0.012086        0.015139
          0.038058       -0.023866        0.022780
          0.036881       -0.039156        0.026197
          0.033855       -0.055716        0.024664
          0.029166       -0.069884        0.017823
          0.023072       -0.077737        0.006636
          0.015951       -0.077387       -0.006609
          0.008646       -0.070208       -0.019088
          0.001946       -0.059481       -0.028078
         -0.004242       -0.048171       -0.031551
         -0.010635       -0.038128       -0.029211
         -0.017653       -0.030329       -0.023158
         -0.025116       -0.024620       -0.017086
         -0.032131       -0.019574       -0.014507
         -0.036683       -0.013789       -0.017532
         -0.036065       -0.007319       -0.026701
         -0.028696       -0.000954       -0.041022
         -0.015590        0.005580       -0.057911
         -0.000062        0.013579       -0.073809
          0.013591        0.023824       -0.085608
          0.021559        0.036200       -0.091483
          0.022083        0.050318       -0.090490
          0.016473        0.065011       -0.082343
          0.008399        0.077496       -0.068179
          0.001644        0.084576       -0.050729
         -0.001948        0.084785       -0.032950
         -0.003034        0.078641       -0.016812
         -0.003852        0.067364       -0.003404
         -0.006615        0.052447        0.006900
         -0.012040        0.036044        0.015010
         -0.018648        0.020528        0.023045
         -0.023395        0.007475        0.032876
         -0.023545       -0.002353        0.044762
         -0.018537       -0.008234        0.057450
         -0.010408       -0.009498        0.069086
         -0.002621       -0.006535        0.077638
          0.001694       -0.001170        0.080922
          0.001223        0.004360        0.077336
         -0.002850        0.008420        0.067082
         -0.007363        0.009890        0.052090
         -0.008778        0.008047        0.034546
         -0.004985        0.003274        0.016416
          0.003664       -0.002701        0.000370
          0.014542       -0.007959       -0.010421
          0.024086       -0.011408       -0.014012
          0.029453       -0.012432       -0.010240
          0.029546       -0.010526        0.000254
          0.025212       -0.006008        0.015947
          0.018894       -0.000478        0.033243
          0.013665        0.004038        0.047034
          0.011694        0.005968        0.053183
          0.013265        0.004159        0.049976
          0.017152       -0.002022        0.037688
          0.021559       -0.011895        0.018331
          0.024564       -0.023178       -0.004017
          0.024473       -0.032937       -0.024250
          0.020607       -0.038777       -0.038730
          0.013620       -0.039263       -0.046684
          0.004698       -0.034059       -0.049341
         -0.005298       -0.024411       -0.048631
         -0.015646       -0.013120       -0.046975
         -0.025319       -0.003274       -0.046973
         -0.033320        0.003073       -0.049955
         -0.039069        0.005070       -0.055089
         -0.041865        0.003015       -0.060486
         -0.040535       -0.001193       -0.064649
         -0.034440       -0.004503       -0.066429
         -0.024542       -0.004483       -0.064705
         -0.012934       -0.000360       -0.059181
         -0.001837        0.007442       -0.051035
          0.006562        0.017629       -0.042066
          0.010361        0.027894       -0.033454
          0.009008        0.035860       -0.025723
          0.003780        0.040613       -0.019403
         -0.003255        0.042676       -0.015051
         -0.010398        0.042660       -0.012701
         -0.016391        0.040845       -0.011851
         -0.020160        0.037646       -0.012040
         -0.021178        0.033279       -0.012796
         -0.019829        0.027285       -0.012794
         -0.016981        0.019416       -0.009695
         -0.013328        0.010688       -0.001397
         -0.009454        0.002858        0.012763
         -0.006221       -0.002666        0.032079
         -0.004476       -0.004987        0.054812
         -0.004317       -0.003726        0.077869
         -0.005000        0.000453        0.097052
         -0.005513        0.005761        0.108783
         -0.004911        0.010123        0.111573
         -0.002282        0.011960        0.105683
          0.002866        0.010571        0.092243
          0.009854        0.006537        0.073280
          0.016873        0.001882        0.051743
          0.022095       -0.000668        0.030456
          0.024522        0.001033        0.011114
          0.023884        0.007476       -0.005461
          0.020507        0.016801       -0.018652
          0.015536        0.024802       -0.028253
          0.010572        0.026282       -0.034929
          0.006619        0.017384       -0.039708
          0.003691       -0.002665       -0.043065
          0.001402       -0.031238       -0.044997
         -0.000521       -0.062940       -0.045727
         -0.002199       -0.090889       -0.045681
         -0.003532       -0.108896       -0.044904
         -0.004146       -0.113834       -0.043177
         -0.003626       -0.106294       -0.040540
         -0.001797       -0.089312       -0.037083
          0.001073       -0.067108       -0.032345
          0.004252       -0.044468       -0.025600
          0.007001       -0.025390       -0.016746
          0.009129       -0.011434       -0.006543
          0.010892       -0.002026        0.003718
          0.012532        0.003816        0.012356
          0.014288        0.006893        0.017563
          0.016467        0.008292        0.018206
          0.018909        0.008882        0.014472
          0.020613        0.008455        0.007752
          0.020472        0.006516        0.000146
          0.018257        0.003702       -0.006102
          0.014595        0.001405       -0.009310
          0.010388        0.000467       -0.008818
          0.006650        0.001263       -0.004826
          0.004454        0.004333        0.001927
          0.004302        0.009782        0.010255
          0.005604        0.016509        0.018905
          0.007198        0.022891        0.027268
          0.008334        0.027888        0.035411
          0.008924        0.031074        0.043402
          0.009100        0.032230        0.051071
          0.008974        0.031557        0.058088
          0.008709        0.030081        0.063508
          0.008290        0.029146        0.065458
          0.007119        0.029389        0.062018
          0.004309        0.030524        0.052407
         -0.000308        0.031960        0.037326
         -0.005767        0.032963        0.018815
         -0.010761        0.032420       -0.000015
         -0.014498        0.029486       -0.015761
         -0.016729        0.024602       -0.025929
         -0.017659        0.019167       -0.029698
         -0.018196        0.014275       -0.027824
         -0.019606        0.010343       -0.022010
         -0.022442        0.007429       -0.014267
         -0.026070        0.004984       -0.006524
         -0.029269        0.001846       -0.000369
         -0.030870       -0.002537        0.003109
         -0.029963       -0.007210        0.003278
         -0.026147       -0.010594       -0.000096
         -0.019849       -0.011575       -0.006637
         -0.012287       -0.009379       -0.015223
         -0.005029       -0.003581       -0.024220
          0.000620        0.005013       -0.031815
          0.003965        0.014460       -0.036347
          0.004769        0.023138       -0.036882
          0.003012        0.030266       -0.033698
         -0.000945        0.035024       -0.028086
         -0.006200        0.036511       -0.021843
         -0.011644        0.034785       -0.016967
         -0.016306        0.030735       -0.015152
         -0.019207        0.024767       -0.016921
         -0.019325        0.016740       -0.021285
         -0.016137        0.007177       -0.026370
         -0.010005       -0.002691       -0.030161
         -0.001770       -0.011925       -0.030951
          0.007848       -0.019570       -0.027853
          0.018250       -0.023647       -0.021254
          0.028613       -0.022154       -0.012498
          0.037860       -0.015204       -0.002940
          0.044916       -0.005198        0.006737
          0.048806        0.004709        0.016479
          0.048634        0.011428        0.026291
          0.044032        0.012320        0.035685
          0.035891        0.006671        0.043505
          0.026309       -0.003131        0.048043
          0.017527       -0.012856        0.047442
          0.011055       -0.019114        0.040686
          0.007637       -0.020749        0.028759
          0.007227       -0.018399        0.014649
          0.008675       -0.013753        0.002019
          0.010013       -0.009204       -0.006134
          0.009565       -0.006885       -0.008059
          0.006695       -0.007114       -0.003709
          0.001569       -0.008378        0.004876
         -0.005180       -0.009387        0.014277
         -0.012378       -0.010338        0.021529
         -0.018533       -0.011789        0.025367
         -0.022692       -0.013664        0.025955
         -0.024972       -0.016048        0.024288
         -0.026177       -0.019406        0.022055
         -0.027191       -0.023123        0.020988
         -0.028710       -0.025336        0.021495
         -0.031082       -0.025090        0.022318
         -0.033995       -0.023158        0.021865
         -0.036356       -0.020307        0.019460
         -0.036725       -0.016663        0.015164
         -0.034205       -0.013140        0.009179
         -0.028943       -0.011403        0.001951
         -0.021775       -0.012114       -0.005801
         -0.013659       -0.014867       -0.013903
         -0.005533       -0.019578       -0.023087
          0.001885       -0.026281       -0.033699
          0.008651       -0.033824       -0.044359
          0.015570       -0.040110       -0.052597
          0.023160       -0.043402       -0.056390
          0.030793       -0.042794       -0.054648
          0.036997       -0.038007       -0.047193
          0.040256       -0.029502       -0.035365
          0.039420       -0.018592       -0.022049
          0.034095       -0.006951       -0.010082
          0.025327        0.004118       -0.000722
          0.015597        0.014092        0.006191
          0.007392        0.022958        0.011226
          0.001631        0.030405        0.014967
         -0.002427        0.035442        0.018078
         -0.006210        0.037018        0.021058
         -0.011056        0.034730        0.023820
         -0.017630        0.028796        0.025880
         -0.025168        0.020085        0.027042
         -0.031432        0.010614        0.027388
         -0.034035        0.003219        0.026409
         -0.031955       -0.000017        0.022814
         -0.025886        0.001169        0.015600
         -0.017559        0.005879        0.004961
         -0.008964        0.013004       -0.007872
         -0.001802        0.021142       -0.020921
          0.003057        0.028445       -0.031553
          0.005949        0.033438       -0.037323
          0.008039        0.035691       -0.037413
          0.010262        0.035157       -0.033169
          0.012634        0.031449       -0.027159
          0.014535        0.024537       -0.021777
          0.015212        0.015727       -0.018406
          0.013854        0.006964       -0.017178
          0.009778       -0.000610       -0.016954
          0.003104       -0.006603       -0.015775
         -0.004914       -0.010554       -0.012169
         -0.012434       -0.012478       -0.006417
         -0.017753       -0.013797       -0.000354
         -0.019558       -0.016335        0.003964
         -0.017070       -0.020501        0.005201
         -0.010524       -0.025390        0.003024
         -0.001490       -0.030012       -0.001604
          0.007683       -0.033182       -0.006707
          0.014935       -0.033008       -0.010775
          0.019129       -0.028189       -0.014017
          0.020083       -0.019835       -0.017883
          0.018455       -0.011005       -0.023663
          0.015556       -0.004777       -0.031514
          0.012736       -0.003549       -0.039949
          0.010534       -0.009036       -0.045782
          0.008422       -0.020931       -0.045134
          0.005475       -0.035521       -0.035288
          0.001223       -0.046979       -0.016123
         -0.004103       -0.050206        0.009707
         -0.009747       -0.042239        0.037677
         -0.014498       -0.022563        0.062817
         -0.017015        0.006016        0.081108
         -0.016748        0.037352        0.090431
         -0.014552        0.064483        0.090795
         -0.012047        0.082613        0.083798
         -0.010471        0.089941        0.071614
         -0.010206        0.087116        0.056262
         -0.010849        0.076869        0.039568
         -0.011292        0.063107        0.023233
         -0.010076        0.049117        0.008574
         -0.006269        0.036603       -0.003470
         -0.000189        0.026332       -0.012015
          0.006756        0.018795       -0.016452
          0.012945        0.013952       -0.017042
          0.017252        0.011072       -0.014821
          0.019238        0.009126       -0.010980
          0.019219        0.006928       -0.006697
          0.018350        0.003048       -0.003240
          0.018147       -0.003587       -0.001482
          0.019507       -0.012831       -0.001230
          0.022188       -0.023474       -0.001390
          0.025105       -0.034156       -0.000828
          0.026875       -0.043754        0.001193
          0.026290       -0.051354        0.005093
          0.022874       -0.056712        0.010698
          0.017288       -0.060549        0.016753
          0.011097       -0.063649        0.021438
          0.005961       -0.065811        0.023557
          0.002790       -0.066211        0.022724
          0.001394       -0.064242        0.018630
          0.000857       -0.059320        0.011123
          0.000262       -0.050700        0.000985
         -0.000884       -0.038530       -0.010249
         -0.002589       -0.024395       -0.021213
         -0.004401       -0.010043       -0.030796
         -0.005733        0.003686       -0.037854
         -0.006562        0.016260       -0.042069
         -0.007683        0.027051       -0.044927
         -0.009973        0.036195       -0.048885
         -0.013517        0.044746       -0.055623
         -0.017546        0.053355       -0.065492
         -0.020862        0.061598       -0.077666
         -0.022225        0.068812       -0.089767
         -0.020891        0.074515       -0.098045
         -0.017237        0.077720       -0.099184
         -0.012681        0.076859       -0.091937
         -0.008671        0.070866       -0.076897
         -0.005787        0.059781       -0.055586
         -0.003748        0.044149       -0.030284
         -0.002019        0.024594       -0.003784
         -0.000290        0.002366        0.021569
          0.001285       -0.020303        0.044338
          0.002069       -0.040945        0.063282
          0.001382       -0.057658        0.076885
         -0.000750       -0.068890        0.084113
         -0.003402       -0.073100        0.085208
         -0.005343       -0.069508        0.081330
         -0.005749       -0.058976        0.073986
         -0.004583       -0.043519        0.065204
         -0.002616       -0.025305        0.057412
         -0.001013       -0.006646        0.052195
         -0.000639        0.009837        0.049435
         -0.001693        0.022203        0.047926
         -0.003799        0.030250        0.046101
         -0.006155        0.035047        0.042005
         -0.007799        0.037820        0.033869
         -0.008088        0.039700        0.021616
         -0.006891        0.041752        0.007415
         -0.004384        0.044242       -0.005428
         -0.000962        0.046101       -0.013723
          0.002671        0.045738       -0.015211
          0.005650        0.042330       -0.009621
          0.007336        0.036175        0.000571
          0.007481        0.028257        0.010933
          0.006132        0.019878        0.017098
          0.003562        0.012398        0.016467
          0.000271        0.006697        0.008874
         -0.003088        0.002714       -0.003571
         -0.005778       -0.000323       -0.017296
         -0.006944       -0.003092       -0.028596
         -0.005748       -0.005638       -0.035004
         -0.001766       -0.007627       -0.035939
          0.004617       -0.008921       -0.032319
          0.012093       -0.009723       -0.025723
          0.018614       -0.010376       -0.017824
          0.021983       -0.011370       -0.010080
          0.020799       -0.013471       -0.003480
          0.015162       -0.017288        0.001419
          0.006565       -0.022558        0.004123
         -0.002822       -0.028193        0.004014
         -0.010897       -0.033135        0.000743
         -0.016259       -0.036844       -0.005171
         -0.018772       -0.039046       -0.012131
         -0.019527       -0.039742       -0.017809
         -0.019832       -0.039781       -0.019866
         -0.020144       -0.040741       -0.016918
         -0.020013       -0.043740       -0.009511
         -0.018645       -0.048756       -0.000380
         -0.015165       -0.055151        0.006615
         -0.008952       -0.062000        0.008297
         -0.000482       -0.067584        0.003542
          0.008392       -0.069399       -0.006283
          0.015512       -0.065286       -0.017749
          0.019603       -0.054261       -0.026847
          0.020328       -0.036350       -0.031045
          0.017968       -0.012647       -0.030392
          0.013548        0.013991       -0.026884
          0.008651        0.039179       -0.023025
          0.004488        0.058715       -0.020616
          0.001292        0.070089       -0.019903
         -0.001201        0.072854       -0.019343
         -0.003072        0.068619       -0.016607
         -0.004275        0.060799       -0.010317
         -0.004966        0.053470       -0.000876
         -0.005337        0.049586        0.010198
         -0.005278        0.049682        0.021186
         -0.004558        0.051816        0.030591
         -0.003249        0.052638        0.037701
         -0.001636        0.048802        0.043255
          0.000246        0.038121        0.048942
          0.002489        0.020397        0.055821
          0.004673       -0.002288        0.063610
          0.005903       -0.026356        0.071300
          0.005698       -0.048242        0.077543
          0.004493       -0.065473        0.080478
          0.003189       -0.076796        0.078475
          0.002646       -0.081954        0.071473
          0.003610       -0.081582        0.060872
          0.006434       -0.076939        0.048130
          0.010465       -0.069330        0.034242
          0.014144       -0.059680        0.020251
          0.016100       -0.048651        0.007133
          0.015978       -0.036911       -0.004818
          0.014063       -0.025028       -0.015636
          0.010576       -0.013405       -0.024853
          0.005657       -0.002705       -0.031755
         -0.000354        0.005926       -0.036310
         -0.007042        0.011511       -0.039222
         -0.014047        0.013976       -0.041129
         -0.020621        0.014223       -0.042187
         -0.025292        0.013973       -0.042251
         -0.026565        0.015502       -0.040929
         -0.024106        0.020792       -0.037416
         -0.018976        0.030460       -0.030845
         -0.012817        0.043420       -0.021303
         -0.007217        0.057308       -0.010438
         -0.003511        0.069172       -0.000757
         -0.002189        0.076326        0.005622
         -0.002234        0.077168        0.007401
         -0.001600        0.071487        0.004046
          0.001361        0.060205       -0.003806
          0.007052        0.045054       -0.014202
          0.014809        0.028289       -0.025029
          0.023141        0.012233       -0.035178
          0.029837       -0.001184       -0.044161
          0.032639       -0.010647       -0.051251
          0.030426       -0.015559       -0.055689
          0.023765       -0.016155       -0.057198
          0.014356       -0.013445       -0.055609
          0.004145       -0.008811       -0.050463
         -0.005143       -0.003504       -0.041529
         -0.012186        0.001597       -0.029390
         -0.016387        0.005982       -0.015106
         -0.018061        0.009544        0.000322
         -0.017954        0.012659        0.015753
         -0.016481        0.016041        0.029470
         -0.013741        0.020421        0.039380
         -0.010152        0.026403        0.043722
         -0.006465        0.034413        0.041488
         -0.003126        0.044396        0.032401
         -0.000174        0.055424        0.017081
          0.002183        0.065724       -0.002563
          0.003461        0.073105       -0.023538
          0.003451        0.075394       -0.042728
          0.002400        0.070925       -0.057610
          0.000604        0.059318       -0.066347
         -0.001582        0.042075       -0.068000
         -0.003201        0.022222       -0.062995
         -0.002928        0.003282       -0.053007
         -0.000243       -0.011656       -0.040157
          0.003984       -0.020797       -0.026272
          0.008152       -0.024454       -0.012487
          0.010746       -0.024950        0.000922
          0.010781       -0.025333        0.014360
          0.008238       -0.028085        0.028376
          0.004331       -0.034439        0.043098
          0.000988       -0.043891        0.057735
         -0.000282       -0.054166        0.070369
          0.000656       -0.062303        0.078509
          0.002509       -0.065946        0.080088
          0.003479       -0.063759        0.073928
          0.002259       -0.055520        0.059789
         -0.001707       -0.042372        0.038762
         -0.008178       -0.026511        0.013549
         -0.015854       -0.010313       -0.012241
         -0.022746        0.004087       -0.035211
         -0.027382        0.014798       -0.052717
         -0.029339        0.020411       -0.063053
         -0.028548        0.020214       -0.065855
         -0.024868        0.014120       -0.062424
         -0.018554        0.002656       -0.055147
         -0.010313       -0.012915       -0.046157
         -0.000686       -0.030596       -0.036611
          0.009954       -0.047749       -0.027125
          0.020681       -0.061397       -0.018185
          0.029975       -0.068965       -0.009886
          0.036608       -0.069000       -0.002135
          0.040160       -0.061408        0.004504
          0.040687       -0.047586        0.009041
          0.038451       -0.030486        0.011516
          0.034084       -0.013814        0.013435
          0.028439       -0.000636        0.016539
          0.022001        0.007378        0.021813
          0.014815        0.010005        0.029467
          0.007177        0.008540        0.038720
         -0.000060        0.005526        0.047411
         -0.006018        0.003583        0.052807
         -0.010322        0.004227        0.053406
         -0.013167        0.007713        0.049768
         -0.015279        0.013440        0.043718
         -0.017639        0.020090        0.037240
         -0.020759        0.025897        0.032037
         -0.024085        0.029336        0.029312
         -0.026149        0.029509        0.029446
         -0.025328        0.025922        0.032095
         -0.020831        0.018433        0.036915
         -0.013397        0.007562        0.044144
         -0.005049       -0.005397        0.054228
          0.001973       -0.018623        0.066851
          0.006219       -0.030159        0.080628
          0.007501       -0.038444        0.093712
          0.006879       -0.042770        0.104252
          0.006039       -0.043397        0.110208
          0.006109       -0.041385        0.109580
          0.006813       -0.038170        0.101282
          0.006778       -0.034835        0.085382
          0.004604       -0.031575        0.062404
         -0.000265       -0.027890        0.033150
         -0.007257       -0.023226       -0.000568
         -0.014802       -0.017260       -0.035832
         -0.020911       -0.009835       -0.069712
         -0.024105       -0.001127       -0.100156
         -0.024094        0.008192       -0.125775
         -0.021623        0.017370       -0.145534
         -0.017712        0.025946       -0.159071
         -0.013052        0.033243       -0.166629
         -0.007967        0.037880       -0.168062
         -0.002648        0.038415       -0.162355
          0.002705        0.034319       -0.148602
          0.007725        0.026034       -0.127056
          0.011642        0.014654       -0.099024
          0.013426        0.002014       -0.066491
          0.012573       -0.009537       -0.032377
          0.009765       -0.018326       -0.000451
          0.006655       -0.024243        0.025862
          0.005161       -0.028116        0.044610
          0.006885       -0.030655        0.055210
          0.012448       -0.032360        0.058027
          0.020750       -0.033679        0.054537
          0.029050       -0.034454        0.047186
          0.034252       -0.033608        0.038288
          0.034464       -0.029972        0.029156
          0.029775       -0.023178        0.020389
          0.022021       -0.013471        0.012402
          0.013882       -0.001244        0.005453
          0.007666        0.012668       -0.000280
          0.004241        0.026548       -0.004345
          0.002738        0.038404       -0.006108
          0.001380        0.047042       -0.005283
         -0.001119        0.052199       -0.002215
         -0.004708        0.053969        0.002249
         -0.008290        0.052899        0.007081
         -0.010675        0.050423        0.011447
         -0.011334        0.048143        0.014873
         -0.010641        0.046504        0.017088
         -0.009741        0.044812        0.017911
         -0.009962        0.042294        0.017319
         -0.011783        0.038319        0.015373
         -0.014201        0.032098        0.012075
         -0.015308        0.023346        0.007591
         -0.013556        0.013234        0.002635
         -0.008500        0.003860       -0.001609
         -0.000824       -0.003124       -0.003986
          0.007765       -0.006996       -0.003661
          0.014864       -0.007626       -0.000139
          0.018347       -0.005504        0.006432
          0.017317       -0.001997        0.014740
          0.012178        0.001256        0.022468
          0.004103        0.003511        0.027295
         -0.005333        0.005161        0.027752
         -0.014382        0.006847        0.023425
         -0.021566        0.008897        0.015145
         -0.026118        0.011580        0.005104
         -0.027946        0.015082       -0.004015
         -0.027251        0.018905       -0.010523
         -0.024283        0.021903       -0.014155
         -0.019435        0.023179       -0.015409
         -0.013411        0.022626       -0.015136
         -0.007154        0.020544       -0.014445
         -0.001652        0.017254       -0.014119
          0.002205        0.013300       -0.014189
          0.003811        0.009587       -0.014489
          0.003125        0.006827       -0.015272
          0.000860        0.005026       -0.016858
         -0.001692        0.003916       -0.019081
         -0.003252        0.003564       -0.021354
         -0.003124        0.003946       -0.022864
         -0.001266        0.004257       -0.022621
          0.001969        0.003438       -0.019956
          0.005954        0.001131       -0.015283
          0.009960       -0.002440       -0.010070
          0.013579       -0.006903       -0.006076
          0.016914       -0.011225       -0.004738
          0.020151       -0.013348       -0.006735
          0.023183       -0.011382       -0.011465
          0.025809       -0.005057       -0.017070
          0.027940        0.004377       -0.021289
          0.029301        0.014897       -0.022300
          0.029190        0.023745       -0.019093
          0.026704        0.027819       -0.011705
          0.021094        0.025307       -0.001340
          0.012059        0.016640        0.010015
          0.000141        0.003440        0.020386
         -0.012990       -0.012740        0.028452
         -0.024884       -0.030367        0.033693
         -0.033247       -0.047778        0.036260
         -0.036886       -0.063707        0.036878
         -0.036092       -0.077143        0.036657
         -0.032330       -0.086397        0.036603
         -0.027473       -0.089300        0.037172
         -0.022960       -0.084858        0.038329
         -0.019299       -0.074195        0.039825
         -0.016215       -0.059889        0.041136
         -0.013270       -0.045044        0.041314
         -0.010340       -0.032664        0.039294
         -0.007690       -0.024538        0.034451
         -0.005842       -0.020080        0.026728
         -0.005240       -0.016822        0.016431
         -0.005747       -0.012363        0.004354
         -0.006540       -0.005650       -0.007963
         -0.006776        0.003146       -0.018645
         -0.006248        0.012819       -0.026406
         -0.005294        0.021062       -0.030970
         -0.004443        0.025411       -0.032822
         -0.004335        0.024820       -0.033017
         -0.005349        0.019923       -0.033046
         -0.006787        0.012010       -0.034128
         -0.006912        0.002672       -0.036283
         -0.004279       -0.005868       -0.038200
          0.001259       -0.011399       -0.038023
          0.008869       -0.012915       -0.034241
          0.017236       -0.010530       -0.026217
          0.024600       -0.004655       -0.014412
          0.029410        0.003801       -0.000378
          0.031548        0.012754        0.013702
          0.032268        0.019441        0.025927
          0.032667        0.021687        0.035467
          0.032769        0.018478        0.042436
          0.031970        0.010007        0.047078
          0.029491       -0.001957        0.049368
          0.024421       -0.013945        0.049280
          0.016350       -0.022013        0.046841
          0.006364       -0.023524        0.041844
         -0.003123       -0.017923        0.034233
         -0.009834       -0.006418        0.025018
         -0.012753        0.008479        0.016155
         -0.012143        0.023520        0.009372
         -0.009231        0.035659        0.005563
         -0.006026        0.042947        0.005062
         -0.004595        0.044922        0.007545
         -0.005754        0.042527        0.011569
         -0.008457        0.037669        0.014992
         -0.010624        0.032660        0.016279
         -0.010437        0.029689        0.015126
         -0.007055        0.030195        0.011887
         -0.000927        0.034152        0.007091
          0.005958        0.039969        0.001679
          0.010559        0.045394       -0.003121
          0.010338        0.048490       -0.006810
          0.004674        0.047843       -0.010131
         -0.005100        0.042652       -0.014190
         -0.016556        0.033295       -0.019526
         -0.026908        0.021355       -0.026299
         -0.033754        0.008613       -0.034616
         -0.036022       -0.003647       -0.043928
         -0.034265       -0.014316       -0.052592
         -0.029836       -0.022196       -0.058752
         -0.023909       -0.026584       -0.061402
         -0.017217       -0.027704       -0.060323
         -0.010221       -0.026170       -0.055673
         -0.003228       -0.022405       -0.048362
          0.003441       -0.016959       -0.040452
          0.009133       -0.010866       -0.034318
          0.012844       -0.005047       -0.031244
          0.013811        0.000188       -0.031028
          0.012178        0.004545       -0.032655
          0.008967        0.007179       -0.034709
          0.005517        0.007260       -0.035374
          0.003103        0.004659       -0.033111
          0.002686       -0.000287       -0.027883
          0.004448       -0.007208       -0.021276
          0.007582       -0.015475       -0.015067
          0.010913       -0.023812       -0.010013
          0.013648       -0.030605       -0.006030
          0.015434       -0.034677       -0.002581
          0.016155       -0.035548        0.001635
          0.016024       -0.033065        0.008361
          0.015555       -0.027455        0.018160
          0.015009       -0.019815        0.029552
          0.014085       -0.011737        0.040206
          0.012403       -0.004233        0.048255
          0.009960        0.002392        0.052292
          0.007004        0.007746        0.051444
          0.003965        0.011192        0.046316
          0.001594        0.012383        0.039062
          0.000679        0.011293        0.031942
          0.001397        0.007876        0.026224
          0.003153        0.002267        0.022453
          0.005019       -0.004737        0.020872
          0.006151       -0.011822        0.021233
          0.006051       -0.017871        0.022697
          0.004826       -0.022390        0.024353
          0.003196       -0.025312        0.025680
          0.002029       -0.026679        0.026319
          0.001741       -0.026643        0.025591
          0.002002       -0.025514        0.022763
          0.001826       -0.023568        0.017838
         -0.000033       -0.020933        0.011690
         -0.004431       -0.017861        0.005427
         -0.011136       -0.015019        0.000120
         -0.018598       -0.013287       -0.003075
         -0.024474       -0.013115       -0.003412
         -0.026580       -0.014092       -0.001241
         -0.023774       -0.015180        0.002285
         -0.016508       -0.015117        0.005996
         -0.006801       -0.012395        0.008972
          0.002619       -0.005552        0.010596
          0.009610        0.005762        0.010687
          0.013354        0.020315        0.009301
          0.014225        0.036052        0.006434
          0.013312        0.050696        0.002032
          0.011806        0.061724       -0.004117
          0.010310        0.066960       -0.012517
          0.008621        0.065678       -0.023391
          0.006252        0.058828       -0.036077
          0.002970        0.048500       -0.049464
         -0.001129        0.037547       -0.062531
         -0.005706        0.029162       -0.073983
         -0.010287        0.025970       -0.082240
         -0.014429        0.029079       -0.086444
         -0.017755        0.037632       -0.086711
         -0.019755        0.048918       -0.083084
         -0.019783        0.059165       -0.075015
         -0.017355        0.064787       -0.062010
         -0.012445        0.063331       -0.044088
         -0.005648        0.054042       -0.021733
          0.001889        0.038158        0.003754
          0.008894        0.018447        0.029797
          0.014525       -0.002084        0.052918
          0.018561       -0.021251        0.069888
          0.021206       -0.037902        0.078833
          0.022720       -0.051753        0.079658
          0.023087       -0.063135        0.073628
          0.021975       -0.072452        0.062664
          0.019113       -0.079508        0.049017
          0.014622       -0.083306        0.034836
          0.009037       -0.082546        0.021353
          0.003230       -0.076512        0.008783
         -0.001816       -0.065582       -0.002686
         -0.005556       -0.050994       -0.012429
         -0.008250       -0.034347       -0.020120
         -0.010591       -0.017387       -0.026046
         -0.013122       -0.001670       -0.030389
         -0.016106        0.012104       -0.032918
         -0.019392        0.023991       -0.033569
         -0.022076        0.033741       -0.032570
         -0.022711        0.040432       -0.029688
         -0.020242        0.043274       -0.023935
         -0.014626        0.041963       -0.014495
         -0.006647        0.036306       -0.001633
          0.002393        0.026462        0.013610
          0.010832        0.013467        0.030084
          0.017070       -0.001177        0.046245
          0.020246       -0.016292        0.059838
          0.020418       -0.031003        0.068883
          0.018020       -0.044344        0.072751
          0.013425       -0.055290        0.071623
          0.007177       -0.062940        0.065423
          0.000205       -0.066524        0.054159
         -0.006491       -0.065513        0.038846
         -0.012127       -0.059880        0.021285
         -0.015951       -0.050163        0.003295
         -0.017256       -0.037378       -0.013070
         -0.015960       -0.022853       -0.025081
         -0.012872       -0.007718       -0.030263
         -0.009111        0.007610       -0.027967
         -0.005464        0.023138       -0.019562
         -0.002367        0.038522       -0.007293
          0.000004        0.052848        0.006423
          0.001889        0.064875        0.018955
          0.003825        0.072954        0.027960
          0.006016        0.075143        0.032543
          0.007997        0.070322        0.033406
          0.009000        0.059228        0.031547
          0.008511        0.043985        0.027437
          0.006493        0.026986        0.021582
          0.003368        0.010590        0.014708
         -0.000001       -0.002927        0.006734
         -0.002514       -0.012078       -0.003468
         -0.003476       -0.016657       -0.016691
         -0.003218       -0.017210       -0.032455
         -0.002914       -0.014431       -0.049445
         -0.003739       -0.009364       -0.065741
         -0.006247       -0.003725       -0.078496
         -0.010184        0.000517       -0.084533
         -0.014348        0.001941       -0.081972
         -0.016777       -0.000018       -0.071149
         -0.015723       -0.005283       -0.054100
         -0.010736       -0.013162       -0.033687
         -0.002887       -0.022219       -0.013132
          0.005810       -0.030604        0.004471
          0.013071       -0.036807        0.016962
          0.017000       -0.040033        0.023551
          0.016849       -0.039987        0.024471
          0.013474       -0.036688        0.020537
          0.008889       -0.030586        0.013174
          0.005139       -0.022669        0.004360
          0.003444       -0.014228       -0.003866
          0.003992       -0.006271       -0.009879
          0.005985        0.000803       -0.012644
          0.007794        0.006750       -0.011739
          0.007725        0.011046       -0.007310
          0.005126        0.013440       -0.000097
          0.000709        0.014387        0.008446
         -0.004087        0.014157        0.016368
         -0.007753        0.012259        0.021892
         -0.009139        0.008579        0.023851
         -0.008040        0.004157        0.021814
         -0.005543        0.000040        0.016448
         -0.003496       -0.003434        0.009756
         -0.003332       -0.005481        0.004330
         -0.005206       -0.004436        0.002131
         -0.008030        0.000473        0.003969
         -0.010158        0.007926        0.009585
         -0.010096        0.015704        0.017577
         -0.007162        0.021916        0.025497
         -0.002168        0.024630        0.030707
          0.002673        0.021996        0.031364
          0.005072        0.014044        0.026656
          0.004008        0.003479        0.016580
         -0.000086       -0.006348        0.001962
         -0.005786       -0.013652       -0.015414
         -0.011022       -0.018074       -0.033095
         -0.013764       -0.019881       -0.048545
         -0.013079       -0.020386       -0.059450
         -0.009417       -0.021878       -0.063775
         -0.003787       -0.025702       -0.060191
          0.002958       -0.030863       -0.048708
          0.010099       -0.035068       -0.030784
          0.016948       -0.036413       -0.008916
          0.022995       -0.033725        0.013753
          0.027800       -0.026379        0.033895
          0.030674       -0.014845        0.048812
          0.030807       -0.001104        0.057162
          0.027776        0.012341        0.059064
          0.021873        0.023971        0.055779
          0.014015        0.033437        0.049188
          0.005491        0.040583        0.041113
         -0.002324        0.045090        0.032820
         -0.008328        0.047009        0.025033
         -0.011960        0.046797        0.018060
         -0.013167        0.044706        0.011827
         -0.012220        0.040821        0.006150
         -0.009634        0.035755        0.001063
         -0.006123        0.030524       -0.003362
         -0.002494        0.025416       -0.007250
          0.000409        0.019516       -0.010634
          0.001753        0.011573       -0.013238
          0.001007        0.001052       -0.014765
         -0.001695       -0.011527       -0.014987
         -0.005706       -0.024607       -0.013529
         -0.010409       -0.035721       -0.010154
         -0.015354       -0.042142       -0.005349
         -0.019949       -0.042249       -0.000307
         -0.023548       -0.036605        0.003485
         -0.025844       -0.027553        0.004518
         -0.026733       -0.017722        0.001714
         -0.026005       -0.008986       -0.004882
         -0.023717       -0.002305       -0.013948
         -0.020602        0.002253       -0.023505
         -0.017482        0.005438       -0.031728
         -0.014388        0.008275       -0.037501
         -0.010596        0.011309       -0.040649
         -0.005299        0.014343       -0.041777
          0.001999        0.016947       -0.041797
          0.011264        0.018991       -0.041335
          0.021419        0.020435       -0.040309
          0.030167        0.020855       -0.038063
          0.034952        0.019814       -0.034090
          0.034450        0.017518       -0.028533
          0.029184        0.014538       -0.022037
          0.021045        0.011120       -0.015453
          0.012512        0.007354       -0.009656
          0.005852        0.003664       -0.005070
          0.002200        0.000487       -0.001209
          0.001004       -0.002280        0.003054
          0.000561       -0.004956        0.008664
         -0.000687       -0.007408        0.015886
         -0.003244       -0.009151        0.024389
         -0.006565       -0.009942        0.033378
         -0.009539       -0.009874        0.041509
         -0.010990       -0.008945        0.046970
         -0.010172       -0.006991        0.048178
         -0.007177       -0.004194        0.044446
         -0.002976       -0.001149        0.035886
          0.001083        0.001866        0.023159
          0.004005        0.005151        0.007837
          0.005566        0.008940       -0.007478
          0.006136        0.013184       -0.020253
          0.006378        0.018067       -0.029064
          0.007208        0.023891       -0.033325
          0.009588        0.030253       -0.032837
          0.013825        0.035857       -0.028251
          0.019211        0.039020       -0.021064
          0.024553        0.038036       -0.012411
          0.028720        0.031642       -0.002601
          0.030616        0.019978        0.007876
          0.029287        0.005126        0.017902
          0.024549       -0.009526        0.026464
          0.017268       -0.020559        0.032897
          0.008806       -0.025789        0.036419
          0.000487       -0.025339        0.036402
         -0.006315       -0.021762        0.033245
         -0.010233       -0.018634        0.028408
         -0.010646       -0.018596        0.023577
         -0.008235       -0.022316        0.020025
         -0.004566       -0.028434        0.018403
         -0.001291       -0.033962        0.018401
          0.000283       -0.035580        0.018450
         -0.000479       -0.031646        0.016233
         -0.003058       -0.023124        0.010022
         -0.005865       -0.012511       -0.000123
         -0.007375       -0.002280       -0.012155
         -0.007284        0.005736       -0.022895
         -0.006480        0.010632       -0.029213
         -0.006260        0.012900       -0.028982
         -0.007842        0.014023       -0.021974
         -0.011959        0.014911       -0.010400
         -0.018183        0.014986        0.001991
         -0.024903        0.013053        0.011964
         -0.030399        0.008573        0.017954
         -0.033758        0.001847        0.019731
         -0.034735       -0.006219        0.018082
         -0.033385       -0.013791        0.014710
         -0.030091       -0.018220        0.011260
         -0.025340       -0.017576        0.008099
         -0.019225       -0.012101        0.004544
         -0.011710       -0.003673        0.000219
         -0.003552        0.005671       -0.004368
          0.003621        0.014001       -0.008387
          0.008205        0.019230       -0.011135
          0.009224        0.019992       -0.011947
          0.006552        0.016582       -0.010471
          0.001409        0.010182       -0.007400
         -0.003588        0.001754       -0.004310
         -0.005672       -0.007432       -0.002308
         -0.003333       -0.015007       -0.001333
          0.003394       -0.018419       -0.000961
          0.013219       -0.016415       -0.001096
          0.023851       -0.009190       -0.001661
          0.032741        0.002113       -0.002524
          0.038246        0.015240       -0.004064
          0.040087        0.026854       -0.006979
          0.038815        0.033863       -0.011210
          0.035189        0.035030       -0.015504
          0.029988        0.031206       -0.018249
          0.023854        0.024362       -0.018468
          0.017106        0.016715       -0.016055
          0.009997        0.010257       -0.011589
          0.003201        0.006058       -0.006337
         -0.002302        0.003601       -0.002094
         -0.005826        0.001263       -0.000237
         -0.007249       -0.002121       -0.000774
         -0.006897       -0.006327       -0.002731
         -0.005508       -0.010191       -0.005273
         -0.004164       -0.012397       -0.007998
         -0.003832       -0.011897       -0.010615
         -0.004912       -0.008497       -0.013061
         -0.007301       -0.003445       -0.015642
         -0.010678        0.001012       -0.018476
         -0.014487        0.002958       -0.020993
         -0.017915        0.001742       -0.022410
         -0.020253       -0.002020       -0.022496
         -0.021215       -0.007002       -0.021659
         -0.020773       -0.011847       -0.020504
         -0.018946       -0.015622       -0.019402
         -0.015926       -0.017822       -0.018169
         -0.012182       -0.018256       -0.015925
         -0.008244       -0.016945       -0.011425
         -0.004560       -0.013874       -0.003773
         -0.001622       -0.008906        0.006960
          0.000015       -0.002346        0.019487
          0.000038        0.004460        0.031588
         -0.001388        0.009609        0.041021
         -0.003779        0.011773        0.046552
         -0.006634        0.010638        0.048214
         -0.009531        0.006583        0.046849
         -0.012124        0.000644        0.043720
         -0.014262       -0.005395        0.040082
         -0.015978       -0.009755        0.036320
         -0.017184       -0.011757        0.031591
         -0.017459       -0.011660        0.024716
         -0.016282       -0.009565        0.015234
         -0.013471       -0.005268        0.003564
         -0.009340        0.000875       -0.009199
         -0.004527        0.007881       -0.021418
          0.000281        0.014852       -0.031400
          0.004599        0.020855       -0.038195
          0.008340        0.024326       -0.042019
          0.011820        0.023746       -0.043892
          0.015410        0.018994       -0.044868
          0.018947        0.011401       -0.045576
          0.021489        0.002668       -0.046174
          0.021812       -0.005637       -0.046268
          0.019202       -0.012003       -0.044853
          0.013854       -0.015402       -0.040750
          0.006816       -0.015925       -0.033277
         -0.000169       -0.014549       -0.022383
         -0.005063       -0.012310       -0.008346
         -0.006473       -0.009993        0.008261
         -0.004422       -0.008406        0.026318
         -0.000016       -0.008487        0.044230
          0.005451       -0.010840        0.060360
          0.010816       -0.015267        0.073241
          0.015080       -0.020973        0.081661
          0.017848       -0.027052        0.085093
          0.019484       -0.032467        0.084033
          0.020386       -0.036038        0.079578
          0.020358       -0.037142        0.072722
          0.018939       -0.036224        0.064178
          0.015924       -0.034309        0.054492
          0.011400       -0.032354        0.043946
          0.005806       -0.031070        0.032575
          0.000235       -0.030653        0.020644
         -0.003752       -0.030478        0.008871
         -0.004952       -0.029411       -0.002053
         -0.003199       -0.026446       -0.011874
          0.000544       -0.021115       -0.020416
          0.004496       -0.013857       -0.027317
          0.006693       -0.006139       -0.032476
          0.005769        0.000333       -0.036266
          0.001477        0.004639       -0.039011
         -0.005151        0.006731       -0.040843
         -0.012046        0.007152       -0.042226
         -0.016973        0.007228       -0.043808
         -0.018555        0.008667       -0.045404
         -0.016631        0.012100       -0.045808
         -0.012021        0.016543       -0.043800
         -0.006320        0.020619       -0.038735
         -0.001461        0.023446       -0.030385
          0.001141        0.024348       -0.019275
          0.001183        0.023036       -0.007253
         -0.000726        0.020362        0.003073
         -0.003550        0.017798        0.009588
         -0.006075        0.015949        0.011217
         -0.007174        0.014406        0.007952
         -0.006273        0.012887        0.000987
         -0.003721        0.011685       -0.007422
         -0.000658        0.011247       -0.014615
          0.001527        0.012175       -0.018435
          0.001642        0.015343       -0.018118
         -0.001003        0.021100       -0.014603
         -0.006158        0.028262       -0.009825
         -0.012374        0.034344       -0.005817
         -0.017542        0.036843       -0.004294
         -0.019941        0.034363       -0.006052
         -0.018823        0.027167       -0.010166
         -0.014413        0.017225       -0.014446
         -0.007799        0.007666       -0.017000
         -0.000586        0.001603       -0.016884
          0.005844        0.000738       -0.013628
          0.010892        0.004597       -0.007228
          0.014590        0.010950        0.001473
          0.017152        0.016987        0.011239
          0.018777        0.020386        0.021114
          0.019625        0.020039        0.030162
          0.019841        0.016377        0.037029
          0.019610        0.011109        0.040397
          0.019177        0.006441        0.039750
          0.018690        0.004154        0.035648
          0.018038        0.004859        0.029520
          0.016827        0.007845        0.023154
          0.014559        0.011533        0.018014
          0.010984        0.013886        0.014714
          0.006437        0.012693        0.012784
          0.001785        0.006376        0.010819
         -0.002031       -0.004991        0.007251
         -0.004510       -0.019695        0.001339
         -0.005782       -0.035253       -0.006546
         -0.006468       -0.048826       -0.015308
         -0.007352       -0.057550       -0.023557
         -0.008947       -0.059751       -0.029927
         -0.011053       -0.055859       -0.033420
         -0.012721       -0.047629       -0.033647
         -0.012886       -0.037094       -0.030913
         -0.011146       -0.026519       -0.026042
         -0.007980       -0.018030       -0.019973
         -0.004470       -0.012530       -0.013678
         -0.001899       -0.009635       -0.008464
         -0.001197       -0.008661       -0.005704
         -0.002349       -0.008856       -0.006018
         -0.004361       -0.009045       -0.009198
         -0.005950       -0.008152       -0.014830
         -0.006269       -0.005950       -0.022194
         -0.005165       -0.002691       -0.029750
         -0.003142        0.001547       -0.035531
         -0.001187        0.006616       -0.037985
         -0.000356        0.011992       -0.036003
         -0.001331        0.017298       -0.028761
         -0.004261        0.022707       -0.016386
         -0.008747        0.028337       -0.000675
         -0.013819        0.033696        0.015346
         -0.018166        0.038173        0.028603
         -0.020632        0.041571        0.036918
         -0.020513        0.043579        0.039576
         -0.017628        0.043266        0.037677
         -0.012429        0.039874        0.033934
         -0.005993        0.033756        0.031580
          0.000462        0.025958        0.032861
          0.006205        0.017543        0.038038
          0.011070        0.009962        0.045482
          0.015038        0.005064        0.052531
          0.018000        0.003598        0.056351
          0.019882        0.004263        0.054618
          0.020563        0.004848        0.046254
          0.019632        0.003784        0.031890
          0.016730        0.000381        0.013437
          0.012308       -0.005313       -0.006824
          0.007618       -0.012110       -0.026702
          0.003876       -0.017878       -0.044079
          0.001791       -0.021109       -0.057132
          0.001731       -0.022239       -0.064790
          0.003580       -0.022980       -0.066727
          0.006255       -0.024624       -0.062935
          0.008051       -0.027325       -0.053722
          0.007782       -0.030334       -0.040237
          0.005340       -0.031998       -0.024603
          0.001303       -0.029969       -0.009173
         -0.003335       -0.022715        0.004239
         -0.007041       -0.011294        0.014383
         -0.008217        0.000781        0.020620
         -0.006343        0.009533        0.023541
         -0.002456        0.012223        0.024869
          0.001647        0.008025        0.025969
          0.004382       -0.001423        0.026947
          0.004668       -0.011936        0.027422
          0.002135       -0.018517        0.027093
         -0.002334       -0.018179        0.025437
         -0.006675       -0.011441        0.022171
         -0.008894       -0.001657        0.018208
         -0.008306        0.006691        0.015073
         -0.005478        0.009763        0.013471
         -0.001488        0.005903        0.013082
          0.002409       -0.003419        0.013148
          0.004970       -0.014059        0.012599
          0.005600       -0.021258        0.010372
          0.004718       -0.022099        0.006299
          0.003064       -0.016493        0.001416
          0.000835       -0.006427       -0.002703
         -0.002157        0.005079       -0.004638
         -0.005754        0.014657       -0.003520
         -0.009252        0.019694        0.000696
         -0.011735        0.019540        0.007300
         -0.012243        0.015252        0.015223
         -0.009873        0.008138        0.023237
         -0.004315       -0.000760        0.030087
          0.003505       -0.010035        0.034872
          0.011549       -0.017866        0.037160
          0.017619       -0.022812        0.036651
          0.020159       -0.024024        0.033107
          0.018502       -0.020832        0.026594
          0.013023       -0.013062        0.017312
          0.005177       -0.001864        0.005252
         -0.003042        0.010468       -0.009413
         -0.009973        0.021749       -0.025630
         -0.014722        0.030617       -0.041494
         -0.017068        0.036372       -0.054890
         -0.017297        0.039024       -0.063932
         -0.015968        0.039614       -0.067280
         -0.013498        0.039774       -0.064763
         -0.010026        0.040700       -0.057805
         -0.005664        0.042803       -0.048828
         -0.000584        0.045976       -0.040031
          0.004994        0.049534       -0.032758
          0.010406        0.052044       -0.027575
          0.014402        0.051897       -0.024227
          0.015944        0.048042       -0.021529
          0.014906        0.040099       -0.018097
          0.011693        0.028434       -0.013443
          0.006894        0.014529       -0.007942
          0.001624        0.000718       -0.002048
         -0.002672       -0.010725        0.003827
         -0.005292       -0.018006        0.009147
         -0.006535       -0.019954        0.013733
         -0.006716       -0.016613        0.018114
         -0.005669       -0.009526        0.022964
         -0.003389       -0.001013        0.028452
         -0.000346        0.006496        0.034221
          0.003057        0.010575        0.039610
          0.006604        0.009321        0.043767
          0.009605        0.002369        0.045800
          0.010833       -0.008843        0.045195
          0.009607       -0.021721        0.042207
          0.006444       -0.033176        0.037650
          0.002305       -0.040270        0.032048
         -0.002224       -0.041227        0.025153
         -0.006643       -0.036169        0.016312
         -0.010269       -0.026881        0.005007
         -0.012919       -0.015959       -0.008862
         -0.015227       -0.005991       -0.024491
         -0.017646        0.001141       -0.039681
         -0.019671        0.004742       -0.051352
         -0.020552        0.005263       -0.056945
         -0.020120        0.003791       -0.055383
         -0.018472        0.001422       -0.047106
         -0.015471       -0.001163       -0.033949
         -0.011130       -0.003854       -0.018954
         -0.006078       -0.006888       -0.005439
         -0.001076       -0.010405        0.004215
          0.003663       -0.014195        0.008959
          0.008229       -0.017836        0.008777
          0.012289       -0.020929        0.004564
          0.015203       -0.023173       -0.001973
          0.016745       -0.024472       -0.008875
          0.017082       -0.025050       -0.014496
          0.016087       -0.025277       -0.017624
          0.013366       -0.025230       -0.017580
          0.009088       -0.024613       -0.014518
          0.004132       -0.023150       -0.009366
         -0.000788       -0.020807       -0.003314
         -0.005458       -0.017705        0.002543
         -0.009466       -0.014190        0.007360
         -0.012012       -0.011016        0.010819
         -0.012793       -0.009196        0.013284
         -0.012284       -0.009588        0.015459
         -0.010836       -0.012549        0.017841
         -0.008341       -0.017839        0.020493
         -0.005080       -0.024741        0.023122
         -0.001985       -0.032087        0.025064
          0.000329       -0.038232        0.025325
          0.002027       -0.041469        0.023154
          0.003413       -0.040801        0.018810
          0.004557       -0.036179        0.013583
          0.005650       -0.028047        0.009039
          0.007075       -0.017284        0.006502
          0.008890       -0.005510        0.006932
          0.010607        0.005410        0.010544
          0.011654        0.014298        0.016270
          0.011839        0.020566        0.022095
          0.011239        0.023663        0.026120
          0.009821        0.023500        0.027005
          0.007529        0.021097        0.023561
          0.004739        0.018044        0.014866
          0.002230        0.015742        0.001083
          0.000487        0.015536       -0.016467
         -0.000610        0.018647       -0.036144
         -0.001308        0.025281       -0.056230
         -0.001639        0.034363       -0.074511
         -0.001724        0.044376       -0.088626
         -0.001794        0.053857       -0.097127
         -0.001593        0.061321       -0.099644
         -0.000354        0.065680       -0.096036
          0.002267        0.066730       -0.086091
          0.005675        0.064679       -0.070192
          0.008920        0.059589       -0.049647
          0.011287        0.051697       -0.026217
          0.012225        0.041705       -0.001835
          0.011360        0.030422        0.021108
          0.008915        0.018709        0.039963
          0.005784        0.007832        0.052931
          0.002946       -0.000923        0.059833
          0.000917       -0.007169        0.061562
         -0.000193       -0.011491        0.059225
         -0.000401       -0.014752        0.054195
          0.000096       -0.017749        0.048284
          0.000672       -0.021079        0.042887
          0.000374       -0.024635        0.038188
         -0.001514       -0.027384        0.033729
         -0.005053       -0.028101        0.029197
         -0.009772       -0.026397        0.024144
         -0.014880       -0.022985        0.017738
         -0.019209       -0.019200        0.009620
         -0.021409       -0.016398        0.000631
         -0.020789       -0.015552       -0.007711
         -0.017871       -0.016926       -0.014015
         -0.013875       -0.019867       -0.017112
         -0.009929       -0.023216       -0.016102
         -0.006876       -0.026331       -0.010851
         -0.005183       -0.029550       -0.002231
         -0.004572       -0.033587        0.008306
         -0.004023       -0.038868        0.019321
         -0.002475       -0.045509        0.029626
          0.000473       -0.053077        0.038214
          0.004496       -0.060000        0.044182
          0.008901       -0.063852        0.046947
          0.012897       -0.062599        0.046529
          0.015662       -0.055278        0.043386
          0.016491       -0.041914        0.038043
          0.015116       -0.023714        0.031113
          0.011832       -0.003278        0.023455
          0.007222        0.016250        0.015857
          0.001914        0.032477        0.008585
         -0.003213        0.044222        0.001493
         -0.006855        0.051439       -0.005574
         -0.007792        0.055141       -0.012758
         -0.005696        0.056838       -0.020391
         -0.001279        0.057444       -0.028831
          0.004155        0.056738       -0.037880
          0.008973        0.053808       -0.046423
          0.011391        0.047755       -0.052742
          0.010256        0.038277       -0.055199
          0.005952        0.026206       -0.052697
          0.000173        0.013535       -0.044956
         -0.005277        0.002604       -0.033036
         -0.009160       -0.004866       -0.019552
         -0.010679       -0.008135       -0.007715
         -0.009617       -0.007399        0.000209
         -0.006798       -0.003744        0.003476
         -0.003635        0.001175        0.002451
         -0.000993        0.005837       -0.001619
          0.001064        0.009346       -0.006503
          0.002550        0.011337       -0.009579
          0.003389        0.011777       -0.009069
          0.003926        0.011112       -0.004509
          0.004743        0.010292        0.003878
          0.005828        0.010248        0.015431
          0.006635        0.011412        0.028330
          0.006917        0.013839        0.039594
          0.006859        0.017260        0.046658
          0.006519        0.020633        0.048542
          0.005767        0.022120        0.045277
          0.004608        0.019964        0.037422
          0.003078        0.013209        0.026826
          0.000947        0.001745        0.016545
         -0.002009       -0.013615        0.008871
         -0.005446       -0.030907        0.004129
         -0.008404       -0.047404        0.001748
         -0.009868       -0.060472        0.001261
         -0.009334       -0.068062        0.001718
         -0.006985       -0.068774        0.001602
         -0.003560       -0.062155        0.000220
         -0.000102       -0.049134       -0.001732
          0.002448       -0.032047       -0.003523
          0.003804       -0.014208       -0.005365
          0.004552        0.000850       -0.007699
          0.005622        0.010365       -0.010502
          0.007488        0.013240       -0.013797
          0.009867        0.010478       -0.017998
          0.011923        0.004933       -0.023113
          0.012557        0.000249       -0.028160
          0.010847       -0.000639       -0.031864
          0.006720        0.003493       -0.033584
          0.001276        0.011980       -0.033267
         -0.003775        0.022610       -0.031027
         -0.006961        0.032363       -0.027260
         -0.007476        0.038538       -0.022995
         -0.005375        0.039771       -0.019590
         -0.001693        0.036386       -0.017927
          0.002051        0.030056       -0.018090
          0.004811        0.023115       -0.019828
          0.006364        0.017785       -0.022896
          0.006900        0.015446       -0.026629
          0.006702        0.016222       -0.029652
          0.006115        0.019087       -0.030533
          0.005246        0.022454       -0.028588
          0.003658        0.024835       -0.023757
          0.000798        0.025177       -0.016204
         -0.003299        0.022914       -0.006719
         -0.008077        0.018141        0.002754
         -0.013019        0.011743        0.009858
         -0.017692        0.004989        0.013239
         -0.021496       -0.001105        0.012788
         -0.023969       -0.005953        0.008977
         -0.025243       -0.009299        0.002954
         -0.025738       -0.011306       -0.002976
         -0.025561       -0.012498       -0.006211
         -0.024608       -0.013142       -0.005469
         -0.023003       -0.012757       -0.001035
         -0.020930       -0.010561        0.006204
         -0.018300       -0.006400        0.015080
         -0.015105       -0.001077        0.023791
         -0.011886        0.003956        0.030402
         -0.009370        0.006859        0.034077
         -0.007845        0.005847        0.035267
         -0.007170        0.000273        0.034719
         -0.007073       -0.008642        0.033103
         -0.007072       -0.018517        0.031586
         -0.006365       -0.027135        0.031743
         -0.004242       -0.033067        0.034416
         -0.000612       -0.035775        0.039251
          0.004056       -0.035787        0.045451
          0.009176       -0.034484        0.052201
          0.014179       -0.033222        0.058181
          0.018402       -0.032592        0.061621
          0.021245       -0.032500        0.061295
          0.022496       -0.032620        0.056968
          0.022305       -0.032545        0.048887
          0.020915       -0.031704        0.037554
          0.018639       -0.029431        0.024049
          0.015973       -0.025179        0.009996
          0.013528       -0.018564       -0.003024
          0.011813       -0.009313       -0.013937
          0.011111        0.002412       -0.022209
          0.011437        0.015504       -0.027692
          0.012569        0.027925       -0.030620
          0.014090        0.037391       -0.031663
          0.015403        0.042130       -0.031749
          0.015839        0.041413       -0.031638
          0.014960        0.035936       -0.031725
          0.012776        0.027877       -0.032242
          0.009562        0.020369       -0.033398
          0.005550        0.016314       -0.035167
          0.000987        0.017120       -0.037117
         -0.003721        0.022202       -0.038614
         -0.008204        0.029376       -0.039098
         -0.012300        0.035504       -0.038052
         -0.015710        0.037431       -0.034998
         -0.017721        0.033450       -0.029900
         -0.017693        0.024246       -0.023630
         -0.015634        0.012297       -0.017810
         -0.012031        0.000627       -0.014012
         -0.007498       -0.008001       -0.013119
         -0.002921       -0.011746       -0.015222
          0.000632       -0.010454       -0.019449
          0.002678       -0.005614       -0.023740
          0.003690        0.000706       -0.025544
          0.004475        0.006786       -0.023216
          0.005567        0.011270       -0.016471
          0.007265        0.012987       -0.005896
          0.009595        0.011241        0.007111
          0.011960        0.005942        0.020287
          0.013311       -0.002800        0.031444
          0.012970       -0.014695        0.039348
          0.011071       -0.028504        0.043326
          0.008247       -0.041784        0.042781
          0.005299       -0.051780        0.037675
          0.003135       -0.056323        0.028831
          0.002494       -0.054161        0.017381
          0.003416       -0.045433        0.004599
          0.005159       -0.032072       -0.007668
          0.006739       -0.017230       -0.017315
          0.007378       -0.003982       -0.023033
          0.006534        0.005580       -0.024640
          0.003912        0.010594       -0.022653
         -0.000288        0.011247       -0.018153
         -0.005371        0.008354       -0.012704
         -0.010529        0.002917       -0.007607
         -0.015124       -0.004159       -0.003131
         -0.018593       -0.012209        0.001300
         -0.020454       -0.020573        0.006333
         -0.020601       -0.027984        0.012171
         -0.019444       -0.032512        0.018470
         -0.017634       -0.032493        0.024327
         -0.015667       -0.027376        0.028421
         -0.013758       -0.017866        0.029629
         -0.011871       -0.005995        0.027836
         -0.009631        0.004971        0.024097
         -0.006332        0.011683        0.019971
         -0.001437        0.012484        0.016786
          0.004794        0.008166        0.015229
          0.011366        0.001396        0.015041
          0.017134       -0.004291        0.014930
          0.021074       -0.005589        0.013138
          0.022340       -0.000755        0.008407
          0.020760        0.009431        0.000561
          0.017258        0.022058       -0.009556
          0.013275        0.033661       -0.020472
          0.009857        0.041734       -0.030496
          0.007440        0.045351       -0.038064
          0.006036        0.045124       -0.042071
          0.005133        0.042903       -0.042138
          0.003781        0.041024       -0.038646
          0.001208        0.041033       -0.032554
         -0.002611        0.042843       -0.025267
         -0.007036        0.045173       -0.018536
         -0.011271        0.046535       -0.014066
         -0.014675        0.045577       -0.012830
         -0.016644        0.041165       -0.014712
         -0.016567        0.033073       -0.018764
         -0.014209        0.022391       -0.023698
         -0.009933        0.010711       -0.028225
         -0.004282       -0.000780       -0.031318
          0.002276       -0.011162       -0.032519
          0.008907       -0.019430       -0.032036
          0.014313       -0.024926       -0.030323
          0.017537       -0.027770       -0.027496
          0.018435       -0.028423       -0.023351
          0.017225       -0.027113       -0.017947
          0.014214       -0.024192       -0.011787
          0.010185       -0.020774       -0.005360
          0.006320       -0.018324        0.001055
          0.003346       -0.017633        0.007148
          0.001141       -0.018607        0.012748
         -0.000690       -0.020723        0.018336
         -0.002370       -0.023006        0.024680
         -0.004214       -0.023818        0.031745
         -0.006732       -0.021663        0.038488
         -0.010158       -0.016511        0.043706
         -0.014193       -0.009850        0.046502
         -0.018332       -0.003466        0.046102
         -0.022052        0.001179        0.042197
         -0.024601        0.002691        0.035636
         -0.025095        0.000202        0.028126
         -0.023178       -0.005628        0.021132
         -0.019411       -0.012979        0.015477
         -0.014886       -0.020323        0.011726
         -0.010672       -0.026834        0.010290
         -0.007615       -0.031811        0.011183
         -0.006132       -0.034759        0.014099
         -0.005921       -0.035862        0.018725
         -0.006167       -0.035543        0.024764
         -0.006148       -0.033597        0.031685
         -0.005443       -0.029268        0.038587
         -0.003805       -0.022079        0.044438
         -0.001217       -0.012189        0.048515
          0.002101       -0.000150        0.050503
          0.005975        0.013189        0.050144
          0.010301        0.026550        0.047006
          0.014640        0.038443        0.040784
          0.018095        0.047799        0.031546
          0.019780        0.054317        0.019544
          0.019252        0.058097        0.005169
          0.016566        0.059128       -0.010579
          0.012357        0.057324       -0.025999
          0.007905        0.052918       -0.039483
          0.004589        0.046425       -0.050207
          0.003050        0.038288       -0.057851
          0.003078        0.029044       -0.062143
          0.004177        0.019786       -0.063003
          0.005818        0.011872       -0.060663
          0.007419        0.006055       -0.055159
          0.008574        0.002401       -0.046188
          0.009290        0.000931       -0.033998
          0.009758        0.001525       -0.020080
          0.009998        0.003203       -0.006685
          0.009824        0.004296        0.003953
          0.009021        0.003438        0.009872
          0.007527       -0.000154        0.009853
          0.005485       -0.007020        0.004217
          0.003215       -0.017088       -0.005137
          0.001258       -0.028892       -0.015639
          0.000348       -0.039929       -0.024817
          0.001007       -0.047985       -0.030706
          0.003099       -0.051880       -0.032301
          0.005905       -0.051392       -0.029731
          0.008513       -0.047345       -0.023771
          0.009950       -0.041689       -0.015410
          0.009285       -0.036663       -0.005832
          0.006097       -0.033474        0.003691
          0.000898       -0.031766        0.011929
         -0.005093       -0.030162        0.017501
         -0.010527       -0.027193        0.018963
         -0.014321       -0.021933        0.015636
         -0.015938       -0.014248        0.008217
         -0.015668       -0.004981       -0.001470
         -0.014615        0.004205       -0.011005
         -0.014196        0.011838       -0.017905
         -0.015406        0.017639       -0.020468
         -0.018321        0.022271       -0.018565
         -0.022225        0.026407       -0.013637
         -0.026126        0.030420       -0.007897
         -0.029132        0.034337       -0.003318
         -0.030645        0.037403       -0.000966
         -0.030692        0.038166       -0.000898
         -0.029980        0.035527       -0.002337
         -0.029253        0.029544       -0.003895
         -0.028601        0.021281       -0.004145
         -0.027564        0.012425       -0.002412
         -0.025542        0.004976        0.001137
         -0.021869        0.000521        0.006089
         -0.015963       -0.000536        0.011991
         -0.007876        0.000919        0.018218
          0.001417        0.003120        0.024374
          0.010496        0.003916        0.030786
          0.018178        0.001494        0.038106
          0.023743       -0.004751        0.046549
          0.026902       -0.013925        0.055662
          0.027832       -0.024115        0.064432
          0.027033       -0.033030        0.071460
          0.024896       -0.038501        0.075420
          0.021485       -0.039223        0.075676
          0.016851       -0.035517        0.072646
          0.011444       -0.029134        0.067682
          0.006103       -0.022095        0.062405
          0.001725       -0.015829        0.057792
         -0.001043       -0.011035        0.053727
         -0.002002       -0.007485        0.049245
         -0.001423       -0.003829        0.042949
          0.000236        0.001614        0.033410
          0.002645        0.009442        0.019976
          0.005692        0.018823        0.003571
          0.009429        0.028369       -0.013567
          0.013928        0.036663       -0.029082
          0.018901        0.042084       -0.041398
          0.023470        0.043202       -0.049992
          0.026592        0.039805       -0.055440
          0.027667        0.032863       -0.059135
          0.026594        0.023381       -0.062406
          0.023610        0.012062       -0.065532
          0.019438        0.000070       -0.067616
          0.015195       -0.010954       -0.067463
          0.011645       -0.019892       -0.064422
          0.008740       -0.026316       -0.058465
          0.006094       -0.029666       -0.050107
          0.003455       -0.029300       -0.040575
          0.000570       -0.025459       -0.031414
         -0.002721       -0.019289       -0.023518
         -0.005973       -0.011827       -0.016954
         -0.008298       -0.003706       -0.011719
         -0.009194        0.004240       -0.008059
         -0.008810        0.010881       -0.006068
         -0.007575        0.015438       -0.005575
         -0.006102        0.017798       -0.006432
         -0.005153        0.018143       -0.008461
         -0.005145        0.016756       -0.011066
         -0.005840        0.014422       -0.013332
         -0.006733        0.012519       -0.014686
         -0.007452        0.012169       -0.015215
         -0.007712        0.013486       -0.015194
         -0.007324        0.015912       -0.014626
         -0.006412        0.018799       -0.013369
         -0.005303        0.021336       -0.011346
         -0.004130        0.022557       -0.008356
         -0.002872        0.021964       -0.004118
         -0.001768        0.019806        0.001036
         -0.001212        0.016581        0.005798
         -0.001278        0.012615        0.008685
         -0.001814        0.008112        0.009069
         -0.002878        0.003243        0.007279
         -0.004440       -0.001879        0.004344
         -0.005865       -0.007155        0.002044
         -0.006338       -0.012440        0.002503
         -0.005599       -0.017426        0.006973
         -0.003763       -0.021495        0.015069
         -0.000885       -0.023944        0.025207
          0.002617       -0.024535        0.035413
          0.005545       -0.023628        0.043676
          0.006625       -0.021879        0.048190
          0.005464       -0.020138        0.047893
          0.002550       -0.019441        0.042820
         -0.001232       -0.020419        0.033741
         -0.004677       -0.022658        0.021517
         -0.006419       -0.024938        0.006996
         -0.005776       -0.025991       -0.008659
         -0.003360       -0.024761       -0.024037
         -0.000469       -0.020440       -0.037933
          0.002051       -0.012907       -0.049368
          0.004104       -0.003101       -0.057151
          0.005897        0.007386       -0.060017
          0.007714        0.016950       -0.057483
          0.009844        0.024122       -0.050188
          0.012179        0.027731       -0.039287
          0.013933        0.027436       -0.026019
          0.014132        0.023923       -0.011917
          0.012364        0.018479        0.001344
          0.008889        0.012599        0.012764
          0.004229        0.007705        0.022199
         -0.001081        0.004647        0.029403
         -0.006446        0.003386        0.033501
         -0.011192        0.003278        0.033770
         -0.014651        0.003484        0.030348
         -0.016191        0.003212        0.023940
         -0.015262        0.002053        0.015544
         -0.011602        0.000262        0.006741
         -0.005456       -0.001449       -0.000501
          0.002315       -0.002343       -0.004906
          0.010401       -0.001846       -0.006576
          0.017508        0.000459       -0.006388
          0.022812        0.004648       -0.004994
          0.025895        0.010270       -0.002750
          0.026425        0.016419       -0.000240
          0.024198        0.021940        0.001854
          0.019415        0.025537        0.003284
          0.012637        0.025952        0.003971
          0.004485        0.022442        0.003477
         -0.004384        0.015281        0.001548
         -0.013121        0.005768       -0.001001
         -0.020947       -0.004289       -0.002698
         -0.027640       -0.013102       -0.002580
         -0.033309       -0.019280       -0.000578
         -0.037539       -0.022256        0.002858
         -0.039240       -0.022537        0.006930
         -0.037516       -0.021297        0.010464
         -0.032252       -0.019625        0.012274
         -0.023913       -0.018197        0.011877
         -0.013551       -0.017333        0.009623
         -0.003151       -0.016934        0.005992
          0.004896       -0.016423        0.001065
          0.009247       -0.015102       -0.005071
          0.010259       -0.012782       -0.011737
          0.009176       -0.009953       -0.017815
          0.007249       -0.007383       -0.022181
          0.005634       -0.005835       -0.023771
          0.005166       -0.006014       -0.021665
          0.005602       -0.008080       -0.015655
          0.005660       -0.011003       -0.006768
          0.004333       -0.012978        0.003188
          0.001841       -0.012674        0.012784
         -0.000916       -0.009863        0.021536
         -0.003222       -0.005236        0.029424
         -0.004611       -0.000283        0.036449
         -0.004800        0.003082        0.042780
         -0.004170        0.003654        0.048494
         -0.003862        0.001859        0.052751
         -0.004845       -0.000608        0.053989
         -0.007001       -0.001873        0.051306
         -0.009342       -0.000741        0.045100
         -0.010839        0.002819        0.036344
         -0.010721        0.007577        0.026124
         -0.008351        0.011567        0.015867
         -0.003476        0.013116        0.006917
          0.003269        0.011743       -0.000395
          0.010516        0.008471       -0.006653
          0.016981        0.005383       -0.012324
          0.021905        0.004609       -0.017386
          0.024734        0.007314       -0.021735
          0.024975        0.013250       -0.025258
          0.022645        0.020859       -0.027620
          0.018469        0.027710       -0.028579
          0.013349        0.031351       -0.028434
          0.007955        0.030514       -0.027723
          0.003032        0.025750       -0.026628
         -0.000410        0.018828       -0.024886
         -0.001752        0.011674       -0.022044
         -0.001346        0.005855       -0.017748
         -0.000033        0.002318       -0.012221
          0.001638        0.000915       -0.006604
          0.003421        0.000526       -0.002538
          0.005103        0.000157       -0.001296
          0.006684       -0.000453       -0.003178
          0.008488       -0.001544       -0.007324
          0.010558       -0.003905       -0.011938
          0.012114       -0.008311       -0.015073
          0.011948       -0.015049       -0.015606
          0.009289       -0.024130       -0.013623
          0.004204       -0.035060       -0.010069
         -0.002537       -0.046157       -0.006126
         -0.009660       -0.054880       -0.002686
         -0.015662       -0.059155       -0.000040
         -0.019431       -0.058197        0.002051
         -0.020871       -0.052413        0.004006
         -0.020843       -0.043199        0.006183
         -0.020432       -0.032755        0.008747
         -0.020234       -0.023356        0.011514
         -0.020152       -0.016336        0.014075
         -0.019538       -0.011731        0.016165
         -0.017455       -0.008732        0.017573
         -0.013092       -0.006250        0.017672
         -0.006346       -0.003319        0.015696
          0.001782        0.000542        0.011573
          0.009347        0.005190        0.005953
          0.014260        0.010117       -0.000434
          0.015189        0.014890       -0.006745
          0.011984        0.019575       -0.011715
          0.005725        0.024776       -0.014378
         -0.001412        0.031011       -0.014984
         -0.006872        0.038036       -0.014466
         -0.009025        0.044919       -0.013344
         -0.007936        0.050467       -0.011819
         -0.004951        0.053360       -0.010401
         -0.001753        0.052551       -0.009514
          0.000319        0.048199       -0.008885
          0.000741        0.041870       -0.008132
          0.000079        0.035470       -0.007634
         -0.000411        0.030359       -0.008221
          0.000225        0.027428       -0.010303
          0.001883        0.027009       -0.013772
          0.003590        0.028271       -0.018316
          0.004304        0.029524       -0.023124
          0.003569        0.029546       -0.026343
          0.001711        0.028111       -0.025550
         -0.000256        0.025293       -0.019295
         -0.001026        0.021121       -0.008050
          0.000245        0.015912        0.006315
          0.003294        0.009999        0.021263
          0.006848        0.002998        0.033700
          0.009418       -0.005903        0.040728
          0.010134       -0.016839        0.041313
          0.009040       -0.028954        0.036739
          0.006924       -0.041046        0.029179
          0.004973       -0.051950        0.020476
          0.004262       -0.060476        0.012198
          0.005021       -0.065676        0.005562
          0.006278       -0.067399        0.000781
          0.006540       -0.066306       -0.002810
          0.004840       -0.063241       -0.005670
          0.001108       -0.058671       -0.007588
         -0.003992       -0.052711       -0.008346
         -0.009142       -0.045429       -0.008312
         -0.012791       -0.036759       -0.008160
         -0.014156       -0.026321       -0.008375
         -0.013758       -0.013947       -0.009212
         -0.012851       -0.000487       -0.010769
         -0.012576        0.012390       -0.012717
         -0.013580        0.023155       -0.014009
         -0.015799        0.030774       -0.013327
         -0.018346        0.034568       -0.009979
         -0.019900        0.034645       -0.004111
         -0.019454        0.032414        0.003793
         -0.016806        0.029943        0.013138
         -0.012548        0.028644        0.023075
         -0.007692        0.028854        0.032739
         -0.003214        0.030317        0.041676
          0.000223        0.032321        0.049676
          0.002419        0.033397        0.056190
          0.003752        0.031744        0.060141
          0.005014        0.026349        0.060255
          0.006881        0.017433        0.055525
          0.009517        0.005946        0.045609
          0.012691       -0.006659        0.031105
          0.016067       -0.018084        0.013625
          0.019206       -0.025632       -0.004413
          0.021566       -0.027596       -0.020433
          0.022779       -0.023908       -0.032564
          0.022828       -0.015497       -0.040146
          0.021749       -0.003813       -0.043604
          0.019332        0.008998       -0.044009
          0.015414        0.020431       -0.042614
          0.010334        0.028623       -0.040430
          0.004877        0.032806       -0.037953
         -0.000081        0.032906       -0.035123
         -0.003637        0.029294       -0.031590
         -0.004876        0.022986       -0.027273
         -0.003413        0.015551       -0.022670
          0.000000        0.008476       -0.018405
          0.003737        0.002664       -0.014752
          0.006221       -0.001519       -0.011823
          0.006402       -0.003991       -0.009675
          0.003784       -0.004977       -0.007809
         -0.001137       -0.005173       -0.005174
         -0.006530       -0.005567       -0.001033
         -0.010051       -0.006833        0.004556
         -0.010243       -0.008986        0.011117
         -0.006997       -0.011595        0.018021
         -0.001178       -0.013961        0.024285
          0.005618       -0.015054        0.028728
          0.011325       -0.013918        0.030661
          0.014264       -0.010512        0.030270
          0.014052       -0.005958        0.028168
          0.011510       -0.001869        0.024737
          0.007762        0.000456        0.020106
          0.003698        0.000526        0.014550
          0.000147       -0.001263        0.008515
         -0.002139       -0.003916        0.002277
         -0.002982       -0.006226       -0.003935
         -0.002786       -0.007277       -0.009406
         -0.001921       -0.007116       -0.013130
         -0.000517       -0.006776       -0.014759
          0.001133       -0.007205       -0.014832
          0.002542       -0.008493       -0.013928
          0.003479       -0.010389       -0.012329
          0.004009       -0.012777       -0.010685
          0.003956       -0.015250       -0.009995
          0.002707       -0.017054       -0.010591
         -0.000267       -0.017881       -0.011958
         -0.004807       -0.018002       -0.013691
         -0.010022       -0.017429       -0.015678
         -0.014607       -0.015698       -0.017287
         -0.017160       -0.012684       -0.017414
         -0.016593       -0.009018       -0.015523
         -0.012738       -0.005501       -0.011948
         -0.006722       -0.002598       -0.007213
         -0.000526       -0.000647       -0.001745
          0.004094        0.000035        0.003770
          0.006336       -0.000360        0.008440
          0.006197       -0.000873        0.011798
          0.004089       -0.000393        0.013938
          0.000827        0.001614        0.014833
         -0.002589        0.005042        0.013893
         -0.005712        0.009394        0.010455
         -0.008893        0.013760        0.004514
         -0.012457        0.016783       -0.003191
         -0.016018        0.017149       -0.011509
         -0.018850        0.014394       -0.018980
         -0.020351        0.009206       -0.023955
         -0.019840        0.002979       -0.025335
         -0.016612       -0.002700       -0.023345
         -0.010707       -0.006272       -0.019230
         -0.003189       -0.006528       -0.014236
          0.004655       -0.003205       -0.009236
          0.012013        0.002720       -0.004967
          0.018436        0.009345       -0.001873
          0.023612        0.014453        0.000329
          0.027484        0.016056        0.002362
          0.030214        0.012851        0.004662
          0.031799        0.004677        0.007341
          0.031861       -0.007092        0.010597
          0.029848       -0.019614        0.014524
          0.025480       -0.029555        0.018559
          0.019034       -0.034483        0.021620
          0.011223       -0.033485        0.022797
          0.002940       -0.026994        0.021590
         -0.004756       -0.016821        0.017762
         -0.010706       -0.006003        0.011529
         -0.014203        0.002641        0.003926
         -0.015423        0.008189       -0.003511
         -0.014987        0.011506       -0.009605
         -0.013236        0.013945       -0.013898
         -0.010261        0.016797       -0.016439
         -0.006351        0.021132       -0.017813
         -0.002013        0.026885       -0.019283
          0.002249        0.032213       -0.022182
          0.005753        0.034673       -0.026940
          0.007465        0.033146       -0.032880
          0.006516        0.028391       -0.038627
          0.003012        0.022227       -0.042301
         -0.001952        0.016857       -0.041885
         -0.007102        0.014421       -0.036260
         -0.011533        0.015917       -0.026052
         -0.014533        0.020090       -0.013331
         -0.015501        0.024003       -0.000672
         -0.014399        0.024983        0.009595
         -0.011900        0.021819        0.016086
         -0.008777        0.014529        0.018941
         -0.005484        0.004086        0.019614
         -0.002613       -0.007498        0.019799
         -0.001139       -0.017913        0.020474
         -0.001603       -0.025934        0.021731
         -0.003362       -0.031647        0.023104
         -0.005139       -0.035477        0.023932
         -0.006039       -0.037699        0.023752
         -0.005629       -0.038599        0.022711
         -0.003564       -0.038211        0.021498
         -0.000016       -0.035993        0.020691
          0.003818       -0.031368        0.020353
          0.006575       -0.024487        0.020225
          0.007900       -0.016291        0.019989
          0.008004       -0.008260        0.019362
          0.006551       -0.002218        0.018380
          0.002942        0.000346        0.017546
         -0.002668       -0.000842        0.017424
         -0.009468       -0.004793        0.018264
         -0.016586       -0.009871        0.020141
         -0.022794       -0.014089        0.023051
         -0.026224       -0.015479        0.026726
         -0.025398       -0.013152        0.030653
         -0.020515       -0.007882        0.034275
         -0.013277       -0.001149        0.036940
         -0.005701        0.005919        0.037869
          0.000710        0.012327        0.036495
          0.005221        0.017030        0.032753
          0.008067        0.019784        0.026992
          0.010380        0.021374        0.019766
          0.013410        0.022312        0.011648
          0.017388        0.022122        0.003085
          0.021127        0.020298       -0.005592
          0.022921        0.016886       -0.014067
          0.021811        0.011686       -0.022020
          0.017913        0.004139       -0.029006
          0.012013       -0.005391       -0.034301
          0.005431       -0.015245       -0.037262
         -0.000172       -0.023751       -0.037904
         -0.003676       -0.029959       -0.036789
         -0.005227       -0.033047       -0.034554
         -0.005682       -0.032222       -0.031877
         -0.005550       -0.027571       -0.029494
         -0.004840       -0.020168       -0.027680
         -0.003555       -0.011094       -0.025881
         -0.001768       -0.001057       -0.023226
          0.000633        0.008952       -0.019239
          0.003650        0.017466       -0.013955
          0.006570        0.023350       -0.007735
          0.008209        0.026384       -0.001345
          0.007909        0.026879        0.003924
          0.005897        0.025280        0.006679
          0.002688        0.022356        0.006162
         -0.001157        0.019250        0.002450
         -0.004677        0.016914       -0.003979
         -0.006771        0.015659       -0.012416
         -0.007099        0.015463       -0.021569
         -0.006217        0.016430       -0.029739
         -0.004845        0.018640       -0.035727
         -0.003488        0.021704       -0.039134
         -0.002614        0.024895       -0.039733
         -0.002546        0.027642       -0.037370
         -0.003125        0.029549       -0.032538
         -0.003802        0.030052       -0.026183
         -0.004147        0.028538       -0.018798
         -0.004143        0.024843       -0.010341
         -0.003993        0.019271       -0.000924
         -0.003743        0.012193        0.009067
         -0.003258        0.004090        0.019363
         -0.002510       -0.004052        0.029785
         -0.001608       -0.011025        0.039812
         -0.000583       -0.016226        0.048482
          0.000492       -0.019862        0.054806
          0.001204       -0.022442        0.058148
          0.000977       -0.024556        0.058050
         -0.000432       -0.026987        0.054101
         -0.002827       -0.030301        0.046535
         -0.005816       -0.034335        0.036625
         -0.008866       -0.038526        0.025985
         -0.011193       -0.042523        0.015836
         -0.011992       -0.045966        0.007306
         -0.010963       -0.048050        0.001569
         -0.008469       -0.047854       -0.000846
         -0.005246       -0.044673       -0.000309
         -0.002162       -0.037718        0.002549
         -0.000080       -0.026281        0.007058
          0.000557       -0.010691        0.012114
          0.000067        0.007367        0.016349
         -0.000659        0.025523        0.018847
         -0.000621        0.041089        0.019317
          0.000857        0.051210        0.017824
          0.003700        0.053914        0.014726
          0.006972        0.049340        0.010614
          0.009429        0.039679        0.005942
          0.010206        0.028100        0.000840
          0.008996        0.017784       -0.004688
          0.006076        0.011135       -0.010542
          0.002361        0.008923       -0.016334
         -0.001059        0.009941       -0.021317
         -0.003617        0.011779       -0.024767
         -0.005220        0.012251       -0.026491
         -0.005700        0.010227       -0.026807
         -0.004764        0.005439       -0.026278
         -0.002297       -0.001823       -0.025657
          0.001685       -0.010614       -0.025641
          0.007127       -0.019621       -0.026257
          0.013571       -0.027869       -0.026730
          0.019928       -0.034736       -0.026084
          0.024913       -0.039372       -0.023597
          0.027621       -0.040807       -0.018832
          0.027748       -0.038753       -0.011848
          0.025532       -0.033859       -0.003583
          0.021589       -0.027223        0.004418
          0.016627       -0.020100        0.010812
          0.011149       -0.013959        0.014861
          0.005283       -0.010191        0.016403
         -0.001119       -0.009452        0.015988
         -0.008030       -0.011426        0.014948
         -0.014793       -0.015147        0.014778
         -0.020257       -0.019247        0.016317
         -0.023305       -0.022060        0.019515
         -0.023177       -0.022155        0.023599
         -0.019644       -0.019132        0.027268
         -0.013292       -0.013762        0.029089
         -0.005511       -0.007419        0.028057
          0.002139       -0.001533        0.024022
          0.008611        0.002776        0.017767
          0.013461        0.005101        0.010593
          0.016581        0.005813        0.003661
          0.018095        0.005698       -0.002299
          0.018254        0.005692       -0.007026
          0.017080        0.006781       -0.010894
          0.014246        0.009655       -0.014745
          0.009519        0.014398       -0.019074
          0.003236        0.020574       -0.023601
         -0.003746        0.027278       -0.027788
         -0.010365        0.033113       -0.031307
         -0.015543        0.036777       -0.033873
         -0.018404        0.037916       -0.035277
         -0.018663        0.037204       -0.035690
         -0.016818        0.035745       -0.035362
         -0.013904        0.034598       -0.033972
         -0.011065        0.034362       -0.030799
         -0.009207        0.034654       -0.025525
         -0.008735        0.034178       -0.018540
         -0.009342        0.031659       -0.010721
         -0.010016        0.026666       -0.003246
         -0.009558        0.019614        0.002728
         -0.007367        0.011427        0.006692
         -0.003850        0.003274        0.009109
         -0.000218       -0.003829        0.011073
          0.002041       -0.009400        0.013571
          0.001809       -0.013338        0.016750
         -0.000985       -0.015504        0.019725
         -0.005133       -0.015612        0.021130
         -0.008759       -0.013470        0.019813
         -0.010290       -0.009207        0.015212
         -0.009080       -0.003397        0.007706
         -0.005547        0.002961       -0.001169
         -0.000910        0.008757       -0.009296
          0.003447        0.013148       -0.015064
          0.006635        0.015766       -0.017872
          0.008517        0.016752       -0.017850
          0.009485        0.016586       -0.015683
          0.010039        0.015665       -0.012781
          0.010387        0.014023       -0.010962
          0.010350        0.011463       -0.011442
          0.009660        0.007839       -0.014283
          0.008289        0.003284       -0.018873
          0.006555       -0.001672       -0.024298
          0.005071       -0.006170       -0.028977
          0.004504       -0.009362       -0.030883
          0.005082       -0.010849       -0.028884
          0.006318       -0.010966       -0.023426
          0.007319       -0.010648       -0.015725
          0.007314       -0.010859       -0.007082
          0.005993       -0.012047        0.000875
          0.003725       -0.014055        0.006411
          0.001505       -0.016274        0.008868
          0.000392       -0.017783        0.009161
          0.000851       -0.017707        0.008697
          0.002595       -0.015842        0.008227
          0.004788       -0.012805        0.007972
          0.006295       -0.009410        0.008021
          0.006170       -0.006188        0.007855
          0.004268       -0.003494        0.006112
          0.001260       -0.001438        0.001851
         -0.001938        0.000524       -0.004294
         -0.004533        0.003419       -0.010860
         -0.005926        0.008000       -0.016800
         -0.005975        0.014412       -0.021282
         -0.005102        0.022389       -0.023232
         -0.003733        0.031281       -0.022158
         -0.001743        0.039828       -0.018838
          0.001320        0.046359       -0.014369
          0.005691        0.049530       -0.009159
          0.011137        0.048959       -0.003491
          0.016871        0.045100        0.001752
          0.021484        0.038712        0.005731
          0.023231        0.030744        0.008369
          0.020858        0.022416        0.009922
          0.014437        0.014742        0.010494
          0.005447        0.008011        0.010402
         -0.004023        0.002237        0.010355
         -0.012132       -0.002175        0.010861
         -0.017656       -0.004842        0.011830
         -0.020239       -0.006140        0.012940
         -0.020654       -0.006884        0.014165
         -0.020317       -0.007545        0.015878
         -0.020126       -0.008332        0.018535
         -0.020067       -0.009643        0.022299
         -0.019916       -0.011724        0.026917
         -0.019593       -0.014191        0.031723
         -0.018747       -0.016593        0.035577
         -0.016776       -0.019238        0.037122
         -0.013496       -0.022854        0.035585
         -0.009224       -0.027642        0.031438
         -0.004261       -0.033196        0.026179
          0.001079       -0.038999        0.021497
          0.005962       -0.044419        0.018635
          0.009215       -0.048529        0.018122
          0.010190       -0.050634        0.019533
          0.009145       -0.051029        0.021463
          0.006819       -0.050828        0.022180
          0.003970       -0.050989        0.020634
          0.001309       -0.051727        0.016911
         -0.000608       -0.052690        0.011924
         -0.001721       -0.053120        0.006908
         -0.002551       -0.051725        0.003106
         -0.003682       -0.047103        0.001465
         -0.005142       -0.038788        0.002216
         -0.006427       -0.027717        0.004696
         -0.007036       -0.015663        0.007871
         -0.006627       -0.004586        0.011121
         -0.004742        0.003628        0.014376
         -0.000987        0.007638        0.017710
          0.004335        0.007359        0.021263
          0.010211        0.004113        0.025365
          0.015612       -0.000134        0.030080
          0.019788       -0.003730        0.034619
          0.022016       -0.005803        0.037658
          0.021784       -0.006342        0.038262
          0.019464       -0.006097        0.036157
          0.016239       -0.006170        0.031400
          0.013131       -0.007342        0.024409
          0.010503       -0.009642        0.016241
          0.008516       -0.012412        0.008231
          0.007323       -0.014742        0.001249
          0.006611       -0.016007       -0.004410
          0.005646       -0.016089       -0.008698
          0.004017       -0.015037       -0.011894
          0.001756       -0.012669       -0.014866
         -0.001203       -0.008734       -0.018752
         -0.004955       -0.003188       -0.024364
         -0.009091        0.003927       -0.031991
         -0.012857        0.012476       -0.041416
         -0.015747        0.021664       -0.051812
         -0.017552        0.029912       -0.061912
         -0.018143        0.035861       -0.070476
         -0.017624        0.039282       -0.076493
         -0.016424        0.040736       -0.079218
         -0.014952        0.040942       -0.078358
         -0.013332        0.040938       -0.074025
         -0.011531        0.042002       -0.066334
         -0.009532        0.044530       -0.055422
         -0.007332        0.047359       -0.041856
         -0.004955        0.048775       -0.026615
         -0.002541        0.047715       -0.010719
         -0.000295        0.043698        0.004784
          0.001750        0.036445        0.018652
          0.003814        0.026349        0.029679
          0.006063        0.014858        0.037151
          0.008309        0.003686        0.040982
          0.010144       -0.006151        0.041460
          0.011205       -0.014076        0.039049
          0.011131       -0.019174        0.034543
          0.009547       -0.020505        0.029143
          0.006442       -0.018111        0.023917
          0.002342       -0.013049        0.019173
         -0.002164       -0.006597        0.014734
         -0.006711       -0.000164        0.010654
         -0.010757        0.004341        0.007115
         -0.013411        0.005320        0.003972
         -0.014116        0.002917        0.001180
         -0.013192       -0.001109       -0.000713
         -0.011462       -0.004819       -0.001356
         -0.009766       -0.006794       -0.001555
         -0.008986       -0.006084       -0.002614
         -0.009843       -0.002738       -0.005060
         -0.012088        0.001709       -0.008647
         -0.014251        0.005070       -0.013009
         -0.014626        0.005762       -0.017443
         -0.012297        0.003113       -0.020545
         -0.007111       -0.002754       -0.021078
          0.000616       -0.010815       -0.019079
          0.009800       -0.019363       -0.015436
          0.018551       -0.026688       -0.010604
          0.025134       -0.031483       -0.004503
          0.028736       -0.033026        0.002548
          0.029107       -0.031523        0.009739
          0.026160       -0.028050        0.016554
          0.020354       -0.023841        0.022723
          0.012988       -0.019834        0.027364
          0.005644       -0.016728        0.029214
         -0.000516       -0.014800        0.027906
         -0.004791       -0.013536        0.024184
         -0.006773       -0.011869        0.018799
         -0.006650       -0.008818        0.012159
         -0.005480       -0.003674        0.005111
         -0.004567        0.004149       -0.000987
         -0.004493        0.014873       -0.005302
         -0.005043        0.027841       -0.007955
         -0.005804        0.041428       -0.009287
         -0.006289        0.053513       -0.009539
         -0.005721        0.062046       -0.009502
         -0.003387        0.065431       -0.010582
          0.000770        0.062785       -0.013641
          0.006173        0.054301       -0.018203
          0.011998        0.041561       -0.023072
          0.017127        0.027113       -0.027152
          0.020065        0.013398       -0.029359
          0.019567        0.002189       -0.028579
          0.015528       -0.005174       -0.024469
          0.009116       -0.007987       -0.017934
          0.002153       -0.006912       -0.010304
         -0.003566       -0.003719       -0.002449
         -0.006814        0.000027        0.004982
         -0.007339        0.003515        0.011057
         -0.005809        0.006145        0.014945
         -0.003200        0.007479        0.016495
         -0.000192        0.007913        0.016034
          0.002983        0.008470        0.013958
          0.006303        0.009554        0.010929
          0.009493        0.010647        0.008056
          0.011768        0.011355        0.006340
          0.012117        0.011772        0.006072
          0.009911        0.011675        0.006986
          0.005313        0.010371        0.008710
         -0.000624        0.007531        0.010752
         -0.006173        0.003361        0.012350
         -0.009583       -0.002039        0.012784
         -0.009929       -0.008742        0.011814
         -0.007567       -0.016376        0.009677
         -0.003934       -0.023939        0.007034
         -0.000916       -0.030305        0.005122
         -0.000075       -0.034698        0.005393
         -0.002045       -0.036771        0.008535
         -0.006343       -0.036494        0.014051
         -0.011605       -0.034239        0.020637
         -0.016145       -0.031045        0.026481
         -0.018732       -0.028395        0.029625
         -0.019124       -0.027345        0.028927
         -0.017883       -0.027912        0.024670
         -0.015827       -0.029371        0.017889
         -0.013696       -0.030722        0.009486
         -0.011960       -0.030626        0.000175
         -0.010656       -0.027505       -0.009413
         -0.009535       -0.020490       -0.018959
         -0.008489       -0.010208       -0.028341
         -0.007769        0.001780       -0.036996
         -0.007795        0.014072       -0.043735
         -0.008773        0.025478       -0.047354
         -0.010432        0.034620       -0.047213
         -0.012033        0.040534       -0.043283
         -0.012608        0.043523       -0.036012
         -0.011216        0.044608       -0.026337
         -0.007214        0.044387       -0.015652
         -0.000660        0.043127       -0.005472
          0.007503        0.041380        0.003022
          0.015825        0.039484        0.009175
          0.022974        0.036765        0.012696
          0.027989        0.032189        0.013527
          0.030242        0.025635        0.012006
          0.029659        0.017929        0.008901
          0.026922        0.010002        0.004919
          0.022956        0.002762        0.000259
          0.018259       -0.002580       -0.005092
          0.013055       -0.005012       -0.010844
          0.007756       -0.004538       -0.016485
          0.002710       -0.001904       -0.021595
         -0.002116        0.002321       -0.025644
         -0.006619        0.007941       -0.027798
         -0.010148        0.014681       -0.027520
         -0.012098        0.022046       -0.025261
         -0.012501        0.029429       -0.022113
         -0.011654        0.036003       -0.018913
         -0.009741        0.040533       -0.015966
         -0.007200        0.041546       -0.013247
         -0.004830        0.037788       -0.010312
         -0.003122        0.028789       -0.006233
         -0.001922        0.015216       -0.000191
         -0.000972       -0.001378        0.007794
         -0.000285       -0.019123        0.016819
          0.000161       -0.036052        0.025582
          0.000598       -0.050174        0.032830
          0.001086       -0.060121        0.037635
          0.001321       -0.065701        0.039522
          0.001060       -0.067274        0.038540
          0.000461       -0.064942        0.035318
         -0.000183       -0.059020        0.030686
         -0.000686       -0.050768        0.024945
         -0.000712       -0.041702        0.017780
          0.000254       -0.032647        0.009060
          0.002303       -0.024178       -0.000784
          0.004823       -0.017242       -0.011144
          0.007036       -0.012505       -0.021255
          0.008466       -0.009599       -0.029842
          0.008847       -0.007699       -0.035520
          0.008142       -0.006373       -0.037721
          0.006818       -0.005294       -0.036826
          0.005687       -0.003708       -0.033444
          0.005297       -0.001074       -0.028003
          0.005650        0.001937       -0.020989
          0.006417        0.003833       -0.013094
          0.007186        0.003579       -0.004945
          0.007492        0.000895        0.003052
          0.006895       -0.004285        0.010388
          0.005167       -0.011597        0.016228
          0.002412       -0.019503        0.019874
         -0.001081       -0.025709        0.021378
         -0.004982       -0.028595        0.021351
         -0.008796       -0.027734        0.020263
         -0.011691       -0.023228        0.018331
         -0.012739       -0.015573        0.016010
         -0.011474       -0.006298        0.013952
         -0.008129        0.002359        0.012397
         -0.003413        0.008963        0.011156
          0.001714        0.013565        0.010232
          0.006126        0.016910        0.009798
          0.008930        0.019854        0.009434
          0.010050        0.023421        0.008064
          0.010107        0.028218        0.004962
          0.009629        0.033371        0.000392
          0.008747        0.036654       -0.004886
          0.007583        0.035926       -0.010117
          0.006279        0.030337       -0.014243
          0.004648        0.020589       -0.015859
          0.002383        0.008694       -0.014216
         -0.000313       -0.002518       -0.009931
         -0.002778       -0.010280       -0.004166
         -0.004468       -0.013075        0.002361
         -0.005011       -0.011347        0.009064
         -0.003905       -0.007012        0.015062
         -0.000849       -0.002226        0.019978
          0.003543        0.001446        0.024522
          0.007839        0.003213        0.029467
          0.010673        0.003123        0.034587
          0.011327        0.001943        0.039061
          0.009702        0.000528        0.042179
          0.006380       -0.000828        0.043170
          0.002699       -0.002397        0.041232
          0.000120       -0.004469        0.036359
         -0.000816       -0.006922        0.029676
         -0.000735       -0.009303        0.022602
         -0.000705       -0.011187        0.015937
         -0.001505       -0.012319        0.009698
         -0.003430       -0.012677        0.003382
         -0.006276       -0.012727       -0.003630
         -0.009311       -0.013374       -0.011619
         -0.011642       -0.015240       -0.020217
         -0.012939       -0.018078       -0.028333
         -0.013657       -0.020958       -0.034319
         -0.014452       -0.022694       -0.036678
         -0.015570       -0.022057       -0.034959
         -0.016768       -0.018209       -0.029807
         -0.017539       -0.011351       -0.022172
         -0.017414       -0.002824       -0.012974
         -0.016329        0.005476       -0.003478
         -0.014717        0.011673        0.004870
         -0.013214        0.014319        0.011126
         -0.012246        0.012989        0.014848
         -0.011694        0.008615        0.015644
         -0.010764        0.002969        0.013537
         -0.008429       -0.002091        0.009634
         -0.004380       -0.004936        0.005639
          0.000588       -0.004547        0.002678
          0.005184       -0.001121        0.000885
          0.008284        0.004049       -0.000251
          0.009080        0.009512       -0.001601
          0.007428        0.014164       -0.004198
          0.004417        0.017053       -0.008725
          0.001992        0.017584       -0.014912
          0.001556        0.016155       -0.021498
          0.003238        0.013965       -0.026930
          0.006408        0.012015       -0.030118
          0.010118        0.010838       -0.030585
          0.012991        0.011023       -0.028287
          0.013736        0.012970       -0.023673
          0.012284        0.015989       -0.017734
          0.009818        0.018577       -0.011565
          0.007496        0.019656       -0.005847
          0.005721        0.018760       -0.000894
          0.004560        0.015416        0.002935
          0.003993        0.009501        0.005265
          0.003620        0.002067        0.006154
          0.002871       -0.005164        0.006199
          0.001747       -0.011094        0.006166
          0.000931       -0.015416        0.006779
          0.001038       -0.017833        0.008763
          0.002054       -0.018002        0.012519
          0.003590       -0.016196        0.017533
          0.005338       -0.013237        0.022283
          0.007008       -0.009719        0.024848
          0.008121       -0.005998        0.023724
          0.008343       -0.002996        0.018373
          0.007895       -0.002078        0.009418
          0.007181       -0.003746       -0.001425
          0.006128       -0.007118       -0.011740
          0.004349       -0.010849       -0.019234
          0.001807       -0.013741       -0.022705
         -0.001137       -0.014467       -0.022382
         -0.004135       -0.011955       -0.019362
         -0.006784       -0.006533       -0.014857
         -0.008317        0.000052       -0.009872
         -0.007953        0.005977       -0.005032
         -0.005653        0.010123       -0.000272
         -0.002260        0.011770        0.005076
          0.001105        0.010568        0.011463
          0.003530        0.007006        0.018466
          0.004368        0.002148        0.025070
          0.003385       -0.003330        0.030293
          0.001158       -0.009414        0.033336
         -0.001005       -0.016138        0.033622
         -0.001990       -0.023250        0.031170
         -0.001652       -0.030275        0.026771
         -0.000520       -0.036334        0.021497
          0.000818       -0.039961        0.016046
          0.001614       -0.039546        0.010576
          0.000883       -0.033985        0.005007
         -0.001787       -0.023072       -0.000724
         -0.005692       -0.007767       -0.006716
         -0.009778        0.009746       -0.013015
         -0.013410        0.026629       -0.019123
         -0.016033        0.040311       -0.023878
         -0.016932        0.049069       -0.026293
         -0.016020        0.052298       -0.026312
         -0.014191        0.050662       -0.024525
         -0.012383        0.045830       -0.021742
         -0.010904        0.039635       -0.019186
         -0.009937        0.033311       -0.018296
         -0.009709        0.027432       -0.019706
         -0.009705        0.022246       -0.022773
         -0.008643        0.017728       -0.026344
         -0.005752        0.013502       -0.029438
         -0.001378        0.009268       -0.031048
          0.003748        0.005341       -0.030133
          0.008900        0.002314       -0.026290
          0.012998        0.000283       -0.020000
          0.015006       -0.001138       -0.012058
          0.014998       -0.002230       -0.003286
          0.014075       -0.003196        0.005156
          0.013061       -0.004523        0.011866
          0.011883       -0.006522        0.015835
          0.010204       -0.008638        0.016755
          0.007818       -0.009907        0.014861
          0.004275       -0.009927        0.010767
         -0.000920       -0.008807        0.005382
         -0.007217       -0.006551       -0.000287
         -0.012915       -0.003215       -0.005347
         -0.016617        0.000666       -0.009152
         -0.018026        0.004477       -0.011287
         -0.017141        0.008098       -0.011421
         -0.013870        0.011602       -0.009316
         -0.008867        0.014666       -0.005150
         -0.003517        0.016712        0.000278
          0.001381        0.017400        0.005798
          0.005874        0.016683        0.010224
          0.009682        0.014514        0.012543
          0.011921        0.010830        0.012077
          0.012172        0.005828        0.008697
          0.010863        0.000160        0.002824
          0.008462       -0.005249       -0.004766
          0.005191       -0.009479       -0.013099
          0.001702       -0.011578       -0.021099
         -0.000885       -0.010475       -0.027650
         -0.002025       -0.005547       -0.031701
         -0.002255        0.002609       -0.032617
         -0.002349        0.012397       -0.030535
         -0.002609        0.022112       -0.026200
         -0.003258        0.030107       -0.020488
         -0.004752        0.034643       -0.014278
         -0.007086        0.034705       -0.008431
         -0.009347        0.030906       -0.003405
         -0.010488        0.024892        0.000973
         -0.010133        0.018248        0.005089
         -0.008246        0.012353        0.009073
         -0.004631        0.008325        0.012983
          0.000592        0.006264        0.017079
          0.006444        0.005044        0.021567
          0.011626        0.003287        0.026392
          0.015321        0.000236        0.031522
          0.017084       -0.004199        0.037043
          0.016486       -0.009592        0.042763
          0.013584       -0.015048        0.048064
          0.009476       -0.019493        0.052151
          0.005779       -0.022206        0.054240
          0.003645       -0.023115        0.053716
          0.003456       -0.022643        0.050408
          0.004992       -0.021368        0.044714
          0.007348       -0.019776        0.037534
          0.008996       -0.018133        0.030067
          0.008530       -0.016480        0.023269
          0.005583       -0.014751        0.017260
          0.001019       -0.012866        0.011386
         -0.003710       -0.010791        0.004806
         -0.007424       -0.008599       -0.003080
         -0.009639       -0.006391       -0.012366
         -0.010513       -0.004067       -0.022298
         -0.010744       -0.001369       -0.031322
         -0.011339        0.001722       -0.037901
         -0.012835        0.004766       -0.041347
         -0.014667        0.007056       -0.041961
         -0.015633        0.007790       -0.040688
         -0.014870        0.006152       -0.038779
         -0.012099        0.001708       -0.037378
         -0.007437       -0.005143       -0.036964
         -0.001553       -0.013321       -0.037054
          0.004298       -0.021668       -0.036536
          0.008977       -0.029228       -0.034262
          0.012077       -0.035276       -0.029370
          0.013653       -0.039526       -0.021428
          0.013688       -0.042177       -0.010666
          0.012156       -0.043468        0.001877
          0.009355       -0.043388        0.014566
          0.005804       -0.041881        0.025564
          0.001993       -0.039001        0.033326
         -0.001537       -0.034781        0.037110
         -0.004117       -0.029258        0.037149
         -0.005324       -0.022695        0.034474
         -0.005347       -0.015536        0.030635
         -0.004733       -0.008153        0.027121
         -0.003928       -0.000894        0.024518
         -0.003254        0.005696        0.022370
         -0.003033        0.011015        0.019987
         -0.003384        0.014720        0.017001
         -0.004002        0.016651        0.013290
         -0.004349        0.016707        0.009088
         -0.003868        0.015162        0.005243
         -0.001929        0.012817        0.002714
          0.002015        0.010572        0.001710
          0.007925        0.009097        0.001724
          0.014949        0.008935        0.002216
          0.021767        0.010379        0.002710
          0.027069        0.013115        0.002561
          0.029873        0.016359        0.001325
          0.029801        0.019381       -0.000758
          0.027235        0.021667       -0.003166
          0.023017        0.022804       -0.005692
          0.017858        0.022672       -0.008267
          0.012105        0.021648       -0.010741
          0.006005        0.020380       -0.013298
         -0.000085        0.019485       -0.016580
         -0.005664        0.019541       -0.021040
         -0.010060        0.021032       -0.026501
         -0.012649        0.024011       -0.032385
         -0.013387        0.027909       -0.037861
         -0.013006        0.031634       -0.041733
         -0.012543        0.033740       -0.042782
         -0.012814        0.032679       -0.040516
         -0.014161        0.027342       -0.035306
         -0.016244        0.017589       -0.027855
         -0.017994        0.004357       -0.018973
         -0.018192       -0.010635       -0.009791
         -0.016232       -0.025393       -0.001458
         -0.012249       -0.038197        0.005580
         -0.006796       -0.047962        0.011554
         -0.000775       -0.054280        0.016660
          0.004614       -0.057226        0.020947
          0.008394       -0.057088        0.024741
          0.010282       -0.054156        0.028507
          0.010459       -0.048756        0.032289
          0.009138       -0.041418        0.035807
          0.006632       -0.032825        0.039100
          0.003562       -0.023655        0.042493
          0.000538       -0.014633        0.045868
         -0.002231       -0.006518        0.048523
         -0.004668        0.000163        0.049884
         -0.006393        0.005114        0.049727
         -0.007016        0.007952        0.047496
         -0.006752        0.008331        0.042243
         -0.006236        0.006431        0.033642
         -0.005836        0.003015        0.022386
         -0.005638       -0.000782        0.009423
         -0.005894       -0.003492       -0.004270
         -0.006813       -0.003665       -0.016978
         -0.008008       -0.000715       -0.026465
         -0.008892        0.004727       -0.031364
         -0.009499        0.011306       -0.031737
         -0.010139        0.017510       -0.028321
         -0.010446        0.022006       -0.022091
         -0.009642        0.024205       -0.014559
         -0.007511        0.024682       -0.007486
         -0.004252        0.024620       -0.001858
          0.000231        0.024886        0.002509
          0.005851        0.025863        0.006162
          0.011536        0.027687        0.009316
          0.015867        0.030033        0.012111
          0.018132        0.032143        0.014815
          0.018084        0.033662        0.017178
          0.015426        0.035047        0.018041
          0.010440        0.036786        0.016157
          0.004577        0.038760        0.011087
         -0.000377        0.040608        0.003143
         -0.003345        0.041949       -0.006930
         -0.003918        0.041931       -0.017857
         -0.002024        0.039425       -0.027972
          0.001726        0.034107       -0.036093
          0.005892        0.026822       -0.042195
          0.009059        0.018698       -0.046970
          0.010683        0.010534       -0.050867
          0.010953        0.003023       -0.053780
          0.010329       -0.003331       -0.055345
          0.009561       -0.008837       -0.055083
          0.009569       -0.014431       -0.052457
          0.010760       -0.020468       -0.047290
          0.012573       -0.026108       -0.040211
          0.013842       -0.030096       -0.032429
          0.013386       -0.031611       -0.024970
          0.010349       -0.030257       -0.018258
          0.004510       -0.026088       -0.012432
         -0.003456       -0.020247       -0.007716
         -0.012133       -0.014984       -0.004164
         -0.019896       -0.012393       -0.001427
         -0.025454       -0.013363        0.000832
         -0.028202       -0.017909        0.002719
         -0.028263       -0.025704        0.004546
         -0.026185       -0.035687        0.006810
         -0.022627       -0.045827        0.009450
         -0.018283       -0.054138        0.011710
         -0.013845       -0.059644        0.012792
         -0.009849       -0.061958        0.012155
         -0.006685       -0.060681        0.009488
         -0.004735       -0.055889        0.005034
         -0.004174       -0.048501       -0.000193
         -0.004551       -0.039469       -0.004781
         -0.004842       -0.029188       -0.007364
         -0.004082       -0.018114       -0.006845
         -0.001855       -0.007276       -0.002684
          0.001691        0.002277        0.004842
          0.005865        0.010026        0.014676
          0.009429        0.015770        0.025188
          0.011131        0.019429        0.034536
          0.010559        0.021290        0.041212
          0.008303        0.022038        0.044449
          0.005325        0.022340        0.044280
          0.002485        0.022604        0.041388
          0.000560        0.023110        0.036724
          0.000084        0.024121        0.031022
          0.000914        0.025833        0.024668
          0.002288        0.028184        0.017901
          0.003545        0.030575        0.010880
          0.004515        0.031899        0.003689
          0.005134        0.031049       -0.003437
          0.005251        0.027455       -0.010119
          0.005037        0.021273       -0.016252
          0.004973        0.013504       -0.022107
          0.005182        0.006077       -0.027883
          0.005240        0.001276       -0.033483
          0.004792        0.000523       -0.038683
          0.003838        0.003654       -0.043094
          0.002425        0.009288       -0.046004
          0.000572        0.015458       -0.046668
         -0.001437        0.019950       -0.044721
         -0.003059        0.020869       -0.040156
         -0.003954        0.017533       -0.033148
         -0.004293        0.010705       -0.024124
