INSTITUTO GEOFISICO DEL PERU
CENTRO NACIONAL DE MONITOREO SISMICO
Calle Calatrava 216 - La Molina 15023
http://www.igp.gob.pe

1. ESTACION SISMICA
NOMBRE  : Isla San Lorenzo, Callao
CODIGO  : SLN1
LATITUD : -12.076
LONGITUD: -77.235

2. SISMO
FECHA LOCAL     : 2024/11/08
HORA LOCAL      : 20:17:18
LATITUD         : -11.700
LONGITUD        : -77.630
PROFUNDIDAD     : 49.0 km
MAGNITUD        : M4.5
DIST. EPICENTRAL: 59.9 km

3. REGISTRO DE ACELERACION
TIEMPO DE INICIO           : 2024/11/09 01:17:23 UTC
NUMERO DE MUESTRAS         : 7921
MUESTREO                   : 100.0 muestras/segundo
REGISTROS                  : Formato corregido por instrumento
CORRECCION POR LINEA BASE  : Si
UNIDADES                   : cm/s2
REGISTROS POR COMPONENTE   : Z: Vertical  N: Norte-Sur  E: Este-Oeste
PGA                        :    1.6166         2.4523        3.1401

              Z              N              E
         -0.000085        0.000031       -0.000085
         -0.000045       -0.000186       -0.000369
          0.000003        0.000094       -0.000833
          0.000247        0.000398       -0.001081
          0.000463        0.000385       -0.000883
          0.000298        0.000168       -0.000430
         -0.000152       -0.000002       -0.000096
         -0.000431       -0.000035       -0.000018
         -0.000301       -0.000033       -0.000069
          0.000053       -0.000073       -0.000123
          0.000281       -0.000055       -0.000163
          0.000170        0.000045       -0.000187
         -0.000144        0.000005       -0.000166
         -0.000294       -0.000275       -0.000111
         -0.000153       -0.000514       -0.000123
          0.000027       -0.000442       -0.000246
          0.000068       -0.000131       -0.000315
          0.000105        0.000209       -0.000182
          0.000265        0.000441        0.000015
          0.000414        0.000490        0.000064
          0.000368        0.000358        0.000003
          0.000199        0.000188       -0.000019
          0.000140        0.000161        0.000067
          0.000193        0.000265        0.000321
          0.000091        0.000200        0.000686
         -0.000229       -0.000269        0.000836
         -0.000414       -0.000848        0.000568
         -0.000175       -0.000976        0.000200
          0.000243       -0.000649        0.000141
          0.000373       -0.000418        0.000230
          0.000173       -0.000452        0.000019
          0.000023       -0.000355       -0.000423
          0.000136       -0.000076       -0.000540
          0.000334       -0.000062       -0.000185
          0.000426       -0.000314        0.000113
          0.000395       -0.000310       -0.000023
          0.000210        0.000008       -0.000274
         -0.000144        0.000114       -0.000200
         -0.000426       -0.000148        0.000088
         -0.000365       -0.000384        0.000168
         -0.000106       -0.000452       -0.000080
         -0.000025       -0.000585       -0.000342
         -0.000143       -0.000769       -0.000247
         -0.000169       -0.000738        0.000192
         -0.000104       -0.000491        0.000545
         -0.000239       -0.000245        0.000462
         -0.000528       -0.000088        0.000099
         -0.000546       -0.000008       -0.000149
         -0.000195        0.000067       -0.000144
          0.000069        0.000343       -0.000012
         -0.000074        0.000821        0.000122
         -0.000340        0.001021        0.000192
         -0.000352        0.000556        0.000159
         -0.000216       -0.000218        0.000045
         -0.000170       -0.000627       -0.000111
         -0.000054       -0.000506       -0.000259
          0.000281       -0.000230       -0.000284
          0.000440       -0.000165       -0.000085
          0.000068       -0.000275        0.000236
         -0.000459       -0.000204        0.000406
         -0.000591        0.000194        0.000278
         -0.000379        0.000534        0.000047
         -0.000136        0.000471        0.000046
          0.000118        0.000273        0.000272
          0.000420        0.000316        0.000359
          0.000592        0.000404        0.000171
          0.000542        0.000156        0.000055
          0.000450       -0.000263        0.000267
          0.000426       -0.000330        0.000551
          0.000339        0.000120        0.000554
          0.000099        0.000636        0.000329
         -0.000202        0.000662        0.000142
         -0.000463        0.000241        0.000065
         -0.000573       -0.000019        0.000012
         -0.000290        0.000138        0.000033
          0.000407        0.000204        0.000254
          0.000956       -0.000183        0.000513
          0.000757       -0.000558        0.000417
          0.000010       -0.000427       -0.000123
         -0.000543       -0.000125       -0.000747
         -0.000563       -0.000176       -0.001076
         -0.000288       -0.000335       -0.000939
         -0.000008       -0.000024       -0.000372
          0.000149        0.000646        0.000244
          0.000163        0.000960        0.000364
          0.000177        0.000598       -0.000043
          0.000319        0.000057       -0.000374
          0.000386       -0.000031       -0.000180
          0.000121        0.000304        0.000324
         -0.000242        0.000488        0.000623
         -0.000230        0.000196        0.000508
          0.000125       -0.000271        0.000275
          0.000337       -0.000434        0.000339
          0.000183       -0.000206        0.000647
         -0.000072        0.000106        0.000698
         -0.000117        0.000236        0.000271
          0.000056        0.000241       -0.000251
          0.000198        0.000287       -0.000474
          0.000025        0.000315       -0.000489
         -0.000439        0.000188       -0.000549
         -0.000708        0.000046       -0.000651
         -0.000300        0.000098       -0.000662
          0.000543        0.000186       -0.000575
          0.000946        0.000047       -0.000430
          0.000457       -0.000173       -0.000227
         -0.000288       -0.000235       -0.000040
         -0.000414       -0.000308        0.000017
         -0.000000       -0.000579        0.000007
          0.000229       -0.000688        0.000121
          0.000083       -0.000175        0.000337
         -0.000045        0.000670        0.000387
         -0.000050        0.000969        0.000161
         -0.000213        0.000378       -0.000113
         -0.000516       -0.000359       -0.000202
         -0.000537       -0.000361       -0.000117
         -0.000107        0.000203        0.000039
          0.000345        0.000481        0.000205
          0.000293        0.000221        0.000295
         -0.000163       -0.000090        0.000240
         -0.000432       -0.000155        0.000090
         -0.000330       -0.000114       -0.000093
         -0.000269        0.000004       -0.000320
         -0.000415        0.000347       -0.000506
         -0.000362        0.000805       -0.000394
          0.000084        0.001007        0.000106
          0.000494        0.000739        0.000546
          0.000488        0.000133        0.000290
          0.000259       -0.000495       -0.000612
          0.000106       -0.000853       -0.001250
         -0.000036       -0.000789       -0.000951
         -0.000243       -0.000401       -0.000213
         -0.000266       -0.000108        0.000004
          0.000003       -0.000293       -0.000376
          0.000194       -0.000759       -0.000582
          0.000054       -0.000946       -0.000247
         -0.000101       -0.000689        0.000111
         -0.000003       -0.000281       -0.000026
          0.000080        0.000090       -0.000368
         -0.000071        0.000347       -0.000272
         -0.000199        0.000240        0.000254
         -0.000074       -0.000243        0.000528
          0.000130       -0.000512        0.000250
          0.000173       -0.000129       -0.000030
          0.000061        0.000410        0.000175
         -0.000058        0.000340        0.000556
         -0.000089       -0.000296        0.000627
         -0.000083       -0.000792        0.000515
         -0.000129       -0.000694        0.000595
         -0.000182       -0.000165        0.000805
         -0.000159        0.000286        0.000833
         -0.000121        0.000240        0.000696
         -0.000122       -0.000189        0.000652
         -0.000088       -0.000355        0.000635
         -0.000005        0.000059        0.000302
          0.000062        0.000450       -0.000329
          0.000137        0.000212       -0.000755
          0.000187       -0.000205       -0.000660
          0.000057       -0.000051       -0.000291
         -0.000135        0.000437       -0.000056
         -0.000009        0.000485       -0.000097
          0.000417        0.000007       -0.000239
          0.000646       -0.000436       -0.000166
          0.000419       -0.000452        0.000194
         -0.000019       -0.000073        0.000436
         -0.000321        0.000346        0.000223
         -0.000334        0.000369       -0.000145
         -0.000137       -0.000003       -0.000205
          0.000025       -0.000268       -0.000028
         -0.000026       -0.000169        0.000083
         -0.000192       -0.000024        0.000056
         -0.000232       -0.000103       -0.000110
         -0.000066       -0.000223       -0.000376
          0.000116       -0.000142       -0.000414
          0.000128        0.000066       -0.000046
          0.000131        0.000189        0.000260
          0.000423        0.000199        0.000034
          0.000859        0.000228       -0.000374
          0.000944        0.000278       -0.000335
          0.000588        0.000157        0.000072
          0.000234       -0.000140        0.000221
          0.000086       -0.000291       -0.000097
         -0.000153       -0.000123       -0.000425
         -0.000585        0.000074       -0.000371
         -0.000801       -0.000003       -0.000209
         -0.000527       -0.000205       -0.000401
         -0.000057       -0.000194       -0.000746
          0.000194        0.000081       -0.000639
          0.000180        0.000387       -0.000105
          0.000097        0.000530        0.000178
          0.000087        0.000515       -0.000076
          0.000152        0.000431       -0.000371
          0.000203        0.000258       -0.000216
          0.000128       -0.000098        0.000241
         -0.000051       -0.000511        0.000527
         -0.000126       -0.000601        0.000493
          0.000030       -0.000226        0.000353
          0.000207        0.000238        0.000210
          0.000127        0.000369       -0.000107
         -0.000126        0.000200       -0.000599
         -0.000292        0.000061       -0.000811
         -0.000339        0.000115       -0.000345
         -0.000324        0.000224        0.000477
         -0.000129        0.000194        0.000872
          0.000233        0.000010        0.000604
          0.000376       -0.000177        0.000279
          0.000067       -0.000246        0.000339
         -0.000270       -0.000203        0.000383
         -0.000073       -0.000081       -0.000010
          0.000492        0.000103       -0.000450
          0.000646        0.000268       -0.000461
          0.000045        0.000295       -0.000289
         -0.000735        0.000170       -0.000285
         -0.000985        0.000010       -0.000241
         -0.000729       -0.000078        0.000049
         -0.000390       -0.000088        0.000311
         -0.000061       -0.000067        0.000350
          0.000323       -0.000003        0.000385
          0.000499        0.000160        0.000530
          0.000165        0.000323        0.000555
         -0.000442        0.000262        0.000324
         -0.000727        0.000012        0.000036
         -0.000451       -0.000032       -0.000037
          0.000026        0.000309        0.000128
          0.000225        0.000651        0.000265
          0.000073        0.000607        0.000175
         -0.000156        0.000257        0.000042
         -0.000268       -0.000209        0.000111
         -0.000327       -0.000735        0.000207
         -0.000421       -0.001044        0.000080
         -0.000413       -0.000743       -0.000084
         -0.000104       -0.000032       -0.000010
          0.000314        0.000394        0.000153
          0.000368        0.000300        0.000118
          0.000061        0.000106       -0.000062
         -0.000032        0.000081       -0.000086
          0.000298        0.000014        0.000230
          0.000546       -0.000230        0.000689
          0.000341       -0.000374        0.000808
          0.000004       -0.000204        0.000346
         -0.000010        0.000001       -0.000302
          0.000255       -0.000156       -0.000535
          0.000390       -0.000547       -0.000176
          0.000171       -0.000698        0.000465
         -0.000191       -0.000465        0.000900
         -0.000386       -0.000129        0.000767
         -0.000391        0.000033        0.000136
         -0.000282       -0.000080       -0.000498
          0.000033       -0.000333       -0.000694
          0.000431       -0.000269       -0.000465
          0.000405        0.000442       -0.000119
         -0.000136        0.001293        0.000102
         -0.000533        0.001328        0.000162
         -0.000345        0.000458        0.000133
          0.000089       -0.000305        0.000119
          0.000434       -0.000190        0.000229
          0.000701        0.000386        0.000450
          0.000704        0.000544        0.000485
          0.000250        0.000075        0.000014
         -0.000210       -0.000567       -0.000794
         -0.000129       -0.000947       -0.001337
          0.000258       -0.000898       -0.001241
          0.000454       -0.000412       -0.000690
          0.000463        0.000219       -0.000131
          0.000420        0.000419        0.000194
          0.000179       -0.000048        0.000371
         -0.000211       -0.000690        0.000475
         -0.000303       -0.000876        0.000329
          0.000073       -0.000561       -0.000023
          0.000440       -0.000157       -0.000045
          0.000277        0.000070        0.000409
         -0.000302        0.000190        0.000511
         -0.000697        0.000339       -0.000312
         -0.000570        0.000444       -0.001292
         -0.000154        0.000309       -0.001419
          0.000165       -0.000028       -0.000853
          0.000205       -0.000213       -0.000380
         -0.000039       -0.000074       -0.000236
         -0.000367        0.000072       -0.000223
         -0.000435       -0.000067       -0.000301
         -0.000219       -0.000246       -0.000457
         -0.000100       -0.000131       -0.000415
         -0.000162        0.000104        0.000062
          0.000023        0.000183        0.000708
          0.000482        0.000307        0.000937
          0.000465        0.000662        0.000562
         -0.000370        0.000854        0.000014
         -0.001104        0.000573       -0.000312
         -0.000763        0.000263       -0.000456
          0.000184        0.000428       -0.000469
          0.000549        0.000826       -0.000262
          0.000233        0.000925       -0.000042
          0.000119        0.000681       -0.000137
          0.000370        0.000402       -0.000414
          0.000219        0.000219       -0.000562
         -0.000421        0.000085       -0.000631
         -0.000643        0.000058       -0.000683
         -0.000149        0.000219       -0.000516
          0.000231        0.000327       -0.000167
          0.000026       -0.000071       -0.000008
         -0.000177       -0.000898       -0.000126
          0.000112       -0.001295       -0.000177
          0.000482       -0.000653        0.000044
          0.000344        0.000427        0.000319
         -0.000180        0.000888        0.000349
         -0.000487        0.000591        0.000169
         -0.000356        0.000171        0.000077
         -0.000146       -0.000087        0.000132
         -0.000085       -0.000361        0.000067
          0.000079       -0.000603       -0.000135
          0.000436       -0.000553       -0.000075
          0.000587       -0.000316        0.000367
          0.000337       -0.000241        0.000729
          0.000077       -0.000293        0.000629
          0.000120       -0.000105        0.000266
          0.000250        0.000284        0.000107
          0.000222        0.000325        0.000348
          0.000199       -0.000184        0.000665
          0.000371       -0.000684        0.000549
          0.000482       -0.000662        0.000041
          0.000190       -0.000405       -0.000198
         -0.000226       -0.000469        0.000160
         -0.000144       -0.000727        0.000604
          0.000336       -0.000546        0.000527
          0.000442        0.000170       -0.000018
          0.000018        0.000740       -0.000485
         -0.000247        0.000660       -0.000432
         -0.000051        0.000261        0.000023
          0.000156        0.000103        0.000290
          0.000140        0.000138        0.000139
          0.000154       -0.000119        0.000080
          0.000313       -0.000775        0.000411
          0.000451       -0.001330        0.000562
          0.000424       -0.001311        0.000170
          0.000162       -0.000853       -0.000067
         -0.000272       -0.000442        0.000475
         -0.000634       -0.000245        0.001150
         -0.000771       -0.000097        0.000894
         -0.000721       -0.000012       -0.000215
         -0.000542       -0.000141       -0.001014
         -0.000404       -0.000362       -0.000743
         -0.000520       -0.000471        0.000083
         -0.000590       -0.000526        0.000490
         -0.000059       -0.000573        0.000329
          0.000720       -0.000399        0.000225
          0.000665        0.000108        0.000459
         -0.000315        0.000712        0.000567
         -0.000994        0.001059        0.000115
         -0.000597        0.000981       -0.000581
          0.000227        0.000650       -0.000781
          0.000541        0.000433       -0.000295
          0.000265        0.000419        0.000174
         -0.000132        0.000337        0.000015
         -0.000388        0.000066       -0.000324
         -0.000510       -0.000179       -0.000054
         -0.000460       -0.000231        0.000644
         -0.000226       -0.000111        0.000918
         -0.000067        0.000134        0.000588
         -0.000217        0.000406        0.000277
         -0.000448        0.000540        0.000335
         -0.000379        0.000471        0.000422
         -0.000061        0.000271        0.000228
          0.000165        0.000087       -0.000024
          0.000126        0.000171       -0.000030
         -0.000106        0.000588        0.000048
         -0.000305        0.000926       -0.000100
         -0.000256        0.000816       -0.000338
          0.000015        0.000527       -0.000258
          0.000311        0.000470        0.000125
          0.000532        0.000523        0.000387
          0.000616        0.000390        0.000368
          0.000474        0.000150        0.000283
          0.000218        0.000012        0.000162
          0.000095       -0.000048       -0.000190
          0.000127       -0.000158       -0.000581
          0.000168       -0.000338       -0.000485
          0.000160       -0.000482        0.000083
          0.000045       -0.000479        0.000357
         -0.000205       -0.000369       -0.000133
         -0.000372       -0.000318       -0.000783
         -0.000207       -0.000370       -0.000711
          0.000162       -0.000384       -0.000032
          0.000354       -0.000245        0.000327
          0.000172       -0.000060        0.000012
         -0.000218       -0.000030       -0.000369
         -0.000455       -0.000124       -0.000343
         -0.000380       -0.000092       -0.000232
         -0.000200        0.000081       -0.000417
         -0.000073        0.000101       -0.000680
          0.000172       -0.000043       -0.000682
          0.000580        0.000035       -0.000601
          0.000800        0.000385       -0.000789
          0.000579        0.000498       -0.001110
          0.000111        0.000116       -0.001132
         -0.000232       -0.000355       -0.000822
         -0.000208       -0.000459       -0.000522
          0.000148       -0.000170       -0.000349
          0.000506        0.000324       -0.000155
          0.000553        0.000760        0.000031
          0.000319        0.000784        0.000042
          0.000083        0.000379       -0.000119
          0.000096        0.000068       -0.000322
          0.000371        0.000191       -0.000410
          0.000527        0.000345       -0.000255
          0.000160        0.000078       -0.000031
         -0.000468       -0.000327       -0.000142
         -0.000680       -0.000361       -0.000521
         -0.000401       -0.000146       -0.000544
         -0.000147       -0.000148        0.000002
         -0.000096       -0.000341        0.000550
          0.000014       -0.000358        0.000630
          0.000265       -0.000259        0.000448
          0.000447       -0.000404        0.000412
          0.000311       -0.000728        0.000610
         -0.000202       -0.000859        0.000802
         -0.000716       -0.000761        0.000707
         -0.000682       -0.000616        0.000310
         -0.000213       -0.000341       -0.000087
         -0.000014        0.000176       -0.000201
         -0.000266        0.000628       -0.000108
         -0.000375        0.000686       -0.000186
          0.000015        0.000575       -0.000643
          0.000500        0.000678       -0.001078
          0.000567        0.000832       -0.000842
          0.000267        0.000615        0.000012
          0.000061        0.000096        0.000690
          0.000142       -0.000301        0.000777
          0.000143       -0.000428        0.000652
         -0.000237       -0.000378        0.000666
         -0.000605       -0.000137        0.000687
         -0.000414        0.000256        0.000584
          0.000143        0.000518        0.000432
          0.000424        0.000476        0.000208
          0.000292        0.000288       -0.000147
          0.000147        0.000087       -0.000418
          0.000141       -0.000164       -0.000290
         -0.000025       -0.000354        0.000195
         -0.000465       -0.000269        0.000598
         -0.000743       -0.000003        0.000527
         -0.000457        0.000124        0.000077
          0.000142        0.000023       -0.000265
          0.000518       -0.000175       -0.000179
          0.000559       -0.000365        0.000167
          0.000441       -0.000440        0.000418
          0.000153       -0.000350        0.000460
         -0.000237       -0.000258        0.000448
         -0.000322       -0.000241        0.000565
          0.000041       -0.000051        0.000807
          0.000369        0.000343        0.000955
          0.000301        0.000455        0.000840
          0.000114        0.000080        0.000516
          0.000089       -0.000283        0.000103
          0.000039       -0.000308       -0.000324
         -0.000151       -0.000377       -0.000577
         -0.000184       -0.000818       -0.000427
          0.000043       -0.001281       -0.000002
          0.000122       -0.001203        0.000201
         -0.000134       -0.000484       -0.000098
         -0.000267        0.000371       -0.000550
          0.000021        0.000660       -0.000578
          0.000243        0.000269       -0.000200
         -0.000057       -0.000058       -0.000122
         -0.000461        0.000308       -0.000686
         -0.000334        0.000920       -0.001154
          0.000180        0.000908       -0.000665
          0.000500        0.000255        0.000440
          0.000487       -0.000272        0.001062
          0.000347       -0.000261        0.000839
          0.000138       -0.000095        0.000412
         -0.000075       -0.000229        0.000384
         -0.000085       -0.000511        0.000602
          0.000041       -0.000557        0.000531
         -0.000039       -0.000427        0.000096
         -0.000302       -0.000410       -0.000172
         -0.000372       -0.000416        0.000038
         -0.000230       -0.000152        0.000295
         -0.000217        0.000325        0.000186
         -0.000337        0.000695       -0.000003
         -0.000270        0.000767        0.000111
         -0.000031        0.000575        0.000309
          0.000006        0.000385        0.000172
         -0.000255        0.000506       -0.000268
         -0.000472        0.000763       -0.000632
         -0.000401        0.000543       -0.000670
         -0.000204       -0.000250       -0.000464
         -0.000097       -0.000872       -0.000283
         -0.000042       -0.000753       -0.000233
          0.000086       -0.000300       -0.000085
          0.000293       -0.000258        0.000367
          0.000472       -0.000675        0.000862
          0.000478       -0.000900        0.000943
          0.000325       -0.000530        0.000604
          0.000267        0.000048        0.000246
          0.000401        0.000243        0.000022
          0.000379        0.000075       -0.000239
         -0.000045       -0.000006       -0.000468
         -0.000547        0.000179       -0.000441
         -0.000701        0.000524       -0.000416
         -0.000520        0.000986       -0.000821
         -0.000212        0.001432       -0.001330
          0.000108        0.001456       -0.001260
          0.000334        0.000875       -0.000757
          0.000364        0.000124       -0.000537
          0.000204       -0.000250       -0.000706
         -0.000091       -0.000258       -0.000850
         -0.000401       -0.000292       -0.000766
         -0.000487       -0.000490       -0.000307
         -0.000253       -0.000640        0.000653
          0.000045       -0.000557        0.001578
          0.000145       -0.000234        0.001670
          0.000097        0.000231        0.001026
         -0.000000        0.000631        0.000394
         -0.000211        0.000696        0.000030
         -0.000495        0.000329       -0.000316
         -0.000576       -0.000230       -0.000722
         -0.000320       -0.000514       -0.001062
         -0.000013       -0.000223       -0.001217
         -0.000038        0.000341       -0.001096
         -0.000329        0.000499       -0.000749
         -0.000426        0.000118       -0.000383
         -0.000138       -0.000102       -0.000110
          0.000222        0.000298        0.000049
          0.000373        0.000791        0.000023
          0.000361        0.000708       -0.000137
          0.000191        0.000213       -0.000251
         -0.000201       -0.000128       -0.000323
         -0.000525       -0.000149       -0.000439
         -0.000411       -0.000080       -0.000408
         -0.000087       -0.000116       -0.000006
         -0.000049       -0.000250        0.000609
         -0.000236       -0.000363        0.001110
         -0.000178       -0.000425        0.001302
          0.000235       -0.000525        0.001060
          0.000591       -0.000593        0.000422
          0.000519       -0.000398       -0.000265
          0.000235        0.000006       -0.000698
          0.000246        0.000225       -0.000923
          0.000472        0.000104       -0.001017
          0.000300       -0.000043       -0.000836
         -0.000252        0.000054       -0.000334
         -0.000405        0.000267        0.000158
          0.000064        0.000359        0.000283
          0.000419        0.000283        0.000124
          0.000175        0.000135        0.000024
         -0.000287        0.000057       -0.000000
         -0.000441        0.000204       -0.000209
         -0.000229        0.000584       -0.000484
          0.000043        0.000904       -0.000337
          0.000075        0.000788        0.000323
         -0.000064        0.000239        0.001022
         -0.000009       -0.000292        0.001381
          0.000287       -0.000455        0.001386
          0.000403       -0.000432        0.001108
          0.000168       -0.000589        0.000657
         -0.000004       -0.000909        0.000261
          0.000204       -0.001037        0.000074
          0.000446       -0.000733        0.000072
          0.000195       -0.000134        0.000171
         -0.000425        0.000353        0.000247
         -0.000699        0.000458        0.000168
         -0.000341        0.000320        0.000004
          0.000066        0.000168       -0.000016
          0.000053       -0.000020        0.000177
          0.000039       -0.000207        0.000413
          0.000451       -0.000102        0.000524
          0.000819        0.000205        0.000462
          0.000582        0.000049        0.000240
          0.000087       -0.000731       -0.000094
          0.000023       -0.001261       -0.000339
          0.000380       -0.000860       -0.000160
          0.000581        0.000007        0.000440
          0.000354        0.000558        0.000781
          0.000051        0.000678        0.000289
          0.000086        0.000624       -0.000543
          0.000311        0.000463       -0.000772
          0.000307        0.000228       -0.000358
          0.000129        0.000150       -0.000035
          0.000122        0.000359       -0.000117
          0.000182        0.000533       -0.000233
          0.000034        0.000234       -0.000050
         -0.000059       -0.000378        0.000269
          0.000231       -0.000641        0.000344
          0.000588       -0.000335        0.000116
          0.000593        0.000091       -0.000085
          0.000335        0.000293       -0.000094
          0.000080        0.000283       -0.000148
         -0.000011       -0.000003       -0.000327
          0.000176       -0.000520       -0.000359
          0.000437       -0.000703       -0.000259
          0.000320       -0.000138       -0.000419
         -0.000090        0.000615       -0.000815
         -0.000143        0.000689       -0.000901
          0.000319        0.000202       -0.000543
          0.000674        0.000049       -0.000312
          0.000474        0.000452       -0.000563
          0.000008        0.000645       -0.000830
         -0.000167        0.000191       -0.000497
          0.000171       -0.000354        0.000303
          0.000690       -0.000496        0.000891
          0.000756       -0.000499        0.000982
          0.000217       -0.000646        0.000880
         -0.000189       -0.000792        0.000790
          0.000195       -0.000861        0.000577
          0.000796       -0.000892        0.000273
          0.000528       -0.000750        0.000194
         -0.000475       -0.000514        0.000398
         -0.000948       -0.000586        0.000508
         -0.000383       -0.000849        0.000271
          0.000283       -0.000665       -0.000040
          0.000146       -0.000066       -0.000004
         -0.000476        0.000226        0.000258
         -0.000703        0.000105        0.000208
         -0.000311        0.000162       -0.000209
          0.000183        0.000446       -0.000360
          0.000355        0.000387        0.000070
          0.000367       -0.000048        0.000564
          0.000423       -0.000238        0.000632
          0.000184       -0.000032        0.000475
         -0.000590       -0.000024        0.000496
         -0.001209       -0.000498        0.000691
         -0.000912       -0.000882        0.000760
         -0.000192       -0.000626        0.000529
         -0.000097       -0.000033        0.000193
         -0.000585        0.000245        0.000105
         -0.000790        0.000116        0.000238
         -0.000505        0.000003        0.000134
         -0.000280        0.000165       -0.000403
         -0.000330        0.000399       -0.000915
         -0.000353        0.000337       -0.000856
         -0.000254       -0.000056       -0.000250
         -0.000291       -0.000368        0.000394
         -0.000533       -0.000296        0.000660
         -0.000698       -0.000123        0.000599
         -0.000589       -0.000246        0.000509
         -0.000379       -0.000498        0.000436
         -0.000376       -0.000404        0.000152
         -0.000684        0.000129       -0.000310
         -0.001104        0.000704       -0.000557
         -0.001273        0.000854       -0.000416
         -0.001036        0.000505       -0.000195
         -0.000713        0.000076       -0.000209
         -0.000720       -0.000005       -0.000369
         -0.000957        0.000119       -0.000376
         -0.000987        0.000035       -0.000172
         -0.000710       -0.000206       -0.000033
         -0.000416       -0.000176       -0.000179
         -0.000334        0.000201       -0.000437
         -0.000495        0.000594       -0.000450
         -0.000771        0.000813       -0.000160
         -0.000876        0.000896        0.000093
         -0.000681        0.000829       -0.000039
         -0.000485        0.000604       -0.000513
         -0.000543        0.000352       -0.000949
         -0.000619        0.000151       -0.001123
         -0.000451        0.000005       -0.001160
         -0.000260        0.000038       -0.001142
         -0.000359        0.000299       -0.000944
         -0.000639        0.000484       -0.000641
         -0.000778        0.000331       -0.000561
         -0.000647        0.000071       -0.000679
         -0.000337        0.000030       -0.000550
         -0.000069        0.000130       -0.000077
         -0.000124        0.000212        0.000267
         -0.000555        0.000412        0.000160
         -0.000976        0.000777       -0.000130
         -0.000983        0.000932       -0.000229
         -0.000729        0.000592       -0.000148
         -0.000631        0.000107       -0.000105
         -0.000665        0.000063       -0.000157
         -0.000548        0.000492       -0.000212
         -0.000388        0.000835       -0.000237
         -0.000468        0.000688       -0.000310
         -0.000635        0.000311       -0.000544
         -0.000563        0.000273       -0.001041
         -0.000325        0.000718       -0.001738
         -0.000134        0.001151       -0.002196
          0.000038        0.001017       -0.001898
          0.000215        0.000376       -0.001007
          0.000237       -0.000145       -0.000384
          0.000077       -0.000054       -0.000482
         -0.000077        0.000428       -0.000781
         -0.000111        0.000583       -0.000708
         -0.000075        0.000088       -0.000479
         -0.000054       -0.000431       -0.000607
         -0.000062       -0.000149       -0.001048
          0.000058        0.000735       -0.001255
          0.000463        0.001209       -0.000886
          0.000868        0.000941       -0.000215
          0.000714        0.000718        0.000236
          0.000028        0.001065        0.000307
         -0.000442        0.001384        0.000195
         -0.000217        0.001036       -0.000012
          0.000321        0.000419       -0.000351
          0.000531        0.000244       -0.000687
          0.000320        0.000411       -0.000865
          0.000101        0.000339       -0.000935
          0.000214       -0.000016       -0.000900
          0.000572       -0.000181       -0.000569
          0.000820       -0.000006        0.000063
          0.000765        0.000094        0.000662
          0.000613       -0.000195        0.000939
          0.000705       -0.000565        0.000865
          0.000961       -0.000500        0.000509
          0.000909       -0.000039       -0.000024
          0.000482        0.000270       -0.000548
          0.000329        0.000157       -0.000839
          0.000856       -0.000071       -0.000764
          0.001527       -0.000073       -0.000426
          0.001772        0.000150       -0.000155
          0.002039        0.000465       -0.000124
          0.003337        0.000815       -0.000088
          0.006450        0.001103        0.000270
          0.012215        0.001197        0.000968
          0.021731        0.001137        0.001950
          0.035469        0.001067        0.003429
          0.052551        0.000850        0.005674
          0.071293       -0.000027        0.008602
          0.090003       -0.002083        0.011845
          0.106768       -0.005432        0.015147
          0.118524       -0.009708        0.018306
          0.120524       -0.014292        0.020624
          0.106651       -0.018707        0.020915
          0.070488       -0.022844        0.018091
          0.008167       -0.026554        0.011055
         -0.076495       -0.028651       -0.001686
         -0.169840       -0.026428       -0.020592
         -0.255351       -0.016967       -0.042565
         -0.319881        0.000801       -0.061431
         -0.341960        0.025946       -0.071896
         -0.282827        0.056474       -0.070779
         -0.130374        0.086225       -0.052806
          0.034166        0.099585       -0.011075
          0.079774        0.078154        0.049022
         -0.004983        0.023809        0.098737
         -0.053498       -0.029540        0.105842
          0.067181       -0.044705        0.075972
          0.244263       -0.025017        0.060428
          0.256581       -0.012792        0.100054
          0.086135       -0.039918        0.160587
         -0.068583       -0.098628        0.150070
         -0.074145       -0.160138        0.021312
          0.014657       -0.187061       -0.156499
          0.110624       -0.126321       -0.254130
          0.187956        0.044898       -0.206339
          0.196740        0.233170       -0.064281
          0.067304        0.264010        0.053862
         -0.140919        0.080197        0.040935
         -0.236017       -0.141631       -0.118388
         -0.103927       -0.163956       -0.279120
          0.149412        0.035565       -0.212100
          0.280169        0.237186        0.120168
          0.113042        0.222943        0.400738
         -0.259198       -0.014567        0.266278
         -0.476252       -0.288981       -0.189242
         -0.267466       -0.373768       -0.437889
          0.172961       -0.165934       -0.155042
          0.380876        0.199626        0.362705
          0.218830        0.401594        0.570470
          0.009936        0.218490        0.307541
          0.017068       -0.195120       -0.107395
          0.094811       -0.413938       -0.291868
          0.000857       -0.181507       -0.151445
         -0.204899        0.312566        0.111623
         -0.269225        0.631154        0.219817
         -0.106132        0.518841        0.079954
          0.121502        0.114633       -0.129131
          0.213089       -0.220687       -0.167611
          0.104940       -0.272264       -0.032088
         -0.126801       -0.168942        0.046610
         -0.336168       -0.182761       -0.083358
         -0.383209       -0.350170       -0.294275
         -0.222585       -0.414895       -0.342259
          0.046772       -0.197918       -0.140511
          0.250143        0.116105        0.180246
          0.280335        0.190015        0.392596
          0.177939       -0.046693        0.313211
          0.083457       -0.318750       -0.050621
          0.110438       -0.312300       -0.418649
          0.234011        0.026565       -0.429536
          0.294757        0.457467       -0.035087
          0.149906        0.638297        0.379767
         -0.156007        0.414049        0.392831
         -0.394500       -0.010845        0.017775
         -0.360749       -0.244399       -0.330503
         -0.093278       -0.106085       -0.334900
          0.134384        0.201412       -0.122404
          0.098306        0.338297       -0.042001
         -0.101880        0.171741       -0.176471
         -0.172178       -0.126109       -0.233492
         -0.053054       -0.248453        0.038764
          0.005821       -0.048912        0.480441
         -0.089080        0.262917        0.696165
         -0.062707        0.294240        0.522668
          0.225171       -0.071157        0.177331
          0.431350       -0.489198       -0.034495
          0.255189       -0.553210       -0.036795
         -0.040959       -0.270207        0.010231
         -0.060885        0.004575       -0.049259
          0.116075        0.032632       -0.162003
          0.180638       -0.057412       -0.139434
          0.111918        0.016321        0.042835
          0.043722        0.302109        0.133110
         -0.065699        0.500721       -0.072316
         -0.261901        0.305820       -0.402467
         -0.372794       -0.159113       -0.516805
         -0.255058       -0.413377       -0.342423
         -0.031230       -0.201208       -0.065107
          0.106550        0.185611        0.199047
          0.109067        0.297101        0.413015
         -0.011464        0.059532        0.412331
         -0.232202       -0.243081        0.084341
         -0.408688       -0.359726       -0.278062
         -0.337672       -0.250919       -0.210281
         -0.014861       -0.010647        0.279598
          0.330298        0.177128        0.648652
          0.504265        0.103360        0.493129
          0.518068       -0.227421       -0.001675
          0.456880       -0.483801       -0.382562
          0.326683       -0.325393       -0.442882
          0.111470        0.199196       -0.285638
         -0.123607        0.702450       -0.089148
         -0.298345        0.837712        0.006709
         -0.417096        0.530124       -0.087932
         -0.485065       -0.034069       -0.323486
         -0.406801       -0.496568       -0.485360
         -0.135980       -0.535114       -0.403158
          0.139141       -0.166859       -0.148308
          0.173703        0.231353        0.081777
          0.008871        0.330235        0.204240
         -0.080622        0.167225        0.267072
          0.016039       -0.039148        0.325754
          0.122674       -0.209724        0.429631
          0.081368       -0.365898        0.615102
         -0.033164       -0.431921        0.769209
         -0.067989       -0.308204        0.630443
          0.010214       -0.071192        0.106733
          0.133077        0.108413       -0.506700
          0.225475        0.218182       -0.803379
          0.249997        0.376937       -0.678626
          0.217331        0.557178       -0.327382
          0.125630        0.553914        0.035467
         -0.098862        0.292994        0.267086
         -0.455568       -0.032244        0.250894
         -0.690934       -0.231656        0.010577
         -0.520623       -0.340835       -0.195779
         -0.047911       -0.451533       -0.129331
          0.316769       -0.494703        0.098170
          0.377762       -0.358264        0.142062
          0.312323       -0.107470       -0.112605
          0.291115        0.071539       -0.372695
          0.242798        0.089164       -0.289599
          0.069131        0.002804        0.110939
         -0.139785       -0.091093        0.459446
         -0.209897       -0.122463        0.483669
         -0.093543       -0.059740        0.291939
          0.080102        0.061599        0.147623
          0.129132        0.158524        0.085847
         -0.006556        0.194673       -0.068749
         -0.197981        0.215909       -0.347370
         -0.247729        0.274496       -0.527769
         -0.086474        0.363705       -0.457835
          0.151543        0.419704       -0.305210
          0.250776        0.341110       -0.317721
          0.131664        0.061118       -0.433565
         -0.061029       -0.314076       -0.344340
         -0.135285       -0.510562        0.050873
         -0.085978       -0.358105        0.464669
         -0.041283       -0.007069        0.580540
         -0.011979        0.240580        0.432884
          0.108732        0.249598        0.312213
          0.275637        0.085475        0.398974
          0.257702       -0.167187        0.589023
         -0.031780       -0.442415        0.601625
         -0.369458       -0.597407        0.225244
         -0.486779       -0.473006       -0.414518
         -0.334870       -0.089757       -0.832924
         -0.029104        0.339143       -0.652819
          0.275547        0.621295       -0.119704
          0.396386        0.698438        0.126115
          0.221454        0.549158       -0.150446
         -0.108325        0.172734       -0.519494
         -0.275586       -0.270128       -0.512376
         -0.132974       -0.512070       -0.162248
          0.138356       -0.484555        0.225278
          0.268496       -0.386289        0.501167
          0.187606       -0.352972        0.650751
          0.019589       -0.262299        0.606871
         -0.107150        0.013668        0.348202
         -0.149218        0.356285        0.043807
         -0.105931        0.550039       -0.109757
          0.013551        0.541716       -0.108044
          0.171705        0.410815       -0.049585
          0.281645        0.200101        0.047707
          0.222430       -0.072841        0.159049
         -0.065864       -0.310840        0.111820
         -0.451966       -0.389741       -0.208750
         -0.652915       -0.285692       -0.577583
         -0.501286       -0.067224       -0.635704
         -0.125006        0.166288       -0.370232
          0.221633        0.266385       -0.116002
          0.438781        0.092132       -0.065109
          0.584842       -0.281165       -0.055649
          0.655838       -0.528711        0.095803
          0.522337       -0.413783        0.311296
          0.132439       -0.078192        0.399390
         -0.338835        0.159497        0.296827
         -0.634070        0.220726        0.084480
         -0.648756        0.291616       -0.084257
         -0.462653        0.463422       -0.033149
         -0.213200        0.564770        0.274331
         -0.000011        0.398036        0.569029
          0.154253       -0.019377        0.479817
          0.288094       -0.492727       -0.005106
          0.401706       -0.793662       -0.475990
          0.405893       -0.742510       -0.593445
          0.234924       -0.301511       -0.433995
         -0.048518        0.315768       -0.246303
         -0.308108        0.702737       -0.107378
         -0.417084        0.564791        0.013022
         -0.295024        0.014543        0.055230
          0.006673       -0.504646       -0.037929
          0.268628       -0.627760       -0.134115
          0.295645       -0.341208       -0.029572
          0.135868        0.127000        0.244870
         -0.001020        0.528448        0.395447
          0.000903        0.688217        0.220832
          0.086955        0.568631       -0.097240
          0.134258        0.309933       -0.188866
          0.041960        0.082909        0.037191
         -0.187005       -0.115102        0.273287
         -0.389646       -0.390558        0.213928
         -0.380036       -0.690193       -0.062333
         -0.167732       -0.762120       -0.224208
          0.083126       -0.437864       -0.110241
          0.265818        0.117781        0.101509
          0.345751        0.498347        0.112773
          0.272899        0.419124       -0.171204
          0.076096       -0.000254       -0.517725
         -0.076584       -0.338854       -0.573633
         -0.082446       -0.284749       -0.234025
         -0.028794        0.077565        0.249267
         -0.006673        0.399134        0.556451
          0.009526        0.439541        0.582515
          0.021822        0.274392        0.403433
         -0.031549        0.154561        0.127945
         -0.105999        0.202521       -0.144362
         -0.065338        0.287359       -0.332834
          0.053739        0.207883       -0.394013
          0.026073       -0.062250       -0.296490
         -0.189491       -0.367991       -0.030395
         -0.298840       -0.561858        0.311493
         -0.092592       -0.623979        0.535921
          0.193506       -0.601688        0.486915
          0.212695       -0.475877        0.167145
          0.039332       -0.143332       -0.249577
          0.023069        0.388476       -0.506430
          0.194381        0.820782       -0.442617
          0.207299        0.769462       -0.147663
         -0.087603        0.227071        0.104665
         -0.382266       -0.350548        0.124337
         -0.360058       -0.519466       -0.014464
         -0.108074       -0.269712       -0.096297
          0.096478        0.103014       -0.041492
          0.169599        0.364678        0.023141
          0.191770        0.434933       -0.005910
          0.184373        0.276494       -0.030451
          0.117034       -0.068084        0.082550
          0.022937       -0.388890        0.256499
         -0.045271       -0.480100        0.305821
         -0.097191       -0.380331        0.216981
         -0.147826       -0.265393        0.116264
         -0.155931       -0.157454       -0.002574
         -0.091054        0.054289       -0.255469
          0.005390        0.342162       -0.548095
          0.078375        0.511832       -0.556694
          0.119072        0.466847       -0.149564
          0.138952        0.313306        0.375705
          0.143137        0.151718        0.614562
          0.132456       -0.054076        0.471356
          0.082226       -0.305744        0.143106
         -0.039493       -0.441192       -0.156806
         -0.183734       -0.332092       -0.319719
         -0.237512       -0.093897       -0.327399
         -0.174738        0.055351       -0.275895
         -0.074504        0.062626       -0.300079
          0.023395        0.043882       -0.346695
          0.123825        0.098045       -0.179009
          0.158062        0.207214        0.247216
          0.059156        0.255590        0.598525
         -0.069541        0.124064        0.551406
         -0.057754       -0.136206        0.225168
          0.096070       -0.254957        0.027034
          0.251512       -0.032184        0.136067
          0.301150        0.343473        0.306278
          0.184136        0.452546        0.187615
         -0.113579        0.124905       -0.246648
         -0.422169       -0.388678       -0.645106
         -0.459019       -0.703752       -0.655696
         -0.204400       -0.635110       -0.309868
          0.022539       -0.293118        0.041969
          0.019794        0.039224        0.146377
         -0.037873        0.162335        0.064177
          0.039473        0.139111       -0.033396
          0.153886        0.162071       -0.094352
          0.184722        0.263047       -0.129860
          0.227981        0.283807       -0.113405
          0.327417        0.143579       -0.047256
          0.281047       -0.011534        0.034359
         -0.018553        0.001912        0.192765
         -0.326000        0.159422        0.492998
         -0.381245        0.259302        0.738017
         -0.266451        0.155608        0.601219
         -0.186675       -0.100526        0.115510
         -0.116313       -0.320198       -0.293871
          0.068839       -0.345439       -0.370504
          0.262165       -0.200838       -0.290398
          0.220723       -0.075932       -0.263062
         -0.041450       -0.093140       -0.227198
         -0.200313       -0.138656       -0.093274
         -0.041277       -0.034826        0.037242
          0.225800        0.189667        0.070685
          0.224186        0.355567        0.068649
         -0.074914        0.380696        0.048838
         -0.293139        0.298332       -0.083519
         -0.152855        0.120809       -0.249905
          0.149593       -0.115861       -0.151303
          0.226320       -0.256573        0.268722
          0.016610       -0.188470        0.590087
         -0.177274       -0.036785        0.425721
         -0.126911       -0.005675       -0.041166
          0.049021       -0.082566       -0.320132
          0.105359       -0.085383       -0.259953
          0.022728        0.049366       -0.122948
         -0.005177        0.195937       -0.100434
          0.101051        0.220048       -0.086456
          0.176465        0.105489        0.030389
          0.082841       -0.066330        0.128433
         -0.064630       -0.194004        0.041383
         -0.088237       -0.247661       -0.170361
         -0.014119       -0.282345       -0.278718
          0.025178       -0.305500       -0.160591
          0.008460       -0.204983        0.080159
         -0.026885        0.065142        0.237049
         -0.097573        0.309251        0.189834
         -0.176324        0.288255       -0.014238
         -0.155603        0.056801       -0.215238
         -0.034884       -0.087596       -0.251486
          0.051880        0.020188       -0.046574
          0.074483        0.261863        0.325155
          0.142503        0.427725        0.616892
          0.257127        0.366705        0.557499
          0.272587       -0.003580        0.130716
          0.133317       -0.577926       -0.355863
         -0.063323       -0.958768       -0.569566
         -0.223768       -0.755968       -0.457545
         -0.307864       -0.065776       -0.210640
         -0.288277        0.569244       -0.041161
         -0.183803        0.738465       -0.040573
         -0.048304        0.516399       -0.119045
          0.105747        0.226383       -0.060158
          0.248628        0.066576        0.212677
          0.252280        0.014184        0.451435
          0.047986       -0.065482        0.369454
         -0.209666       -0.246596        0.059700
         -0.311142       -0.384546       -0.127481
         -0.233800       -0.208457       -0.070930
         -0.084357        0.276911        0.039498
          0.063592        0.607683        0.060976
          0.156823        0.342662        0.041816
          0.155544       -0.331982        0.028051
          0.150210       -0.775783        0.002096
          0.283000       -0.656985        0.011816
          0.446771       -0.238828        0.112011
          0.331973        0.087937        0.173847
         -0.079590        0.210392        0.000320
         -0.384418        0.187442       -0.329233
         -0.316181        0.082549       -0.471199
         -0.095851        0.008152       -0.268466
          0.001734        0.077192        0.018832
          0.052907        0.220307        0.070229
          0.167280        0.246248       -0.074293
          0.148569        0.123617       -0.122530
         -0.142321        0.015695        0.050166
         -0.387836        0.013790        0.278698
         -0.215298        0.027426        0.372051
          0.182238       -0.031036        0.327507
          0.272561       -0.132940        0.242735
         -0.022494       -0.226784        0.139620
         -0.204508       -0.278212       -0.026958
          0.031546       -0.228319       -0.233153
          0.308012       -0.079504       -0.364715
          0.121134        0.034949       -0.348350
         -0.378809        0.045182       -0.236039
         -0.557019        0.107458       -0.123454
         -0.178082        0.368310       -0.025095
          0.284221        0.662244        0.108894
          0.332134        0.654017        0.239159
          0.082731        0.244463        0.197993
         -0.027378       -0.303371       -0.062690
          0.099559       -0.616643       -0.259303
          0.211741       -0.519188       -0.071829
          0.193394       -0.150453        0.345199
          0.171429        0.136430        0.479980
          0.195755        0.057152        0.179208
          0.165631       -0.312055       -0.123808
          0.050522       -0.555654       -0.076047
         -0.096024       -0.340521        0.075967
         -0.267177        0.205556       -0.060939
         -0.413427        0.641371       -0.359267
         -0.379829        0.692265       -0.382519
         -0.159641        0.444445       -0.111092
         -0.007536        0.113142        0.019258
         -0.078661       -0.180113       -0.180906
         -0.168809       -0.372962       -0.354207
         -0.030443       -0.390054       -0.131793
          0.241860       -0.221305        0.364908
          0.355084       -0.010609        0.712449
          0.216245        0.036864        0.648528
         -0.013079       -0.130683        0.248802
         -0.195870       -0.328889       -0.184407
         -0.351252       -0.312281       -0.351630
         -0.471137       -0.018021       -0.198192
         -0.390799        0.381448        0.045027
         -0.011973        0.629312        0.126629
          0.438067        0.577784        0.052917
          0.604373        0.290680        0.033245
          0.450339       -0.027632        0.176638
          0.263156       -0.237588        0.334240
          0.204890       -0.374554        0.284303
          0.137549       -0.509230        0.011177
         -0.053484       -0.561660       -0.300037
         -0.254824       -0.381135       -0.518361
         -0.355606       -0.012001       -0.657271
         -0.418644        0.279194       -0.700817
         -0.457508        0.326325       -0.557696
         -0.278610        0.272075       -0.261195
          0.204993        0.322506        0.007400
          0.666058        0.419944        0.187202
          0.676735        0.346235        0.402036
          0.257591        0.087478        0.654763
         -0.169799       -0.109820        0.704546
         -0.319852       -0.073793        0.417106
         -0.261732        0.064768        0.038526
         -0.162535        0.059420       -0.103740
         -0.085620       -0.145660       -0.054362
         -0.040838       -0.384330       -0.122808
         -0.039039       -0.463876       -0.362293
         -0.059380       -0.302142       -0.467358
         -0.034243        0.069615       -0.263904
          0.088882        0.518240        0.010170
          0.222231        0.799048        0.076544
          0.141454        0.645024        0.001831
         -0.192108        0.010578        0.009751
         -0.397348       -0.757998        0.124369
         -0.120981       -1.133413        0.225762
          0.343869       -0.883261        0.311436
          0.386042       -0.278539        0.455593
          0.006654        0.215088        0.559759
         -0.179317        0.369996        0.394581
          0.079618        0.280368       -0.039208
          0.346103        0.147702       -0.398909
          0.269334        0.104596       -0.408519
          0.039030        0.160163       -0.225422
         -0.108093        0.180349       -0.183063
         -0.226718       -0.000844       -0.290959
         -0.311153       -0.308714       -0.290211
         -0.161435       -0.376304       -0.148281
          0.179886        0.034602       -0.106474
          0.319337        0.643481       -0.172310
          0.051417        0.899742       -0.019200
         -0.337142        0.584488        0.390296
         -0.449436       -0.017343        0.546121
         -0.210427       -0.499946        0.131771
          0.147609       -0.677166       -0.376666
          0.320052       -0.539645       -0.334100
          0.145145       -0.151483        0.144528
         -0.233098        0.260023        0.397840
         -0.446241        0.364288        0.179020
         -0.282949        0.132624       -0.112898
          0.083484       -0.025867       -0.104870
          0.338826        0.167147        0.108431
          0.355740        0.371229        0.243044
          0.197469        0.085907        0.185349
         -0.005591       -0.568933       -0.013033
         -0.081526       -0.945699       -0.222461
          0.075337       -0.664813       -0.248012
          0.317555        0.029093       -0.011710
          0.343556        0.627683        0.223865
          0.071255        0.767883        0.092111
         -0.229950        0.388761       -0.346663
         -0.260718       -0.197953       -0.602114
         -0.046888       -0.470914       -0.374613
          0.117129       -0.217047        0.110580
          0.031839        0.184551        0.481826
         -0.207093        0.228658        0.615762
         -0.365783       -0.083385        0.534589
         -0.312152       -0.324345        0.253741
         -0.084011       -0.233396       -0.081511
          0.162291        0.045028       -0.211782
          0.248039        0.243562       -0.114404
          0.118699        0.246686       -0.073097
         -0.095551        0.108668       -0.235936
         -0.220549       -0.021860       -0.382182
         -0.182022       -0.008744       -0.287345
          0.020274        0.126049       -0.048795
          0.322822        0.202974        0.114598
          0.516612        0.121718        0.152062
          0.372746        0.021427        0.114583
         -0.033022        0.065258       -0.010069
         -0.327314        0.132960       -0.230996
         -0.279071       -0.045221       -0.424452
         -0.044135       -0.429653       -0.412236
          0.093630       -0.610342       -0.169131
          0.038849       -0.332576        0.116546
         -0.096545        0.136191        0.234959
         -0.143952        0.345479        0.186479
         -0.043126        0.204876        0.144872
          0.071906       -0.009483        0.195401
          0.027770       -0.072363        0.248049
         -0.121304       -0.015764        0.246409
         -0.146421        0.027633        0.274793
          0.002310       -0.012135        0.351399
          0.112372       -0.129514        0.298994
          0.049995       -0.245253       -0.007883
         -0.039498       -0.219773       -0.390617
          0.014014        0.027544       -0.541338
          0.141685        0.401881       -0.383346
          0.165556        0.677053       -0.103190
          0.057253        0.643683        0.123952
         -0.069292        0.242654        0.278485
         -0.136585       -0.348590        0.378865
         -0.145972       -0.765824        0.376598
         -0.084272       -0.724085        0.224543
          0.081860       -0.275653       -0.024234
          0.294691        0.268074       -0.237155
          0.382042        0.634550       -0.312489
          0.213988        0.703277       -0.261323
         -0.138685        0.429325       -0.180768
         -0.448157       -0.110680       -0.145722
         -0.535813       -0.619684       -0.137439
         -0.404287       -0.769844       -0.085359
         -0.164749       -0.546030        0.030213
          0.082165       -0.240416        0.125380
          0.240287       -0.076494        0.073770
          0.228439        0.009543       -0.156609
          0.127675        0.180932       -0.425688
          0.159716        0.446620       -0.510019
          0.346024        0.658502       -0.290121
          0.394141        0.657195        0.145153
          0.134984        0.385503        0.558468
         -0.173947       -0.047561        0.713619
         -0.219177       -0.400629        0.530261
         -0.050421       -0.487437        0.180840
          0.087545       -0.339864       -0.014886
          0.092271       -0.129168        0.068542
         -0.002077        0.035907        0.170423
         -0.143404        0.151857       -0.024398
         -0.245188        0.207702       -0.420626
         -0.214680        0.157515       -0.615831
         -0.072151        0.015814       -0.424143
          0.044982       -0.133857       -0.050793
          0.023007       -0.244916        0.223777
         -0.098381       -0.309286        0.309071
         -0.149902       -0.261794        0.271073
         -0.044081       -0.045924        0.216802
          0.072090        0.224652        0.223652
          0.015197        0.351611        0.271303
         -0.138585        0.295028        0.231865
         -0.157096        0.157629        0.006527
          0.000902       -0.020991       -0.305740
          0.167113       -0.244868       -0.458881
          0.255006       -0.392189       -0.343614
          0.332440       -0.298134       -0.133876
          0.385540       -0.000226       -0.046925
          0.251058        0.282416       -0.063674
         -0.088381        0.412622       -0.039942
         -0.330760        0.426872        0.021615
         -0.200656        0.369128        0.020749
          0.132038        0.193909       -0.005212
          0.241592       -0.109430        0.066118
          0.014888       -0.407896        0.177610
         -0.251013       -0.528249        0.114145
         -0.319721       -0.427316       -0.152463
         -0.274686       -0.201382       -0.339633
         -0.242937        0.034651       -0.220091
         -0.163823        0.208359        0.035127
          0.024353        0.258754        0.097598
          0.199834        0.143666       -0.031609
          0.227139       -0.089024       -0.059441
          0.163169       -0.297918        0.115241
          0.148822       -0.358987        0.283798
          0.190691       -0.253678        0.321748
          0.180736       -0.037941        0.362164
          0.078889        0.210620        0.464250
         -0.048761        0.384791        0.405384
         -0.150367        0.381313        0.007104
         -0.220207        0.221399       -0.506420
         -0.216113        0.072071       -0.703548
         -0.087370        0.070691       -0.443981
          0.085346        0.167982        0.006289
          0.113244        0.192203        0.330741
         -0.061813        0.041436        0.427822
         -0.238333       -0.205188        0.329801
         -0.166357       -0.353814        0.104623
          0.133666       -0.290853       -0.113956
          0.363071       -0.121766       -0.216383
          0.288194       -0.066310       -0.270682
          0.003977       -0.194997       -0.390198
         -0.214244       -0.334839       -0.474035
         -0.236477       -0.273756       -0.320832
         -0.138769        0.006451        0.010697
         -0.013969        0.345327        0.214358
          0.105607        0.575898        0.155247
          0.166155        0.607444        0.052799
          0.111993        0.416498        0.144769
         -0.004283        0.091320        0.336367
         -0.061984       -0.153299        0.344716
         -0.018527       -0.165893        0.109026
          0.067889       -0.050288       -0.134290
          0.121078       -0.017833       -0.188717
          0.093675       -0.100985       -0.126911
         -0.005794       -0.191005       -0.116966
         -0.094399       -0.264478       -0.174394
         -0.095920       -0.344855       -0.198436
         -0.054730       -0.336128       -0.149299
         -0.083038       -0.146305       -0.066852
         -0.184844        0.095761        0.021713
         -0.217543        0.179410        0.102091
         -0.063060        0.111132        0.135494
          0.194625        0.077490        0.130094
          0.308267        0.169251        0.187359
          0.141723        0.315973        0.339915
         -0.114984        0.424155        0.403631
         -0.147904        0.405115        0.181574
          0.043878        0.145563       -0.203247
          0.137389       -0.330563       -0.398258
         -0.006494       -0.712436       -0.274034
         -0.120235       -0.664791       -0.064766
          0.004242       -0.258284       -0.000104
          0.154791        0.102833       -0.029838
          0.097562        0.211240       -0.011513
          0.016741        0.244407        0.054434
          0.159110        0.361246        0.121798
          0.311725        0.415139        0.244986
          0.111276        0.224274        0.441333
         -0.305066       -0.110952        0.520511
         -0.453072       -0.349702        0.268098
         -0.224438       -0.412142       -0.209142
          0.008043       -0.367046       -0.522013
          0.002220       -0.231897       -0.457602
         -0.074183        0.031205       -0.233193
         -0.048104        0.348357       -0.167859
         -0.010246        0.517317       -0.248562
         -0.023972        0.418909       -0.212792
          0.052943        0.169546        0.020669
          0.238898       -0.029441        0.225540
          0.279089       -0.157851        0.188935
          0.077052       -0.346097       -0.023694
         -0.084868       -0.568233       -0.199878
         -0.034030       -0.575505       -0.232385
         -0.023077       -0.244021       -0.132024
         -0.227006        0.200369        0.070429
         -0.342734        0.447338        0.273274
         -0.097772        0.433758        0.282922
          0.229159        0.286556        0.047206
          0.240769        0.113439       -0.196598
          0.039474       -0.004610       -0.211305
         -0.024908        0.013900       -0.075166
          0.059524        0.122035        0.003560
          0.057551        0.132826        0.027560
         -0.046687       -0.021059        0.110828
         -0.064997       -0.162870        0.198088
          0.024071       -0.138730        0.168660
          0.047292       -0.051167        0.082532
         -0.045692       -0.076880        0.047442
         -0.097222       -0.186010       -0.015472
         -0.012288       -0.202585       -0.190354
          0.094014       -0.059367       -0.291023
          0.102103        0.143356       -0.079773
          0.062434        0.273284        0.318879
          0.049054        0.247894        0.532570
          0.004877        0.046715        0.449148
         -0.118010       -0.227115        0.309144
         -0.210536       -0.348394        0.259255
         -0.163389       -0.187457        0.141314
         -0.046362        0.090397       -0.145238
          0.022533        0.197968       -0.391887
          0.062044        0.095189       -0.412441
          0.130450        0.009062       -0.350837
          0.170598        0.064637       -0.398214
          0.117978        0.112642       -0.445595
          0.056205        0.010454       -0.303027
          0.091635       -0.144504       -0.055455
          0.153655       -0.197898        0.093320
          0.091543       -0.158611        0.159193
         -0.084672       -0.096088        0.277523
         -0.221285       -0.008187        0.405892
         -0.239909        0.076245        0.394778
         -0.189669        0.052602        0.251233
         -0.112012       -0.070505        0.093728
         -0.005645       -0.105634       -0.072572
          0.080584        0.064372       -0.302422
          0.066531        0.295435       -0.482559
         -0.017055        0.344716       -0.404706
         -0.024357        0.150433       -0.092063
          0.107151       -0.117223        0.167812
          0.239878       -0.244711        0.190671
          0.200229       -0.175709        0.105947
          0.003353       -0.028099        0.102074
         -0.178928        0.070634        0.143865
         -0.225940        0.109878        0.096537
         -0.143445        0.118231        0.001487
          0.003842        0.052033        0.031058
          0.115724       -0.117972        0.200316
          0.083209       -0.278344        0.303510
         -0.086089       -0.279832        0.173172
         -0.230146       -0.122860       -0.132716
         -0.205455        0.098682       -0.438352
         -0.031720        0.356528       -0.605028
          0.167802        0.618422       -0.537126
          0.269711        0.697546       -0.203419
          0.192002        0.395757        0.243443
         -0.026811       -0.194963        0.495531
         -0.182545       -0.702944        0.376669
         -0.092396       -0.821358        0.060502
          0.157246       -0.554609       -0.105422
          0.294741       -0.145387        0.005744
          0.201739        0.149366        0.171653
          0.018399        0.227318        0.119688
         -0.097228        0.172054       -0.134680
         -0.146031        0.141686       -0.325872
         -0.179632        0.202519       -0.251047
         -0.179949        0.259939        0.041376
         -0.131829        0.171567        0.325546
         -0.078075       -0.055515        0.386139
         -0.015128       -0.230532        0.191352
          0.118114       -0.203999       -0.059895
          0.256259       -0.068730       -0.134491
          0.203072       -0.034006       -0.043215
         -0.054568       -0.146146       -0.011631
         -0.234739       -0.251885       -0.147105
         -0.138799       -0.205905       -0.294313
          0.055780        0.000901       -0.282677
          0.080199        0.281147       -0.151677
         -0.031784        0.488796       -0.031800
         -0.056723        0.460735        0.062631
          0.056075        0.183844        0.193319
          0.155869       -0.099166        0.322935
          0.137875       -0.119726        0.314776
          0.045473        0.082344        0.122076
         -0.025125        0.206924       -0.111933
         -0.016305        0.072088       -0.206329
          0.048525       -0.203120       -0.153806
          0.068396       -0.399540       -0.099734
         -0.021367       -0.434317       -0.124231
         -0.133324       -0.358320       -0.149670
         -0.128778       -0.238437       -0.092070
         -0.024519       -0.106551        0.007689
          0.037992        0.037358        0.071531
          0.021200        0.200610        0.105479
          0.019352        0.337069        0.146483
          0.050397        0.341952        0.166261
          0.020184        0.181841        0.118816
         -0.066579       -0.013076        0.033196
         -0.075626       -0.084007       -0.010429
          0.010011       -0.029733        0.033505
          0.034970        0.045780        0.144433
         -0.055191        0.111991        0.250745
         -0.115437        0.190086        0.260969
         -0.061885        0.196580        0.126842
          0.007803        0.008894       -0.096152
          0.030032       -0.284083       -0.277740
          0.047357       -0.392089       -0.336388
          0.004841       -0.176626       -0.327556
         -0.206742        0.154848       -0.367739
         -0.421625        0.310625       -0.460261
         -0.276151        0.240187       -0.448429
          0.239507        0.092923       -0.179555
          0.646452       -0.014434        0.305297
          0.567268       -0.058775        0.749223
          0.167392       -0.049251        0.833867
         -0.132999       -0.043222        0.434214
         -0.136567       -0.139501       -0.181744
          0.040900       -0.319224       -0.492544
          0.153528       -0.373772       -0.240739
          0.050227       -0.160360        0.225663
         -0.167389        0.131538        0.326028
         -0.263007        0.185743       -0.057248
         -0.180189        0.018557       -0.476047
         -0.071032       -0.017582       -0.503480
         -0.014292        0.244574       -0.167829
          0.032907        0.501601        0.230084
          0.018562        0.373115        0.461314
         -0.149828       -0.086203        0.444939
         -0.340751       -0.476693        0.215917
         -0.315624       -0.558072       -0.060634
         -0.106582       -0.423641       -0.195353
          0.037401       -0.224893       -0.177707
          0.062071       -0.008171       -0.155239
          0.142035        0.169668       -0.178634
          0.323894        0.246654       -0.113133
          0.464044        0.294481        0.149781
          0.501355        0.393305        0.519814
          0.468188        0.404901        0.782248
          0.281821        0.156631        0.747310
         -0.123392       -0.204198        0.355041
         -0.508146       -0.334845       -0.231527
         -0.536257       -0.133747       -0.676976
         -0.252382        0.183458       -0.768938
         -0.032161        0.365603       -0.630393
         -0.059221        0.284582       -0.517690
         -0.136487       -0.060519       -0.490518
         -0.051012       -0.479950       -0.433231
          0.132300       -0.643007       -0.309356
          0.247111       -0.395646       -0.181631
          0.278603        0.044928       -0.010929
          0.261454        0.335864        0.319947
          0.103405        0.330403        0.718588
         -0.240643        0.084764        0.846051
         -0.544252       -0.248154        0.513465
         -0.536054       -0.422659       -0.030571
         -0.275738       -0.215130       -0.343132
         -0.056441        0.304470       -0.235008
          0.005334        0.744322        0.082784
          0.059066        0.763595        0.239276
          0.230785        0.412787        0.104805
          0.433197        0.021860       -0.031830
          0.495914       -0.197316        0.173704
          0.368798       -0.326342        0.572311
          0.142499       -0.520402        0.615132
         -0.054648       -0.742282        0.091872
         -0.126444       -0.783976       -0.534392
         -0.068463       -0.488227       -0.702730
         -0.013235        0.075998       -0.409784
         -0.089669        0.596220       -0.094116
         -0.203029        0.702593       -0.049537
         -0.147086        0.295962       -0.169287
          0.046285       -0.285932       -0.195711
          0.132183       -0.534950       -0.018939
          0.041916       -0.271820        0.293418
         -0.061500        0.176422        0.595566
         -0.123397        0.362946        0.715295
         -0.247375        0.213565        0.541224
         -0.382865        0.016108        0.161128
         -0.303365       -0.002052       -0.180902
          0.048188        0.109606       -0.342962
          0.444111        0.190025       -0.409420
          0.617851        0.133461       -0.498948
          0.461954       -0.083508       -0.563167
          0.063641       -0.338023       -0.471531
         -0.306045       -0.372291       -0.209451
         -0.372106       -0.070076        0.122304
         -0.168198        0.346718        0.430752
         -0.029617        0.567643        0.602625
         -0.168732        0.511292        0.435284
         -0.399397        0.243573       -0.144489
         -0.368891       -0.185904       -0.778378
          0.028424       -0.597180       -0.885965
          0.522298       -0.636863       -0.308190
          0.739564       -0.217394        0.464682
          0.584782        0.188957        0.825740
          0.268695        0.050666        0.626504
         -0.022203       -0.531898        0.140167
         -0.269082       -0.934628       -0.294705
         -0.415279       -0.732719       -0.448141
         -0.334592       -0.081502       -0.269759
         -0.100407        0.540561        0.010052
          0.025017        0.766674        0.025463
         -0.018570        0.574100       -0.317695
          0.000323        0.237538       -0.704622
          0.187886        0.066894       -0.748135
          0.289906        0.153403       -0.343115
          0.048057        0.354982        0.295946
         -0.380624        0.480736        0.810767
         -0.562663        0.453265        0.968933
         -0.313637        0.319641        0.888544
          0.077693        0.150760        0.908196
          0.210795       -0.038361        1.123949
          0.038427       -0.258383        1.186216
         -0.153304       -0.462014        0.710939
         -0.144654       -0.522902       -0.192434
          0.014626       -0.304678       -0.964312
          0.171641        0.220785       -1.153464
          0.249478        0.852440       -0.816805
          0.240321        1.167757       -0.361680
          0.188476        0.828528       -0.120313
          0.208158        0.005292       -0.141046
          0.354042       -0.661773       -0.285053
          0.457882       -0.721061       -0.396927
          0.283737       -0.402404       -0.401944
         -0.137577       -0.252677       -0.337643
         -0.532084       -0.424710       -0.321817
         -0.727422       -0.572584       -0.449745
         -0.740096       -0.358120       -0.682840
         -0.578523        0.167564       -0.839245
         -0.265497        0.652447       -0.742044
          0.002900        0.764574       -0.407247
          0.072167        0.464050       -0.042266
          0.152356        0.057695        0.179354
          0.542649       -0.060513        0.305940
          1.055869        0.207537        0.539401
          1.130773        0.578626        0.983469
          0.581130        0.691403        1.442491
         -0.135005        0.405097        1.493159
         -0.508749       -0.184753        0.878245
         -0.529832       -0.850445       -0.122646
         -0.491309       -1.284162       -0.849569
         -0.511923       -1.208299       -0.876959
         -0.476242       -0.603560       -0.362032
         -0.306585        0.178420        0.271190
         -0.066923        0.639896        0.796477
          0.176241        0.550694        1.178398
          0.409265        0.133823        1.293348
          0.547682       -0.199522        0.961199
          0.426163       -0.290242        0.252069
          0.039098       -0.345267       -0.476855
         -0.305469       -0.607061       -0.921298
         -0.237360       -1.010662       -1.061143
          0.252051       -1.248131       -1.015915
          0.721984       -1.118519       -0.840012
          0.669977       -0.722241       -0.571663
          0.022793       -0.308828       -0.368609
         -0.761529        0.011468       -0.413448
         -1.114309        0.359953       -0.651673
         -0.881502        0.869420       -0.742408
         -0.368590        1.413806       -0.380382
          0.108918        1.662748        0.347691
          0.521130        1.421658        1.011007
          0.888796        0.817783        1.239350
          1.011739        0.145132        0.997951
          0.680819       -0.347893        0.471621
          0.006890       -0.519751       -0.172535
         -0.703387       -0.365408       -0.819279
         -1.259851       -0.050169       -1.298723
         -1.545263        0.208182       -1.387417
         -1.345582        0.330887       -0.972961
         -0.556442        0.353993       -0.201374
          0.514432        0.237589        0.597604
          1.335698       -0.126149        1.174356
          1.616613       -0.677270        1.512401
          1.396384       -1.123452        1.691731
          0.787456       -1.203694        1.683303
         -0.096151       -0.920107        1.358852
         -0.976485       -0.433545        0.682280
         -1.429899        0.161565       -0.133197
         -1.183184        0.826815       -0.671353
         -0.356467        1.398006       -0.611090
          0.587361        1.563380       -0.052524
          1.129372        1.083776        0.518282
          1.026846        0.042038        0.644416
          0.476086       -1.108315        0.245784
         -0.053108       -1.814991       -0.402310
         -0.234944       -1.863646       -0.928233
         -0.170638       -1.493229       -1.116342
         -0.175183       -0.986110       -0.976159
         -0.289930       -0.305818       -0.580161
         -0.213794        0.662199        0.059726
          0.194665        1.670538        0.802842
          0.610563        2.196760        1.211878
          0.640507        1.955317        0.902054
          0.305537        1.157640        0.051849
         -0.094827        0.278419       -0.711567
         -0.372638       -0.328987       -0.944424
         -0.459424       -0.596536       -0.699648
         -0.282673       -0.617185       -0.296873
          0.055698       -0.441417       -0.054689
          0.211350       -0.059215       -0.203660
          0.011831        0.431204       -0.780361
         -0.300679        0.769857       -1.542643
         -0.477470        0.758710       -2.099604
         -0.568987        0.456970       -2.119761
         -0.600534        0.017760       -1.420122
         -0.406544       -0.562402       -0.048454
         -0.057145       -1.289655        1.596238
          0.060426       -1.832862        2.851543
         -0.121477       -1.675504        3.140062
         -0.161984       -0.701258        2.298994
          0.139023        0.597539        0.725433
          0.356998        1.580922       -0.730371
          0.172854        1.964219       -1.298684
         -0.037782        1.815212       -0.988532
          0.201414        1.254453       -0.568989
          0.694442        0.341646       -0.620880
          0.875649       -0.763329       -0.851551
          0.605798       -1.678704       -0.645969
          0.218001       -1.983503       -0.031130
         -0.042695       -1.562213        0.336725
         -0.210323       -0.692240        0.031168
         -0.327633        0.256037       -0.700224
         -0.355410        1.097074       -1.328555
         -0.343390        1.723411       -1.516877
         -0.399761        1.889996       -1.149095
         -0.467048        1.366583       -0.240610
         -0.375914        0.317990        0.967044
         -0.150237       -0.687739        2.014237
         -0.002836       -1.179485        2.558328
          0.027782       -1.198763        2.647046
          0.160836       -1.113074        2.515918
          0.489973       -1.097486        2.201382
          0.784201       -0.956656        1.556735
          0.804860       -0.455354        0.610579
          0.566179        0.321075       -0.349513
          0.141162        1.006669       -1.113159
         -0.499611        1.302077       -1.733942
         -1.226500        1.229611       -2.271273
         -1.580898        1.031232       -2.561126
         -1.185905        0.824129       -2.383523
         -0.221153        0.426554       -1.669975
          0.753746       -0.374314       -0.452383
          1.352176       -1.394969        1.093056
          1.523187       -2.059286        2.369684
          1.288372       -1.939687        2.506403
          0.633511       -1.189760        1.198127
         -0.274849       -0.306751       -0.747213
         -0.986460        0.411237       -2.054881
         -1.086104        0.947608       -2.124506
         -0.620553        1.215583       -1.309206
         -0.073614        1.006560       -0.243374
          0.149817        0.388816        0.705170
          0.107677       -0.177963        1.332095
          0.102589       -0.343949        1.394747
          0.205119       -0.246872        0.790133
          0.176195       -0.158721       -0.195962
         -0.137772        0.011178       -0.998969
         -0.484811        0.519022       -1.143624
         -0.409206        1.196079       -0.539018
          0.210587        1.418689        0.448521
          0.917748        0.749082        1.203453
          1.073599       -0.575723        1.300707
          0.480763       -1.819370        0.800897
         -0.468474       -2.274125        0.065662
         -1.203351       -1.686957       -0.614741
         -1.381589       -0.429864       -1.070688
         -0.962954        0.696584       -1.092728
         -0.174620        1.047463       -0.513776
          0.543465        0.633720        0.541313
          0.843098       -0.046081        1.653159
          0.798443       -0.613334        2.352397
          0.696238       -1.012707        2.329907
          0.544477       -1.147532        1.568438
          0.147584       -0.714829        0.399574
         -0.382651        0.378954       -0.693565
         -0.624213        1.672014       -1.441467
         -0.382521        2.452271       -1.856575
          0.102289        2.337447       -1.928203
          0.479464        1.477770       -1.482127
          0.553349        0.328898       -0.453663
          0.287250       -0.645522        0.856784
         -0.182961       -1.138275        1.867011
         -0.553687       -1.066248        1.980583
         -0.598714       -0.584538        0.932868
         -0.429566       -0.010492       -0.857838
         -0.345253        0.326591       -2.387544
         -0.424489        0.208715       -2.822293
         -0.449741       -0.379234       -2.153388
         -0.247301       -1.138955       -0.974072
          0.106250       -1.518784        0.187273
          0.467399       -1.156695        1.065055
          0.807873       -0.332578        1.433856
          1.111801        0.247124        1.152408
          1.239121        0.218272        0.480208
          1.017621       -0.084550        0.014979
          0.444449       -0.137189        0.131602
         -0.243661        0.145997        0.617674
         -0.724753        0.475813        0.964551
         -0.871102        0.681854        0.876655
         -0.855629        0.873602        0.390087
         -0.886216        1.147199       -0.319937
         -0.895856        1.340511       -1.015194
         -0.678736        1.176116       -1.363999
         -0.279087        0.607619       -1.102810
          0.010263       -0.076762       -0.314193
          0.046800       -0.553201        0.551787
          0.009027       -0.755990        0.984994
          0.133972       -0.759294        0.755635
          0.433442       -0.549154        0.030065
          0.683360       -0.172145       -0.779131
          0.638731        0.059963       -1.299851
          0.312750       -0.089936       -1.375439
          0.026040       -0.308185       -0.999146
          0.045438       -0.042497       -0.223741
          0.232482        0.657271        0.724483
          0.251886        1.036651        1.353895
          0.043384        0.534452        1.210072
         -0.173511       -0.535090        0.374717
         -0.263248       -1.363400       -0.491565
         -0.243391       -1.471758       -0.744750
         -0.110567       -1.007113       -0.344065
          0.085539       -0.404218        0.232516
          0.145304        0.052076        0.563101
          0.006436        0.340424        0.617263
         -0.079405        0.501303        0.550317
          0.047383        0.474003        0.385455
          0.154508        0.228894        0.057551
          0.025398       -0.038641       -0.330800
         -0.161174       -0.023083       -0.539006
         -0.166823        0.386698       -0.521710
         -0.086332        1.009805       -0.518252
         -0.118145        1.517919       -0.684678
         -0.220778        1.606556       -0.795468
         -0.233186        1.161707       -0.458772
         -0.132494        0.375119        0.434172
         -0.026045       -0.421200        1.516942
         -0.021770       -1.088805        2.145861
         -0.135339       -1.676826        1.860461
         -0.217473       -2.075052        0.800813
         -0.050962       -1.971610       -0.359918
          0.335773       -1.269556       -1.003872
          0.575506       -0.302975       -1.049166
          0.386980        0.472604       -0.816692
         -0.015659        0.825737       -0.574446
         -0.186783        0.767445       -0.346056
         -0.042153        0.470139       -0.099048
          0.112696        0.220525        0.035966
          0.119468        0.221154       -0.153172
          0.170322        0.366924       -0.637234
          0.382064        0.397559       -1.007731
          0.527067        0.285485       -0.800295
          0.408398        0.256774        0.029349
          0.210168        0.400310        1.023494
          0.179357        0.490602        1.632978
          0.180189        0.298071        1.679947
         -0.092258       -0.081489        1.408124
         -0.586374       -0.329991        1.105799
         -0.919631       -0.285354        0.756434
         -0.881784       -0.112568        0.155704
         -0.629265       -0.057415       -0.653222
         -0.380513       -0.103621       -1.247817
         -0.162118       -0.020235       -1.251196
          0.074957        0.231412       -0.780309
          0.257861        0.325189       -0.322272
          0.244083       -0.053288       -0.210638
          0.030454       -0.753351       -0.345632
         -0.197355       -1.240447       -0.407727
         -0.249283       -1.135393       -0.235588
         -0.091458       -0.579800        0.033681
          0.199200       -0.027681        0.143556
          0.525399        0.248723       -0.012109
          0.750148        0.329036       -0.307093
          0.725048        0.354797       -0.522535
          0.460496        0.285605       -0.500249
          0.175151        0.046535       -0.190259
          0.071469       -0.264708        0.319583
          0.131508       -0.467865        0.784782
          0.193284       -0.467082        0.943344
          0.137335       -0.220820        0.752161
         -0.055473        0.288223        0.406405
         -0.326350        0.917492        0.088554
         -0.542712        1.351586       -0.195589
         -0.568031        1.382559       -0.497364
         -0.411460        1.114113       -0.777185
         -0.232695        0.782899       -0.945083
         -0.133693        0.475538       -0.937499
         -0.065046        0.129668       -0.689774
         -0.011956       -0.270978       -0.147455
         -0.084566       -0.638686        0.602055
         -0.292568       -0.904667        1.276644
         -0.435881       -1.106032        1.564728
         -0.387426       -1.326783        1.353582
         -0.284473       -1.558967        0.812826
         -0.247144       -1.596722        0.289303
         -0.091888       -1.125880        0.080288
          0.416758       -0.074286        0.218840
          1.095074        1.122081        0.442567
          1.379998        1.793512        0.383379
          0.935051        1.647044       -0.183447
          0.074478        0.976453       -1.182413
         -0.553750        0.257270       -2.203515
         -0.628680       -0.282935       -2.654813
         -0.345800       -0.631149       -2.163160
         -0.025227       -0.723659       -0.954915
          0.203727       -0.437508        0.276882
          0.289305        0.143679        1.014236
          0.140147        0.655320        1.332941
         -0.181253        0.793839        1.567243
         -0.377707        0.622813        1.709115
         -0.263676        0.374153        1.403644
         -0.015567        0.072069        0.540725
          0.119711       -0.386806       -0.413872
          0.155189       -0.854231       -0.847976
          0.199632       -0.969353       -0.642106
          0.190327       -0.632909       -0.188842
          0.029721       -0.155643        0.149881
         -0.170215        0.157839        0.336489
         -0.201426        0.318307        0.410963
         -0.055339        0.446151        0.296904
          0.046478        0.505080       -0.007309
         -0.064152        0.392740       -0.330361
         -0.269106        0.140031       -0.579279
         -0.312167       -0.103375       -0.843547
         -0.164940       -0.184821       -1.116185
         -0.067913        0.011935       -1.157538
         -0.142928        0.499726       -0.790290
         -0.190336        1.035695       -0.142623
         -0.020055        1.168957        0.528698
          0.233821        0.659592        1.090725
          0.335814       -0.188602        1.476832
          0.309584       -0.829919        1.532703
          0.329437       -1.098588        1.136265
          0.364501       -1.285625        0.437312
          0.209107       -1.564631       -0.219608
         -0.147764       -1.637893       -0.644181
         -0.433060       -1.139670       -0.913729
         -0.410146       -0.198100       -1.099209
         -0.107557        0.644449       -1.059968
          0.275180        0.997940       -0.640077
          0.518795        0.916971        0.023406
          0.470967        0.672710        0.527423
          0.157419        0.437449        0.552520
         -0.211256        0.246317        0.142826
         -0.446184        0.141770       -0.344826
         -0.520097        0.215630       -0.519964
         -0.452119        0.437326       -0.215095
         -0.234855        0.509076        0.417872
          0.027963        0.117533        0.996709
          0.131214       -0.567701        1.164123
          0.052540       -0.894230        0.863318
          0.003700       -0.457719        0.372133
          0.074235        0.363251        0.017632
          0.096343        0.869366       -0.137907
         -0.007766        0.857785       -0.293553
         -0.064344        0.675164       -0.619356
          0.024713        0.603696       -1.031949
          0.122333        0.552437       -1.269609
          0.149261        0.334819       -1.146202
          0.206235       -0.055229       -0.712326
          0.300790       -0.501823       -0.200914
          0.273688       -0.889046        0.161703
          0.087569       -1.114215        0.320280
         -0.092082       -1.144826        0.400571
         -0.158989       -1.075171        0.543780
         -0.162998       -0.965324        0.718673
         -0.131682       -0.668621        0.744312
         -0.036212       -0.041782        0.550724
          0.054045        0.713602        0.355732
          0.017175        1.167374        0.441212
         -0.081146        1.102959        0.740409
         -0.010764        0.651408        0.822256
          0.259878        0.065011        0.395911
          0.403684       -0.429943       -0.304337
          0.118613       -0.635599       -0.794901
         -0.424266       -0.469518       -0.902696
         -0.733691       -0.069939       -0.838455
         -0.582558        0.288476       -0.756620
         -0.230395        0.398736       -0.523623
         -0.034376        0.241275       -0.027252
         -0.029879       -0.037763        0.511938
          0.024508       -0.240724        0.744064
          0.303971       -0.254058        0.613411
          0.695348       -0.109301        0.392532
          0.885624        0.065803        0.296925
          0.669438        0.127155        0.216536
          0.176118       -0.028266       -0.088879
         -0.264126       -0.384611       -0.605105
         -0.473095       -0.739834       -1.003364
         -0.524219       -0.799277       -0.990547
         -0.493379       -0.426755       -0.622020
         -0.319957        0.214701       -0.186767
         -0.002476        0.808444        0.153232
          0.272880        1.126691        0.467744
          0.339002        1.107496        0.786877
          0.227864        0.801881        0.909003
          0.043440        0.363091        0.659829
         -0.162971        0.042625        0.255896
         -0.294202        0.043539        0.143796
         -0.201743        0.294212        0.421389
          0.075746        0.426839        0.657278
          0.247034        0.116246        0.417595
          0.098295       -0.510421       -0.219391
         -0.229200       -0.930588       -0.831923
         -0.411025       -0.807801       -1.164197
         -0.295409       -0.394806       -1.260583
          0.001839       -0.193373       -1.211216
          0.261725       -0.334543       -1.014707
          0.329711       -0.520957       -0.685419
          0.201622       -0.498595       -0.285575
          0.028963       -0.313004        0.197548
         -0.025593       -0.092414        0.819203
          0.016923        0.170055        1.427436
         -0.003326        0.516866        1.634499
         -0.127621        0.865646        1.225514
         -0.224963        1.075464        0.480334
         -0.224139        1.111312       -0.110423
         -0.183013        1.035895       -0.363292
         -0.072999        0.849723       -0.435212
          0.224065        0.455820       -0.443276
          0.590566       -0.141450       -0.341402
          0.659109       -0.689410       -0.175776
          0.308739       -0.896029       -0.164654
         -0.109663       -0.779211       -0.390379
         -0.237725       -0.644415       -0.606187
         -0.130060       -0.683358       -0.528255
         -0.034125       -0.757093       -0.225900
         -0.030882       -0.629749       -0.038184
         -0.082570       -0.259761       -0.116234
         -0.189639        0.201992       -0.229951
         -0.323394        0.538888       -0.109110
         -0.376236        0.518858        0.166955
         -0.280699        0.014605        0.287971
         -0.060827       -0.763749        0.165724
          0.239581       -1.286258        0.061111
          0.563734       -1.152153        0.211814
          0.786927       -0.498018        0.514179
          0.742000        0.169441        0.672902
          0.346792        0.520535        0.533425
         -0.261093        0.655421        0.187122
         -0.759189        0.818477       -0.130061
         -0.910832        1.017990       -0.194847
         -0.763525        1.040872        0.011566
         -0.488764        0.795480        0.226548
         -0.152557        0.492493        0.148924
          0.205691        0.390811       -0.199860
          0.429660        0.444609       -0.469155
          0.400851        0.372463       -0.386417
          0.234953        0.068287       -0.075353
          0.135841       -0.259413        0.127338
          0.131717       -0.411554        0.110140
          0.109780       -0.459067        0.089065
          0.040126       -0.573006        0.272257
          0.010489       -0.759394        0.602767
          0.060416       -0.900290        0.885567
          0.099794       -0.946751        0.977667
          0.016806       -0.916786        0.764893
         -0.174050       -0.750605        0.162009
         -0.309886       -0.334636       -0.684899
         -0.232799        0.286135       -1.329437
          0.015928        0.843353       -1.378669
          0.216290        1.092600       -0.908599
          0.221897        1.049352       -0.368616
          0.105521        0.852347       -0.057347
          0.014483        0.476139        0.139333
          0.001105       -0.171166        0.422370
          0.051408       -0.853974        0.682620
          0.145695       -1.051725        0.624890
          0.205079       -0.569440        0.211083
          0.100789        0.175230       -0.236902
         -0.163599        0.668021       -0.409069
         -0.356503        0.812384       -0.316945
         -0.238139        0.741071       -0.155136
          0.140127        0.481833       -0.004513
          0.453559        0.101789        0.166482
          0.417162       -0.135087        0.293865
          0.026191       -0.088248        0.230653
         -0.460840        0.003593       -0.024392
         -0.708917       -0.131705       -0.295482
         -0.565413       -0.381970       -0.454914
         -0.222288       -0.431012       -0.521767
         -0.015743       -0.215093       -0.526705
         -0.000740        0.029903       -0.442762
          0.094986        0.091642       -0.267979
          0.400499       -0.032412       -0.039956
          0.621561       -0.219281        0.217206
          0.419773       -0.345990        0.428501
         -0.091298       -0.350974        0.421376
         -0.447177       -0.254669        0.138274
         -0.374788       -0.094506       -0.156946
         -0.051052        0.177010       -0.107202
          0.187210        0.612244        0.310254
          0.213633        1.025500        0.761466
          0.107847        1.007947        0.933537
         -0.054486        0.385364        0.772777
         -0.230096       -0.422637        0.397353
         -0.316034       -0.744843       -0.035847
         -0.226677       -0.395395       -0.364269
         -0.039623        0.122117       -0.454943
          0.092370        0.222733       -0.277975
          0.149779       -0.118142        0.037599
          0.225760       -0.474049        0.224377
          0.336312       -0.596552        0.063287
          0.389708       -0.676473       -0.341946
          0.313250       -0.903204       -0.584147
          0.113263       -1.013016       -0.402446
         -0.133956       -0.580771       -0.009925
         -0.294637        0.291163        0.205205
         -0.277436        0.922121        0.184433
         -0.155408        0.808714        0.164191
         -0.081639        0.180179        0.216075
         -0.087485       -0.337089        0.121702
         -0.075557       -0.383354       -0.235861
          0.031244       -0.025556       -0.592717
          0.237765        0.524378       -0.576238
          0.484198        1.062174       -0.170844
          0.609744        1.333300        0.220393
          0.439930        1.123191        0.184428
          0.009829        0.508286       -0.291490
         -0.437318       -0.138723       -0.826375
         -0.731804       -0.488727       -1.013281
         -0.875151       -0.509914       -0.737507
         -0.832666       -0.346026       -0.156879
         -0.505885       -0.085284        0.513628
         -0.008423        0.241311        1.097341
          0.306021        0.518881        1.417206
          0.257386        0.553991        1.353865
          0.088288        0.266267        0.988132
          0.134013       -0.182074        0.546442
          0.381953       -0.528381        0.134404
          0.540840       -0.688397       -0.358114
          0.471012       -0.799678       -0.998620
          0.331774       -0.948807       -1.570337
          0.272621       -0.994278       -1.723779
          0.181767       -0.773641       -1.328070
         -0.102041       -0.357545       -0.581416
         -0.437773        0.055967        0.183090
         -0.478152        0.389767        0.735713
         -0.148149        0.661015        1.049314
          0.195496        0.806755        1.217512
          0.209037        0.731548        1.263299
         -0.014024        0.485958        1.081922
         -0.139929        0.244385        0.641715
         -0.069510        0.128303        0.129906
          0.017755        0.138002       -0.247572
          0.016306        0.188129       -0.507187
          0.021839        0.129762       -0.749045
          0.080180       -0.148862       -0.872465
          0.055515       -0.530342       -0.651527
         -0.122527       -0.704606       -0.069115
         -0.251803       -0.539315        0.604403
         -0.095439       -0.273497        1.058314
          0.246683       -0.169490        1.136780
          0.422406       -0.135192        0.839982
          0.279052        0.067743        0.300186
          0.014124        0.372670       -0.255227
         -0.147315        0.454885       -0.657952
         -0.199394        0.182519       -0.908531
         -0.235196       -0.234097       -1.039238
         -0.292963       -0.533514       -0.953201
         -0.369299       -0.626601       -0.559255
         -0.412413       -0.527211       -0.001221
         -0.306451       -0.260467        0.428235
         -0.031841        0.108595        0.581990
          0.214652        0.468967        0.529014
          0.244800        0.722968        0.364967
          0.133849        0.818528        0.103232
          0.061921        0.751622       -0.230647
          0.036752        0.567245       -0.526648
         -0.010352        0.333269       -0.685638
         -0.009245        0.117777       -0.709542
          0.121414        0.000782       -0.614812
          0.259725        0.023420       -0.338032
          0.226335        0.072121        0.139209
          0.051179       -0.062453        0.620785
         -0.086038       -0.398309        0.810049
         -0.096086       -0.644205        0.607837
         -0.021236       -0.513889        0.197577
          0.084664       -0.086724       -0.162170
          0.196280        0.284601       -0.337033
          0.271310        0.368592       -0.319396
          0.240466        0.210605       -0.158038
          0.060765       -0.051923        0.049144
         -0.208759       -0.331898        0.167462
         -0.397957       -0.538247        0.131342
         -0.361201       -0.570813        0.040805
         -0.136896       -0.428072        0.085436
          0.088849       -0.193851        0.337450
          0.169772        0.075479        0.643663
          0.097235        0.307842        0.754452
         -0.037203        0.336184        0.561766
         -0.104883        0.097987        0.192120
         -0.022755       -0.132926       -0.131636
          0.160558        0.000559       -0.284330
          0.299066        0.429243       -0.293336
          0.290063        0.667811       -0.270875
          0.142717        0.411153       -0.335269
         -0.069342       -0.098714       -0.531487
         -0.266900       -0.401084       -0.756202
         -0.401356       -0.335042       -0.808892
         -0.465973       -0.110947       -0.597396
         -0.441173        0.010498       -0.259718
         -0.257677       -0.023516       -0.003684
          0.084190       -0.079679        0.139227
          0.398223       -0.030960        0.297629
          0.487932        0.081706        0.509767
          0.419528        0.073623        0.621772
          0.397813       -0.162435        0.498629
          0.384877       -0.454411        0.238773
          0.152496       -0.457717        0.074721
         -0.248850       -0.043855        0.108288
         -0.454897        0.484376        0.247981
         -0.344678        0.697381        0.372271
         -0.237982        0.530413        0.426585
         -0.347430        0.310585        0.363410
         -0.418524        0.285165        0.125944
         -0.167186        0.325020       -0.258652
          0.245601        0.194221       -0.655903
          0.441473       -0.067815       -0.937201
          0.298246       -0.213873       -1.062477
         -0.008828       -0.148389       -1.033820
         -0.256043       -0.042532       -0.837566
         -0.309631       -0.105307       -0.471008
         -0.165533       -0.356534        0.028283
          0.032632       -0.631320        0.608282
          0.114727       -0.753349        1.180539
          0.080478       -0.710482        1.537635
          0.091379       -0.659386        1.426285
          0.241390       -0.710607        0.835233
          0.416401       -0.735888        0.128536
          0.418205       -0.471489       -0.282660
          0.180841        0.198165       -0.392207
         -0.167803        1.091396       -0.552441
         -0.426092        1.789009       -0.938533
         -0.465361        1.860262       -1.248100
         -0.288828        1.240269       -1.066838
         -0.004561        0.420315       -0.394692
          0.247966        0.004231        0.372400
          0.369266        0.019835        0.904204
          0.322985       -0.038951        1.176979
          0.129680       -0.447692        1.272532
         -0.123687       -0.895887        1.166316
         -0.301182       -0.989048        0.833957
         -0.319515       -0.738548        0.426111
         -0.230476       -0.397127        0.142135
         -0.127679       -0.107718       -0.045373
          0.011612        0.098757       -0.346879
          0.254452        0.155364       -0.798315
          0.479288        0.008888       -1.143566
          0.435834       -0.230881       -1.171958
          0.119670       -0.329169       -0.981820
         -0.147550       -0.170427       -0.753673
         -0.138382        0.090147       -0.446516
          0.006143        0.214903        0.035933
          0.065219        0.201719        0.492007
          0.072656        0.261907        0.546901
          0.166332        0.456553        0.160577
          0.279645        0.561853       -0.240828
          0.220103        0.406973       -0.243613
         -0.023540        0.145778        0.105724
         -0.263764        0.017365        0.425746
         -0.381543       -0.007135        0.440098
         -0.432166       -0.128766        0.178512
         -0.468943       -0.358990       -0.163999
         -0.420793       -0.468939       -0.413809
         -0.225083       -0.314249       -0.475504
          0.012548       -0.052438       -0.341098
          0.109150        0.051358       -0.105911
          0.042166       -0.040497        0.081490
         -0.017208       -0.118107        0.122009
          0.054291       -0.033999        0.008868
          0.165350        0.109471       -0.179379
          0.161972        0.150624       -0.275702
          0.048159        0.103158       -0.114598
         -0.054895        0.069915        0.258272
         -0.089735        0.043821        0.559415
         -0.067825       -0.040845        0.590800
          0.039195       -0.141998        0.504510
          0.244334       -0.143219        0.593387
          0.415004       -0.002241        0.888851
          0.375429        0.216857        1.115627
          0.140701        0.393009        0.997952
         -0.094077        0.398294        0.492489
         -0.193263        0.200605       -0.230668
         -0.189148       -0.059186       -0.923186
         -0.165836       -0.191766       -1.393536
         -0.152532       -0.163169       -1.587080
         -0.143540       -0.069985       -1.547856
         -0.129145        0.055290       -1.309461
         -0.072338        0.243840       -0.864585
          0.071388        0.385827       -0.235363
          0.260006        0.234050        0.471376
          0.355363       -0.276787        1.068783
          0.279856       -0.852806        1.340556
          0.130926       -1.111858        1.172694
          0.058117       -0.945748        0.697460
          0.073457       -0.508505        0.228350
          0.070245        0.037467       -0.021464
         -0.014716        0.581612       -0.098441
         -0.142245        0.940906       -0.142028
         -0.236040        0.914437       -0.141487
         -0.246808        0.522423        0.051553
         -0.194090        0.050065        0.481604
         -0.167210       -0.208137        0.928705
         -0.216456       -0.187351        1.039446
         -0.249226       -0.044545        0.630204
         -0.141625        0.021870       -0.146438
          0.058773       -0.038755       -0.917619
          0.182334       -0.080987       -1.343662
          0.184166        0.056190       -1.295678
          0.179702        0.304021       -0.875983
          0.233007        0.385945       -0.314181
          0.285447        0.142063        0.177013
          0.296219       -0.242870        0.485995
          0.271112       -0.426132        0.583914
          0.162001       -0.287433        0.468158
         -0.074793       -0.028386        0.160243
         -0.345879        0.089357       -0.258251
         -0.518154       -0.009768       -0.671324
         -0.577505       -0.233882       -0.997664
         -0.529477       -0.451132       -1.167297
         -0.289682       -0.542109       -1.048222
          0.115910       -0.423853       -0.544677
          0.408535       -0.111500        0.184839
          0.368579        0.247358        0.761998
          0.154675        0.442053        0.942067
          0.070250        0.355342        0.833729
          0.143585        0.084379        0.690435
          0.180633       -0.127788        0.592141
          0.109881       -0.127464        0.443864
          0.020424        0.010815        0.212604
         -0.052112        0.121682        0.015012
         -0.130256        0.173105       -0.042043
         -0.139494        0.267092        0.010653
          0.023703        0.431146        0.086137
          0.278306        0.512054        0.152132
          0.391598        0.345355        0.184476
          0.240082        0.002060        0.101181
         -0.068454       -0.225983       -0.138791
         -0.325089       -0.151367       -0.417606
         -0.406086        0.056832       -0.546213
         -0.345840        0.067253       -0.438536
         -0.247766       -0.183273       -0.131016
         -0.124689       -0.408767        0.282919
          0.097718       -0.362128        0.635211
          0.376594       -0.147398        0.705117
          0.490260       -0.044917        0.419428
          0.299662       -0.131245       -0.004258
         -0.050185       -0.207651       -0.241825
         -0.319224       -0.091410       -0.187167
         -0.436434        0.131557       -0.014930
         -0.435691        0.212052        0.057054
         -0.275531        0.063684       -0.031200
          0.072360       -0.108807       -0.226796
          0.440193       -0.050602       -0.491425
          0.580570        0.240363       -0.790661
          0.446135        0.525366       -1.011639
          0.194068        0.601716       -1.008169
         -0.052577        0.483027       -0.746492
         -0.270058        0.312079       -0.343515
         -0.384557        0.184594        0.053578
         -0.281938        0.099016        0.377514
         -0.022047        0.019034        0.614178
          0.154705       -0.084628        0.722002
          0.122427       -0.233614        0.655829
          0.002351       -0.406215        0.474241
         -0.071497       -0.500932        0.331837
         -0.123545       -0.429089        0.316877
         -0.179202       -0.269242        0.374474
         -0.142190       -0.213534        0.431235
          0.034187       -0.300837        0.485596
          0.217673       -0.337632        0.511102
          0.268749       -0.192046        0.395684
          0.203698       -0.031216        0.077147
          0.089210       -0.095153       -0.346964
         -0.061962       -0.323486       -0.715425
         -0.184540       -0.405527       -0.924840
         -0.137372       -0.169793       -0.918564
          0.073244        0.251420       -0.678962
          0.225163        0.619062       -0.297738
          0.179305        0.773035        0.048233
          0.058053        0.645384        0.252637
         -0.016711        0.290626        0.341533
         -0.131387       -0.063011        0.375569
         -0.334632       -0.159855        0.390505
         -0.410597        0.015643        0.425597
         -0.152186        0.210559        0.491928
          0.271444        0.180465        0.513274
          0.455106       -0.071473        0.396268
          0.229761       -0.341207        0.143990
         -0.163673       -0.441314       -0.161704
         -0.381779       -0.354267       -0.429443
         -0.343562       -0.207061       -0.565532
         -0.221083       -0.106918       -0.521566
         -0.150935       -0.020512       -0.390588
         -0.106519        0.130531       -0.337348
         -0.049381        0.283881       -0.381349
         -0.022479        0.284482       -0.371024
         -0.023111        0.136170       -0.214622
          0.061208        0.028905        0.005007
          0.285853        0.058283        0.203040
          0.513990        0.110065        0.415601
          0.538614        0.094868        0.631228
          0.306049        0.084433        0.649117
         -0.020905        0.124163        0.312141
         -0.220949        0.127048       -0.173564
         -0.232783        0.061711       -0.373018
         -0.181720        0.042863       -0.112856
         -0.168586        0.108767        0.329229
         -0.136113        0.078417        0.572962
         -0.030991       -0.218353        0.518644
          0.043610       -0.658233        0.311362
         -0.004950       -0.903720        0.072206
         -0.074029       -0.754432       -0.190687
         -0.032765       -0.348084       -0.453115
          0.058855        0.009082       -0.602000
          0.089671        0.168865       -0.555659
          0.111681        0.228749       -0.396930
          0.210684        0.302931       -0.282788
          0.305878        0.347192       -0.211211
          0.282331        0.295901       -0.007614
          0.185713        0.227592        0.367322
          0.101538        0.237732        0.628868
         -0.003000        0.255287        0.471361
         -0.140423        0.164233       -0.005535
         -0.191419        0.026753       -0.387840
         -0.122435       -0.004586       -0.455194
         -0.113851        0.047607       -0.372748
         -0.262540       -0.002430       -0.334288
         -0.368619       -0.212091       -0.261850
         -0.250619       -0.377195       -0.011961
         -0.058653       -0.254962        0.307137
         -0.018544        0.138626        0.446347
         -0.069443        0.514592        0.355060
         -0.024151        0.595903        0.197958
          0.092759        0.371223        0.078799
          0.124191        0.040855       -0.042527
          0.049900       -0.214684       -0.173587
         -0.029036       -0.330366       -0.242362
         -0.052416       -0.293778       -0.244104
         -0.014090       -0.125109       -0.249033
          0.072722        0.082662       -0.249527
          0.151434        0.208032       -0.173722
          0.163384        0.212411       -0.045220
          0.127464        0.156709        0.053671
          0.092829        0.099790        0.156443
          0.051729        0.027994        0.347504
         -0.010484       -0.101412        0.542614
         -0.042721       -0.284750        0.556083
          0.000352       -0.449957        0.398655
          0.074811       -0.487199        0.288497
          0.112732       -0.332467        0.303509
          0.116488       -0.072300        0.220465
          0.132168        0.082593       -0.160191
          0.166992        0.009484       -0.654554
          0.160411       -0.175888       -0.859495
          0.033535       -0.254763       -0.661704
         -0.200863       -0.152953       -0.381763
         -0.385356        0.017023       -0.336000
         -0.358146        0.126514       -0.433520
         -0.149161        0.168000       -0.361553
          0.051415        0.220809       -0.043828
          0.107269        0.327720        0.297458
          0.035477        0.431356        0.492127
         -0.072137        0.434413        0.605438
         -0.140738        0.315706        0.727092
         -0.146457        0.161400        0.782487
         -0.109429        0.061593        0.673990
         -0.053281        0.009232        0.465880
          0.003265       -0.054200        0.279192
          0.004045       -0.127263        0.091002
         -0.097265       -0.153176       -0.203844
         -0.206184       -0.122162       -0.567002
         -0.143912       -0.096050       -0.800481
          0.104996       -0.121933       -0.765537
          0.349362       -0.181715       -0.504517
          0.431907       -0.245980       -0.138139
          0.362636       -0.319537        0.229791
          0.221368       -0.394291        0.473946
          0.080122       -0.402788        0.463404
         -0.010352       -0.275170        0.217823
         -0.064162       -0.022031       -0.041617
         -0.122183        0.284873       -0.095974
         -0.139007        0.584460        0.060019
         -0.048969        0.816599        0.255240
          0.058831        0.874131        0.324714
          0.026008        0.662334        0.214815
         -0.117697        0.217780       -0.024289
         -0.183783       -0.287049       -0.299741
         -0.112740       -0.648949       -0.545151
         -0.040196       -0.731765       -0.719575
         -0.054113       -0.546354       -0.736018
         -0.065107       -0.276836       -0.483327
          0.005836       -0.126882        0.009745
          0.056837       -0.099607        0.509388
         -0.033536       -0.037448        0.771297
         -0.165544        0.115123        0.764034
         -0.137858        0.244376        0.625338
          0.022772        0.272579        0.437420
          0.081210        0.246218        0.153909
         -0.034916        0.181469       -0.235082
         -0.120868        0.005989       -0.577249
         -0.011276       -0.268988       -0.689055
          0.208994       -0.465805       -0.567129
          0.375934       -0.428205       -0.379613
          0.424058       -0.205477       -0.260722
          0.337876        0.029033       -0.190085
          0.123886        0.174026       -0.078793
         -0.112549        0.231328        0.090016
         -0.232950        0.200310        0.236072
         -0.245764        0.066864        0.266964
         -0.265113       -0.103371        0.154993
         -0.279520       -0.185393       -0.056047
         -0.149088       -0.149748       -0.268037
          0.121282       -0.095764       -0.347293
          0.298038       -0.081805       -0.204954
          0.214946       -0.024219        0.097703
          0.005715        0.163275        0.386910
         -0.094146        0.413311        0.548234
         -0.064664        0.566011        0.589323
         -0.055037        0.526662        0.532787
         -0.103224        0.313843        0.366070
         -0.109356        0.029058        0.119666
         -0.055951       -0.182556       -0.116658
         -0.034150       -0.239099       -0.278933
         -0.047937       -0.218870       -0.352534
         -0.003845       -0.238454       -0.329929
          0.092109       -0.240665       -0.220703
          0.124839       -0.076233       -0.062201
          0.067640        0.201289        0.139303
          0.015617        0.339279        0.399420
          0.025042        0.223653        0.628658
          0.064835        0.002334        0.629433
          0.100478       -0.169181        0.314078
          0.103213       -0.285291       -0.161782
          0.034073       -0.340545       -0.557673
         -0.067678       -0.256403       -0.754332
         -0.066701       -0.056186       -0.752629
          0.077948        0.087320       -0.586772
          0.201513        0.097351       -0.329875
          0.138895        0.124964       -0.107971
         -0.055892        0.314503       -0.017810
         -0.219899        0.566198       -0.045577
         -0.301141        0.655617       -0.083728
         -0.325609        0.497568       -0.007499
         -0.254160        0.183093        0.221418
         -0.048852       -0.164485        0.462245
          0.181846       -0.454484        0.471264
          0.265406       -0.606668        0.180550
          0.165372       -0.579689       -0.151070
         -0.005669       -0.406165       -0.192956
         -0.131311       -0.142943        0.080793
         -0.173357        0.154371        0.382846
         -0.156573        0.347983        0.448720
         -0.123355        0.222909        0.268951
         -0.073005       -0.268796        0.013144
          0.043690       -0.814212       -0.157692
          0.219849       -0.968828       -0.196030
          0.337691       -0.614947       -0.175622
          0.302852       -0.064753       -0.216374
          0.170693        0.322144       -0.355648
          0.047759        0.488092       -0.496207
         -0.050703        0.593365       -0.512987
         -0.141414        0.724498       -0.387018
         -0.168089        0.801113       -0.203036
         -0.080034        0.711568       -0.050882
          0.060137        0.446073        0.042454
          0.147738        0.105519        0.124036
          0.149482       -0.176151        0.275976
          0.091938       -0.327622        0.524862
          0.009837       -0.382433        0.795067
         -0.069431       -0.412961        0.983444
         -0.140396       -0.419662        1.027794
         -0.202704       -0.339741        0.867731
         -0.222217       -0.195256        0.457211
         -0.185171       -0.138715       -0.099561
         -0.161418       -0.242897       -0.549584
         -0.181247       -0.325542       -0.730921
         -0.120823       -0.158821       -0.707515
          0.095657        0.185540       -0.605736
          0.283520        0.407065       -0.463613
          0.241103        0.380601       -0.310752
          0.089108        0.258838       -0.226660
          0.070879        0.162749       -0.211003
          0.135760        0.037614       -0.135411
          0.059591       -0.119748        0.065032
         -0.115060       -0.163550        0.267193
         -0.121510       -0.053879        0.331211
          0.083938        0.020373        0.298942
          0.253093       -0.081746        0.311604
          0.228799       -0.236943        0.386259
          0.103172       -0.253468        0.374069
         -0.023168       -0.130886        0.145609
         -0.167238        0.000902       -0.229500
         -0.308201        0.085566       -0.527708
         -0.339633        0.170741       -0.605398
         -0.231448        0.296859       -0.532796
         -0.066308        0.427737       -0.448314
          0.103481        0.478417       -0.363837
          0.278850        0.405876       -0.220804
          0.395346        0.270307       -0.058066
          0.336195        0.156761        0.033985
          0.093164        0.040371        0.085894
         -0.175057       -0.166509        0.216314
         -0.269624       -0.414961        0.438439
         -0.122909       -0.510790        0.632499
          0.128242       -0.376281        0.697320
          0.243346       -0.187088        0.612475
          0.100586       -0.141218        0.381994
         -0.189549       -0.200773        0.051546
         -0.418755       -0.190220       -0.229243
         -0.471856       -0.060527       -0.296841
         -0.350478        0.097146       -0.160833
         -0.110065        0.237161       -0.019443
          0.145027        0.385100       -0.052709
          0.288277        0.500020       -0.241335
          0.288849        0.474027       -0.411522
          0.248640        0.283703       -0.427773
          0.242917        0.033687       -0.305544
          0.194192       -0.156340       -0.136868
          0.018834       -0.248323        0.036558
         -0.163951       -0.285955        0.212670
         -0.142209       -0.328140        0.329152
          0.070837       -0.366956        0.296691
          0.211217       -0.325180        0.156250
          0.112162       -0.164566        0.073468
         -0.085906        0.033313        0.108907
         -0.166782        0.134643        0.113294
         -0.138235        0.091594       -0.052362
         -0.159939       -0.003547       -0.288446
         -0.255409       -0.006405       -0.359042
         -0.263552        0.115381       -0.169322
         -0.085484        0.209660        0.144162
          0.153899        0.096489        0.362271
          0.254317       -0.185908        0.357113
          0.169288       -0.391915        0.151923
          0.017324       -0.373034       -0.119161
         -0.080135       -0.244175       -0.302716
         -0.098096       -0.155043       -0.322852
         -0.071067       -0.038715       -0.225793
         -0.021399        0.251588       -0.134112
          0.050148        0.648156       -0.129289
          0.108901        0.893795       -0.159329
          0.076402        0.836486       -0.098523
         -0.053169        0.552836        0.070024
         -0.142268        0.185189        0.200092
         -0.081391       -0.198024        0.182747
          0.028344       -0.538609        0.121018
          0.026036       -0.711554        0.183187
         -0.048717       -0.623062        0.333715
         -0.039422       -0.355075        0.358428
          0.055708       -0.110937        0.168303
          0.099415        0.010961       -0.052689
          0.050588        0.108500       -0.081528
          0.006312        0.284857        0.042885
          0.040499        0.449103        0.087264
          0.124090        0.408394       -0.029878
          0.183711        0.114526       -0.143454
          0.175472       -0.269390       -0.138979
          0.117805       -0.519072       -0.132772
          0.062293       -0.519450       -0.234922
          0.024272       -0.337691       -0.327688
         -0.020958       -0.157509       -0.256116
         -0.069129       -0.092607       -0.099982
         -0.080980       -0.077371       -0.062449
         -0.053918       -0.000313       -0.159336
         -0.037553        0.117164       -0.200640
         -0.076624        0.176520       -0.072861
         -0.175427        0.168319        0.117748
         -0.285563        0.155596        0.231164
         -0.300750        0.143288        0.292678
         -0.136442        0.095433        0.400947
          0.134208        0.048521        0.519573
          0.303253        0.081886        0.504313
          0.258940        0.182071        0.320431
          0.122588        0.235717        0.093618
          0.067828        0.172253       -0.081143
          0.077254        0.053695       -0.255890
          0.010485       -0.001535       -0.490079
         -0.135119        0.047813       -0.692779
         -0.206305        0.145505       -0.706630
         -0.137361        0.230446       -0.505587
         -0.035651        0.277398       -0.208695
          0.002344        0.247293        0.080522
         -0.005459        0.105422        0.326832
         -0.030479       -0.084945        0.450008
         -0.074863       -0.204614        0.328051
         -0.090046       -0.242783        0.011878
         -0.013785       -0.293679       -0.210007
          0.100736       -0.371029       -0.123796
          0.140027       -0.376442        0.124995
          0.108113       -0.289062        0.227993
          0.108895       -0.233473        0.120381
          0.171582       -0.285223       -0.002074
          0.229144       -0.322946       -0.031715
          0.236942       -0.174190       -0.089249
          0.181464        0.133103       -0.265081
          0.026531        0.353070       -0.411541
         -0.202759        0.285685       -0.322155
         -0.345037        0.020756       -0.014674
         -0.276076       -0.143698        0.303936
         -0.107301       -0.036406        0.508047
         -0.044499        0.207048        0.643165
         -0.088482        0.343502        0.738699
         -0.056818        0.318534        0.689053
          0.099990        0.270011        0.424795
          0.190994        0.290770        0.101437
          0.059462        0.308153       -0.044239
         -0.180264        0.201109       -0.007085
         -0.296729       -0.052964       -0.020425
         -0.239682       -0.365681       -0.219237
         -0.134879       -0.606788       -0.448089
         -0.031444       -0.666831       -0.477186
          0.142355       -0.507850       -0.293465
          0.343400       -0.196304       -0.086917
          0.359793        0.119350       -0.020136
          0.113255        0.284502       -0.096977
         -0.164737        0.226314       -0.214164
         -0.212664        0.015569       -0.251404
         -0.062578       -0.156021       -0.130402
          0.064334       -0.128227        0.106633
          0.072291        0.053946        0.261834
          0.035923        0.170723        0.144564
          0.005803        0.088416       -0.175619
         -0.049113       -0.059670       -0.386483
         -0.113532       -0.032663       -0.276377
         -0.099272        0.214270        0.031171
          0.016726        0.481299        0.256258
          0.141636        0.557722        0.282567
          0.189782        0.405809        0.206709
          0.164474        0.129152        0.134837
          0.096930       -0.136562        0.048078
          0.000224       -0.302199       -0.110721
         -0.089821       -0.369961       -0.287264
         -0.112067       -0.385349       -0.330611
         -0.049276       -0.322192       -0.174057
          0.046840       -0.113793        0.061089
          0.103324        0.159125        0.188776
          0.078087        0.265893        0.131856
         -0.001190        0.112236       -0.063623
         -0.045540       -0.105079       -0.291881
         -0.019009       -0.141108       -0.402107
         -0.016736        0.010927       -0.270663
         -0.111038        0.174480        0.039146
         -0.180909        0.224766        0.288992
         -0.084524        0.166716        0.326146
          0.065328        0.061095        0.233862
          0.045465       -0.029923        0.161344
         -0.110140       -0.070133        0.135466
         -0.158074       -0.080497        0.116499
         -0.022899       -0.105122        0.106941
          0.139251       -0.134501        0.106073
          0.215268       -0.127553        0.055121
          0.219564       -0.104203       -0.073161
          0.148449       -0.116918       -0.195202
         -0.010323       -0.120986       -0.219336
         -0.156131        0.010036       -0.179219
         -0.163154        0.296678       -0.161735
         -0.057970        0.580007       -0.142213
          0.035983        0.685717       -0.029747
          0.073033        0.579567        0.135816
          0.081408        0.323944        0.194083
          0.060610       -0.018598        0.094064
          0.002571       -0.372710       -0.035698
         -0.047680       -0.622006       -0.069825
         -0.046917       -0.683358        0.003952
         -0.015384       -0.590926        0.163941
          0.011046       -0.458061        0.382495
          0.026257       -0.367460        0.549851
          0.021435       -0.321071        0.519016
         -0.022650       -0.270507        0.275870
         -0.091590       -0.166078       -0.034309
         -0.142594        0.009887       -0.279899
         -0.156315        0.233162       -0.456942
         -0.141126        0.446007       -0.597364
         -0.101246        0.562626       -0.646001
         -0.037869        0.498584       -0.509272
          0.038318        0.266984       -0.204736
          0.123785        0.034342        0.114681
          0.222834       -0.018911        0.304955
          0.303758        0.094580        0.344904
          0.291163        0.189780        0.282961
          0.144927        0.132432        0.140756
         -0.079413       -0.051555       -0.063805
         -0.282270       -0.272333       -0.250504
         -0.389043       -0.468382       -0.328954
         -0.343601       -0.586647       -0.292598
         -0.128467       -0.558499       -0.177813
          0.147933       -0.343451        0.020660
          0.298352        0.018756        0.278663
          0.271668        0.406506        0.442054
          0.198923        0.666076        0.354463
          0.158677        0.698152        0.077361
          0.071568        0.532419       -0.151412
         -0.076889        0.297742       -0.182795
         -0.122698        0.088676       -0.075508
          0.010383       -0.103428        0.038908
          0.128490       -0.290672        0.094243
          0.046370       -0.385555        0.074374
         -0.117714       -0.287624       -0.028620
         -0.137612       -0.050415       -0.162867
         -0.029353        0.130103       -0.181692
          0.020785        0.120079        0.028906
         -0.033222       -0.008613        0.373721
         -0.093483       -0.076130        0.586472
         -0.145716       -0.011194        0.489689
         -0.251870        0.084675        0.168555
         -0.351367        0.093522       -0.139998
         -0.293652        0.030133       -0.278656
         -0.077695       -0.014129       -0.259788
          0.120745       -0.021158       -0.179004
          0.179350       -0.058167       -0.107664
          0.145725       -0.150610       -0.074950
          0.114789       -0.225491       -0.092997
          0.106501       -0.218213       -0.138969
          0.079120       -0.174760       -0.135326
         -0.000206       -0.173683       -0.022461
         -0.091640       -0.176640        0.146137
         -0.083653       -0.058557        0.245459
          0.078958        0.195604        0.218445
          0.278776        0.419412        0.118736
          0.340126        0.440532        0.022453
          0.247309        0.262901       -0.043332
          0.129621        0.032592       -0.083939
          0.053702       -0.113451       -0.100505
         -0.024639       -0.122172       -0.091076
         -0.117041       -0.018704       -0.070424
         -0.164198        0.102865       -0.067662
         -0.149388        0.120531       -0.095531
         -0.123237       -0.006330       -0.129025
         -0.107903       -0.168619       -0.123454
         -0.086377       -0.210371       -0.053926
         -0.082076       -0.110475        0.057406
         -0.128949       -0.001228        0.151244
         -0.159051        0.007118        0.189850
         -0.054624       -0.052050        0.206716
          0.156591       -0.078420        0.253333
          0.288760       -0.031403        0.294786
          0.229854        0.045293        0.228621
          0.066122        0.068652        0.028642
         -0.071451       -0.020388       -0.194579
         -0.153281       -0.185913       -0.302945
         -0.183694       -0.301563       -0.259248
         -0.125148       -0.278446       -0.141520
          0.015080       -0.161551       -0.068738
          0.125857       -0.044766       -0.109782
          0.121110        0.063100       -0.226353
          0.056105        0.209005       -0.301566
          0.026280        0.373798       -0.254617
          0.022392        0.474110       -0.133218
         -0.012453        0.466469       -0.067395
         -0.048228        0.372486       -0.122849
         -0.009831        0.229037       -0.223914
          0.083524        0.084019       -0.234034
          0.126332       -0.001913       -0.092290
          0.067257       -0.023380        0.137679
         -0.021191       -0.051501        0.330876
         -0.023580       -0.124092        0.404285
          0.074938       -0.185575        0.378913
          0.140202       -0.198685        0.349288
          0.038241       -0.216791        0.377660
         -0.164416       -0.263720        0.410945
         -0.251044       -0.248649        0.317757
         -0.136659       -0.097382        0.033703
          0.023944        0.124656       -0.326501
          0.063478        0.302577       -0.541094
          0.007824        0.387552       -0.495574
         -0.019640        0.353270       -0.284994
          0.009984        0.159649       -0.066064
          0.018869       -0.139191        0.120952
         -0.053618       -0.353613        0.306488
         -0.167341       -0.344635        0.448410
         -0.213668       -0.193592        0.455767
         -0.138897       -0.088433        0.310482
         -0.026724       -0.087413        0.060937
          0.002912       -0.091222       -0.250037
         -0.032613       -0.021554       -0.542038
         -0.005337        0.071686       -0.646867
          0.124045        0.092720       -0.444249
          0.250502        0.020726       -0.041263
          0.277208       -0.081301        0.289818
          0.211671       -0.147536        0.370890
          0.104238       -0.168586        0.255996
         -0.004489       -0.166272        0.107416
         -0.071587       -0.133834        0.002043
         -0.072351       -0.041868       -0.094013
         -0.029529        0.095535       -0.193474
          0.023891        0.214913       -0.212973
          0.068870        0.281120       -0.076431
          0.062553        0.309746        0.143926
         -0.029949        0.284355        0.269468
         -0.132882        0.130705        0.225812
         -0.118332       -0.156858        0.147287
         -0.015206       -0.422537        0.200934
          0.000538       -0.483649        0.347900
         -0.104197       -0.345400        0.381309
         -0.132253       -0.189119        0.193086
          0.020391       -0.138987       -0.098268
          0.158413       -0.130199       -0.292387
          0.087201       -0.035745       -0.292851
         -0.068492        0.162437       -0.152930
         -0.074927        0.375987       -0.024349
          0.040922        0.510738       -0.058235
          0.082768        0.518399       -0.277134
          0.015826        0.416250       -0.539599
         -0.040143        0.284731       -0.671562
         -0.045879        0.173841       -0.603114
         -0.057783        0.029469       -0.356875
         -0.089937       -0.174700        0.000889
         -0.110239       -0.289264        0.335063
         -0.091960       -0.159902        0.484438
          0.001539        0.090362        0.430337
          0.166512        0.172604        0.321694
          0.275689        0.029493        0.246295
          0.201676       -0.101593        0.115535
          0.021281       -0.062171       -0.112689
         -0.075327        0.012459       -0.262198
         -0.061190       -0.048237       -0.162910
         -0.067598       -0.171732        0.070371
         -0.120626       -0.188630        0.167135
         -0.100382       -0.117621        0.047447
          0.015994       -0.099997       -0.118151
          0.086466       -0.135071       -0.163829
          0.040442       -0.103278       -0.102671
         -0.008866       -0.016549       -0.034878
          0.028136       -0.022636        0.009225
          0.070706       -0.147301        0.079308
          0.030454       -0.227327        0.197767
         -0.035708       -0.140893        0.294939
         -0.050282        0.054652        0.273273
         -0.051291        0.256107        0.127392
         -0.084888        0.435751       -0.031655
         -0.090703        0.569939       -0.088714
         -0.013055        0.573764       -0.035892
          0.077007        0.390518        0.047812
          0.074533        0.081567        0.096649
         -0.013550       -0.221946        0.105271
         -0.086868       -0.413147        0.099832
         -0.077334       -0.439155        0.097421
         -0.018548       -0.303109        0.083338
          0.004728       -0.089195        0.014668
         -0.025632        0.044829       -0.125154
         -0.024432       -0.027236       -0.264652
          0.067457       -0.263104       -0.288298
          0.167017       -0.445617       -0.172367
          0.158853       -0.369640       -0.023912
          0.067853       -0.057529        0.055816
         -0.003875        0.245236        0.085951
         -0.053377        0.319419        0.127930
         -0.137685        0.187937        0.162335
         -0.211399        0.045630        0.129679
         -0.170231        0.012121        0.041669
         -0.028692        0.027246       -0.040576
          0.093775       -0.013935       -0.103194
          0.147206       -0.100221       -0.175108
          0.183711       -0.117899       -0.257269
          0.223019        0.006544       -0.315669
          0.201078        0.215805       -0.314991
          0.073455        0.376783       -0.229763
         -0.108973        0.406834       -0.073327
         -0.249699        0.325037        0.068382
         -0.280253        0.184488        0.109436
         -0.184693        0.006831        0.089399
         -0.012092       -0.179722        0.129950
          0.134519       -0.301228        0.241289
          0.179658       -0.317164        0.293660
          0.139034       -0.288858        0.229559
          0.058811       -0.280041        0.163224
         -0.056417       -0.247122        0.182584
         -0.184385       -0.129691        0.190853
         -0.227107        0.013660        0.068165
         -0.118812        0.072869       -0.120235
          0.058710        0.037364       -0.209659
          0.164488       -0.021806       -0.151525
          0.160114       -0.071284       -0.033429
          0.111755       -0.120391        0.049366
          0.079153       -0.138712        0.054318
          0.064891       -0.057307       -0.016040
          0.037231        0.138514       -0.108482
         -0.034727        0.357945       -0.144920
         -0.133744        0.461443       -0.095517
         -0.174422        0.374275        0.000474
         -0.091241        0.158852        0.088736
          0.048416       -0.031797        0.135491
          0.105757       -0.093259        0.119971
          0.065165       -0.051644        0.038807
          0.061706        0.010463       -0.079629
          0.165567        0.064412       -0.184688
          0.249709        0.111033       -0.224341
          0.157450        0.089839       -0.174340
         -0.081736       -0.070883       -0.080186
         -0.292689       -0.301087       -0.038500
         -0.350850       -0.405900       -0.081291
         -0.265516       -0.291437       -0.116667
         -0.118825       -0.077275       -0.049383
          0.010429        0.077395        0.084038
          0.084554        0.157239        0.168204
          0.109278        0.217197        0.153124
          0.100700        0.231699        0.086957
          0.059558        0.147131        0.042645
         -0.006061        0.019276        0.052857
         -0.057784       -0.045663        0.092755
         -0.060709       -0.064113        0.114169
         -0.024687       -0.152936        0.108964
          0.017978       -0.324516        0.117583
          0.058731       -0.422483        0.160978
          0.103032       -0.302605        0.199325
          0.131588       -0.003869        0.172912
          0.115864        0.294025        0.057120
          0.068665        0.437779       -0.117675
          0.033350        0.412363       -0.274642
          0.015739        0.323458       -0.343188
         -0.023222        0.270704       -0.330502
         -0.087949        0.225720       -0.302458
         -0.121073        0.081745       -0.273715
         -0.094154       -0.149285       -0.184244
         -0.059314       -0.281641       -0.015373
         -0.054349       -0.184142        0.156475
         -0.030753        0.013425        0.265348
          0.047942        0.063465        0.320564
          0.111537       -0.086381        0.316348
          0.077497       -0.245221        0.194031
         -0.023991       -0.240865       -0.019098
         -0.102785       -0.115969       -0.147129
         -0.125027       -0.028577       -0.070983
         -0.105953       -0.042696        0.079850
         -0.052770       -0.075995        0.083187
          0.018375       -0.018802       -0.074452
          0.061939        0.135419       -0.201724
          0.049773        0.271866       -0.187401
          0.002293        0.265888       -0.119564
         -0.044065        0.119659       -0.098878
         -0.063547       -0.042932       -0.089073
         -0.040610       -0.133570       -0.023599
          0.014590       -0.187133        0.053234
          0.062214       -0.246210        0.048179
          0.077611       -0.245788       -0.027413
          0.074875       -0.114174       -0.051319
          0.065935        0.074244        0.053828
          0.046843        0.169721        0.210182
          0.042002        0.137844        0.270808
          0.089097        0.069023        0.191569
          0.153457        0.029046        0.058041
          0.134800        0.011647       -0.047757
         -0.003476        0.015525       -0.127244
         -0.170722        0.055640       -0.201794
         -0.243485        0.101852       -0.253672
         -0.180999        0.099847       -0.260856
         -0.033862        0.058199       -0.224971
          0.120067        0.043355       -0.140150
          0.225804        0.080583        0.002459
          0.255983        0.112153        0.156068
          0.195117        0.063753        0.230359
          0.046293       -0.079097        0.194878
         -0.143674       -0.261920        0.113501
         -0.296090       -0.399613        0.049953
         -0.353340       -0.421316        0.008129
         -0.305548       -0.310257       -0.003204
         -0.175195       -0.122840        0.059883
         -0.014177        0.044022        0.179362
          0.093300        0.128184        0.239510
          0.088109        0.149659        0.173383
          0.014110        0.176327        0.066316
         -0.016622        0.243212        0.024866
          0.043676        0.310243        0.023786
          0.134684        0.301871       -0.013020
          0.184628        0.191622       -0.057429
          0.180389        0.043770       -0.032584
          0.135404       -0.045878        0.027032
          0.067140       -0.054154        0.012490
          0.010834       -0.047336       -0.072975
         -0.015763       -0.079579       -0.097689
         -0.045050       -0.116965        0.001831
         -0.092907       -0.105290        0.120156
         -0.110862       -0.076325        0.129860
         -0.074460       -0.116434        0.038706
         -0.037116       -0.234651       -0.066390
         -0.019722       -0.325129       -0.150906
          0.039333       -0.275521       -0.210005
          0.135526       -0.076081       -0.177404
          0.143355        0.179617       -0.002326
          0.020949        0.364023        0.190548
         -0.085532        0.388392        0.181272
         -0.065879        0.257540       -0.055168
         -0.014695        0.075831       -0.282933
         -0.046966       -0.030826       -0.299338
         -0.102123       -0.028333       -0.162682
         -0.065475        0.001184       -0.049106
          0.048504       -0.027779       -0.009673
          0.145337       -0.083991        0.028704
          0.168071       -0.059021        0.108544
          0.094154        0.070624        0.190382
         -0.064999        0.172736        0.221566
         -0.211471        0.086278        0.191480
         -0.226316       -0.187316        0.129613
         -0.117845       -0.443026        0.080576
          0.000154       -0.455099        0.074325
          0.067709       -0.211686        0.102494
          0.100154        0.072990        0.115827
          0.085757        0.196165        0.047254
         -0.000189        0.154644       -0.133301
         -0.099643        0.071765       -0.354853
         -0.112924        0.023709       -0.463267
         -0.025816       -0.002309       -0.361920
          0.089246       -0.043156       -0.129444
          0.173795       -0.116683        0.053456
          0.214281       -0.202807        0.089544
          0.199346       -0.227489        0.032617
          0.114246       -0.110142       -0.015024
         -0.022508        0.134396       -0.012914
         -0.157030        0.379789        0.011953
         -0.241374        0.508012        0.017316
         -0.257415        0.512138       -0.013764
         -0.204807        0.457187       -0.056457
         -0.100637        0.383444       -0.059513
          0.002208        0.282777        0.005995
          0.046133        0.140282        0.113295
          0.046483       -0.028868        0.206452
          0.083501       -0.174739        0.251846
          0.173907       -0.249140        0.254144
          0.217454       -0.260769        0.238275
          0.138590       -0.270638        0.230113
          0.011445       -0.314432        0.239686
         -0.045664       -0.363787        0.249232
         -0.037562       -0.380593        0.226470
         -0.051294       -0.361373        0.150162
         -0.097314       -0.308816        0.009500
         -0.104139       -0.214615       -0.206016
         -0.052046       -0.092715       -0.475692
         -0.007217        0.023886       -0.703967
         -0.010979        0.134653       -0.755757
         -0.019156        0.261284       -0.574314
          0.016172        0.375456       -0.254872
          0.068151        0.406430        0.024028
          0.081744        0.341756        0.143150
          0.054656        0.254969        0.108327
          0.029203        0.205499       -0.002194
          0.033142        0.166918       -0.108453
          0.060712        0.089650       -0.141633
          0.088991       -0.006478       -0.053100
          0.090016       -0.051618        0.128056
          0.044685       -0.027603        0.278408
         -0.036945       -0.000653        0.294714
         -0.114610       -0.034547        0.220354
         -0.144951       -0.109383        0.192402
         -0.112274       -0.159699        0.262294
         -0.038002       -0.168567        0.337429
          0.034033       -0.178411        0.312303
          0.063086       -0.208695        0.185776
          0.037010       -0.215180        0.019201
         -0.013879       -0.167150       -0.147797
         -0.041179       -0.119712       -0.281023
         -0.035409       -0.135426       -0.313032
         -0.037847       -0.157455       -0.210421
         -0.069387       -0.064393       -0.054269
         -0.080872        0.134932        0.035115
         -0.016758        0.273343        0.048147
          0.098791        0.243464        0.082965
          0.180475        0.144100        0.193795
          0.168897        0.129199        0.312897
          0.077538        0.187783        0.329710
         -0.025036        0.174954        0.195785
         -0.069405        0.024461       -0.048414
         -0.044593       -0.168342       -0.303915
         -0.007579       -0.273391       -0.464027
         -0.018886       -0.253914       -0.473947
         -0.076710       -0.153962       -0.362544
         -0.130094       -0.038356       -0.205645
         -0.142264        0.014652       -0.055269
         -0.118386       -0.062623        0.077109
         -0.081870       -0.229118        0.173639
         -0.050920       -0.303918        0.197816
         -0.035157       -0.134905        0.158302
         -0.028415        0.202087        0.137132
         -0.006608        0.460753        0.195913
          0.040855        0.490628        0.275810
          0.084980        0.362763        0.252554
          0.094092        0.220849        0.087505
          0.083569        0.107714       -0.130444
          0.088798       -0.015041       -0.292063
          0.103614       -0.152199       -0.354418
          0.092952       -0.252312       -0.310115
          0.055986       -0.278529       -0.147721
          0.029620       -0.247352        0.099582
          0.034849       -0.189941        0.308515
          0.058227       -0.113841        0.346529
          0.078996       -0.022712        0.213280
          0.083466        0.062485        0.058784
          0.064133        0.136514        0.031558
          0.028207        0.228591        0.125732
         -0.008091        0.336476        0.205629
         -0.043240        0.373142        0.169424
         -0.082183        0.252271        0.047984
         -0.107409        0.015370       -0.063282
         -0.101676       -0.200260       -0.123608
         -0.093924       -0.311925       -0.164793
         -0.121971       -0.333542       -0.216179
         -0.147637       -0.286814       -0.256709
         -0.086940       -0.170481       -0.247843
          0.052527       -0.016603       -0.183460
          0.149797        0.111740       -0.091049
          0.126770        0.179571       -0.008585
          0.036943        0.175102        0.020179
         -0.048648        0.076560       -0.036892
         -0.134165       -0.101355       -0.146689
         -0.209451       -0.254352       -0.204282
         -0.189383       -0.264496       -0.133685
         -0.042888       -0.134146        0.019402
          0.118084        0.014775        0.141396
          0.177089        0.086858        0.179766
          0.151502        0.107308        0.167091
          0.112051        0.150645        0.130522
          0.066524        0.228300        0.048851
          0.007818        0.286280       -0.074305
         -0.022335        0.278625       -0.156364
         -0.004774        0.203671       -0.120054
          0.006987        0.088297       -0.005572
         -0.018178       -0.034027        0.076154
         -0.026600       -0.136740        0.097726
          0.019366       -0.205432        0.141984
          0.060977       -0.234259        0.259518
          0.038750       -0.225738        0.380006
         -0.001913       -0.192032        0.399882
          0.016783       -0.141520        0.291470
          0.073743       -0.068083        0.090561
          0.073577        0.031219       -0.153673
         -0.013405        0.139293       -0.366886
         -0.104870        0.234165       -0.452459
         -0.107477        0.297776       -0.372796
         -0.020831        0.296835       -0.194992
          0.070849        0.201457       -0.018791
          0.087322        0.049970        0.096961
          0.024836       -0.064895        0.119274
         -0.051203       -0.112200        0.037633
         -0.083335       -0.152537       -0.076802
         -0.081357       -0.208928       -0.095538
         -0.087394       -0.204770        0.009274
         -0.099028       -0.099620        0.097517
         -0.073110        0.008150        0.032200
         -0.008535        0.004250       -0.136777
          0.034275       -0.083267       -0.249284
          0.028646       -0.130682       -0.248890
          0.036195       -0.077700       -0.209459
          0.103520        0.028906       -0.171103
          0.160895        0.121088       -0.078838
          0.117694        0.175607        0.093346
          0.010474        0.194522        0.269341
         -0.061076        0.163376        0.369029
         -0.098877        0.058299        0.398202
         -0.164400       -0.100530        0.397353
         -0.215007       -0.222624        0.370935
         -0.152831       -0.215824        0.311087
         -0.016533       -0.096085        0.233394
          0.049270        0.010490        0.148392
          0.013832        0.003618        0.043821
         -0.010275       -0.081486       -0.074121
          0.039150       -0.122228       -0.165216
          0.099328       -0.043466       -0.206436
          0.114500        0.106831       -0.220427
          0.107310        0.201146       -0.235842
          0.090322        0.156316       -0.255650
          0.026166        0.023613       -0.271932
         -0.073569       -0.062540       -0.271550
         -0.107601       -0.026868       -0.225942
         -0.014819        0.083921       -0.123604
          0.125007        0.169767       -0.015432
          0.195465        0.164030        0.026008
          0.186926        0.059945        0.000234
          0.154372       -0.096417       -0.022570
          0.097422       -0.226187       -0.002728
         -0.011866       -0.258610        0.030849
         -0.128616       -0.172152        0.047557
         -0.174253       -0.010376        0.045739
         -0.149271        0.132477        0.011991
         -0.112565        0.169183       -0.062370
         -0.079085        0.100669       -0.114326
         -0.025320        0.024275       -0.054442
          0.038263        0.023884        0.100370
          0.081420        0.067786        0.224326
          0.105637        0.056434        0.229253
          0.114723       -0.037389        0.139110
          0.076591       -0.116399        0.016027
         -0.023858       -0.062309       -0.101337
         -0.133292        0.115559       -0.164944
         -0.184339        0.256612       -0.106315
         -0.170590        0.206847        0.082510
         -0.131425       -0.006662        0.295070
         -0.092005       -0.213520        0.395003
         -0.047832       -0.307578        0.342529
          0.010408       -0.328699        0.196844
          0.078983       -0.326207        0.020570
          0.143393       -0.263077       -0.153298
          0.185035       -0.114003       -0.275045
          0.179991        0.047984       -0.283875
          0.107755        0.138801       -0.186095
         -0.011505        0.162319       -0.072542
         -0.103938        0.163364       -0.022158
         -0.114134        0.146190       -0.016563
         -0.076410        0.093148        0.017174
         -0.055274        0.022766        0.097292
         -0.043302       -0.013916        0.159799
          0.000743        0.016698        0.135793
          0.049684        0.097928        0.021778
          0.044652        0.172074       -0.123129
         -0.001079        0.183616       -0.219047
         -0.031881        0.125539       -0.216282
         -0.039088        0.041507       -0.133778
         -0.035859       -0.024941       -0.029611
         -0.007374       -0.065129        0.077859
          0.035306       -0.070049        0.211987
          0.031050       -0.003462        0.345963
         -0.027733        0.126595        0.378391
         -0.053192        0.209262        0.241836
          0.003406        0.145875       -0.010661
          0.058692        0.004451       -0.255946
          0.019543       -0.058926       -0.393346
         -0.067338       -0.028356       -0.368780
         -0.077933       -0.048339       -0.177030
          0.011406       -0.197001        0.095604
          0.096172       -0.359262        0.275577
          0.094117       -0.369748        0.240563
          0.052128       -0.200708        0.055708
          0.067309        0.030986       -0.099183
          0.140343        0.189805       -0.138762
          0.168867        0.220709       -0.131877
          0.089652        0.153388       -0.154841
         -0.039159        0.047344       -0.190398
         -0.127740       -0.049130       -0.201037
         -0.160842       -0.097003       -0.194101
         -0.168808       -0.071321       -0.159203
         -0.154507       -0.000110       -0.040748
         -0.107637        0.038059        0.152980
         -0.047585        0.000801        0.294914
          0.001763       -0.057937        0.277231
          0.050286       -0.054695        0.151835
          0.111130        0.019037        0.060650
          0.154140        0.094999        0.059088
          0.133149        0.108748        0.071567
          0.053578        0.048218        0.013011
         -0.025124       -0.057124       -0.099543
         -0.058616       -0.155796       -0.183456
         -0.057662       -0.192022       -0.205379
         -0.053350       -0.145172       -0.198340
         -0.051823       -0.057772       -0.169137
         -0.035200        0.007774       -0.074687
          0.006027        0.042994        0.082136
          0.050087        0.086591        0.219890
          0.064060        0.147310        0.283361
          0.051100        0.188122        0.301191
          0.043472        0.190434        0.297714
          0.033331        0.174117        0.228522
         -0.026117        0.147059        0.059525
         -0.119407        0.092694       -0.147372
         -0.153830        0.015039       -0.280718
         -0.090849       -0.056459       -0.281302
         -0.004341       -0.114597       -0.169479
          0.032941       -0.179760       -0.009568
          0.031930       -0.248090        0.116701
          0.026341       -0.277521        0.139328
          0.017059       -0.241044        0.062768
          0.002847       -0.159033       -0.015417
         -0.003826       -0.063672       -0.010106
         -0.001526        0.034143        0.038522
          0.013343        0.121813        0.030098
          0.066868        0.163929       -0.029041
          0.155134        0.139708       -0.026199
          0.198456        0.081993        0.068789
          0.119482        0.044926        0.125421
         -0.041456        0.043676        0.033142
         -0.149940        0.051205       -0.122580
         -0.125962        0.042958       -0.166356
         -0.026784        0.027408       -0.073699
          0.037025        0.043254        0.008533
          0.029257        0.125755       -0.018369
         -0.009143        0.250501       -0.079095
         -0.049437        0.317610       -0.057871
         -0.093105        0.235477        0.033305
         -0.113058        0.031682        0.087437
         -0.066240       -0.152935        0.055997
          0.021186       -0.200891        0.000921
          0.062153       -0.134382       -0.004259
          0.022706       -0.081511        0.026325
         -0.044136       -0.137185        0.023210
         -0.090100       -0.272982       -0.033525
         -0.116027       -0.374659       -0.092103
         -0.109556       -0.344050       -0.103434
         -0.030515       -0.167422       -0.063412
          0.104618        0.083833        0.015450
          0.203384        0.300967        0.115939
          0.209926        0.399344        0.196462
          0.173443        0.361384        0.213514
          0.157653        0.241443        0.173501
          0.142419        0.122599        0.122934
          0.074158        0.041735        0.078535
         -0.031434       -0.043294       -0.001600
         -0.103004       -0.183620       -0.155180
         -0.109084       -0.342896       -0.329670
         -0.085471       -0.416239       -0.387647
         -0.074401       -0.349925       -0.233933
         -0.079032       -0.196897        0.057279
         -0.081065       -0.045566        0.276157
         -0.073968        0.063478        0.266028
         -0.066490        0.141858        0.069726
         -0.061140        0.216879       -0.130652
         -0.039670        0.305027       -0.204679
          0.016593        0.390363       -0.166805
          0.087767        0.414899       -0.089233
          0.115903        0.314516       -0.000536
          0.061581        0.085293        0.084533
         -0.046447       -0.187284        0.107810
         -0.127084       -0.372159        0.032798
         -0.112918       -0.377698       -0.063252
         -0.009569       -0.219062       -0.057381
          0.100113       -0.018869        0.059627
          0.121468        0.079571        0.170598
          0.037628        0.035110        0.181752
         -0.067568       -0.055894        0.111562
         -0.096683       -0.071261        0.027882
         -0.049147        0.000007       -0.025737
         -0.011870        0.061130       -0.029314
         -0.029233        0.030678        0.015597
         -0.038196       -0.081435        0.065459
          0.020814       -0.212497        0.063665
          0.089328       -0.305903        0.005164
          0.076578       -0.314979       -0.062252
          0.015189       -0.200149       -0.099159
          0.010586        0.027831       -0.101018
          0.058472        0.275261       -0.072244
          0.055339        0.415959       -0.019997
         -0.012113        0.384289        0.021862
         -0.044524        0.218868        0.005797
         -0.013061        0.034179       -0.073869
         -0.005370       -0.051814       -0.163769
         -0.053965       -0.004172       -0.201977
         -0.069936        0.090178       -0.167239
          0.001172        0.097200       -0.079434
          0.086735       -0.023311        0.019393
          0.105942       -0.162431        0.082388
          0.073120       -0.164926        0.087104
          0.030402        0.013590        0.054716
         -0.026065        0.251879        0.022122
         -0.099041        0.363483        0.000865
         -0.146889        0.266735       -0.018658
         -0.133866        0.063110       -0.039848
         -0.071740       -0.070556       -0.059794
          0.009744       -0.067985       -0.075040
          0.089825       -0.020740       -0.067301
          0.147314       -0.040581       -0.015588
          0.160851       -0.130071        0.056048
          0.124448       -0.219751        0.087112
          0.049393       -0.276354        0.067140
         -0.037333       -0.302530        0.066063
         -0.089461       -0.258443        0.139631
         -0.066028       -0.082780        0.249425
          0.016974        0.188369        0.321089
          0.081667        0.404735        0.337654
          0.064978        0.440519        0.318650
         -0.010265        0.298131        0.246711
         -0.067995        0.064508        0.093464
         -0.072077       -0.167720       -0.094064
         -0.053284       -0.324367       -0.211325
         -0.050191       -0.373533       -0.214472
         -0.061727       -0.358921       -0.165195
         -0.058884       -0.357786       -0.144024
         -0.016670       -0.383076       -0.167466
          0.056879       -0.370475       -0.208490
          0.111072       -0.270643       -0.249990
          0.101299       -0.098681       -0.277416
          0.050295        0.115667       -0.248078
          0.012052        0.351272       -0.126999
         -0.016607        0.542787        0.042630
         -0.076870        0.587110        0.160283
         -0.151956        0.456270        0.179488
         -0.176525        0.248690        0.146575
         -0.136043        0.084484        0.111661
         -0.074550       -0.005303        0.072292
         -0.012252       -0.055625        0.033130
          0.066818       -0.087906        0.037270
          0.150862       -0.101795        0.091448
          0.189883       -0.113208        0.131011
          0.152629       -0.140226        0.103511
          0.059210       -0.151038        0.029910
         -0.036981       -0.085114       -0.047317
         -0.084893        0.046870       -0.118649
         -0.070013        0.139715       -0.176574
         -0.020240        0.117318       -0.182138
          0.033352        0.031948       -0.112587
          0.085825       -0.014076       -0.017193
          0.129589        0.001737        0.026696
          0.130253        0.034633        0.006773
          0.070499        0.069840       -0.023288
         -0.010795        0.121641       -0.029046
         -0.066428        0.154561       -0.023007
         -0.099718        0.100543       -0.011619
         -0.130351       -0.028053        0.017911
         -0.134814       -0.123236        0.056392
         -0.081176       -0.112220        0.081803
         -0.001680       -0.039540        0.105733
          0.034932        0.010183        0.148095
          0.018575        0.009614        0.173386
          0.006203       -0.018094        0.119976
          0.029287       -0.044496        0.000033
          0.047483       -0.044915       -0.087974
          0.017876       -0.006985       -0.070449
         -0.033332        0.045087        0.016362
         -0.048597        0.061681        0.081078
         -0.020146        0.014894        0.083915
          0.012112       -0.078768        0.048855
          0.019298       -0.173750       -0.002002
         -0.003617       -0.218582       -0.069917
         -0.047327       -0.186828       -0.144517
         -0.068737       -0.110624       -0.193902
         -0.019023       -0.061796       -0.189677
          0.069696       -0.073382       -0.123904
          0.103554       -0.101262       -0.020985
          0.064620       -0.086238        0.058669
          0.031687       -0.025586        0.063896
          0.039998        0.046870        0.017379
          0.035924        0.122209        0.001944
         -0.001979        0.210389        0.062327
         -0.014409        0.282915        0.139360
          0.028066        0.278855        0.124838
          0.061099        0.190184       -0.015484
          0.017895        0.096748       -0.193802
         -0.073951        0.079796       -0.293353
         -0.125460        0.129745       -0.286332
         -0.092343        0.169831       -0.223773
         -0.023747        0.139481       -0.139876
         -0.003533        0.025017       -0.032872
         -0.051506       -0.156106        0.077384
         -0.102630       -0.357466        0.153719
         -0.091360       -0.498587        0.201532
         -0.024847       -0.494827        0.251752
          0.047878       -0.326672        0.292604
          0.099317       -0.090392        0.291056
          0.123025        0.058312        0.263445
          0.109110        0.055880        0.244451
          0.060809        0.002458        0.205034
          0.008198        0.036537        0.086585
         -0.025038        0.168074       -0.089286
         -0.044457        0.289288       -0.221237
         -0.059748        0.317829       -0.247173
         -0.070178        0.261653       -0.207001
         -0.082463        0.160509       -0.174125
         -0.099559        0.038600       -0.169797
         -0.085932       -0.070193       -0.166368
          0.001013       -0.110453       -0.138793
          0.128075       -0.062490       -0.081437
          0.190726        0.014219        0.002900
          0.131811        0.040290        0.095264
          0.010228        0.012971        0.151455
         -0.081348        0.001578        0.133940
         -0.117148        0.044286        0.058673
         -0.115046        0.094298       -0.009907
         -0.070190        0.087195       -0.021748
          0.021043        0.023387        0.008453
          0.109172       -0.047809        0.023167
          0.137449       -0.097399       -0.007247
          0.121630       -0.129037       -0.045601
          0.116088       -0.139798       -0.028288
          0.112351       -0.113099        0.058408
          0.048370       -0.046456        0.158579
         -0.075345        0.041401        0.209006
         -0.168128        0.116364        0.197619
         -0.163068        0.125036        0.143862
         -0.091494        0.024710        0.052927
         -0.015443       -0.149150       -0.074830
          0.049791       -0.284600       -0.209696
          0.108515       -0.305517       -0.306958
          0.137757       -0.251410       -0.347572
          0.117060       -0.202151       -0.335292
          0.068305       -0.158331       -0.263911
          0.022549       -0.059403       -0.124443
         -0.025488        0.098417        0.051972
         -0.094355        0.238613        0.193237
         -0.168301        0.310264        0.246964
         -0.200739        0.351191        0.226220
         -0.159135        0.408279        0.182368
         -0.061012        0.438577        0.142528
          0.033446        0.348627        0.089763
          0.076739        0.129173        0.013737
          0.078136       -0.104670       -0.033313
          0.071010       -0.234949        0.023710
          0.056988       -0.262119        0.164785
          0.022081       -0.266357        0.248891
         -0.021419       -0.282584        0.163701
         -0.057897       -0.267804       -0.029418
         -0.093682       -0.178811       -0.158707
         -0.110834       -0.035372       -0.130420
         -0.056297        0.092190       -0.006205
          0.062982        0.130597        0.083961
          0.146159        0.051382        0.061477
          0.131131       -0.096747       -0.045517
          0.084852       -0.207822       -0.130548
          0.083553       -0.197843       -0.115968
          0.091086       -0.074494       -0.050900
          0.052225        0.069304       -0.061684
          0.012678        0.128153       -0.188120
          0.027735        0.070606       -0.324716
          0.039344       -0.022965       -0.350030
         -0.024647       -0.027540       -0.257690
         -0.105874        0.093213       -0.127578
         -0.103144        0.241987       -0.018347
         -0.039338        0.302772        0.069391
         -0.013584        0.268753        0.150232
         -0.040147        0.217903        0.213493
         -0.052081        0.190185        0.229940
         -0.026641        0.142522        0.189022
         -0.005108        0.028658        0.119847
         -0.009543       -0.115797        0.062752
         -0.018839       -0.198493        0.021096
         -0.019019       -0.177138       -0.036933
         -0.024017       -0.110421       -0.120093
         -0.046498       -0.080788       -0.185351
         -0.074789       -0.091459       -0.192391
         -0.078719       -0.080602       -0.164547
         -0.033487       -0.024953       -0.155346
          0.050885        0.023271       -0.164708
          0.123785        0.011784       -0.139069
          0.136309       -0.045397       -0.058141
          0.092640       -0.096527        0.035833
          0.039730       -0.106668        0.112048
          0.005597       -0.059117        0.195556
         -0.018906        0.051095        0.308551
         -0.030563        0.179013        0.416920
          0.000594        0.221423        0.466753
          0.065827        0.112234        0.437608
          0.093242       -0.078704        0.341143
          0.036011       -0.196272        0.204945
         -0.060749       -0.157278        0.072620
         -0.124311       -0.018858       -0.015714
         -0.138998        0.105061       -0.057855
         -0.129662        0.144279       -0.081559
         -0.109745        0.090865       -0.102448
         -0.080421       -0.018091       -0.117325
         -0.041791       -0.116083       -0.134465
          0.013508       -0.152236       -0.170577
          0.079888       -0.138019       -0.207639
          0.111827       -0.117566       -0.190997
          0.068108       -0.093720       -0.096751
         -0.015264       -0.026377        0.021013
         -0.051807        0.092014        0.076841
         -0.012541        0.201409        0.038012
          0.046848        0.230099       -0.054887
          0.076977        0.163448       -0.139381
          0.090134        0.049860       -0.183773
          0.101013       -0.046974       -0.195760
          0.079048       -0.099735       -0.198718
          0.005831       -0.125893       -0.201305
         -0.071891       -0.138797       -0.181671
         -0.098512       -0.104760       -0.109175
         -0.080303        0.013016        0.006106
         -0.052732        0.171022        0.100902
         -0.016360        0.258964        0.120221
          0.038766        0.212068        0.080614
          0.075875        0.069663        0.047537
          0.044993       -0.083445        0.062154
         -0.035077       -0.187315        0.114105
         -0.086659       -0.216022        0.167977
         -0.069011       -0.175703        0.188507
         -0.017196       -0.113059        0.157011
          0.020764       -0.079030        0.090389
          0.038157       -0.068016        0.028791
          0.044853       -0.035377       -0.014726
          0.034842        0.020999       -0.063995
          0.008581        0.052784       -0.112733
         -0.009486        0.044967       -0.091275
         -0.005842        0.048938        0.042125
          0.004861        0.109022        0.208751
          0.018050        0.197098        0.283224
          0.048014        0.241026        0.243947
          0.081731        0.195218        0.172803
          0.079531        0.076740        0.116262
          0.036086       -0.049374        0.034263
         -0.014516       -0.120175       -0.102288
         -0.056536       -0.125125       -0.239945
         -0.094901       -0.103661       -0.298778
         -0.104014       -0.089901       -0.257741
         -0.042667       -0.085915       -0.164410
          0.068925       -0.101458       -0.084939
          0.143245       -0.171371       -0.053999
          0.123280       -0.289004       -0.056718
          0.051285       -0.360932       -0.052671
          0.004920       -0.286111       -0.022069
         -0.009715       -0.066157        0.018614
         -0.045659        0.192945        0.050581
         -0.105485        0.363646        0.076082
         -0.119376        0.373188        0.086247
         -0.053062        0.250104        0.042669
          0.029875        0.110962       -0.059744
          0.051413        0.056731       -0.143568
          0.017316        0.081734       -0.128303
         -0.009069        0.119955       -0.037643
          0.000154        0.143146        0.036195
          0.015091        0.149877        0.051527
          0.005142        0.102479        0.037407
         -0.024017       -0.030668        0.021455
         -0.051330       -0.184178        0.007218
         -0.063894       -0.234984        0.010632
         -0.051810       -0.143110        0.053287
         -0.006988        0.005554        0.113523
          0.056336        0.102004        0.133631
          0.096274        0.111248        0.089994
          0.082228        0.065998        0.019585
          0.036440        0.012304       -0.039503
          0.011536       -0.025291       -0.096738
          0.020258       -0.053258       -0.168354
          0.015069       -0.090111       -0.219707
         -0.043425       -0.125659       -0.193180
         -0.123536       -0.116724       -0.080372
         -0.161980       -0.043459        0.069483
         -0.148004        0.051237        0.200532
         -0.119112        0.100343        0.278517
         -0.079405        0.078006        0.282957
          0.012159        0.018042        0.210202
          0.151277       -0.021591        0.091988
          0.248461       -0.013225       -0.011890
          0.226422        0.014339       -0.060316
          0.119299        0.009071       -0.069532
          0.024354       -0.043920       -0.086633
         -0.020688       -0.102701       -0.120513
         -0.053532       -0.109015       -0.128189
         -0.089603       -0.048655       -0.086327
         -0.082798        0.023915       -0.039639
         -0.014745        0.031665       -0.043016
          0.039535       -0.041243       -0.086627
          0.001238       -0.126847       -0.122668
         -0.086605       -0.151332       -0.138689
         -0.103245       -0.112671       -0.148147
         -0.023072       -0.054330       -0.128582
          0.041545        0.009124       -0.041960
          0.008415        0.091842        0.082509
         -0.046686        0.175133        0.161819
         -0.008201        0.204359        0.173232
          0.094559        0.164409        0.180620
          0.127556        0.116770        0.218840
          0.050053        0.128100        0.227919
         -0.042033        0.181153        0.148022
         -0.074767        0.195422        0.019073
         -0.086031        0.134352       -0.065361
         -0.122765        0.047826       -0.067831
         -0.145494       -0.008192       -0.035968
         -0.095691       -0.047906       -0.043475
          0.007367       -0.113931       -0.115694
          0.101758       -0.193380       -0.195826
          0.168638       -0.226658       -0.189513
          0.213634       -0.190083       -0.067416
          0.198899       -0.123684        0.085218
          0.083570       -0.070503        0.148896
         -0.075499       -0.028551        0.092939
         -0.156345        0.016365       -0.007836
         -0.121820        0.045965       -0.070348
         -0.057147        0.037223       -0.080770
         -0.038258        0.014035       -0.068425
         -0.043054        0.022797       -0.038068
         -0.027184        0.060638        0.039607
         -0.010825        0.074262        0.173090
         -0.029328        0.036447        0.308520
         -0.049720       -0.016597        0.359620
         -0.011963       -0.037878        0.282467
          0.068550       -0.028804        0.114270
          0.112736       -0.026923       -0.065668
          0.088485       -0.052385       -0.201899
          0.044228       -0.086009       -0.279713
          0.027913       -0.095640       -0.297761
          0.034268       -0.068889       -0.260207
          0.043912       -0.015621       -0.195408
          0.056619        0.048388       -0.144048
          0.064197        0.102318       -0.110389
          0.035854        0.110857       -0.051856
         -0.041602        0.047634        0.056786
         -0.129547       -0.055965        0.166521
         -0.162886       -0.116857        0.197255
         -0.115468       -0.086794        0.138122
         -0.039210       -0.014861        0.069485
         -0.010371        0.007268        0.065944
         -0.022055       -0.050354        0.100125
          0.014685       -0.134378        0.076474
          0.125712       -0.174950       -0.038694
          0.209184       -0.138210       -0.157461
          0.180132       -0.025319       -0.167108
          0.089743        0.130576       -0.063654
          0.017433        0.260106        0.049075
         -0.056649        0.297472        0.083799
         -0.164478        0.242710        0.053021
         -0.230314        0.152406        0.025940
         -0.167494        0.067176        0.038790
         -0.028730       -0.007727        0.066255
          0.062820       -0.056931        0.064530
          0.080981       -0.056716        0.020773
          0.082087       -0.029735       -0.040029
          0.070661       -0.034063       -0.078280
          0.002442       -0.084064       -0.061938
         -0.095674       -0.133204        0.012775
         -0.125928       -0.142215        0.102958
         -0.056738       -0.118933        0.139105
          0.034020       -0.086103        0.092827
          0.078337       -0.048688        0.017057
          0.092634       -0.002846       -0.011443
          0.100651        0.044620        0.013081
          0.075623        0.077526        0.024146
          0.008771        0.091472       -0.016742
         -0.047905        0.107921       -0.062288
         -0.056711        0.149028       -0.048018
         -0.040139        0.194340        0.018590
         -0.018723        0.187858        0.075381
          0.018971        0.101072        0.085091
          0.055809       -0.030805        0.056547
          0.038847       -0.146345        0.000937
         -0.030669       -0.215435       -0.094692
         -0.073207       -0.248365       -0.240937
         -0.036679       -0.258421       -0.399991
          0.031977       -0.234371       -0.481132
          0.057028       -0.160105       -0.416032
          0.027295       -0.049703       -0.245211
         -0.016472        0.060178       -0.082951
         -0.047955        0.151175        0.018085
         -0.067860        0.229882        0.110025
         -0.073671        0.290487        0.239993
         -0.058569        0.301958        0.365947
         -0.033916        0.246904        0.415131
         -0.018194        0.149324        0.368647
         -0.003770        0.046977        0.255399
          0.031725       -0.044299        0.111910
          0.077582       -0.120846       -0.020869
          0.093135       -0.165525       -0.102868
          0.070425       -0.157331       -0.129882
          0.050981       -0.097539       -0.139975
          0.060496       -0.009368       -0.163407
          0.069929        0.078550       -0.178932
          0.046077        0.141044       -0.135343
         -0.002371        0.166175       -0.020047
         -0.053944        0.161869        0.098589
         -0.100401        0.138508        0.120558
         -0.118457        0.090791        0.026498
         -0.076449        0.016667       -0.084350
         -0.001777       -0.056347       -0.105076
          0.025802       -0.092769       -0.042629
         -0.015615       -0.097906        0.021798
         -0.058067       -0.119246        0.058640
         -0.053780       -0.184761        0.099115
         -0.034121       -0.253007        0.141412
         -0.024275       -0.246136        0.140572
          0.008466       -0.136509        0.098156
          0.075234        0.012510        0.083955
          0.121624        0.100332        0.141221
          0.113817        0.079850        0.214525
          0.088879       -0.007910        0.201736
          0.071133       -0.081694        0.065491
          0.023506       -0.091447       -0.128486
         -0.060860       -0.043528       -0.285480
         -0.107230        0.024992       -0.365786
         -0.070655        0.076056       -0.375987
         -0.016151        0.079112       -0.317550
         -0.013137        0.018834       -0.196241
         -0.033082       -0.084157       -0.058377
         -0.029653       -0.168863        0.040936
         -0.030979       -0.174050        0.099034
         -0.063147       -0.092558        0.154908
         -0.070279        0.023079        0.227146
         -0.008425        0.113540        0.291455
          0.062397        0.160382        0.308751
          0.073557        0.176464        0.259501
          0.052911        0.168839        0.163658
          0.047864        0.131244        0.071686
          0.032736        0.065027        0.019266
         -0.018750       -0.008380       -0.009856
         -0.053709       -0.052143       -0.060910
         -0.021313       -0.032139       -0.148117
          0.034054        0.046490       -0.227624
          0.037449        0.117308       -0.234135
         -0.010128        0.101759       -0.147364
         -0.049721       -0.003751       -0.019647
         -0.048792       -0.119625        0.074609
         -0.021710       -0.172345        0.113286
          0.003728       -0.154563        0.128348
          0.006359       -0.090343        0.138731
         -0.018687        0.000540        0.119502
         -0.046180        0.079909        0.046642
         -0.037398        0.094341       -0.063318
          0.010129        0.041284       -0.173916
          0.053531       -0.014312       -0.258414
          0.065139       -0.024292       -0.291562
          0.067055       -0.014622       -0.244386
          0.075488       -0.027793       -0.120778
          0.060718       -0.054497        0.016868
          0.013564       -0.058570        0.094581
         -0.005954       -0.031050        0.098584
          0.040645        0.013854        0.074828
          0.084746        0.063573        0.062176
          0.040132        0.099851        0.057262
         -0.066716        0.094719        0.045554
         -0.140371        0.037259        0.032013
         -0.151828       -0.051803        0.028409
         -0.143666       -0.137522        0.034625
         -0.129125       -0.185203        0.044364
         -0.077963       -0.166529        0.049979
          0.005243       -0.081605        0.034217
          0.072258        0.027349       -0.016346
          0.104992        0.110063       -0.075028
          0.127960        0.153009       -0.082376
          0.141256        0.170443       -0.014833
          0.107901        0.163606        0.079071
          0.026951        0.117789        0.133133
         -0.034729        0.034629        0.126768
         -0.017669       -0.058264        0.081264
          0.050670       -0.128583        0.031400
          0.083297       -0.152174        0.009389
          0.032259       -0.112909        0.013086
         -0.059947       -0.019230       -0.008605
         -0.106419        0.076664       -0.087505
         -0.067040        0.112648       -0.164964
          0.006910        0.088542       -0.152049
          0.029278        0.068134       -0.050858
         -0.014820        0.082961        0.049441
         -0.045900        0.078251        0.087550
          0.003359       -0.002608        0.075071
          0.088704       -0.120414        0.037258
          0.108430       -0.178501       -0.018921
          0.039522       -0.132907       -0.074264
         -0.041827       -0.025517       -0.099833
         -0.073776        0.070077       -0.103660
         -0.072427        0.110201       -0.123701
         -0.068348        0.108805       -0.160126
         -0.052969        0.113298       -0.160872
         -0.019368        0.135966       -0.091943
          0.004626        0.127145        0.017210
          0.000977        0.049265        0.113587
         -0.006043       -0.053632        0.170912
          0.005165       -0.111939        0.189705
          0.011694       -0.125466        0.178926
         -0.016548       -0.138643        0.146305
         -0.058826       -0.147639        0.090825
         -0.056434       -0.110247        0.011925
          0.017117       -0.038989       -0.067632
          0.115816       -0.004049       -0.114286
          0.155480       -0.029242       -0.125564
          0.090365       -0.047739       -0.125911
         -0.035377        0.011641       -0.117891
         -0.118792        0.129739       -0.077517
         -0.101187        0.213575       -0.001728
         -0.032987        0.194984        0.078720
         -0.005378        0.095582        0.135343
         -0.030566       -0.010484        0.153294
         -0.042886       -0.082399        0.111790
         -0.013712       -0.130717        0.003557
          0.007298       -0.153345       -0.116807
         -0.016828       -0.110957       -0.153936
         -0.047726        0.002527       -0.070762
         -0.033556        0.114000        0.060664
          0.018222        0.142518        0.132210
          0.064499        0.088435        0.105808
          0.086590        0.015257        0.030737
          0.092521       -0.031258       -0.020581
          0.080286       -0.052045       -0.009476
          0.036562       -0.066197        0.056517
         -0.025122       -0.089800        0.136155
         -0.056525       -0.128816        0.182562
         -0.027144       -0.161385        0.179159
          0.032192       -0.141697        0.147741
          0.063398       -0.053626        0.111557
          0.047014        0.054765        0.060835
          0.007585        0.123199       -0.023150
         -0.031900        0.147280       -0.113221
         -0.063276        0.156653       -0.141098
         -0.069360        0.144443       -0.078645
         -0.032627        0.071310        0.010564
          0.025929       -0.057816        0.031901
          0.057266       -0.170043       -0.037948
          0.046562       -0.199846       -0.133002
          0.028499       -0.156152       -0.175347
          0.026152       -0.089186       -0.150374
          0.016883       -0.020243       -0.107686
         -0.016756        0.057195       -0.101443
         -0.046313        0.127596       -0.132513
         -0.043368        0.155499       -0.150533
         -0.029899        0.135192       -0.118286
         -0.044503        0.095867       -0.062614
         -0.081514        0.057791       -0.037507
         -0.092895        0.019257       -0.041997
         -0.041485       -0.017711       -0.013466
          0.055358       -0.043198        0.082450
          0.130591       -0.058711        0.189657
          0.127933       -0.076042        0.218291
          0.061498       -0.098618        0.143403
         -0.007056       -0.115671        0.017528
         -0.042993       -0.108694       -0.098125
         -0.051836       -0.058947       -0.174978
         -0.038675        0.039310       -0.198160
         -0.013215        0.162066       -0.161245
         -0.013529        0.255275       -0.094010
         -0.057428        0.263495       -0.044264
         -0.094960        0.173966       -0.010955
         -0.074398        0.041250        0.053126
         -0.021014       -0.044756        0.151393
          0.011574       -0.042082        0.218690
          0.022274       -0.008888        0.215470
          0.032344       -0.040192        0.179909
          0.027628       -0.145287        0.150004
          0.000176       -0.232276        0.104263
         -0.000343       -0.232928        0.028431
          0.068995       -0.183093       -0.023457
          0.161231       -0.137284        0.003595
          0.188944       -0.071591        0.077819
          0.135565        0.052456        0.115145
          0.059718        0.179476        0.079848
          0.005562        0.212277        0.011443
         -0.037399        0.150795       -0.035804
         -0.089808        0.089027       -0.050144
         -0.140492        0.078795       -0.060381
         -0.158779        0.080114       -0.093333
         -0.130099        0.054495       -0.140172
         -0.070494        0.028125       -0.164608
         -0.008643        0.033768       -0.140855
          0.040440        0.047503       -0.078670
          0.076106        0.020544       -0.012372
          0.091687       -0.054013        0.029367
          0.073817       -0.131343        0.042068
          0.026751       -0.160143        0.035967
         -0.024829       -0.128590        0.013891
         -0.067544       -0.073001       -0.025096
         -0.110708       -0.042834       -0.055249
         -0.150245       -0.054411       -0.028489
         -0.147956       -0.082725        0.063429
         -0.077266       -0.093340        0.156103
          0.027872       -0.066447        0.176208
          0.103959        0.003791        0.118592
          0.126680        0.103819        0.028503
          0.118468        0.190464       -0.064754
          0.101697        0.216288       -0.151132
          0.077428        0.176245       -0.199264
          0.043488        0.106830       -0.170974
          0.008973        0.034973       -0.077169
         -0.008887       -0.043742        0.027287
          0.001798       -0.128682        0.109511
          0.030150       -0.188721        0.176550
          0.045888       -0.194078        0.221454
          0.031184       -0.154173        0.204194
         -0.002431       -0.104403        0.113846
         -0.033801       -0.067767        0.006964
         -0.049602       -0.042767       -0.053640
         -0.044155       -0.014897       -0.067810
         -0.027952        0.031632       -0.070248
         -0.028262        0.098893       -0.065191
         -0.051415        0.161285       -0.034257
         -0.061039        0.179105        0.008645
         -0.028588        0.136628        0.016284
          0.018283        0.061810       -0.035557
          0.037022        0.002799       -0.115371
          0.030657       -0.012721       -0.162825
          0.025103        0.006485       -0.140602
          0.018795        0.031861       -0.066586
          0.000049        0.040148       -0.001139
         -0.014759        0.028897        0.006747
         -0.005421        0.016248       -0.034514
          0.010063        0.019173       -0.076159
         -0.002284        0.027647       -0.090289
         -0.039085        0.013651       -0.092696
         -0.061204       -0.028464       -0.099765
         -0.043434       -0.068911       -0.092675
          0.003631       -0.081056       -0.046641
          0.056001       -0.073886        0.027402
          0.093751       -0.068300        0.098745
          0.097089       -0.060763        0.155291
          0.052273       -0.038444        0.194049
         -0.025439       -0.015218        0.194166
         -0.087660       -0.015566        0.143293
         -0.089365       -0.026309        0.077719
         -0.031508       -0.002360        0.045768
          0.043492        0.070641        0.036724
          0.097103        0.150711        0.000279
          0.116828        0.191365       -0.065197
          0.094984        0.190915       -0.105152
          0.022889        0.168072       -0.094210
         -0.074107        0.116353       -0.063833
         -0.133057        0.020577       -0.033220
         -0.120894       -0.094043        0.020518
         -0.077323       -0.170584        0.102064
         -0.053319       -0.184000        0.168777
         -0.038802       -0.168060        0.188838
          0.001421       -0.166605        0.176327
          0.048274       -0.174630        0.142662
          0.044225       -0.147748        0.067850
         -0.018987       -0.070328       -0.044150
         -0.080154        0.011016       -0.133568
         -0.084914        0.044930       -0.156004
         -0.045407        0.045164       -0.143124
         -0.007241        0.062151       -0.142018
          0.014344        0.101638       -0.134566
          0.035553        0.127712       -0.078017
          0.058643        0.133263        0.002970
          0.067725        0.138464        0.031077
          0.067850        0.128443       -0.024895
          0.081539        0.067504       -0.117458
          0.097396       -0.028552       -0.182765
          0.072104       -0.102667       -0.192378
          0.004385       -0.132356       -0.143252
         -0.043116       -0.136167       -0.037383
         -0.028908       -0.119636        0.108201
          0.006535       -0.074281        0.245203
          0.005375       -0.017285        0.308700
         -0.025825        0.023786        0.259595
         -0.042820        0.056481        0.115179
         -0.031568        0.102809       -0.057901
         -0.009351        0.140327       -0.175323
          0.003731        0.115733       -0.177992
         -0.012640        0.024738       -0.077801
         -0.062104       -0.062365        0.040314
         -0.101549       -0.074533        0.093682
         -0.075467       -0.019043        0.079170
          0.009030        0.031112        0.051536
          0.083861        0.017941        0.041247
          0.098795       -0.052791        0.033265
          0.063139       -0.138448        0.019717
          0.014106       -0.208336        0.028557
         -0.023456       -0.253377        0.084133
         -0.044981       -0.263419        0.164720
         -0.054305       -0.215253        0.220216
         -0.051207       -0.091791        0.219252
         -0.029557        0.086126        0.159303
          0.012301        0.256908        0.048294
          0.061201        0.361291       -0.087819
          0.093211        0.383242       -0.191883
          0.091404        0.334277       -0.218905
          0.057448        0.217485       -0.194494
          0.002029        0.047790       -0.187475
         -0.063491       -0.102703       -0.220206
         -0.110418       -0.143789       -0.241245
         -0.091557       -0.075473       -0.189914
          0.001983       -0.006640       -0.063495
          0.097866       -0.030180        0.075430
          0.109690       -0.115671        0.142060
          0.042705       -0.160485        0.095316
         -0.018751       -0.116320       -0.018854
         -0.023452       -0.026982       -0.101827
          0.001945        0.039627       -0.094435
          0.015206        0.059210       -0.024961
          0.005998        0.052557        0.038370
         -0.022026        0.044041        0.061560
         -0.062537        0.033863        0.059860
         -0.091705        0.015712        0.059728
         -0.083025        0.006621        0.070631
         -0.042068        0.028524        0.089681
         -0.000128        0.060687        0.109091
          0.019354        0.048684        0.112671
          0.007928       -0.028505        0.087535
         -0.031241       -0.129287        0.049719
         -0.067062       -0.191379        0.032123
         -0.049864       -0.178775        0.029809
          0.028415       -0.095482       -0.012403
          0.111169        0.015608       -0.125088
          0.145514        0.092832       -0.245656
          0.137096        0.104145       -0.265585
          0.107579        0.074818       -0.150186
          0.053063        0.050964        0.019887
         -0.013388        0.048582        0.140366
         -0.041123        0.057281        0.186756
         -0.017803        0.071444        0.197536
         -0.004990        0.082841        0.185672
         -0.041706        0.059239        0.125715
         -0.074654       -0.022086        0.020984
         -0.045879       -0.119731       -0.081119
          0.010386       -0.152982       -0.149218
          0.026670       -0.091929       -0.187032
          0.005267        0.014927       -0.187507
         -0.009008        0.108831       -0.129344
         -0.013073        0.169553       -0.030470
         -0.027451        0.186147        0.054080
         -0.032233        0.139473        0.103212
          0.000469        0.045908        0.144487
          0.039784       -0.031421        0.181575
          0.039071       -0.055207        0.164916
          0.018208       -0.063129        0.066830
          0.024568       -0.107484       -0.060217
          0.040317       -0.171163       -0.139411
          0.011700       -0.183617       -0.152322
         -0.055131       -0.114263       -0.132519
         -0.108819       -0.015897       -0.106338
         -0.135545        0.036536       -0.078569
         -0.148334        0.027993       -0.058410
         -0.123934        0.004316       -0.057123
         -0.031989        0.007055       -0.057585
          0.090265        0.033270       -0.020717
          0.162739        0.052583        0.059439
          0.154913        0.042568        0.129745
          0.102615        0.011543        0.134238
          0.042627       -0.006276        0.086191
         -0.020661        0.007487        0.056414
         -0.082154        0.021101        0.090948
         -0.111284       -0.008263        0.163035
         -0.080928       -0.062413        0.210591
         -0.006894       -0.074007        0.203793
          0.059463       -0.017996        0.162616
          0.081027        0.057694        0.111404
          0.067270        0.103732        0.037324
          0.049137        0.117921       -0.082477
          0.034442        0.108144       -0.219540
          0.009722        0.064479       -0.296915
         -0.020111       -0.010223       -0.268728
         -0.026089       -0.088520       -0.172106
          0.001674       -0.150382       -0.084426
          0.032319       -0.189268       -0.051410
          0.033430       -0.191803       -0.072382
          0.013091       -0.154233       -0.124124
          0.000952       -0.105647       -0.161638
          0.000048       -0.070860       -0.117470
         -0.011916       -0.028669        0.040058
         -0.034787        0.050479        0.239129
         -0.038906        0.146070        0.346035
         -0.020829        0.206045        0.295781
         -0.024039        0.206891        0.147748
         -0.071946        0.167024        0.006902
         -0.115588        0.115685       -0.066578
         -0.092361        0.068269       -0.067363
         -0.017072        0.023356       -0.021199
          0.031661       -0.025136        0.028800
          0.013576       -0.071512        0.048948
         -0.026451       -0.098823        0.043192
         -0.029382       -0.098731        0.034073
         -0.004302       -0.082292        0.019782
         -0.000989       -0.067558       -0.022554
         -0.018678       -0.061341       -0.095292
          0.000326       -0.051573       -0.170645
          0.075735       -0.014960       -0.222024
          0.144647        0.059748       -0.239570
          0.143475        0.149600       -0.215504
          0.088741        0.204464       -0.143759
          0.036525        0.183030       -0.042197
          0.003274        0.083264        0.048275
         -0.024142       -0.056388        0.096056
         -0.035688       -0.176742        0.095983
         -0.013141       -0.225150        0.057994
          0.022099       -0.182260        0.002425
          0.026567       -0.070478       -0.035754
         -0.006754        0.065459       -0.027332
         -0.040957        0.182972        0.019654
         -0.043021        0.250239        0.071080
         -0.019506        0.250887        0.113800
         -0.004886        0.191565        0.165931
         -0.020047        0.093332        0.230223
         -0.044937       -0.029302        0.264484
         -0.044934       -0.165492        0.221450
         -0.024228       -0.281505        0.106836
         -0.020514       -0.323508       -0.019337
         -0.036628       -0.268245       -0.095747
         -0.025603       -0.158146       -0.106452
          0.031319       -0.063397       -0.079872
          0.084457       -0.012009       -0.053229
          0.087779        0.026541       -0.046288
          0.060868        0.091593       -0.063475
          0.041139        0.181810       -0.098807
          0.020483        0.256810       -0.128454
         -0.026330        0.275974       -0.120098
         -0.081418        0.230884       -0.069145
         -0.098673        0.145576       -0.010231
         -0.069792        0.051147        0.027889
         -0.035428       -0.037807        0.063939
         -0.023811       -0.122154        0.130961
         -0.013117       -0.196955        0.208038
          0.024840       -0.239236        0.224359
          0.071954       -0.226494        0.144874
          0.086624       -0.167032        0.018858
          0.063357       -0.100499       -0.079311
          0.035810       -0.064181       -0.130791
          0.026369       -0.064918       -0.166778
          0.024951       -0.080568       -0.204017
          0.016790       -0.080200       -0.219382
         -0.001423       -0.049788       -0.185084
         -0.034216       -0.004683       -0.105221
         -0.080049        0.032727       -0.010860
         -0.106213        0.064193        0.070647
         -0.070342        0.105987        0.134624
          0.018280        0.156678        0.190675
          0.091472        0.197416        0.240840
          0.095021        0.212680        0.268955
          0.044849        0.190675        0.253323
         -0.006141        0.123153        0.187146
         -0.031279        0.028639        0.080457
         -0.035796       -0.042853       -0.051659
         -0.024462       -0.053080       -0.187374
         -0.000322       -0.014735       -0.291613
          0.018071        0.026294       -0.335141
          0.013109        0.038645       -0.318491
         -0.007481        0.026436       -0.258954
         -0.028634        0.012619       -0.166872
         -0.052003        0.011384       -0.058824
         -0.074829        0.012171        0.026055
         -0.069926       -0.012080        0.060599
         -0.022298       -0.071487        0.070508
          0.035441       -0.132881        0.104564
          0.061468       -0.143637        0.166595
          0.058438       -0.089603        0.208325
          0.050044       -0.015283        0.191870
          0.029528        0.022013        0.131545
         -0.016992        0.007091        0.067229
         -0.056761       -0.031368        0.022485
         -0.039725       -0.062463        0.002502
          0.026790       -0.078815        0.010339
          0.083846       -0.078766        0.042123
          0.094637       -0.046944        0.075893
          0.070840        0.022141        0.084273
          0.035344        0.093130        0.055323
         -0.001922        0.115946       -0.008435
         -0.033905        0.084692       -0.099717
         -0.052675        0.043846       -0.196054
         -0.060856        0.030376       -0.248039
         -0.070059        0.030887       -0.209027
         -0.081789        0.007677       -0.088119
         -0.080689       -0.042939        0.046082
         -0.055059       -0.075308        0.126395
         -0.014356       -0.046042        0.137214
          0.025156        0.028243        0.100200
          0.059268        0.082655        0.037367
          0.083616        0.074925       -0.034644
          0.080482        0.029662       -0.095390
          0.042945        0.006424       -0.130420
         -0.003817        0.033317       -0.145800
         -0.029508        0.079535       -0.158651
         -0.030142        0.091471       -0.170106
         -0.016996        0.049719       -0.154246
         -0.001039       -0.014204       -0.087659
         -0.001113       -0.054272        0.006284
         -0.033243       -0.054543        0.067195
         -0.078110       -0.038155        0.069210
         -0.092903       -0.041702        0.055061
         -0.064425       -0.082078        0.073610
         -0.017217       -0.140431        0.113135
          0.030751       -0.176374        0.128074
          0.079651       -0.162362        0.106874
          0.116820       -0.105224        0.081883
          0.120753       -0.033146        0.086501
          0.099187        0.033999        0.119784
          0.080177        0.094204        0.140799
          0.064331        0.144076        0.098198
          0.027604        0.163745       -0.011896
         -0.030266        0.135722       -0.122129
         -0.079736        0.075905       -0.154560
         -0.098996        0.028288       -0.099698
         -0.085383        0.021379       -0.012355
         -0.044827        0.040223        0.056404
         -0.001072        0.047370        0.090873
          0.007303        0.020345        0.087471
         -0.027795       -0.037970        0.046234
         -0.062554       -0.109893       -0.007277
         -0.053102       -0.167328       -0.033044
         -0.009008       -0.177907       -0.026767
          0.026037       -0.132380       -0.023199
          0.028123       -0.065689       -0.032945
          0.012418       -0.027060       -0.019472
          0.010928       -0.024688        0.034383
          0.034249       -0.021697        0.082303
          0.050611        0.008580        0.074666
          0.019681        0.047760        0.025116
         -0.045449        0.062384       -0.021954
         -0.080300        0.048080       -0.055332
         -0.047509        0.031626       -0.087358
          0.017477        0.042139       -0.113863
          0.055653        0.087505       -0.129105
          0.052635        0.145624       -0.149840
          0.038940        0.171948       -0.173642
          0.039653        0.132707       -0.142330
          0.045651        0.045025       -0.010089
          0.035550       -0.027525        0.167875
          0.011379       -0.034465        0.280142
         -0.001640        0.011588        0.289335
          0.010204        0.051437        0.257817
          0.028935        0.037674        0.241120
          0.026876       -0.027961        0.216918
         -0.000223       -0.104196        0.140815
         -0.031769       -0.146177        0.024476
         -0.049575       -0.134376       -0.077392
         -0.056602       -0.080267       -0.133018
         -0.066196       -0.015567       -0.153221
         -0.076639        0.024303       -0.159380
         -0.065040        0.020780       -0.165897
         -0.017261       -0.011734       -0.188040
          0.041767       -0.035289       -0.228356
          0.069669       -0.024922       -0.248940
          0.056811        0.005457       -0.194994
          0.027236        0.021307       -0.065454
         -0.003554        0.008030        0.067278
         -0.032204       -0.016488        0.130446
         -0.039646       -0.027087        0.124415
         -0.011576       -0.016131        0.103793
          0.021480        0.009132        0.105286
          0.017139        0.039530        0.117284
         -0.016274        0.062642        0.104416
         -0.037443        0.058228        0.038588
         -0.034552        0.014664       -0.078929
         -0.026037       -0.047221       -0.200806
         -0.020078       -0.082308       -0.251483
         -0.012465       -0.063160       -0.190066
         -0.003950       -0.009168       -0.054966
          0.011280        0.030904        0.070160
          0.050350        0.024065        0.132033
          0.105517       -0.017507        0.138442
          0.128288       -0.047914        0.123411
          0.083597       -0.029944        0.105171
          0.002104        0.032051        0.083696
         -0.053524        0.103210        0.058273
         -0.060547        0.155000        0.029264
         -0.046634        0.180075       -0.008598
         -0.042560        0.178109       -0.058637
         -0.050403        0.145302       -0.110241
         -0.050707        0.079477       -0.141419
         -0.025780       -0.012436       -0.130514
          0.018319       -0.107754       -0.069053
          0.051241       -0.167142        0.024692
          0.050308       -0.159527        0.108452
          0.027178       -0.101413        0.146917
          0.008028       -0.053493        0.136994
         -0.002342       -0.059219        0.094334
         -0.016599       -0.099898        0.032534
         -0.034530       -0.126954       -0.026433
         -0.040879       -0.120981       -0.044720
         -0.033197       -0.096397       -0.005471
         -0.031952       -0.063194        0.053010
         -0.053810       -0.012736        0.071790
         -0.082732        0.062274        0.038454
         -0.079165        0.152051       -0.004702
         -0.022307        0.227750       -0.020282
          0.063354        0.245898       -0.020483
          0.130554        0.176283       -0.041557
          0.151321        0.045969       -0.088237
          0.128863       -0.062982       -0.122424
          0.080958       -0.084851       -0.107087
          0.028992       -0.032330       -0.046545
         -0.005387        0.025702        0.021743
         -0.012136        0.036008        0.063827
         -0.000330       -0.003511        0.072235
          0.013522       -0.064810        0.062718
          0.016693       -0.119555        0.054772
         -0.001204       -0.147512        0.050044
         -0.040502       -0.138084        0.028130
         -0.077966       -0.095234       -0.029457
         -0.086225       -0.033663       -0.108591
         -0.071305        0.032439       -0.163464
         -0.061798        0.091743       -0.158039
         -0.059824        0.132190       -0.106382
         -0.039027        0.145061       -0.060056
          0.008181        0.129418       -0.050166
          0.059474        0.086093       -0.054180
          0.094213        0.015461       -0.029282
          0.098468       -0.067211        0.033607
          0.056149       -0.121078        0.102615
         -0.018670       -0.105988        0.144061
         -0.065836       -0.030568        0.154302
         -0.048443        0.040813        0.153014
         -0.008745        0.051852        0.154635
         -0.002080        0.020178        0.149208
         -0.014133        0.011177        0.110409
         -0.002704        0.045645        0.028568
          0.021587        0.072229       -0.062540
          0.022580        0.045484       -0.108685
          0.008170       -0.011043       -0.095897
          0.006924       -0.050391       -0.066320
          0.007487       -0.076496       -0.053726
         -0.018077       -0.126592       -0.032679
         -0.055530       -0.191338        0.029759
         -0.064405       -0.203389        0.098812
         -0.036403       -0.123828        0.105916
          0.000055       -0.003688        0.044485
          0.024420        0.076208       -0.031000
          0.044894        0.104433       -0.093376
          0.070965        0.130228       -0.157835
          0.082991        0.166968       -0.206102
          0.051813        0.166450       -0.175224
         -0.009340        0.098579       -0.049019
         -0.044793       -0.002597        0.100282
         -0.028211       -0.089842        0.193738
         -0.000436       -0.145723        0.222586
         -0.006023       -0.159515        0.212740
         -0.029994       -0.120418        0.157595
         -0.038260       -0.056693        0.036889
         -0.041018       -0.025651       -0.115890
         -0.061291       -0.037574       -0.217820
         -0.073661       -0.038384       -0.219190
         -0.037779        0.008133       -0.149727
          0.028956        0.068577       -0.069095
          0.073025        0.096026        0.000264
          0.080933        0.095026        0.068444
          0.077479        0.099290        0.128852
          0.067681        0.112991        0.150127
          0.037313        0.106609        0.117181
         -0.003236        0.063805        0.051259
         -0.028201        0.011970       -0.018651
         -0.040263       -0.001873       -0.078444
         -0.059275        0.033061       -0.111515
         -0.073807        0.067569       -0.091271
         -0.049006        0.042346       -0.019412
          0.012633       -0.040045        0.052022
          0.056866       -0.117736        0.070887
          0.041696       -0.143705        0.042671
         -0.006671       -0.126149        0.008970
         -0.024137       -0.093146       -0.014503
          0.012448       -0.054016       -0.044505
          0.060986       -0.008157       -0.086944
          0.074469        0.036315       -0.124092
          0.058117        0.070678       -0.144348
          0.043399        0.097549       -0.152204
          0.030628        0.119600       -0.141822
         -0.001829        0.124803       -0.089616
         -0.044347        0.098898        0.010102
         -0.061227        0.050211        0.121023
         -0.050370        0.006349        0.195317
         -0.049510       -0.016130        0.215631
         -0.073535       -0.025955        0.189340
         -0.091177       -0.037872        0.118138
         -0.075886       -0.050620        0.006128
         -0.037768       -0.050418       -0.104734
          0.003097       -0.030000       -0.146059
          0.035822        0.000985       -0.090649
          0.050058        0.021398        0.012687
          0.045091        0.013931        0.092332
          0.042986       -0.017515        0.122493
          0.059830       -0.043812        0.115679
          0.074191       -0.034375        0.072973
          0.055751        0.008114       -0.012628
          0.014532        0.044776       -0.109878
         -0.008410        0.040814       -0.155367
          0.005875        0.002304       -0.122171
          0.032280       -0.037789       -0.050989
          0.030572       -0.063666        0.004415
         -0.015001       -0.086487        0.036566
         -0.079575       -0.108365        0.068756
         -0.115295       -0.105384        0.105237
         -0.094447       -0.064348        0.127153
         -0.039592       -0.011323        0.123912
          0.000601        0.019312        0.099575
          0.008084        0.021401        0.058125
          0.010504        0.004158        0.010000
          0.034022       -0.025223       -0.015895
          0.065815       -0.044817        0.002084
          0.080429       -0.021768        0.041312
          0.078542        0.039129        0.051026
          0.071161        0.083775        0.009736
          0.046809        0.071024       -0.054636
         -0.006100        0.017842       -0.104016
         -0.058966       -0.032616       -0.126364
         -0.071344       -0.052731       -0.128181
         -0.051157       -0.028499       -0.118060
         -0.039872        0.038899       -0.112033
         -0.047692        0.107731       -0.131059
         -0.053185        0.114957       -0.170093
         -0.053265        0.051335       -0.185525
         -0.058080       -0.015592       -0.137510
         -0.051303       -0.023844       -0.034892
         -0.013756        0.004676        0.079955
          0.028922        0.000228        0.175114
          0.039141       -0.058680        0.237429
          0.029414       -0.118135        0.258259
          0.035701       -0.111441        0.242065
          0.049982       -0.022325        0.215315
          0.037892        0.109542        0.195304
          0.007883        0.215859        0.159101
          0.005293        0.233294        0.073007
          0.040934        0.148785       -0.052467
          0.072876        0.025644       -0.164899
          0.064495       -0.045999       -0.228588
          0.025318       -0.039426       -0.256878
         -0.014947       -0.008249       -0.274987
         -0.043416       -0.008885       -0.268962
         -0.057246       -0.040244       -0.198030
         -0.043420       -0.072721       -0.058988
          0.003539       -0.101302        0.087433
          0.052396       -0.139777        0.167547
          0.058748       -0.177949        0.155700
          0.021736       -0.178004        0.078990
         -0.012133       -0.121904       -0.011891
         -0.008091       -0.042418       -0.064131
          0.018154        0.012085       -0.047853
          0.025740        0.035519        0.012485
         -0.005255        0.061864        0.052885
         -0.055626        0.104811        0.042149
         -0.087083        0.134327        0.017936
         -0.083695        0.131429        0.023501
         -0.068983        0.130926        0.039099
         -0.066659        0.172686        0.019160
         -0.058017        0.232341       -0.028406
         -0.011691        0.241934       -0.052322
          0.055004        0.170928       -0.032583
          0.089636        0.052739        0.002208
          0.076619       -0.063287        0.023786
          0.048440       -0.154780        0.034635
          0.025583       -0.221756        0.055531
         -0.004248       -0.266963        0.103584
         -0.042393       -0.290538        0.171568
         -0.064822       -0.291342        0.217791
         -0.062283       -0.265728        0.196042
         -0.052204       -0.208554        0.108939
         -0.041224       -0.118785        0.010873
         -0.017050       -0.005064       -0.058859
          0.012891        0.112586       -0.123071
          0.018835        0.205074       -0.218354
          0.001419        0.241316       -0.318978
          0.005589        0.205516       -0.355122
          0.058988        0.118775       -0.304468
          0.130655        0.034079       -0.213430
          0.172967       -0.007980       -0.117362
          0.173270       -0.014180        0.002084
          0.142122       -0.017246        0.153954
          0.082373       -0.032042        0.287551
          0.000655       -0.049880        0.345243
         -0.072933       -0.061870        0.327513
         -0.110991       -0.063039        0.271291
         -0.123275       -0.037843        0.197188
         -0.134717        0.032947        0.108917
         -0.139070        0.140537        0.015442
         -0.108567        0.236719       -0.073844
         -0.047259        0.268338       -0.153501
         -0.000632        0.220715       -0.205647
         -0.003174        0.119456       -0.205091
         -0.037851       -0.003369       -0.153156
         -0.055512       -0.127838       -0.082027
         -0.022221       -0.229752       -0.021114
          0.052528       -0.270252        0.016043
          0.121760       -0.228994        0.019803
          0.137770       -0.142350       -0.004628
          0.095370       -0.075752       -0.023858
          0.034126       -0.048308       -0.012754
         -0.009718       -0.014741        0.008228
         -0.037050        0.062585        0.011267
         -0.058118        0.154654        0.017196
         -0.056830        0.202195        0.064846
         -0.015524        0.184183        0.138770
          0.038197        0.120438        0.178710
          0.049276        0.027966        0.156051
          0.006042       -0.084517        0.096934
         -0.036865       -0.182402        0.034402
         -0.022925       -0.207067       -0.020445
          0.037087       -0.132267       -0.063056
          0.080749       -0.001181       -0.092247
          0.069041        0.108027       -0.124787
          0.021730        0.145790       -0.178670
         -0.020347        0.117397       -0.236149
         -0.040696        0.062959       -0.250744
         -0.044527        0.022421       -0.199845
         -0.034757        0.009832       -0.111731
         -0.014395        0.008722       -0.030225
         -0.004474       -0.007192        0.033755
         -0.031680       -0.043445        0.098064
         -0.087608       -0.075661        0.163245
         -0.120603       -0.074785        0.199609
         -0.087860       -0.039091        0.191165
         -0.005666        0.004852        0.163443
          0.067840        0.029307        0.145699
          0.090323        0.023826        0.129972
          0.065183       -0.007198        0.094170
          0.028483       -0.046849        0.046114
          0.016318       -0.066042        0.013933
          0.031835       -0.041659        0.000849
          0.040293        0.018964       -0.021736
          0.010741        0.079887       -0.071271
         -0.041667        0.100823       -0.125523
         -0.075042        0.057856       -0.150762
         -0.074262       -0.039917       -0.143592
         -0.057402       -0.140361       -0.124264
         -0.034469       -0.175588       -0.099089
          0.006501       -0.122019       -0.056648
          0.066887       -0.026232        0.002502
          0.118626        0.039771        0.058572
          0.129168        0.042779        0.093056
          0.091604        0.007709        0.095037
          0.028388       -0.013823        0.056777
         -0.022523        0.010671       -0.008704
         -0.031412        0.073440       -0.056583
         -0.004199        0.144128       -0.055706
          0.019771        0.198908       -0.041623
          0.012815        0.223993       -0.077293
         -0.009923        0.201323       -0.153597
         -0.022137        0.116391       -0.182185
         -0.028704       -0.011385       -0.109688
         -0.046509       -0.126584        0.012437
         -0.064093       -0.185322        0.103076
         -0.061808       -0.196290        0.145018
         -0.054882       -0.197232        0.161212
         -0.068220       -0.198231        0.146600
         -0.083082       -0.170109        0.085940
         -0.062249       -0.087800        0.014883
         -0.015216        0.035818       -0.000944
          0.019254        0.160635        0.051410
          0.041421        0.242780        0.117403
          0.076952        0.246465        0.146585
          0.109051        0.163761        0.137991
          0.096171        0.041196        0.110124
          0.048832       -0.038993        0.069989
          0.017369       -0.037744        0.026926
          0.009173       -0.008853        0.000261
         -0.012879       -0.033821       -0.008451
         -0.051378       -0.112174       -0.027839
         -0.059620       -0.161542       -0.083328
         -0.015921       -0.131284       -0.163944
          0.039518       -0.063033       -0.231587
          0.058899       -0.018124       -0.251666
          0.040664        0.002182       -0.210174
          0.013146        0.026323       -0.117276
         -0.004613        0.043456       -0.006717
         -0.007700        0.016583        0.076662
          0.004491       -0.048546        0.102405
          0.022871       -0.091784        0.073892
          0.027372       -0.064406        0.027199
          0.005723        0.015066        0.009368
         -0.031943        0.078665        0.043713
         -0.060606        0.071961        0.108509
         -0.058438       -0.001345        0.159011
         -0.024131       -0.083624        0.171217
          0.016533       -0.108564        0.149754
          0.031741       -0.056272        0.098956
          0.017090        0.029340        0.014232
         -0.005956        0.087021       -0.093866
         -0.024632        0.104585       -0.190708
         -0.043467        0.124507       -0.241935
         -0.057793        0.178066       -0.238171
         -0.050238        0.235980       -0.198154
         -0.020647        0.243642       -0.155481
          0.008402        0.187211       -0.134519
          0.022674        0.097368       -0.128495
          0.028808        0.002417       -0.106299
          0.032681       -0.086170       -0.049392
          0.029602       -0.149747        0.022517
          0.020634       -0.167676        0.072168
          0.017303       -0.154230        0.092156
          0.022566       -0.154511        0.121730
          0.021986       -0.186847        0.202538
          0.003399       -0.212476        0.316789
         -0.022220       -0.180244        0.388270
         -0.030446       -0.087457        0.357527
         -0.013398        0.019401        0.240766
          0.011149        0.093549        0.100070
          0.025350        0.118555       -0.024250
          0.033933        0.098200       -0.127413
          0.049291        0.045608       -0.204634
          0.062803       -0.008167       -0.239027
          0.051087       -0.021555       -0.228530
          0.012891        0.016789       -0.198445
         -0.021379        0.064579       -0.172788
         -0.028973        0.067449       -0.143540
         -0.025849        0.026188       -0.083436
         -0.040963        0.000976        0.009265
         -0.073576        0.034759        0.093250
         -0.096131        0.091030        0.125381
         -0.090504        0.095732        0.110488
         -0.062878        0.031390        0.087728
         -0.028848       -0.046397        0.072644
         -0.001445       -0.084581        0.045863
          0.010254       -0.082560        0.003496
          0.009498       -0.058188       -0.020677
          0.016176       -0.010462       -0.002193
          0.041528        0.056127        0.035784
          0.062718        0.103197        0.052589
          0.049862        0.092355        0.035791
          0.013171        0.036479        0.000864
         -0.009335       -0.012655       -0.031954
         -0.004338       -0.026384       -0.046010
          0.012505       -0.025296       -0.036030
          0.035545       -0.041747       -0.021664
          0.071742       -0.081669       -0.032934
          0.108684       -0.133704       -0.070259
          0.116996       -0.188601       -0.097632
          0.084692       -0.225815       -0.085117
          0.024730       -0.204012       -0.040262
         -0.043579       -0.101749        0.011075
         -0.099896        0.038455        0.056318
         -0.123960        0.138377        0.094878
         -0.112793        0.158749        0.118011
         -0.086251        0.124741        0.109635
         -0.065249        0.080853        0.070135
         -0.057577        0.048920        0.025840
         -0.062276        0.036387        0.003724
         -0.065905        0.054651        0.002453
         -0.043328        0.103492       -0.001236
          0.011447        0.150358       -0.023247
          0.068705        0.151312       -0.059409
          0.101630        0.094098       -0.095626
          0.117566        0.008741       -0.122887
          0.124274       -0.060479       -0.145875
          0.098426       -0.087042       -0.171837
          0.025374       -0.078541       -0.183409
         -0.055746       -0.068274       -0.143285
         -0.086863       -0.077848       -0.047237
         -0.059826       -0.088883        0.052477
         -0.020383       -0.069607        0.105710
         -0.007555       -0.020784        0.121969
         -0.013663        0.030489        0.140726
         -0.009690        0.071061        0.171906
          0.010084        0.103822        0.196518
          0.027532        0.118987        0.198280
          0.035537        0.098764        0.162718
          0.046620        0.050138        0.073568
          0.061991        0.003293       -0.053480
          0.057646       -0.026474       -0.156675
          0.015832       -0.051634       -0.184088
         -0.046620       -0.081633       -0.146885
         -0.095019       -0.099423       -0.087633
         -0.110753       -0.080971       -0.016860
         -0.098889       -0.029037        0.081895
         -0.070116        0.024073        0.195180
         -0.026637        0.046904        0.267809
          0.029407        0.034386        0.258051
          0.078352        0.001315        0.182946
          0.089402       -0.038404        0.095425
          0.054629       -0.073861        0.026997
          0.005589       -0.086761       -0.032854
         -0.017789       -0.061765       -0.103677
         -0.008608       -0.010717       -0.178036
          0.008546        0.033346       -0.229647
          0.014184        0.051234       -0.248544
          0.013941        0.048919       -0.249831
          0.020880        0.035687       -0.244582
          0.030515        0.016620       -0.219511
          0.024529        0.007070       -0.158039
         -0.002540        0.024837       -0.071019
         -0.032774        0.059119        0.009872
         -0.045933        0.069887        0.066755
         -0.039108        0.031383        0.108721
         -0.018558       -0.036644        0.149779
          0.012101       -0.095508        0.188395
          0.042546       -0.137497        0.212146
          0.050904       -0.185256        0.207892
          0.028367       -0.235444        0.162360
         -0.001603       -0.233752        0.069379
         -0.009011       -0.135539       -0.049940
          0.004964        0.024934       -0.142983
          0.015741        0.159456       -0.160979
          0.014007        0.213541       -0.107482
          0.014161        0.201042       -0.041635
          0.025399        0.163096       -0.017846
          0.034778        0.131515       -0.025497
          0.023546        0.130099       -0.007462
         -0.012166        0.166481        0.060517
         -0.059353        0.204439        0.133131
         -0.097196        0.177491        0.148525
         -0.108238        0.057956        0.095701
         -0.090571       -0.102380        0.012120
         -0.058330       -0.219674       -0.065268
         -0.023092       -0.252961       -0.120285
          0.016364       -0.219325       -0.141603
          0.054962       -0.157516       -0.119264
          0.068418       -0.099444       -0.060852
          0.040557       -0.059378        0.007868
         -0.007645       -0.024842        0.060536
         -0.036711        0.030785        0.079900
         -0.029320        0.105814        0.060625
          0.001031        0.155535        0.016432
          0.033006        0.144503       -0.025251
          0.057158        0.098182       -0.047913
          0.076296        0.071135       -0.054574
          0.090338        0.073575       -0.043338
          0.084325        0.065260        0.004727
          0.045465        0.021625        0.091354
         -0.006639       -0.030054        0.170826
         -0.032278       -0.050983        0.186532
         -0.022122       -0.039220        0.136134
         -0.007297       -0.022000        0.070869
         -0.010708       -0.019624        0.026975
         -0.019238       -0.033702       -0.012257
         -0.014439       -0.056386       -0.077051
         -0.000889       -0.073550       -0.162250
          0.007990       -0.068131       -0.234157
          0.007019       -0.035639       -0.265927
         -0.010004        0.007595       -0.249646
         -0.054059        0.037483       -0.189181
         -0.117517        0.036611       -0.099426
         -0.160556       -0.001605       -0.003373
         -0.142216       -0.064969        0.084460
         -0.064455       -0.117747        0.161945
          0.029321       -0.124996        0.216177
          0.098302       -0.086320        0.216999
          0.128476       -0.029147        0.154865
          0.115960        0.028620        0.066012
          0.061100        0.086476       -0.003399
         -0.008994        0.133926       -0.038341
         -0.049367        0.144034       -0.041307
         -0.048440        0.104590       -0.010319
         -0.035480        0.037568        0.040752
         -0.022655       -0.023102        0.071489
          0.013936       -0.061681        0.058454
          0.074033       -0.080105        0.028305
          0.104807       -0.079120        0.023005
          0.067875       -0.055827        0.050325
         -0.002466       -0.018645        0.084158
         -0.043102        0.010375        0.094385
         -0.037016        0.017031        0.063853
         -0.012993        0.012576       -0.006182
          0.004328        0.018473       -0.091313
          0.007513        0.032088       -0.151675
         -0.012695        0.020623       -0.159720
         -0.057711       -0.036910       -0.126559
         -0.096316       -0.107140       -0.092920
         -0.086149       -0.122896       -0.082144
         -0.025708       -0.053247       -0.066265
          0.040206        0.063862        0.001605
          0.071299        0.166293        0.115629
          0.067141        0.222767        0.199761
          0.047958        0.229433        0.181711
          0.022028        0.181832        0.074746
         -0.013465        0.087617       -0.034939
         -0.049467       -0.007213       -0.079512
         -0.061897       -0.051050       -0.069906
         -0.037714       -0.051816       -0.066281
          0.006183       -0.070240       -0.105829
          0.039445       -0.133377       -0.162984
          0.046797       -0.190272       -0.172736
          0.033251       -0.178246       -0.097004
          0.013256       -0.103138        0.025712
          0.004314       -0.019565        0.108460
          0.016294        0.043945        0.105943
          0.036596        0.094044        0.063668
          0.042696        0.121064        0.059045
          0.035598        0.094797        0.105410
          0.036496        0.018312        0.141017
          0.044975       -0.059817        0.110766
          0.033174       -0.098792        0.032202
         -0.007344       -0.098065       -0.027833
         -0.045103       -0.073655       -0.026494
         -0.050165       -0.036174        0.015113
         -0.029905        0.002917        0.041481
         -0.010425        0.032817        0.023440
         -0.005952        0.057741       -0.021353
         -0.017944        0.087891       -0.065544
         -0.040323        0.111896       -0.104006
         -0.053690        0.099534       -0.136957
         -0.038508        0.041985       -0.149178
         -0.005905       -0.026378       -0.129371
          0.008770       -0.061213       -0.091099
         -0.006534       -0.055988       -0.053163
         -0.024862       -0.043789       -0.014672
         -0.021259       -0.055846        0.032306
         -0.001901       -0.090660        0.080088
          0.017243       -0.123095        0.113850
          0.031546       -0.132037        0.131390
          0.037219       -0.113610        0.136832
          0.028441       -0.072614        0.123741
          0.012944       -0.010629        0.082229
          0.003382        0.070459        0.016906
         -0.007021        0.154656       -0.056114
         -0.029830        0.211239       -0.121453
         -0.047673        0.216282       -0.161799
         -0.030199        0.174397       -0.157802
          0.019215        0.114142       -0.107966
          0.062859        0.060754       -0.038559
          0.071180        0.016008        0.018289
          0.044200       -0.035248        0.047317
         -0.000965       -0.101984        0.048990
         -0.044927       -0.169412        0.032227
         -0.072803       -0.200513        0.011109
         -0.076347       -0.160147       -0.004294
         -0.051062       -0.051399       -0.012553
          0.000927        0.069088       -0.009829
          0.059394        0.128538        0.013249
          0.092259        0.104606        0.054833
          0.086896        0.045309        0.097916
          0.062257        0.010623        0.132139
          0.036909        0.007969        0.161821
          0.003926        0.003943        0.181503
         -0.042382       -0.015012        0.161652
         -0.077239       -0.024469        0.077823
         -0.075259       -0.004676       -0.051155
         -0.052468        0.025342       -0.168140
         -0.041136        0.028481       -0.220896
         -0.037181       -0.007841       -0.194257
         -0.015018       -0.059144       -0.107227
          0.017321       -0.088730        0.004512
          0.026261       -0.080939        0.100582
          0.010687       -0.052351        0.147114
          0.003233       -0.029866        0.131100
          0.013123       -0.018599        0.064992
          0.014416       -0.000823       -0.025920
         -0.002342        0.031974       -0.118964
         -0.009522        0.064154       -0.194592
          0.012279        0.084928       -0.228680
          0.041081        0.114588       -0.201368
          0.044614        0.175343       -0.121047
          0.024668        0.237126       -0.024052
          0.011895        0.223551        0.061902
          0.023970        0.095759        0.136056
          0.042385       -0.084763        0.191181
          0.033415       -0.208225        0.190297
         -0.010759       -0.228337        0.110490
         -0.056658       -0.191617       -0.008886
         -0.062746       -0.156463       -0.098336
         -0.028230       -0.125271       -0.127242
          0.004617       -0.075447       -0.111256
          0.003667       -0.018542       -0.067822
         -0.015114        0.012700       -0.001532
         -0.018521        0.019876        0.073253
         -0.005385        0.037796        0.130425
          0.001912        0.075226        0.158076
          0.000458        0.093372        0.164100
          0.006466        0.059544        0.151370
          0.016165       -0.001856        0.109077
          0.002666       -0.034432        0.039581
         -0.040318       -0.015198       -0.026473
         -0.079602        0.025561       -0.060609
         -0.081677        0.044870       -0.066708
         -0.052038        0.028171       -0.061160
         -0.019542       -0.008783       -0.041544
          0.005343       -0.041367       -0.002462
          0.035816       -0.057089        0.033818
          0.074382       -0.066518        0.036068
          0.095487       -0.091742        0.005625
          0.077003       -0.133435       -0.029075
          0.036497       -0.154719       -0.051455
          0.012857       -0.112883       -0.063155
          0.014573       -0.007099       -0.060200
          0.013546        0.116019       -0.035611
         -0.006741        0.203004       -0.007748
         -0.028507        0.230514       -0.014906
         -0.034345        0.205281       -0.065896
         -0.032173        0.143482       -0.114637
         -0.031132        0.061061       -0.105466
         -0.022155       -0.021538       -0.039808
         -0.000061       -0.079659        0.019931
          0.018971       -0.095735        0.017874
          0.019851       -0.070274       -0.034872
          0.010720       -0.026345       -0.075407
          0.007770       -0.001631       -0.058099
          0.013104       -0.019010        0.003005
          0.019622       -0.057168        0.057218
          0.022514       -0.066006        0.066325
          0.015770       -0.021153        0.030513
         -0.005990        0.049327       -0.014295
         -0.031901        0.099132       -0.021755
         -0.036536        0.108875        0.020162
         -0.007273        0.088761        0.067078
          0.040302        0.056189        0.064866
          0.077888        0.029416        0.017887
          0.084462        0.028655       -0.017811
          0.053645        0.056704       -0.007676
         -0.000376        0.080585        0.026816
         -0.044929        0.057304        0.045712
         -0.057593       -0.013559        0.031786
         -0.052742       -0.080167       -0.003893
         -0.059320       -0.094884       -0.031140
         -0.076852       -0.069681       -0.022374
         -0.077697       -0.057717        0.012437
         -0.049789       -0.085314        0.027528
         -0.012868       -0.124182       -0.000207
          0.009433       -0.132396       -0.036156
          0.015307       -0.099535       -0.035755
          0.018590       -0.044352       -0.003894
          0.029035        0.008436        0.020539
          0.042864        0.035441        0.019707
          0.046632        0.020034        0.008019
          0.031264       -0.028528       -0.000789
          0.006835       -0.071969       -0.011494
         -0.004561       -0.076596       -0.029695
          0.003180       -0.044832       -0.042130
          0.013176       -0.003118       -0.026306
          0.013977        0.031395        0.021166
          0.014627        0.059161        0.075316
          0.020822        0.082712        0.106694
          0.020253        0.098545        0.105846
          0.006451        0.100984        0.076450
         -0.006620        0.084354        0.018077
         -0.010391        0.047523       -0.062272
         -0.018924        0.003076       -0.127665
         -0.041023       -0.029553       -0.131573
         -0.055954       -0.045569       -0.070517
         -0.040760       -0.052663        0.006948
         -0.009455       -0.045289        0.054541
         -0.001105       -0.008329        0.071451
         -0.030115        0.046670        0.082585
         -0.065330        0.079111        0.097076
         -0.063377        0.065679        0.101203
         -0.013513        0.025565        0.081964
          0.055621       -0.008958        0.045233
          0.105457       -0.025496        0.009327
          0.115165       -0.030756       -0.017061
          0.087092       -0.038156       -0.044520
          0.039250       -0.056989       -0.083758
         -0.005381       -0.074275       -0.123050
         -0.031180       -0.055922       -0.137826
         -0.036845        0.008952       -0.119091
         -0.030856        0.077572       -0.079475
         -0.022912        0.096644       -0.036784
         -0.019272        0.063429       -0.003688
         -0.019616        0.018395        0.017549
         -0.017336       -0.003313        0.042843
         -0.008775        0.013658        0.089599
          0.001390        0.071155        0.135573
          0.011574        0.138832        0.122512
          0.029254        0.148768        0.030812
          0.051811        0.055064       -0.073052
          0.056431       -0.101829       -0.101119
          0.028909       -0.224196       -0.043806
         -0.011527       -0.253831        0.027977
         -0.035486       -0.215040        0.050995
         -0.036989       -0.160680        0.024324
         -0.028147       -0.105806       -0.021077
         -0.018464       -0.032234       -0.065879
         -0.014155        0.059149       -0.099573
         -0.019703        0.130049       -0.106030
         -0.028313        0.146702       -0.079147
         -0.027713        0.122927       -0.038004
         -0.020052        0.103728       -0.003449
         -0.016771        0.109672        0.031123
         -0.014329        0.113446        0.084123
          0.001438        0.076403        0.145878
          0.027062       -0.001128        0.177090
          0.041688       -0.075213        0.151712
          0.037112       -0.102320        0.085142
          0.026218       -0.077657        0.013219
          0.019814       -0.026180       -0.043194
          0.014636        0.029396       -0.083948
          0.006963        0.076375       -0.111491
          0.000491        0.098642       -0.119893
         -0.002732        0.078651       -0.100410
         -0.004345        0.016754       -0.053012
         -0.001780       -0.062221        0.006659
          0.005874       -0.123537        0.053036
          0.006675       -0.141298        0.068853
         -0.009066       -0.110966        0.058543
         -0.027395       -0.051769        0.040550
         -0.029504        0.007185        0.028920
         -0.023776        0.048022        0.027156
         -0.028599        0.070069        0.033665
         -0.033155        0.079839        0.039917
         -0.011279        0.084607        0.026405
          0.030882        0.090499       -0.019304
          0.055192        0.093127       -0.075947
          0.039853        0.074644       -0.100873
          0.002518        0.024945       -0.079427
         -0.024957       -0.038586       -0.044132
         -0.026913       -0.086267       -0.032623
         -0.010168       -0.104523       -0.044209
          0.006253       -0.096239       -0.053264
          0.007840       -0.064830       -0.046519
         -0.000923       -0.019219       -0.024805
         -0.000908        0.011650        0.014550
          0.018368       -0.004463        0.067322
          0.044879       -0.063838        0.106649
          0.057265       -0.120656        0.108685
          0.046357       -0.131057        0.084799
          0.021419       -0.095070        0.059577
         -0.000327       -0.047159        0.029445
         -0.010268       -0.012517       -0.023688
         -0.015499        0.017403       -0.086956
         -0.024464        0.065647       -0.119358
         -0.029024        0.131168       -0.098065
         -0.015809        0.176594       -0.035865
          0.006130        0.163037        0.041930
          0.011025        0.095612        0.111828
         -0.006678        0.020574        0.147943
         -0.024024       -0.024933        0.129605
         -0.023373       -0.042653        0.058657
         -0.011746       -0.048571       -0.038591
         -0.002806       -0.043706       -0.122421
         -0.004069       -0.026690       -0.154490
         -0.022979       -0.016050       -0.121775
         -0.056465       -0.033305       -0.050550
         -0.073664       -0.066732        0.021114
         -0.043315       -0.072450        0.080627
          0.018036       -0.019601        0.127633
          0.060437        0.070958        0.138565
          0.066688        0.138852        0.086054
          0.065463        0.139338       -0.009911
          0.072283        0.085752       -0.091202
          0.061604        0.029732       -0.126606
          0.016449        0.002724       -0.136539
         -0.032153       -0.005690       -0.147850
         -0.043810       -0.013619       -0.150292
         -0.022974       -0.019493       -0.111862
         -0.006649       -0.017800       -0.028258
         -0.012679       -0.016352        0.056082
         -0.026878       -0.021616        0.084161
         -0.034720       -0.023033        0.043948
         -0.040245       -0.008358       -0.017714
         -0.050033        0.012656       -0.042276
         -0.056605        0.013405       -0.013364
         -0.047419       -0.019481        0.039772
         -0.022479       -0.066314        0.080662
          0.005776       -0.087356        0.096190
          0.027251       -0.058177        0.096474
          0.041482        0.005550        0.098018
          0.051974        0.059499        0.106468
          0.060953        0.067899        0.109706
          0.068460        0.028885        0.091857
          0.069436       -0.030964        0.057751
          0.054027       -0.076910        0.035452
          0.019283       -0.085205        0.048219
         -0.019754       -0.059676        0.088063
         -0.038953       -0.031530        0.120061
         -0.029366       -0.026756        0.110945
         -0.008288       -0.033817        0.055189
          0.000175       -0.022725       -0.022590
         -0.006930        0.007408       -0.089495
         -0.012401        0.027524       -0.128423
         -0.006992        0.024822       -0.142134
         -0.001585        0.017033       -0.141225
         -0.006010        0.015242       -0.135466
         -0.011486        0.005742       -0.132050
         -0.006417       -0.018674       -0.130430
          0.001185       -0.036681       -0.118675
         -0.007277       -0.023552       -0.087574
         -0.032223        0.018809       -0.052030
         -0.049178        0.068058       -0.044005
         -0.034247        0.104481       -0.073144
          0.009443        0.121125       -0.105304
          0.053259        0.122889       -0.096565
          0.068776        0.119879       -0.044403
          0.051331        0.112823        0.011537
          0.019302        0.088620        0.038341
         -0.007755        0.043546        0.040702
         -0.025581        0.002909        0.041302
         -0.038424       -0.004954        0.053513
         -0.045810        0.007913        0.081722
         -0.046409       -0.002738        0.125081
         -0.046110       -0.057249        0.168838
         -0.046259       -0.129033        0.193130
         -0.031889       -0.185229        0.198914
          0.006357       -0.221086        0.200970
          0.043733       -0.236452        0.189960
          0.043193       -0.208386        0.133847
          0.008469       -0.120384        0.030415
         -0.014180       -0.003347       -0.070260
          0.003035        0.085509       -0.114653
          0.036263        0.120108       -0.099524
          0.052675        0.119309       -0.062351
          0.054120        0.111142       -0.033978
          0.055022        0.107203       -0.019820
          0.048936        0.107854       -0.019610
          0.028225        0.108373       -0.040588
          0.009212        0.097194       -0.081811
          0.005716        0.064524       -0.121160
          0.001983        0.014641       -0.133658
         -0.019972       -0.040457       -0.117855
         -0.050158       -0.094693       -0.092715
         -0.070701       -0.142629       -0.071108
         -0.080417       -0.166913       -0.046209
         -0.079434       -0.148628       -0.005000
         -0.056204       -0.092390        0.050307
         -0.010463       -0.029676        0.096962
          0.032595        0.007057        0.107535
          0.048366        0.009565        0.071850
          0.037724       -0.003891        0.006972
          0.016773       -0.004023       -0.049730
         -0.002462        0.027580       -0.061043
         -0.013242        0.080786       -0.017834
         -0.009994        0.122775        0.046619
          0.006626        0.131455        0.081691
          0.025667        0.120614        0.067597
          0.033078        0.122664        0.030037
          0.024430        0.148728        0.003462
          0.011660        0.172062       -0.004670
          0.013348        0.149035       -0.006456
          0.031360        0.058361       -0.009444
          0.042672       -0.070363       -0.014808
          0.026177       -0.169364       -0.027796
         -0.009178       -0.190637       -0.052903
         -0.037871       -0.153929       -0.080206
         -0.049418       -0.121248       -0.087712
         -0.046692       -0.122820       -0.059297
         -0.025585       -0.128552        0.004680
          0.014556       -0.095924        0.090942
          0.048498       -0.022037        0.175622
          0.045655        0.060800        0.223213
          0.011370        0.117869        0.201178
         -0.019271        0.127611        0.109141
         -0.025798        0.087604       -0.012230
         -0.016514        0.024403       -0.112131
         -0.004307       -0.018088       -0.169783
          0.005435       -0.017315       -0.199429
          0.004966        0.010059       -0.217009
         -0.012139        0.035422       -0.211948
         -0.035066        0.047063       -0.162351
         -0.045769        0.044140       -0.072843
         -0.046167        0.021009        0.022364
         -0.050479       -0.023953        0.097602
         -0.050141       -0.068720        0.154975
         -0.020422       -0.075339        0.197112
          0.030803       -0.029377        0.206041
          0.059184        0.034349        0.167072
          0.043731        0.060376        0.094075
          0.014190        0.027568        0.010561
          0.002423       -0.036081       -0.077260
          0.003849       -0.089523       -0.164013
          0.006458       -0.111955       -0.217830
          0.019958       -0.102452       -0.204000
          0.048964       -0.069228       -0.130402
          0.067465       -0.028079       -0.036965
          0.050832        0.002878        0.053952
          0.014874        0.019220        0.140669
         -0.004712        0.034831        0.202578
         -0.000732        0.059490        0.202215
          0.003340        0.077370        0.133637
         -0.006024        0.064716        0.035615
         -0.016492        0.028229       -0.048778
         -0.017848        0.004464       -0.100787
         -0.020308        0.013609       -0.115551
         -0.032632        0.033571       -0.091871
         -0.042645        0.032583       -0.040285
         -0.037514        0.010988        0.017572
         -0.028181       -0.005505        0.067253
         -0.031952       -0.002228        0.107116
         -0.040440        0.011363        0.127556
         -0.030182        0.017274        0.099988
         -0.002801        0.004108        0.007945
          0.012538       -0.025355       -0.114208
          0.002464       -0.049396       -0.196700
         -0.010111       -0.039940       -0.195522
          0.000402        0.005828       -0.124744
          0.029730        0.053941       -0.028547
          0.056294        0.066402        0.057442
          0.067339        0.038931        0.113224
          0.061018       -0.003406        0.129335
          0.037312       -0.037462        0.110960
         -0.001700       -0.055091        0.072810
         -0.047756       -0.054767        0.020676
         -0.085713       -0.040301       -0.044514
         -0.096641       -0.026546       -0.097273
         -0.069180       -0.027651       -0.090206
         -0.012793       -0.036105       -0.007952
          0.046673       -0.028858        0.100757
          0.086863        0.000818        0.169083
          0.099128        0.030138        0.177363
          0.085297        0.031440        0.150841
          0.057381        0.003364        0.106701
          0.034553       -0.025973        0.034997
          0.024168       -0.025498       -0.066553
          0.010768        0.009103       -0.165527
         -0.020058        0.054242       -0.216978
         -0.054179        0.086566       -0.204298
         -0.063544        0.101601       -0.150571
         -0.041682        0.100576       -0.093687
         -0.008204        0.077124       -0.054520
          0.013739        0.031849       -0.028869
          0.011369       -0.014797       -0.007512
         -0.013468       -0.043473        0.007073
         -0.041363       -0.060732        0.015584
         -0.048732       -0.084727        0.039280
         -0.031541       -0.112447        0.094334
         -0.004832       -0.120208        0.154151
          0.019402       -0.097316        0.168765
          0.038387       -0.062952        0.123669
          0.047050       -0.042410        0.054825
          0.037682       -0.037464        0.004591
          0.010944       -0.030892       -0.018446
         -0.021408       -0.012941       -0.036661
         -0.043105        0.011452       -0.074550
         -0.042602        0.039989       -0.132667
         -0.022861        0.079934       -0.182455
         -0.001219        0.129415       -0.186625
          0.006781        0.163852       -0.129294
          0.001387        0.154714       -0.030438
         -0.007771        0.099207        0.066745
         -0.016152        0.023185        0.125709
         -0.023377       -0.041200        0.140509
         -0.022439       -0.073355        0.132819
         -0.004821       -0.068671        0.123689
          0.022523       -0.040684        0.109028
          0.040838       -0.016780        0.067537
          0.042354       -0.016954       -0.006425
          0.034121       -0.033699       -0.086149
          0.020770       -0.039851       -0.135446
          0.002115       -0.014409       -0.141877
         -0.015033        0.043862       -0.119465
         -0.022198        0.118731       -0.085178
         -0.022050        0.180646       -0.042550
         -0.019253        0.194290        0.014120
         -0.009210        0.136994        0.083744
          0.006957        0.018365        0.144967
          0.012297       -0.117298        0.165311
         -0.002007       -0.214287        0.134483
         -0.019663       -0.242898        0.079867
         -0.022694       -0.218642        0.033966
         -0.012545       -0.178097       -0.001617
          0.005229       -0.135284       -0.040592
          0.034062       -0.074606       -0.075940
          0.069264        0.009891       -0.086809
          0.088194        0.087928       -0.071470
          0.073121        0.121887       -0.046094
          0.032077        0.110624       -0.017702
         -0.011884        0.084780        0.015014
         -0.042806        0.063691        0.037756
         -0.058163        0.039739        0.025251
         -0.061505        0.008865       -0.023799
         -0.055412       -0.007666       -0.075320
         -0.040542        0.010591       -0.093162
         -0.018366        0.048256       -0.072497
          0.007527        0.065714       -0.032694
          0.031730        0.044695        0.009326
          0.045665        0.008031        0.044909
          0.039696       -0.009343        0.063592
          0.014429        0.000831        0.055142
         -0.011891        0.017759        0.020507
         -0.017652        0.022493       -0.026663
         -0.002681        0.017870       -0.065777
          0.009978        0.013492       -0.078125
          0.003384        0.004292       -0.061552
         -0.011835       -0.022225       -0.034016
         -0.017254       -0.063077       -0.011252
         -0.017037       -0.097677        0.011614
         -0.027415       -0.107442        0.044117
         -0.042082       -0.087904        0.077283
         -0.034539       -0.044000        0.090834
          0.002341        0.014399        0.076395
          0.042171        0.070011        0.043276
          0.057359        0.101930        0.004956
          0.046678        0.099371       -0.033699
          0.022814        0.068911       -0.072228
         -0.007956        0.026804       -0.097065
         -0.040190       -0.010522       -0.081605
         -0.059359       -0.031297       -0.020849
         -0.054874       -0.038999        0.046034
         -0.035570       -0.058049        0.076620
         -0.019786       -0.104741        0.081330
         -0.013734       -0.147910        0.102715
         -0.006828       -0.133114        0.143250
          0.012931       -0.060467        0.159031
          0.042050        0.001108        0.129639
          0.063071        0.001982        0.086146
          0.065182       -0.023502        0.056422
          0.055265       -0.012176        0.026782
          0.040199        0.040336       -0.023932
          0.012494        0.086133       -0.089380
         -0.027852        0.100037       -0.153594
         -0.053234        0.106820       -0.213270
         -0.039224        0.134858       -0.262678
         -0.003856        0.175496       -0.278166
          0.015902        0.197154       -0.237627
          0.016049        0.177641       -0.147129
          0.018866        0.113746       -0.038008
          0.024493        0.018535        0.057391
          0.009629       -0.077993        0.122951
         -0.026090       -0.140144        0.158855
         -0.049789       -0.155112        0.172417
         -0.041406       -0.146680        0.170318
         -0.022523       -0.149952        0.156818
         -0.022997       -0.172610        0.134173
         -0.037942       -0.185767        0.101203
         -0.039901       -0.153471        0.054937
         -0.022134       -0.070703       -0.000150
         -0.003439        0.028621       -0.046521
          0.005473        0.103155       -0.066277
          0.013551        0.138962       -0.060521
          0.027043        0.147037       -0.044490
          0.038927        0.136554       -0.019676
          0.043486        0.107584        0.030459
          0.044439        0.065048        0.102187
          0.045857        0.019239        0.148291
          0.044996       -0.028668        0.120920
          0.035649       -0.083373        0.030889
          0.015152       -0.133935       -0.059396
         -0.011378       -0.152648       -0.098144
         -0.033666       -0.123927       -0.080690
         -0.043358       -0.063435       -0.033417
         -0.037400       -0.001371        0.011273
         -0.018686        0.045608        0.023050
          0.000997        0.080408       -0.014798
          0.005842        0.109105       -0.084765
         -0.004831        0.125544       -0.138949
         -0.008971        0.116073       -0.140126
          0.012200        0.079478       -0.095497
          0.046629        0.034032       -0.040551
          0.064528       -0.002209        0.002770
          0.050386       -0.030234        0.037663
          0.008557       -0.060277        0.066363
         -0.045974       -0.091072        0.072785
         -0.085198       -0.107087        0.043190
         -0.080187       -0.090052       -0.006798
         -0.037290       -0.032475       -0.043911
          0.002313        0.048173       -0.053467
          0.017336        0.110765       -0.045640
          0.030562        0.123207       -0.027632
          0.060854        0.093742        0.004863
          0.085003        0.054997        0.042752
          0.070733        0.021825        0.057058
          0.022036       -0.015836        0.032034
         -0.029699       -0.061311       -0.013932
         -0.061510       -0.095654       -0.053533
         -0.069569       -0.099833       -0.081191
         -0.059652       -0.075054       -0.107141
         -0.042511       -0.033630       -0.133386
         -0.029114        0.014188       -0.145779
         -0.018638        0.054189       -0.124729
          0.001597        0.064910       -0.061782
          0.034586        0.037223        0.029413
          0.060130       -0.009676        0.120377
          0.056437       -0.045289        0.189074
          0.029790       -0.056537        0.229339
          0.005879       -0.049858        0.240400
         -0.004675       -0.032747        0.220560
         -0.011625       -0.008291        0.176364
         -0.019644        0.015970        0.124343
         -0.023617        0.030601        0.072998
         -0.027791        0.038073        0.012503
         -0.040351        0.051240       -0.065197
         -0.048335        0.072923       -0.142414
         -0.028052        0.085495       -0.186099
          0.016724        0.068461       -0.180404
          0.053354        0.024535       -0.137903
          0.058046       -0.018799       -0.081451
          0.033308       -0.037120       -0.025931
         -0.007157       -0.033559        0.024465
         -0.048466       -0.028768        0.069243
         -0.074016       -0.029553        0.099767
         -0.074389       -0.019582        0.096067
         -0.055165        0.013760        0.050516
         -0.025943        0.053919       -0.006204
          0.011129        0.068314       -0.028752
          0.052405        0.043616       -0.013180
          0.082685       -0.002119       -0.002166
          0.089374       -0.040730       -0.025683
          0.080882       -0.057446       -0.064255
          0.073562       -0.054437       -0.081853
          0.063801       -0.042775       -0.069396
          0.034223       -0.034416       -0.042883
         -0.012843       -0.034077       -0.018629
         -0.052258       -0.034962       -0.003614
         -0.068570       -0.026868        0.002231
         -0.067043       -0.009771        0.005302
         -0.051830        0.005163        0.014197
         -0.021811        0.008644        0.029998
          0.009594        0.003777        0.043367
          0.019381        0.003624        0.043227
          0.003794        0.019043        0.025674
         -0.020323        0.045473       -0.003987
         -0.039446        0.061459       -0.032365
         -0.046604        0.047260       -0.042700
         -0.031823        0.008486       -0.026713
          0.003557       -0.024591        0.005383
          0.033849       -0.025850        0.030850
          0.037330        0.002249        0.033401
          0.026840        0.034868        0.016511
          0.027217        0.048609       -0.001517
          0.034944        0.035710       -0.004971
          0.026655        0.002906        0.006320
         -0.001766       -0.035958        0.019691
         -0.029910       -0.068878        0.023568
         -0.042573       -0.091962        0.019213
         -0.044394       -0.106371        0.019243
         -0.044907       -0.109446        0.032068
         -0.044186       -0.093516        0.047983
         -0.036241       -0.057926        0.047126
         -0.017030       -0.020659        0.023422
          0.012955       -0.007864       -0.005588
          0.046680       -0.023790       -0.015136
          0.071024       -0.039847        0.004165
          0.076688       -0.025597        0.038914
          0.067271        0.017091        0.064215
          0.053139        0.061642        0.063943
          0.039909        0.086589        0.041426
          0.027974        0.084746        0.008740
          0.016777        0.056289       -0.030482
          0.003699        0.011149       -0.080222
         -0.012752       -0.026717       -0.135332
         -0.023793       -0.031372       -0.172732
         -0.018516        0.006442       -0.163461
         -0.007647        0.072385       -0.097721
         -0.017672        0.133705       -0.002616
         -0.049050        0.154039        0.070461
         -0.066202        0.119964        0.088465
         -0.047144        0.059334        0.066822
         -0.015435        0.018468        0.046212
         -0.001006        0.013632        0.041208
          0.001786        0.019578        0.028480
          0.011399        0.010231       -0.010214
          0.021396       -0.010749       -0.052883
          0.013252       -0.028429       -0.061749
         -0.011665       -0.042869       -0.032838
         -0.033873       -0.062069        0.000748
         -0.037472       -0.082610        0.014777
         -0.020694       -0.089597        0.018785
          0.004129       -0.069660        0.027046
          0.019882       -0.020691        0.032109
          0.023571        0.042940        0.026297
          0.029489        0.092979        0.023811
          0.043869        0.103533        0.034643
          0.049932        0.068873        0.039608
          0.031959        0.006329        0.022554
         -0.000819       -0.053197        0.004959
         -0.029982       -0.082087        0.010831
         -0.050902       -0.078922        0.016794
         -0.062519       -0.072839       -0.016642
         -0.053164       -0.087886       -0.073467
         -0.019521       -0.107949       -0.091571
          0.015868       -0.097283       -0.047587
          0.029863       -0.048788        0.012637
          0.029601        0.010606        0.038346
          0.036891        0.055033        0.026971
          0.052172        0.076336       -0.000139
          0.054059        0.072944       -0.033680
          0.029507        0.049616       -0.067768
         -0.010097        0.028207       -0.088587
         -0.041277        0.033222       -0.093044
         -0.049846        0.060499       -0.095960
         -0.040577        0.079051       -0.103943
         -0.026824        0.068723       -0.101220
         -0.012362        0.039298       -0.071842
          0.008596        0.010797       -0.019282
          0.032759       -0.005280        0.042868
          0.043594       -0.002627        0.102558
          0.031891        0.018776        0.145082
          0.006931        0.040286        0.155746
         -0.017816        0.035009        0.137893
         -0.035315        0.002867        0.114050
         -0.038901       -0.023160        0.098632
         -0.024079       -0.019633        0.083615
         -0.000388       -0.004263        0.062335
          0.015094       -0.008682        0.050362
          0.018585       -0.035773        0.064567
          0.019096       -0.064996        0.093974
          0.017370       -0.087784        0.110505
          0.003129       -0.111056        0.099250
         -0.022067       -0.129592        0.061998
         -0.036285       -0.123857        0.003900
         -0.023612       -0.091219       -0.064098
          0.001710       -0.053686       -0.120522
          0.012365       -0.024081       -0.149916
          0.003610        0.011499       -0.158177
         -0.003361        0.063033       -0.160650
          0.007850        0.110650       -0.161779
          0.028555        0.128146       -0.151847
          0.037477        0.115668       -0.117460
          0.023526        0.090653       -0.055744
         -0.007461        0.059875        0.015268
         -0.040967        0.019705        0.064848
         -0.060842       -0.023817        0.075261
         -0.052084       -0.053260        0.055043
         -0.011441       -0.057899        0.024143
          0.038564       -0.042895       -0.005482
          0.060906       -0.020243       -0.031148
          0.042316        0.001179       -0.051208
          0.009565        0.014638       -0.061625
         -0.004402        0.012948       -0.056165
          0.002144       -0.003913       -0.028603
          0.009303       -0.020446        0.018723
          0.007096       -0.017484        0.066867
         -0.000609        0.002778        0.089168
         -0.010542        0.015610        0.075201
         -0.018947        0.005320        0.042113
         -0.016688       -0.013485        0.015581
         -0.003094       -0.016554        0.003612
          0.006072       -0.003155       -0.001875
         -0.000554        0.005009       -0.003521
         -0.014141       -0.002892        0.005071
         -0.022400       -0.008579        0.023247
         -0.024586        0.010695        0.041716
         -0.019581        0.049108        0.057006
         -0.001009        0.080301        0.069862
          0.024844        0.092159        0.071816
          0.038475        0.092910        0.053895
          0.033895        0.085868        0.026002
          0.025172        0.060641        0.006432
          0.021173        0.011117       -0.004559
          0.015182       -0.053088       -0.019988
          0.002824       -0.111157       -0.040408
         -0.010693       -0.137845       -0.055071
         -0.023757       -0.118228       -0.063201
         -0.038782       -0.070306       -0.070329
         -0.046712       -0.038856       -0.066732
         -0.031688       -0.047725       -0.034503
          0.001815       -0.070065        0.021499
          0.025705       -0.066053        0.070638
          0.023305       -0.037058        0.088762
          0.009788       -0.015421        0.076911
          0.004166       -0.009491        0.046069
          0.001644        0.007081        0.002561
         -0.006959        0.048786       -0.045350
         -0.010815        0.093066       -0.083932
         -0.000479        0.113238       -0.107018
          0.006258        0.111719       -0.120803
         -0.010458        0.105329       -0.127047
         -0.037178        0.096740       -0.111106
         -0.044762        0.078546       -0.057581
         -0.028025        0.053468        0.023965
         -0.003840        0.032537        0.097264
          0.016645        0.017555        0.129102
          0.030921       -0.003010        0.119321
          0.032277       -0.042324        0.093496
          0.018002       -0.102192        0.066993
          0.003981       -0.164456        0.032459
          0.008761       -0.194210       -0.012106
          0.026374       -0.164305       -0.045193
          0.036584       -0.083216       -0.047276
          0.038149        0.008769       -0.027953
          0.045790        0.073421       -0.012207
          0.056105        0.098318       -0.012205
          0.046332        0.092519       -0.022910
          0.009108        0.074625       -0.032046
         -0.038364        0.064084       -0.027533
         -0.078381        0.066070       -0.008991
         -0.099711        0.061929        0.005000
         -0.088604        0.031366       -0.004329
         -0.044412       -0.013806       -0.029083
          0.003791       -0.037720       -0.040104
          0.027064       -0.026398       -0.017874
          0.032341       -0.005026        0.033065
          0.039779       -0.003254        0.094469
          0.042810       -0.022084        0.144772
          0.024913       -0.041112        0.163015
         -0.001687       -0.043150        0.137846
         -0.010721       -0.027805        0.076510
         -0.002762       -0.010755       -0.000688
          0.000987       -0.008142       -0.074584
         -0.004079       -0.016585       -0.132336
         -0.003727       -0.017946       -0.163082
          0.006001       -0.007644       -0.158159
          0.011367       -0.001742       -0.118792
          0.001591       -0.009229       -0.059372
         -0.018340       -0.016629        0.000043
         -0.034078       -0.011943        0.044238
         -0.033289       -0.006526        0.066848
         -0.016282       -0.016486        0.067667
          0.000856       -0.033182        0.049890
          0.003090       -0.031020        0.021390
         -0.003374       -0.001651       -0.004055
         -0.001481        0.036666       -0.012383
          0.008358        0.064844        0.000401
          0.009031        0.081039        0.023864
         -0.004680        0.088643        0.040462
         -0.017711        0.084285        0.038496
         -0.017227        0.067160        0.020195
         -0.006973        0.045891       -0.001424
          0.005273        0.026952       -0.014525
          0.020401        0.008416       -0.018123
          0.038363       -0.008433       -0.020655
          0.045235       -0.015147       -0.031544
          0.026979       -0.010966       -0.054296
         -0.004257       -0.008729       -0.082473
         -0.017681       -0.018663       -0.099639
         -0.003936       -0.036433       -0.088677
          0.012912       -0.050805       -0.047154
          0.011381       -0.052102        0.006283
         -0.002406       -0.033438        0.043678
         -0.015190        0.000127        0.050347
         -0.026875        0.023354        0.039561
         -0.037404        0.012081        0.041676
         -0.036039       -0.023605        0.071920
         -0.018179       -0.047737        0.110536
          0.003920       -0.043970        0.122263
          0.018594       -0.031129        0.094004
          0.029367       -0.028434        0.045048
          0.041979       -0.029061        0.001973
          0.047385       -0.018636       -0.024929
          0.030386       -0.000122       -0.038843
         -0.006243        0.013269       -0.043658
         -0.036771        0.017515       -0.042026
         -0.038356        0.018165       -0.037521
         -0.017303        0.017729       -0.030323
         -0.000951        0.011345       -0.015923
         -0.006114       -0.006784        0.006166
         -0.025389       -0.035238        0.027743
         -0.040695       -0.061279        0.041309
         -0.037186       -0.066143        0.049416
         -0.008432       -0.041713        0.057871
          0.035473       -0.003484        0.060944
          0.067523        0.021355        0.041064
          0.066935        0.024004       -0.011833
          0.040444        0.025608       -0.083761
          0.010170        0.050840       -0.144051
         -0.011182        0.093474       -0.167524
         -0.021580        0.118148       -0.148416
         -0.018470        0.098744       -0.100263
         -0.002700        0.047981       -0.047138
          0.013747        0.002965       -0.007766
          0.017930       -0.015744        0.016803
          0.009891       -0.022379        0.035045
         -0.001750       -0.040711        0.046824
         -0.011558       -0.069933        0.044293
         -0.017853       -0.086853        0.028623
         -0.020239       -0.078207        0.011613
         -0.023687       -0.055918        0.000019
         -0.034938       -0.037367       -0.009209
         -0.047088       -0.024471       -0.016588
         -0.040046       -0.010029       -0.013289
         -0.007333        0.006524        0.009959
          0.029284        0.020988        0.050450
          0.044604        0.034965        0.089684
          0.038031        0.052311        0.103444
          0.023974        0.068478        0.082696
          0.008334        0.074740        0.044792
         -0.009321        0.071223        0.016352
         -0.023466        0.064788        0.005650
         -0.029208        0.054667       -0.000140
         -0.029278        0.031562       -0.014018
         -0.021349       -0.006630       -0.037741
          0.005635       -0.046496       -0.068033
          0.047302       -0.068423       -0.095839
          0.072950       -0.059790       -0.097371
          0.058349       -0.023793       -0.049392
          0.018049        0.016236        0.033646
         -0.012324        0.028419        0.098180
         -0.016030        0.002231        0.105506
         -0.001958       -0.035626        0.072103
          0.016296       -0.046717        0.041030
          0.028327       -0.020853        0.030847
          0.023112        0.016594        0.029535
         -0.001657        0.032364        0.022085
         -0.031460        0.012718        0.005577
         -0.052040       -0.029766       -0.013838
         -0.065614       -0.066062       -0.027014
         -0.075810       -0.071774       -0.029988
         -0.071553       -0.047904       -0.029260
         -0.043690       -0.017476       -0.032780
         -0.003509        0.003545       -0.036632
          0.030135        0.022692       -0.028832
          0.047627        0.050496       -0.006803
          0.044231        0.075794        0.014686
          0.019615        0.076603        0.014321
         -0.009125        0.049902       -0.018035
         -0.015524        0.016284       -0.071153
          0.003530       -0.003552       -0.116289
          0.020526       -0.005657       -0.124503
          0.014190        0.002708       -0.088145
         -0.001821        0.013184       -0.028589
         -0.002053        0.018171        0.020811
          0.011501        0.013397        0.042812
          0.014833        0.003812        0.047341
          0.001343       -0.001775        0.054935
         -0.008630       -0.005886        0.071699
          0.000271       -0.020276        0.083418
          0.018453       -0.041681        0.074669
          0.027475       -0.045011        0.048292
          0.019858       -0.016646        0.020044
          0.001718        0.016828       -0.000780
         -0.012094        0.015420       -0.015124
         -0.008121       -0.022179       -0.022317
          0.011561       -0.056283       -0.016941
          0.029954       -0.057543        0.001663
          0.033619       -0.036967        0.024244
          0.023444       -0.018521        0.037666
          0.007293       -0.006487        0.035768
         -0.008433        0.005450        0.025510
         -0.020279        0.011324        0.019564
         -0.029098       -0.001393        0.022296
         -0.039620       -0.029745        0.029263
         -0.052370       -0.052506        0.037738
         -0.055905       -0.049774        0.045108
         -0.033821       -0.021502        0.039591
          0.015065        0.013573        0.009137
          0.066694        0.038150       -0.040318
          0.090375        0.053226       -0.088898
          0.077766        0.067918       -0.122390
          0.045550        0.076185       -0.135601
          0.010910        0.059923       -0.122547
         -0.023206        0.018965       -0.079878
         -0.056746       -0.018353       -0.019776
         -0.080766       -0.023266        0.032707
         -0.084748        0.005424        0.058579
         -0.067895        0.045648        0.057888
         -0.038004        0.071881        0.045361
         -0.005305        0.066679        0.036174
          0.019972        0.027205        0.034024
          0.030786       -0.028822        0.029206
          0.027659       -0.069444        0.007276
          0.017049       -0.070958       -0.037254
          0.005266       -0.038464       -0.091108
         -0.004546       -0.003343       -0.126271
         -0.011518        0.003756       -0.119458
         -0.014574       -0.018652       -0.070600
         -0.009835       -0.042486       -0.001074
          0.007443       -0.040304        0.064694
          0.035140       -0.012781        0.113331
          0.059756        0.016679        0.141718
          0.064039        0.029324        0.148276
          0.042632        0.027299        0.128171
          0.010212        0.025417        0.078502
         -0.009738        0.031934        0.008692
         -0.006719        0.038032       -0.056891
          0.008726        0.027255       -0.092059
          0.019853       -0.003066       -0.089814
          0.021307       -0.035511       -0.070100
          0.017584       -0.053896       -0.059294
          0.008805       -0.061872       -0.059374
         -0.011506       -0.067332       -0.047853
         -0.040806       -0.059206       -0.013240
         -0.060417       -0.022790        0.024437
         -0.056439        0.027191        0.038105
         -0.041224        0.056694        0.024166
         -0.037640        0.057282       -0.000370
         -0.045827        0.054887       -0.015077
         -0.044087        0.068701       -0.002455
         -0.021337        0.085024        0.042884
          0.009817        0.080353        0.098055
          0.032935        0.051604        0.120682
          0.043969        0.012738        0.089454
          0.045346       -0.026292        0.028582
          0.037839       -0.064739       -0.018371
          0.023305       -0.098789       -0.033312
          0.007612       -0.115518       -0.034093
         -0.003011       -0.104908       -0.044934
         -0.005891       -0.073130       -0.066433
         -0.002599       -0.035842       -0.077698
          0.002337        0.000161       -0.062636
          0.005229        0.038700       -0.026608
          0.006104        0.076596        0.013906
          0.005218        0.096993        0.048596
         -0.000523        0.087919        0.071785
         -0.011850        0.058920        0.071777
         -0.021103        0.030243        0.038462
         -0.020406        0.011222       -0.017559
         -0.013295       -0.002034       -0.067905
         -0.007426       -0.013389       -0.091650
          0.001694       -0.022834       -0.086309
          0.023576       -0.032758       -0.056010
          0.049248       -0.044914       -0.007821
          0.055690       -0.051277        0.038769
          0.038370       -0.040599        0.060792
          0.017876       -0.015150        0.057341
          0.008213        0.010733        0.048726
          0.000610        0.029071        0.044953
         -0.013896        0.043029        0.031892
         -0.027221        0.052973       -0.005207
         -0.029550        0.051072       -0.057498
         -0.025271        0.032919       -0.097279
         -0.023883        0.003873       -0.100402
         -0.026945       -0.029203       -0.064529
         -0.031292       -0.063429       -0.012448
         -0.034402       -0.094216        0.023374
         -0.030302       -0.111794        0.026259
         -0.011975       -0.107176        0.007733
          0.013865       -0.078497       -0.005523
          0.026097       -0.032479        0.005508
          0.013953        0.016144        0.042161
         -0.007031        0.049589        0.092802
         -0.013518        0.058308        0.140588
         -0.000168        0.047718        0.170040
          0.018842        0.031319        0.173480
          0.023404        0.019494        0.151848
          0.001808        0.015253        0.107757
         -0.033109        0.014436        0.042621
         -0.045849        0.009685       -0.035998
         -0.017771        0.002715       -0.111076
          0.021649        0.010102       -0.165774
          0.029529        0.042383       -0.191342
          0.007398        0.078888       -0.183624
         -0.006774        0.082718       -0.142099
          0.003425        0.044577       -0.078715
          0.018396       -0.005342       -0.018353
          0.023755       -0.033467        0.020566
          0.030122       -0.035359        0.043245
          0.044943       -0.028435        0.065865
          0.052934       -0.028326        0.085194
          0.037226       -0.038780        0.074779
          0.004203       -0.051238        0.021164
         -0.022897       -0.047268       -0.047753
         -0.028224       -0.013727       -0.087503
         -0.016422        0.036329       -0.085448
         -0.004881        0.068057       -0.068157
         -0.005121        0.058982       -0.062722
         -0.012340        0.022214       -0.066917
         -0.014228       -0.009984       -0.059578
         -0.007152       -0.018097       -0.028293
          0.001172       -0.005138        0.017262
          0.003341        0.016001        0.053469
          0.000642        0.034084        0.062943
         -0.000544        0.042066        0.050459
          0.003442        0.037504        0.037863
          0.009412        0.021086        0.039890
          0.008681       -0.006331        0.048736
         -0.005169       -0.039137        0.048189
         -0.026821       -0.060667        0.037626
         -0.040985       -0.056722        0.030581
         -0.037334       -0.038791        0.031762
         -0.020646       -0.034639        0.030742
         -0.004039       -0.047949        0.021612
          0.003580       -0.048256        0.013315
          0.001956       -0.014622        0.012863
         -0.002850        0.029002        0.011892
         -0.002121        0.041154        0.000405
          0.009926        0.015942       -0.015603
          0.029848       -0.010052       -0.021589
          0.044804       -0.002746       -0.016403
          0.041303        0.032705       -0.017725
          0.016371        0.063746       -0.040529
         -0.018242        0.065629       -0.071249
         -0.043693        0.036580       -0.072658
         -0.049456       -0.009424       -0.023494
         -0.041754       -0.049882        0.051993
         -0.032798       -0.061940        0.104546
         -0.023486       -0.042647        0.106775
         -0.006347       -0.019562        0.071330
          0.014876       -0.022749        0.028116
          0.024357       -0.044661       -0.005482
          0.018708       -0.046582       -0.032548
          0.016380       -0.009935       -0.061765
          0.032513        0.037411       -0.087710
          0.057752        0.055689       -0.090976
          0.072987        0.038550       -0.063382
          0.073666        0.011424       -0.025816
          0.067469       -0.003301       -0.007256
          0.055903       -0.004270       -0.009200
          0.031385       -0.000264       -0.007829
         -0.007776        0.004141        0.008173
         -0.048542        0.010709        0.022158
         -0.073427        0.022464        0.018066
         -0.076084        0.038270        0.004367
         -0.063585        0.051572       -0.002990
         -0.046940        0.056298       -0.005746
         -0.032942        0.052920       -0.015561
         -0.021348        0.043580       -0.030515
         -0.007532        0.022149       -0.035311
          0.007562       -0.021107       -0.021974
          0.012502       -0.079149        0.002764
          0.000497       -0.120732        0.030847
         -0.014697       -0.115616        0.060199
         -0.013073       -0.066775        0.083854
          0.003919       -0.008844        0.086132
          0.015896        0.025362        0.061283
          0.012684        0.031059        0.025409
          0.005624        0.027026       -0.001545
          0.008128        0.031283       -0.014878
          0.017963        0.041731       -0.016576
          0.024434        0.041031       -0.002737
          0.024341        0.020421        0.026314
          0.022138       -0.009509        0.054801
          0.018668       -0.036882        0.064954
          0.010494       -0.064455        0.056560
         -0.000199       -0.093675        0.042958
         -0.005922       -0.104013        0.030415
         -0.005813       -0.070627        0.010623
         -0.007875       -0.001876       -0.025105
         -0.017064        0.060815       -0.071062
         -0.028461        0.084964       -0.109501
         -0.034093        0.074471       -0.123075
         -0.030980        0.053463       -0.105044
         -0.020689        0.039192       -0.065277
         -0.005828        0.034969       -0.026730
          0.008664        0.034679       -0.006924
          0.013544        0.028088       -0.002153
          0.002880        0.011307        0.002904
         -0.014608       -0.006096        0.013230
         -0.020577       -0.011462        0.020520
         -0.008094       -0.002500        0.019118
          0.009034        0.016973        0.014550
          0.012263        0.044521        0.015211
         -0.000383        0.069693        0.021827
         -0.011710        0.069332        0.027614
         -0.003541        0.032456        0.026828
          0.021852       -0.016784        0.020289
          0.040306       -0.042406        0.010869
          0.030645       -0.040408       -0.003817
         -0.000083       -0.039804       -0.028494
         -0.024094       -0.061455       -0.058347
         -0.027021       -0.093414       -0.075576
         -0.023510       -0.105305       -0.064000
         -0.031292       -0.074097       -0.026516
         -0.041812       -0.004324        0.016861
         -0.032435        0.063608        0.048719
         -0.000825        0.080229        0.067147
          0.031480        0.040237        0.077914
          0.047532       -0.006390        0.080542
          0.049685       -0.014127        0.068671
          0.046017        0.006031        0.042748
          0.038542        0.014637        0.015237
          0.028450        0.002671       -0.001419
          0.020634       -0.007274       -0.009537
          0.017802       -0.006056       -0.022711
          0.016812       -0.010905       -0.046649
          0.013482       -0.030647       -0.070579
          0.006366       -0.042930       -0.081719
         -0.004258       -0.019635       -0.080369
         -0.015809        0.033019       -0.073076
         -0.023035        0.072064       -0.058523
         -0.024576        0.061146       -0.032471
         -0.027009        0.011947       -0.002684
         -0.033882       -0.028787        0.016216
         -0.035481       -0.034114        0.023564
         -0.021511       -0.022953        0.031921
          0.000667       -0.025202        0.040555
          0.014672       -0.039889        0.028200
          0.017647       -0.043954       -0.015271
          0.017777       -0.029284       -0.065296
          0.013001       -0.009700       -0.086950
         -0.006810        0.004750       -0.071742
         -0.034494        0.019138       -0.034654
         -0.044768        0.035497        0.013740
         -0.027148        0.042044        0.071597
          0.000206        0.031026        0.127507
          0.019612        0.013950        0.158761
          0.035787        0.005774        0.151911
          0.055822        0.002749        0.114718
          0.068652       -0.009037        0.067506
          0.060091       -0.027800        0.029947
          0.030996       -0.036190        0.011556
         -0.009975       -0.028854        0.005855
         -0.053182       -0.021533       -0.001733
         -0.081526       -0.023265       -0.015050
         -0.078494       -0.016204       -0.025944
         -0.048815        0.019354       -0.034648
         -0.014065        0.069972       -0.053116
          0.013005        0.100169       -0.080674
          0.034374        0.095854       -0.096195
          0.050487        0.076444       -0.084025
          0.053564        0.061187       -0.050358
          0.037051        0.043083       -0.008491
          0.004797        0.006524        0.032267
         -0.028332       -0.042478        0.058514
         -0.046358       -0.078093        0.056374
         -0.046727       -0.083093        0.032361
         -0.039757       -0.064803        0.012278
         -0.030657       -0.043116        0.009461
         -0.013664       -0.031910        0.009211
          0.010965       -0.033495       -0.005142
          0.028635       -0.040600       -0.025706
          0.026959       -0.039546       -0.034647
          0.009635       -0.022741       -0.034257
         -0.010430       -0.002832       -0.041856
         -0.021748       -0.000608       -0.056518
         -0.017436       -0.014045       -0.051799
          0.000976       -0.017803       -0.011089
          0.021202       -0.000636        0.043501
          0.029432        0.016558        0.073414
          0.023542        0.009662        0.069786
          0.013990       -0.017671        0.059011
          0.011324       -0.040184        0.060443
          0.013886       -0.037416        0.059454
          0.009917       -0.009209        0.033626
         -0.005737        0.028797       -0.011120
         -0.020993        0.061765       -0.046115
         -0.019215        0.086431       -0.051600
          0.000628        0.104334       -0.030450
          0.023664        0.111213        0.000168
          0.035638        0.100530        0.018585
          0.032942        0.072874        0.008816
          0.019626        0.036087       -0.024957
          0.001577        0.000713       -0.057921
         -0.015804       -0.023106       -0.068579
         -0.027152       -0.033141       -0.058917
         -0.026980       -0.040603       -0.044355
         -0.013585       -0.056407       -0.033790
          0.004888       -0.070507       -0.029283
          0.012163       -0.060041       -0.032438
         -0.001676       -0.023559       -0.035414
         -0.026278        0.008386       -0.017342
         -0.038192        0.008200        0.029869
         -0.026452       -0.013873        0.078702
         -0.005689       -0.023478        0.089137
          0.002051       -0.004785        0.052372
         -0.006791        0.024597       -0.004188
         -0.016910        0.038175       -0.050834
         -0.014915        0.025251       -0.075761
         -0.001768       -0.008058       -0.073587
          0.013009       -0.045773       -0.036800
          0.021759       -0.065998        0.030667
          0.023861       -0.053580        0.103598
          0.024512       -0.017959        0.151204
          0.027400        0.011901        0.160338
          0.028747        0.018958        0.138691
          0.022234        0.016125        0.099463
          0.007692        0.024552        0.049947
         -0.010076        0.042318       -0.004785
         -0.026690        0.047613       -0.054576
         -0.036619        0.030791       -0.088202
         -0.033564        0.009587       -0.104619
         -0.020574        0.006725       -0.113742
         -0.011505        0.021301       -0.123118
         -0.012165        0.031529       -0.127992
         -0.008302        0.021539       -0.117419
          0.014230       -0.004385       -0.086898
          0.043799       -0.032628       -0.043012
          0.054917       -0.054040        0.001051
          0.043575       -0.063986        0.033492
          0.029735       -0.058480        0.051723
          0.022137       -0.037839        0.062882
          0.006145       -0.010772        0.071706
         -0.022749        0.009912        0.070053
         -0.040409        0.015419        0.048713
         -0.029333        0.006161        0.018503
         -0.009799       -0.007577        0.003039
         -0.010334       -0.011865        0.006331
         -0.024583       -0.001225        0.007143
         -0.025413        0.014701       -0.004148
         -0.009184        0.019008       -0.003655
          0.003448        0.003602        0.031906
          0.004640       -0.021424        0.082792
          0.009212       -0.034768        0.101094
          0.025692       -0.022586        0.065136
          0.039468        0.010245        0.000590
          0.032661        0.048117       -0.053438
          0.008182        0.077007       -0.082691
         -0.014675        0.084741       -0.096568
         -0.022760        0.062014       -0.102799
         -0.019098        0.016278       -0.096228
         -0.012213       -0.024715       -0.070085
         -0.004471       -0.038117       -0.028538
          0.004501       -0.029460        0.015421
          0.009083       -0.019972        0.050532
          0.001894       -0.018071        0.072651
         -0.013138       -0.016570        0.082247
         -0.021240       -0.011788        0.080091
         -0.014010       -0.009788        0.065388
          0.001816       -0.015139        0.038062
          0.015572       -0.026241        0.003927
          0.021498       -0.040552       -0.025954
          0.013285       -0.053514       -0.045642
         -0.013697       -0.054856       -0.058350
         -0.046605       -0.036942       -0.062078
         -0.058677       -0.005197       -0.040858
         -0.040084        0.026640        0.012269
         -0.010291        0.047169        0.069843
          0.010230        0.049043        0.091006
          0.022991        0.029867        0.068988
          0.035043       -0.000587        0.036175
          0.039766       -0.021872        0.019640
          0.030459       -0.020907        0.013223
          0.017346       -0.005286       -0.002138
          0.014363        0.007911       -0.031183
          0.019205        0.013725       -0.064803
          0.019021        0.022733       -0.091651
          0.008976        0.043868       -0.101183
         -0.003136        0.071071       -0.085530
         -0.006770        0.088934       -0.046652
          0.000556        0.086763        0.000776
          0.010689        0.064578        0.037746
          0.013351        0.028788        0.054684
          0.006732       -0.013836        0.058010
         -0.003566       -0.057914        0.061293
         -0.013879       -0.098440        0.068862
         -0.025083       -0.129951        0.070437
         -0.037423       -0.145301        0.052760
         -0.047396       -0.134453        0.014939
         -0.049192       -0.089123       -0.026956
         -0.038396       -0.014568       -0.049692
         -0.016264        0.065403       -0.041100
          0.010007        0.123113       -0.011521
          0.031986        0.147595        0.015981
          0.043389        0.144805        0.028272
          0.041734        0.120665        0.030471
          0.031286        0.077315        0.031316
          0.020090        0.027494        0.028333
          0.009825       -0.005927        0.012343
         -0.004010       -0.015906       -0.017936
         -0.019025       -0.022738       -0.051345
         -0.025540       -0.046392       -0.074919
         -0.023249       -0.078680       -0.086915
         -0.023708       -0.096475       -0.095335
         -0.030835       -0.092548       -0.101625
         -0.032727       -0.078077       -0.092426
         -0.019178       -0.061158       -0.055578
          0.003644       -0.039626        0.000157
          0.022209       -0.015481        0.051245
          0.031535       -0.001560        0.082126
          0.035905       -0.005932        0.092485
          0.038096       -0.017220        0.086731
          0.034632       -0.015199        0.068478
          0.022900        0.006110        0.042982
          0.008684        0.034778        0.013893
          0.001414        0.059000       -0.019988
          0.002651        0.076802       -0.054328
          0.005920        0.085550       -0.070080
          0.007649        0.075952       -0.048849
          0.008249        0.045812        0.002127
          0.002711        0.011512        0.051489
         -0.015292       -0.003629        0.071793
         -0.038199        0.009231        0.059399
         -0.048993        0.037097        0.029295
         -0.042696        0.056248       -0.000723
         -0.028795        0.051147       -0.022160
         -0.013398        0.026247       -0.040333
          0.004556       -0.001520       -0.065729
          0.020660       -0.022425       -0.094953
          0.025716       -0.040167       -0.105275
          0.019659       -0.057769       -0.077483
          0.011744       -0.069180       -0.019929
          0.007730       -0.071055        0.040274
          0.007533       -0.071302        0.084479
          0.012849       -0.076799        0.108352
          0.025576       -0.081306        0.107410
          0.038561       -0.073797        0.076479
          0.037856       -0.051665        0.025964
          0.017652       -0.019531       -0.017212
         -0.012511        0.017846       -0.032487
         -0.036999        0.055863       -0.022062
         -0.045473        0.088192       -0.000709
         -0.036233        0.107635        0.022108
         -0.016841        0.106527        0.042184
         -0.001242        0.079406        0.049227
          0.002620        0.031552        0.029853
          0.001106       -0.017365       -0.013805
          0.002318       -0.045437       -0.057661
          0.000809       -0.045750       -0.075697
         -0.012286       -0.028622       -0.064311
         -0.029149       -0.007677       -0.042419
         -0.031284        0.011348       -0.028811
         -0.013804        0.026796       -0.024255
          0.010309        0.033160       -0.017843
          0.028501        0.024495       -0.006341
          0.037611        0.003642        0.000128
          0.036163       -0.019015       -0.007488
          0.022498       -0.035189       -0.023256
          0.002494       -0.040790       -0.030060
         -0.012496       -0.030933       -0.015083
         -0.018237       -0.003485        0.018400
         -0.020288        0.030073        0.051539
         -0.022959        0.047245        0.063497
         -0.022825        0.034949        0.049602
         -0.015517        0.003393        0.027152
         -0.004134       -0.025064        0.020317
          0.002784       -0.037800        0.037537
          0.001564       -0.039000        0.063747
          0.000242       -0.039230        0.074603
          0.011321       -0.044626        0.058362
          0.033999       -0.053930        0.024054
          0.048355       -0.058565       -0.011625
          0.036786       -0.047188       -0.042934
          0.008917       -0.018256       -0.075765
         -0.007553        0.013558       -0.109388
         -0.001113        0.031768       -0.125660
          0.012597        0.036606       -0.104513
          0.015800        0.041110       -0.048603
          0.008337        0.052349        0.014237
         -0.001969        0.065133        0.054709
         -0.012056        0.070456        0.065371
         -0.019938        0.061901        0.060169
         -0.023293        0.037670        0.054160
         -0.028207        0.004160        0.047758
         -0.044334       -0.024928        0.033836
         -0.064469       -0.038888        0.017278
         -0.064776       -0.039021        0.017042
         -0.035490       -0.036454        0.042332
          0.001952       -0.042641        0.074771
          0.020117       -0.059312        0.085488
          0.017241       -0.072492        0.066129
          0.012094       -0.060254        0.031890
          0.016869       -0.016655       -0.002505
          0.028553        0.032704       -0.035890
          0.040739        0.051263       -0.070150
          0.049668        0.031420       -0.100270
          0.049626        0.004147       -0.118412
          0.034684        0.004398       -0.120260
          0.009134        0.035057       -0.106886
         -0.011355        0.069158       -0.085382
         -0.014968        0.080144       -0.063666
         -0.006768        0.064276       -0.039630
         -0.001293        0.037086       -0.003001
         -0.005090        0.012783        0.045501
         -0.013289       -0.010723        0.086303
         -0.020612       -0.043871        0.100945
         -0.025591       -0.083134        0.091623
         -0.024666       -0.104217        0.072201
         -0.014308       -0.083704        0.047644
         -0.000695       -0.024459        0.012932
          0.003862        0.045008       -0.031908
         -0.003695        0.093134       -0.076158
         -0.013617        0.102968       -0.107418
         -0.015098        0.074017       -0.118661
         -0.005535        0.020177       -0.107194
          0.008774       -0.030553       -0.075356
          0.016362       -0.047154       -0.033380
          0.010565       -0.020277        0.006149
          0.000094        0.025692        0.038060
          0.002721        0.054306        0.063516
          0.023580        0.050313        0.081580
          0.046190        0.026661        0.088926
          0.050438        0.004297        0.084486
          0.034647       -0.007013        0.067246
          0.013906       -0.012917        0.035571
         -0.000139       -0.027651       -0.001106
         -0.009803       -0.059419       -0.017051
         -0.021217       -0.097232        0.006651
         -0.032826       -0.116389        0.053690
         -0.039616       -0.101135        0.083289
         -0.040892       -0.058558        0.074105
         -0.035278       -0.008421        0.043723
         -0.015888        0.034361        0.019116
          0.017126        0.061826        0.003391
          0.045607        0.064834       -0.017689
          0.049432        0.038254       -0.049109
          0.029813       -0.002395       -0.080155
          0.004543       -0.025556       -0.097842
         -0.014746       -0.015941       -0.096008
         -0.028465        0.009782       -0.075314
         -0.037355        0.029601       -0.043779
         -0.037350        0.043113       -0.015982
         -0.025874        0.058198       -0.002879
         -0.007235        0.067500        0.000623
          0.008377        0.058744        0.011558
          0.012106        0.038287        0.035918
          0.006698        0.022877        0.054018
          0.005943        0.011854        0.039533
          0.016512       -0.011493       -0.006371
          0.026239       -0.047706       -0.051843
          0.021552       -0.069359       -0.069631
          0.009501       -0.053557       -0.063403
          0.008022       -0.014536       -0.050859
          0.020640        0.012196       -0.033442
          0.035197        0.013471        0.000736
          0.040704        0.008637        0.048473
          0.032086        0.014248        0.084359
          0.007294        0.016788        0.087640
         -0.025793       -0.006628        0.064656
         -0.047034       -0.050269        0.037699
         -0.042397       -0.080540        0.021335
         -0.021076       -0.076806        0.019120
         -0.005373       -0.056918        0.033760
         -0.006340       -0.052562        0.063622
         -0.015157       -0.067608        0.091249
         -0.016881       -0.073575        0.092478
         -0.008516       -0.044452        0.062734
         -0.000726        0.015507        0.023871
         -0.001879        0.079806       -0.001239
         -0.007007        0.124148       -0.014062
         -0.007693        0.137724       -0.033701
         -0.005378        0.119958       -0.068859
         -0.006099        0.077615       -0.104223
         -0.008195        0.024880       -0.115235
         -0.005768       -0.021717       -0.091837
         -0.001242       -0.052169       -0.048120
         -0.003361       -0.065662       -0.012231
         -0.011627       -0.065472       -0.003891
         -0.013993       -0.053602       -0.017616
         -0.005405       -0.029397       -0.032031
          0.003163        0.007058       -0.037027
          0.003572        0.047129       -0.041357
          0.005277        0.070756       -0.050585
          0.016930        0.059889       -0.052690
          0.026124        0.017904       -0.033971
          0.016300       -0.030209        0.001930
         -0.005951       -0.058902        0.038194
         -0.020323       -0.059158        0.060570
         -0.021992       -0.037201        0.066085
         -0.021724       -0.004994        0.063447
         -0.022250        0.026265        0.066168
         -0.014435        0.048458        0.078314
          0.003938        0.055718        0.086159
          0.022127        0.044214        0.071251
          0.031281        0.016573        0.033797
          0.033805       -0.015511       -0.004596
          0.036100       -0.039111       -0.024965
          0.040149       -0.050688       -0.029277
          0.042651       -0.055166       -0.029919
          0.036348       -0.055544       -0.031696
          0.014977       -0.047818       -0.032513
         -0.015938       -0.026372       -0.031835
         -0.037849        0.008586       -0.028932
         -0.037837        0.048199       -0.021199
         -0.023793        0.076611       -0.012157
         -0.011757        0.079481       -0.012496
         -0.004985        0.058223       -0.025720
          0.002709        0.031822       -0.040036
          0.009712        0.015281       -0.040922
          0.007505        0.002424       -0.027004
         -0.003282       -0.018622       -0.009607
         -0.009926       -0.042761        0.000214
         -0.003137       -0.055806        0.002074
          0.010233       -0.054282        0.004464
          0.013812       -0.041159        0.012098
          0.001435       -0.013674        0.016914
         -0.014221        0.026707        0.007167
         -0.018133        0.062794       -0.014556
         -0.011902        0.078138       -0.029805
         -0.006127        0.077089       -0.023225
         -0.002622        0.072788        0.002829
          0.000501        0.063277        0.034426
         -0.003786        0.036501        0.059950
         -0.019285       -0.006208        0.074419
         -0.030829       -0.048673        0.076393
         -0.021418       -0.080209        0.067395
          0.002087       -0.102306        0.053384
          0.019380       -0.115530        0.041791
          0.025153       -0.114324        0.035226
          0.028576       -0.096778        0.029620
          0.032083       -0.067726        0.018590
          0.029704       -0.030362       -0.002332
          0.020981        0.014415       -0.033368
          0.010244        0.058311       -0.066773
         -0.001934        0.086774       -0.087519
         -0.013427        0.095242       -0.085677
         -0.015921        0.095088       -0.067450
         -0.008142        0.096215       -0.046887
         -0.002642        0.091733       -0.029388
         -0.007681        0.069328       -0.011839
         -0.014759        0.031629        0.005184
         -0.014136       -0.005601        0.017843
         -0.008294       -0.031809        0.029863
         -0.001120       -0.048182        0.048085
          0.010059       -0.058598        0.064774
          0.022473       -0.063264        0.059590
          0.024095       -0.061281        0.026455
          0.011272       -0.054019       -0.013962
         -0.003824       -0.044764       -0.038230
         -0.010839       -0.035563       -0.046719
         -0.012667       -0.024216       -0.054430
         -0.013204       -0.006591       -0.062667
         -0.008123        0.015802       -0.056326
          0.004441        0.032517       -0.030218
          0.015797        0.031940       -0.002500
          0.016804        0.013698        0.006552
          0.008287       -0.007746       -0.000729
         -0.002642       -0.015200       -0.005895
         -0.009747       -0.006305        0.000544
         -0.009545        0.005036        0.010723
         -0.002891        0.008180        0.013519
          0.003942        0.010187        0.008397
          0.004136        0.022967        0.004110
         -0.004003        0.041589        0.007838
         -0.017799        0.047536        0.017427
         -0.032392        0.033766        0.024420
         -0.040418        0.015241        0.024428
         -0.036553        0.009187        0.021897
         -0.025602        0.012208        0.022429
         -0.018088        0.005295        0.023520
         -0.014425       -0.019653        0.017915
         -0.003607       -0.045678        0.005781
          0.017625       -0.047539       -0.000912
          0.036063       -0.020507        0.010699
          0.039820        0.012444        0.037837
          0.033095        0.022753        0.057819
          0.024105        0.001791        0.046095
          0.011039       -0.035072        0.002831
         -0.006929       -0.063311       -0.042789
         -0.016339       -0.066727       -0.060590
         -0.004302       -0.046667       -0.048919
          0.020594       -0.017530       -0.030108
          0.038254        0.008059       -0.019546
          0.041852        0.027268       -0.010056
          0.038047        0.039141        0.009859
          0.029202        0.038882        0.034673
          0.011257        0.029154        0.049683
         -0.013042        0.027385        0.050796
         -0.031282        0.047059        0.042408
         -0.033356        0.075509        0.023163
         -0.020832        0.083505       -0.010948
         -0.003373        0.056743       -0.054105
          0.011127        0.009239       -0.092365
          0.019765       -0.033408       -0.112650
          0.019142       -0.055811       -0.105550
          0.004210       -0.057794       -0.070040
         -0.022538       -0.047262       -0.019652
         -0.046760       -0.034830        0.027150
         -0.053962       -0.031275        0.065087
         -0.042734       -0.041001        0.100134
         -0.022852       -0.054598        0.129577
         -0.004475       -0.053071        0.136244
          0.007093       -0.026008        0.106311
          0.010026        0.014786        0.046422
          0.005073        0.045047       -0.019193
         -0.003171        0.051565       -0.065958
         -0.007123        0.040775       -0.084242
         -0.001983        0.025863       -0.080913
          0.008248        0.014404       -0.067605
          0.013485        0.008789       -0.049675
          0.008744        0.008554       -0.028137
         -0.000046        0.009067       -0.007622
         -0.004105        0.005025        0.004699
         -0.001909       -0.002152        0.007666
          0.002905       -0.005567        0.008045
          0.009580       -0.003725        0.013593
          0.019649       -0.006221        0.026841
          0.030196       -0.024098        0.043226
          0.034290       -0.053557        0.052523
          0.028639       -0.073330        0.046246
          0.016061       -0.064096        0.027210
         -0.000137       -0.030172        0.008063
         -0.018836        0.004375       -0.002216
         -0.035978        0.022892       -0.006931
         -0.042508        0.032892       -0.015583
         -0.033110        0.050904       -0.032671
         -0.013736        0.076199       -0.053389
          0.005588        0.089338       -0.067626
          0.021240        0.076440       -0.067352
          0.031060        0.044275       -0.052460
          0.026115        0.008460       -0.031807
          0.002717       -0.022225       -0.017569
         -0.022798       -0.044040       -0.014097
         -0.030371       -0.051508       -0.011135
         -0.023468       -0.042667        0.005897
         -0.020207       -0.026994        0.035472
         -0.022254       -0.019749        0.056213
         -0.015206       -0.026747        0.049385
          0.002694       -0.036584        0.021212
          0.015038       -0.029819       -0.002644
          0.012758        0.001348       -0.003367
          0.007547        0.042063        0.013761
          0.014509        0.067109        0.027361
          0.031926        0.065468        0.021578
          0.044379        0.048824       -0.001177
          0.041941        0.034542       -0.025518
          0.030633        0.026135       -0.036925
          0.022618        0.015285       -0.030420
          0.019783       -0.001139       -0.010027
          0.011431       -0.015076        0.015682
         -0.011469       -0.021045        0.037106
         -0.042433       -0.027823        0.047657
         -0.062052       -0.046376        0.048080
         -0.055525       -0.068591        0.042891
         -0.027171       -0.070816        0.029406
          0.003736       -0.042253       -0.001374
          0.020561        0.000019       -0.045284
          0.021171        0.028599       -0.076333
          0.014803        0.030674       -0.071416
          0.010912        0.013423       -0.038489
          0.010654       -0.005798       -0.006900
          0.007256       -0.010652        0.006278
         -0.004940        0.004336        0.007394
         -0.022060        0.029372        0.008217
         -0.033251        0.048287        0.012443
         -0.031052        0.052863        0.020592
         -0.017180        0.044267        0.034500
         -0.000183        0.023395        0.051516
          0.009761       -0.010562        0.060926
          0.007185       -0.050778        0.050634
         -0.003027       -0.080364        0.017124
         -0.008923       -0.083547       -0.028946
         -0.003792       -0.057071       -0.064872
          0.007817       -0.011202       -0.067883
          0.018220        0.036003       -0.031554
          0.025717        0.065618        0.027315
          0.032133        0.066157        0.078282
          0.034853        0.041271        0.095053
          0.026213        0.008307        0.069619
          0.002826       -0.015316        0.016182
         -0.025242       -0.025073       -0.038283
         -0.039066       -0.027019       -0.073178
         -0.029195       -0.026550       -0.087776
         -0.006638       -0.025808       -0.095085
          0.010535       -0.027935       -0.102762
          0.018354       -0.032717       -0.103612
          0.025699       -0.029062       -0.086435
          0.034646       -0.004735       -0.050909
          0.035033        0.033389       -0.005277
          0.020263        0.060499        0.045411
         -0.003309        0.060682        0.095312
         -0.025788        0.042634        0.123874
         -0.042353        0.022657        0.106302
         -0.049923        0.003127        0.046480
         -0.044976       -0.021662       -0.016458
         -0.028936       -0.046492       -0.044681
         -0.010230       -0.055635       -0.033888
          0.002624       -0.041080       -0.004619
          0.008422       -0.011352        0.023284
          0.011567        0.018126        0.039979
          0.013072        0.037978        0.042896
          0.008154        0.047861        0.035968
         -0.003225        0.049997        0.027826
         -0.010467        0.042227        0.025592
         -0.006049        0.020171        0.030764
          0.001602       -0.012837        0.040351
          0.000649       -0.043124        0.049174
         -0.005011       -0.058408        0.050781
         -0.002272       -0.057464        0.038727
          0.010448       -0.043636        0.010155
          0.021845       -0.016580       -0.030236
          0.023655        0.020234       -0.070876
          0.017163        0.049638       -0.100099
          0.007075        0.051635       -0.113159
         -0.001343        0.026345       -0.112626
         -0.001691       -0.001806       -0.101654
          0.007863       -0.006758       -0.077771
          0.019499        0.015129       -0.036662
          0.023541        0.044318        0.016376
          0.019754        0.057007        0.064038
          0.014507        0.042642        0.090711
          0.009249        0.007268        0.093897
         -0.000125       -0.033654        0.078163
         -0.012921       -0.063926        0.047509
         -0.021287       -0.073030        0.012461
         -0.021278       -0.060835       -0.007427
         -0.019396       -0.038191       -0.004156
         -0.023215       -0.019151        0.004184
         -0.031184       -0.009724       -0.003010
         -0.037448       -0.005850       -0.018514
         -0.040666       -0.001983       -0.019952
         -0.040442        0.003001       -0.005334
         -0.031028        0.008167        0.006465
         -0.008552        0.012958        0.005963
          0.019253        0.016385        0.001285
          0.039543        0.017732       -0.001567
          0.047732        0.018144       -0.005816
          0.047505        0.019459       -0.011406
          0.041593        0.022104       -0.013067
          0.029895        0.024009       -0.012155
          0.014661        0.020694       -0.016775
          0.001045        0.009856       -0.029070
         -0.008060       -0.002120       -0.042918
         -0.013593       -0.004526       -0.053225
         -0.015504        0.003420       -0.056457
         -0.010818        0.010608       -0.044375
         -0.000135        0.009611       -0.012402
          0.007992        0.004288        0.024791
          0.005012       -0.001182        0.042390
         -0.006877       -0.008299        0.034334
         -0.016380       -0.015074        0.018641
         -0.014302       -0.014585        0.011618
         -0.000376       -0.008590        0.014003
          0.018597       -0.009235        0.025054
          0.033411       -0.020364        0.047861
          0.035981       -0.029741        0.071726
          0.023079       -0.026848        0.071288
         -0.000197       -0.016245        0.039000
         -0.022778       -0.006273        0.002446
         -0.036587        0.003057       -0.008612
         -0.041583        0.012057       -0.001165
         -0.040389        0.012322       -0.005693
         -0.032711       -0.002366       -0.031012
         -0.018827       -0.021778       -0.053502
         -0.003873       -0.028035       -0.051344
          0.005628       -0.018312       -0.030686
          0.006605       -0.007990       -0.012200
          0.000539       -0.008032       -0.005261
         -0.005219       -0.009781       -0.004187
          0.000068        0.000208       -0.003048
          0.018022        0.019226       -0.004339
          0.034246        0.033277       -0.012326
          0.034162        0.036775       -0.024998
          0.021763        0.035225       -0.037217
          0.011745        0.031911       -0.046417
          0.008631        0.024339       -0.048295
          0.006113        0.012933       -0.032087
          0.001836        0.002512        0.008919
         -0.000405       -0.005414        0.062219
         -0.000771       -0.013786        0.099420
         -0.004464       -0.023008        0.097669
         -0.012301       -0.028115        0.058302
         -0.018065       -0.022502        0.007848
         -0.017521       -0.001807       -0.020292
         -0.014711        0.032064       -0.012293
         -0.015048        0.066175        0.015182
         -0.015855        0.080077        0.032638
         -0.010362        0.061767        0.025166
          0.000444        0.019925        0.002104
          0.007689       -0.024064       -0.014672
          0.006642       -0.053890       -0.009637
          0.001921       -0.064504        0.013815
         -0.000333       -0.057326        0.036614
          0.000638       -0.038357        0.041173
          0.002957       -0.017828        0.024414
          0.006623       -0.003257       -0.005858
          0.012057        0.006224       -0.040655
          0.016858        0.013571       -0.071389
          0.016508        0.015653       -0.087931
          0.008599        0.008755       -0.083730
         -0.001895       -0.000573       -0.063244
         -0.002833        0.000094       -0.039153
          0.011814        0.012111       -0.021235
          0.028144        0.021154       -0.011823
          0.024083        0.014062       -0.011457
         -0.000937       -0.004276       -0.020727
         -0.022020       -0.016103       -0.032410
         -0.021213       -0.011664       -0.029556
         -0.009122       -0.000184       -0.000700
         -0.004586        0.002088        0.044035
         -0.007544       -0.008194        0.078912
         -0.006145       -0.018349        0.086634
          0.000359       -0.016344        0.072905
          0.002153       -0.004091        0.055767
         -0.003246        0.008877        0.045555
         -0.007558        0.017904        0.040308
         -0.004393        0.023485        0.036817
          0.004154        0.025243        0.036343
          0.012361        0.022589        0.037423
          0.015630        0.016484        0.031649
          0.011087        0.005081        0.013096
         -0.001265       -0.016352       -0.011818
         -0.016377       -0.045573       -0.030515
         -0.025641       -0.069229       -0.040053
         -0.023517       -0.073963       -0.050573
         -0.013480       -0.057785       -0.069859
         -0.005178       -0.028426       -0.089489
         -0.003790        0.003264       -0.092687
         -0.004282        0.026299       -0.073541
          0.000838        0.034580       -0.041173
          0.010270        0.033861       -0.006761
          0.015634        0.036704        0.023974
          0.014259        0.045923        0.045580
          0.013824        0.050323        0.052289
          0.020843        0.041771        0.047134
          0.029410        0.028727        0.042445
          0.027036        0.025929        0.045446
          0.009853        0.035192        0.049396
         -0.013175        0.042383        0.043118
         -0.030764        0.032160        0.023316
         -0.038836        0.003164       -0.006063
         -0.038207       -0.030624       -0.039250
         -0.028068       -0.052974       -0.067487
         -0.007727       -0.060250       -0.078574
          0.015399       -0.062522       -0.065715
          0.026372       -0.070130       -0.035257
          0.017210       -0.082584       -0.000739
         -0.001646       -0.091812        0.028682
         -0.010920       -0.090385        0.049991
         -0.003687       -0.072046        0.060159
          0.008590       -0.031209        0.054996
          0.012017        0.027532        0.034419
          0.006320        0.081324        0.005132
          0.001681        0.102632       -0.021736
          0.003807        0.086493       -0.033935
          0.007590        0.057889       -0.023154
          0.005326        0.046225        0.005994
         -0.002982        0.056522        0.032219
         -0.009647        0.070335        0.031676
         -0.008326        0.069242        0.001775
         -0.001465        0.049663       -0.033671
          0.002064        0.018770       -0.048926
         -0.002701       -0.013920       -0.042542
         -0.010294       -0.039612       -0.033306
         -0.011603       -0.052068       -0.033627
         -0.006214       -0.051301       -0.035186
         -0.002625       -0.044583       -0.021260
         -0.005004       -0.040802        0.013270
         -0.005948       -0.042613        0.056012
          0.003197       -0.045411        0.086583
          0.018877       -0.043842        0.090711
          0.028260       -0.036383        0.069711
          0.024680       -0.023488        0.038819
          0.014352       -0.005565        0.013370
          0.006826        0.015250       -0.004849
          0.004195        0.033919       -0.025444
          0.002149        0.045267       -0.054601
         -0.002385        0.047819       -0.086566
         -0.007395        0.044040       -0.108901
         -0.008007        0.036023       -0.111634
         -0.001892        0.022407       -0.092283
          0.006828        0.002981       -0.055983
          0.010236       -0.014314       -0.010676
          0.004151       -0.017572        0.037287
         -0.008028       -0.006091        0.080014
         -0.018911        0.003801        0.105576
         -0.023045       -0.003685        0.107738
         -0.020407       -0.020664        0.094964
         -0.016738       -0.020266        0.079962
         -0.019107        0.008950        0.063451
         -0.027296        0.041627        0.038270
         -0.030816        0.041097        0.006187
         -0.019603        0.003570       -0.020573
          0.002865       -0.036100       -0.034250
          0.022614       -0.044169       -0.039093
          0.031061       -0.021970       -0.043066
          0.031955        0.003052       -0.049028
          0.032303        0.009079       -0.055902
          0.032387       -0.003947       -0.062333
          0.026559       -0.022013       -0.065111
          0.010947       -0.031979       -0.057959
         -0.010309       -0.029792       -0.037701
         -0.026496       -0.018588       -0.010759
         -0.030362       -0.002100        0.011911
         -0.025371        0.017131        0.026358
         -0.018831        0.034611        0.036522
         -0.011500        0.045151        0.043609
         -0.001033        0.047964        0.041949
          0.009059        0.045549        0.028153
          0.013085        0.038971        0.008811
          0.011945        0.030040       -0.004500
          0.009846        0.024601       -0.005533
          0.005868        0.025281        0.002764
         -0.003398        0.023472        0.012995
         -0.014511        0.007431        0.021145
         -0.016954       -0.022257        0.029983
         -0.004171       -0.052353        0.044053
          0.017546       -0.071243        0.061497
          0.033930       -0.077446        0.073026
          0.036527       -0.075177        0.069402
          0.028608       -0.067848        0.047701
          0.016749       -0.055888        0.010869
          0.001983       -0.036309       -0.033947
         -0.015886       -0.005506       -0.075013
         -0.029996        0.032975       -0.099166
         -0.031562        0.065448       -0.100260
         -0.022802        0.078546       -0.083905
         -0.015303        0.071855       -0.062026
         -0.013140        0.055091       -0.043608
         -0.007086        0.034657       -0.031328
          0.009182        0.010716       -0.024044
          0.026458       -0.012738       -0.019040
          0.032371       -0.025552       -0.013174
          0.028569       -0.023786       -0.006021
          0.023812       -0.015606       -0.001921
          0.016359       -0.008569       -0.004652
         -0.001239        0.000859       -0.008773
         -0.022932        0.017183       -0.000251
         -0.032491        0.032444        0.030342
         -0.026977        0.032424        0.074867
         -0.019597        0.012259        0.110017
         -0.016547       -0.020737        0.115503
         -0.009387       -0.054690        0.090866
          0.004203       -0.077773        0.053166
          0.011085       -0.081309        0.019149
          0.003778       -0.065620       -0.006680
         -0.005669       -0.040580       -0.027588
         -0.004862       -0.016536       -0.044981
          0.000243        0.003682       -0.055641
         -0.000474        0.022352       -0.054864
         -0.001325        0.038870       -0.041427
          0.008204        0.046332       -0.021971
          0.022028        0.037183       -0.008521
          0.025018        0.013218       -0.007522
          0.015957       -0.011945       -0.013557
          0.005689       -0.023647       -0.017532
         -0.002915       -0.017944       -0.016975
         -0.015029        0.000368       -0.013925
         -0.026164        0.026485       -0.008521
         -0.023495        0.055144       -0.001665
         -0.007436        0.076030        0.000943
          0.004870        0.080446       -0.003800
          0.003273        0.071647       -0.007634
         -0.001900        0.059483        0.001391
          0.002609        0.045695        0.022733
          0.013320        0.022702        0.042572
          0.017486       -0.013502        0.049348
          0.012586       -0.055193        0.042943
          0.007267       -0.087079        0.028429
          0.005894       -0.096900        0.009253
          0.003468       -0.085355       -0.010087
         -0.002908       -0.065719       -0.021325
         -0.008280       -0.049226       -0.018798
         -0.009683       -0.033793       -0.006809
         -0.011471       -0.013955        0.004646
         -0.014639        0.003724        0.011409
         -0.010700        0.006674        0.017410
          0.005450       -0.004952        0.025255
          0.024333       -0.016345        0.031192
          0.032147       -0.013902        0.031296
          0.026428        0.004864        0.026524
          0.013977        0.034350        0.020134
         -0.000829        0.064323        0.015500
         -0.016783        0.081574        0.015283
         -0.028752        0.077810        0.015922
         -0.029393        0.057949        0.006017
         -0.018821        0.035129       -0.020602
         -0.006875        0.017730       -0.052324
         -0.003429        0.005244       -0.069612
         -0.008444       -0.006734       -0.066536
         -0.013080       -0.022881       -0.054504
         -0.010190       -0.044900       -0.045521
         -0.002349       -0.065454       -0.040624
          0.002297       -0.069681       -0.035778
          0.001971       -0.049540       -0.029571
          0.004464       -0.014305       -0.021138
          0.015016        0.017411       -0.008830
          0.026167        0.033011        0.004649
          0.026690        0.030777        0.013711
          0.016906        0.016018        0.019349
          0.006353       -0.000492        0.026863
         -0.001265       -0.004539        0.031585
         -0.010503        0.010918        0.020826
         -0.021894        0.036483       -0.004295
         -0.028138        0.054946       -0.022552
         -0.024935        0.058373       -0.015416
         -0.016452        0.049107        0.014724
         -0.006761        0.028178        0.053128
          0.006134       -0.003657        0.086088
          0.022951       -0.034653        0.100744
          0.035064       -0.047701        0.086666
          0.030556       -0.040584        0.047491
          0.009600       -0.028262        0.001234
         -0.010930       -0.022581       -0.038656
         -0.014122       -0.021627       -0.073582
         -0.002668       -0.020513       -0.105427
          0.005617       -0.018739       -0.124243
          0.000943       -0.013983       -0.120908
         -0.009459       -0.002832       -0.102068
         -0.016071        0.008349       -0.078973
         -0.019477        0.007080       -0.047964
         -0.023192       -0.006656        0.002654
         -0.023373       -0.018901        0.067821
         -0.014369       -0.022460        0.121914
         -0.000327       -0.025491        0.142855
          0.007969       -0.034272        0.130722
          0.007666       -0.039208        0.100275
          0.007089       -0.025028        0.065382
          0.012722        0.011180        0.035786
          0.020676        0.056120        0.018603
          0.024427        0.090600        0.012412
          0.024015        0.101953        0.005152
          0.022229        0.089603       -0.012431
          0.016793        0.061471       -0.034252
          0.003419        0.026515       -0.047788
         -0.014685       -0.008551       -0.052905
         -0.026580       -0.037555       -0.062895
         -0.024453       -0.054087       -0.085038
         -0.010961       -0.054263       -0.106860
          0.005715       -0.039970       -0.107418
          0.019950       -0.019556       -0.079795
          0.028442       -0.004780       -0.035833
          0.026133       -0.003885        0.010163
          0.009457       -0.014857        0.052510
         -0.016376       -0.026559        0.086388
         -0.038679       -0.028690        0.100184
         -0.046374       -0.019925        0.085112
         -0.035297       -0.006137        0.049475
         -0.008921        0.005719        0.016248
          0.020450        0.010308        0.004491
          0.036466        0.005301        0.013823
          0.032941       -0.005923        0.026756
          0.019866       -0.015219        0.025496
          0.009163       -0.016354        0.006790
          0.000543       -0.010117       -0.018220
         -0.010708       -0.002418       -0.036455
         -0.018746        0.001263       -0.043662
         -0.011647        0.000285       -0.043346
          0.010805       -0.000375       -0.037896
          0.033098        0.004534       -0.025192
          0.038690        0.012309       -0.005704
          0.024120        0.013080        0.011910
         -0.000546        0.002578        0.018138
         -0.021257       -0.010152        0.013757
         -0.030232       -0.012617        0.008202
         -0.029080       -0.001939        0.007921
         -0.023337        0.016215        0.011828
         -0.016557        0.034673        0.018354
         -0.010728        0.044509        0.031149
         -0.007758        0.036281        0.053217
         -0.006698        0.011070        0.076598
         -0.003519       -0.015600        0.084353
          0.002396       -0.029126        0.068310
          0.005631       -0.029648        0.040764
          0.002481       -0.025387        0.019959
         -0.002610       -0.021053        0.006046
         -0.002102       -0.018455       -0.017490
          0.005220       -0.018122       -0.057656
          0.012273       -0.014316       -0.098468
          0.011408        0.000636       -0.117716
          0.003924        0.021788       -0.109102
         -0.000817        0.033091       -0.083958
          0.002196        0.028282       -0.058012
          0.007311        0.018584       -0.040850
          0.008618        0.016407       -0.033189
          0.009355        0.023694       -0.029398
          0.013450        0.037703       -0.023290
          0.014824        0.053671       -0.011902
          0.005015        0.059036        0.006336
         -0.012762        0.039324        0.031862
         -0.026219       -0.004445        0.057781
         -0.028131       -0.052700        0.068882
         -0.020586       -0.084449        0.055348
         -0.007566       -0.090950        0.026619
          0.008836       -0.073267        0.005206
          0.024506       -0.037442        0.005585
          0.031785        0.003601        0.022168
          0.025036        0.032765        0.037297
          0.006438        0.041526        0.037303
         -0.015261        0.036859        0.021018
         -0.031560        0.031444       -0.002447
         -0.038693        0.030191       -0.021434
         -0.036092        0.028695       -0.029394
         -0.024246        0.020660       -0.027334
         -0.006079        0.004386       -0.018566
          0.012495       -0.014636       -0.002036
          0.025527       -0.026495        0.024968
          0.029311       -0.025963        0.056282
          0.023272       -0.018492        0.075635
          0.012042       -0.012862        0.071907
          0.003834       -0.010151        0.050458
          0.001992       -0.006439        0.022110
          0.001400       -0.003206       -0.011896
         -0.003126       -0.005030       -0.052151
         -0.010370       -0.007223       -0.085396
         -0.017618        0.003384       -0.093470
         -0.023915        0.030760       -0.076307
         -0.024979        0.059319       -0.052091
         -0.014881        0.066596       -0.036139
          0.001663        0.044396       -0.031030
          0.008968        0.005266       -0.033518
          0.000723       -0.029575       -0.038378
         -0.008131       -0.046347       -0.037336
         -0.000358       -0.044702       -0.024508
          0.020020       -0.032330       -0.001713
          0.035333       -0.017696        0.027040
          0.038781       -0.007951        0.059466
          0.036729       -0.008456        0.085876
          0.031537       -0.018963        0.086950
          0.018765       -0.031133        0.054977
          0.000553       -0.033885        0.010283
         -0.013113       -0.022402       -0.018596
         -0.018812       -0.001862       -0.025701
         -0.023954        0.016638       -0.024620
         -0.032647        0.025007       -0.022248
         -0.036148        0.025652       -0.013587
         -0.023970        0.028356        0.000982
          0.000613        0.037479        0.011329
          0.023137        0.046217        0.011992
          0.033094        0.045731        0.008042
          0.029852        0.033336        0.004963
          0.016085        0.009256        0.003021
         -0.005948       -0.024707        0.003313
         -0.030317       -0.057656        0.009964
         -0.046609       -0.070427        0.022830
         -0.047203       -0.052210        0.034516
         -0.032875       -0.012329        0.037748
         -0.010012        0.027274        0.031601
          0.014328        0.046667        0.019790
          0.033540        0.037180        0.007519
          0.042517        0.006221        0.000071
          0.040659       -0.025518       -0.001033
          0.031201       -0.039410       -0.001538
          0.016685       -0.033339       -0.009806
         -0.001212       -0.017958       -0.027603
         -0.017692       -0.003710       -0.048165
         -0.026438        0.001982       -0.062794
         -0.026151       -0.007305       -0.066080
         -0.020792       -0.028715       -0.055363
         -0.013241       -0.043469       -0.029670
         -0.003068       -0.032753        0.008298
          0.009451       -0.000903        0.049555
          0.020279        0.028646        0.078791
          0.022901        0.041178        0.079676
          0.013572        0.043222        0.047085
         -0.002209        0.046284       -0.002115
         -0.011355        0.050697       -0.036861
         -0.006510        0.050635       -0.039094
          0.005133        0.045247       -0.021003
          0.011555        0.037510       -0.007802
          0.010286        0.027164       -0.007303
          0.007036        0.010905       -0.007344
          0.004540       -0.011562       -0.000063
          0.000350       -0.034251        0.006796
         -0.006493       -0.047970        0.005270
         -0.013074       -0.047970       -0.000819
         -0.016097       -0.039936       -0.005658
         -0.013660       -0.035812       -0.010820
         -0.005450       -0.040321       -0.015830
          0.005025       -0.043988       -0.009310
          0.010881       -0.034538        0.018571
          0.008586       -0.013762        0.058662
          0.002274        0.003557        0.087058
         -0.001919        0.007814        0.086118
         -0.003405        0.004738        0.057037
         -0.005479        0.005513        0.014619
         -0.008282        0.012820       -0.024797
         -0.008043        0.019429       -0.051075
         -0.003075        0.017171       -0.061662
          0.003714        0.005997       -0.059564
          0.009048       -0.004466       -0.050661
          0.012186       -0.003783       -0.040598
          0.012215        0.007823       -0.031183
          0.006336        0.020204       -0.019782
         -0.005710        0.025745       -0.004400
         -0.017378        0.024661        0.011433
         -0.020042        0.017180        0.022193
         -0.013200        0.001218        0.027740
         -0.005827       -0.017200        0.031621
         -0.004090       -0.022974        0.031863
         -0.001936       -0.010770        0.021354
          0.008851        0.004819        0.000873
          0.021763        0.008767       -0.016229
          0.020185        0.006342       -0.018796
          0.001411        0.011670       -0.011586
         -0.016164        0.023522       -0.007675
         -0.016736        0.027466       -0.012163
         -0.007016        0.017955       -0.020397
         -0.002904        0.004222       -0.027991
         -0.006035       -0.004619       -0.034191
         -0.006145       -0.008601       -0.037117
          0.000000       -0.009921       -0.033970
          0.005980       -0.006521       -0.026986
          0.008793        0.003249       -0.022769
          0.011686        0.014967       -0.022644
          0.014556        0.021561       -0.017202
          0.012233        0.020204        0.005009
          0.003817        0.013156        0.041822
         -0.003507        0.003445        0.073257
         -0.002348       -0.007808        0.078628
          0.006136       -0.019948        0.059181
          0.012289       -0.029853        0.037111
          0.006677       -0.031732        0.028118
         -0.009297       -0.021706        0.023107
         -0.022070       -0.002831        0.005662
         -0.019389        0.016649       -0.019468
         -0.004981        0.030177       -0.029770
          0.005559        0.035113       -0.017496
          0.003463        0.028958       -0.005204
         -0.004914        0.009653       -0.019862
         -0.009080       -0.017616       -0.057001
         -0.007015       -0.038902       -0.081341
         -0.004076       -0.041782       -0.065482
         -0.003412       -0.026937       -0.020528
         -0.001864       -0.007928        0.018098
          0.003586        0.000550        0.030611
          0.008531       -0.005232        0.029220
          0.005413       -0.016721        0.035678
         -0.005473       -0.024517        0.054024
         -0.014918       -0.030180        0.070796
         -0.014516       -0.041800        0.074277
         -0.002447       -0.057380        0.064867
          0.017885       -0.061669        0.048250
          0.038025       -0.044572        0.026573
          0.045988       -0.013478        0.000387
          0.035976        0.019837       -0.025804
          0.016013        0.054118       -0.046857
         -0.000359        0.089656       -0.063070
         -0.008722        0.113684       -0.074882
         -0.014752        0.109639       -0.074315
         -0.022831        0.078162       -0.052903
         -0.029838        0.037438       -0.017828
         -0.029636        0.003710        0.011397
         -0.019403       -0.019940        0.023885
         -0.001995       -0.036409        0.024715
          0.015369       -0.044522        0.020254
          0.025711       -0.039616        0.008396
          0.027448       -0.022208       -0.011165
          0.024574       -0.002847       -0.027265
          0.020935        0.005672       -0.027162
          0.015203        0.001856       -0.011352
          0.003103       -0.003839        0.008930
         -0.015173       -0.003710        0.024903
         -0.031945       -0.000989        0.033733
         -0.038663       -0.000416        0.033345
         -0.034618        0.000292        0.023237
         -0.026290        0.004261        0.009506
         -0.018097        0.008490        0.001612
         -0.007899        0.008616        0.003487
          0.005820        0.005411        0.011576
          0.016939        0.002648        0.019961
          0.018116        0.002200        0.023641
          0.012032        0.003061        0.019108
          0.008828        0.001765        0.006596
          0.012401       -0.006735       -0.008466
          0.016173       -0.024443       -0.019539
          0.013477       -0.045527       -0.024856
          0.005982       -0.059765       -0.027122
         -0.000204       -0.061819       -0.027554
         -0.002083       -0.054030       -0.023493
         -0.000608       -0.040169       -0.012984
          0.002879       -0.021491        0.001669
          0.007156       -0.000229        0.016442
          0.009457        0.018856        0.027782
          0.007831        0.033017        0.030953
          0.004521        0.042090        0.021648
          0.002094        0.043169        0.002223
         -0.001989        0.033368       -0.017776
         -0.010792        0.020898       -0.029599
         -0.021001        0.022013       -0.031058
         -0.027232        0.039309       -0.024398
         -0.028691        0.052386       -0.012699
         -0.025889        0.039377        0.000036
         -0.017602        0.002032        0.008285
         -0.006170       -0.037165        0.007638
          0.002001       -0.056617       -0.001383
          0.004978       -0.048578       -0.013460
          0.006508       -0.017769       -0.022899
          0.007299        0.023314       -0.026566
          0.003952        0.057964       -0.023027
         -0.002238        0.070471       -0.013183
         -0.004109        0.053731       -0.002976
          0.001597        0.015378        0.000058
          0.009564       -0.025022       -0.004025
          0.012682       -0.049792       -0.006428
          0.009525       -0.055313       -0.000374
          0.004638       -0.048842        0.010910
          0.003766       -0.036375        0.018621
          0.008193       -0.018294        0.016989
          0.012943        0.005081        0.006879
          0.012409        0.028672       -0.004990
          0.007372        0.043949       -0.009785
          0.002950        0.044500       -0.003679
          0.000456        0.032003        0.007502
         -0.003202        0.015621        0.014114
         -0.007887        0.002049        0.014133
         -0.008872       -0.010940        0.015285
         -0.005194       -0.025793        0.024601
         -0.002352       -0.036062        0.039442
         -0.002998       -0.036348        0.050318
         -0.002012       -0.035456        0.049284
          0.003891       -0.044877        0.034429
          0.008700       -0.057398        0.009862
          0.006517       -0.053368       -0.016431
          0.002008       -0.027704       -0.036847
          0.002401        0.004401       -0.047823
          0.004036        0.028578       -0.048728
         -0.002535        0.043159       -0.038816
         -0.016126        0.049217       -0.018725
         -0.023664        0.044047        0.005877
         -0.016685        0.029593        0.026625
         -0.001715        0.016632        0.039290
          0.009289        0.014389        0.045109
          0.013755        0.020545        0.045169
          0.017203        0.024325        0.037412
          0.019626        0.017689        0.020610
          0.013661        0.004252       -0.001687
         -0.001271       -0.001618       -0.023178
         -0.014057        0.011601       -0.039347
         -0.016729        0.036924       -0.048334
         -0.014629        0.051465       -0.048392
         -0.015537        0.039657       -0.037837
         -0.017054        0.010117       -0.019545
         -0.012163       -0.015996       -0.002970
         -0.001732       -0.029101        0.002380
          0.006207       -0.036610       -0.005163
          0.008066       -0.048255       -0.020334
          0.009159       -0.064477       -0.036584
          0.014809       -0.076976       -0.046898
          0.021800       -0.073579       -0.043218
          0.022864       -0.046059       -0.021959
          0.016566       -0.001048        0.010650
          0.007361        0.039566        0.042737
         -0.002043        0.056455        0.065209
         -0.012061        0.049705        0.073954
         -0.020990        0.033872        0.067063
         -0.024768        0.021082        0.044901
         -0.022209        0.015008        0.013922
         -0.015288        0.015850       -0.012760
         -0.004710        0.020620       -0.023127
          0.009004        0.019147       -0.016198
          0.020588        0.000379       -0.001480
          0.023056       -0.032871        0.012112
          0.016307       -0.061499        0.021757
          0.006804       -0.066797        0.024118
         -0.000857       -0.046014        0.012312
         -0.006242       -0.009728       -0.013157
         -0.009047        0.028936       -0.036498
         -0.009680        0.056981       -0.040349
         -0.011534        0.061570       -0.027007
         -0.016186        0.040056       -0.016175
         -0.019084        0.009134       -0.018780
         -0.015203       -0.007897       -0.022798
         -0.004970       -0.006064       -0.011906
          0.009372       -0.001973        0.010024
          0.027169       -0.009916        0.023149
          0.044151       -0.024888        0.015708
          0.050298       -0.033936       -0.006011
          0.039681       -0.034284       -0.028667
          0.018774       -0.031523       -0.042507
         -0.000366       -0.026300       -0.041560
         -0.012298       -0.013950       -0.023136
         -0.019454        0.003507        0.008897
         -0.024660        0.015310        0.044274
         -0.027421        0.015374        0.071887
         -0.026133        0.010042        0.084669
         -0.020184        0.007150        0.081043
         -0.010829        0.003866        0.063824
         -0.002304       -0.006847        0.037042
          0.000011       -0.021731        0.004310
         -0.004582       -0.028116       -0.027968
         -0.009679       -0.018746       -0.048894
         -0.007747        0.000923       -0.050301
          0.002192        0.019614       -0.035198
          0.013612        0.028673       -0.014368
          0.018183        0.024815        0.004526
          0.012713        0.011389        0.019486
          0.001700       -0.001351        0.027038
         -0.007270       -0.001682        0.019776
         -0.010588        0.014571       -0.005246
         -0.009837        0.040129       -0.038593
         -0.007018        0.061427       -0.063239
         -0.001729        0.068164       -0.068696
          0.005916        0.059259       -0.059035
          0.011849        0.040867       -0.046384
          0.010453        0.019671       -0.039203
          0.001431       -0.001589       -0.037973
         -0.007683       -0.023371       -0.037095
         -0.008437       -0.045491       -0.027301
         -0.000231       -0.063855       -0.002145
          0.010458       -0.071788        0.032739
          0.018621       -0.066532        0.062315
          0.024137       -0.052976        0.078375
          0.026518       -0.037582        0.086256
          0.022263       -0.020828        0.091139
          0.010851       -0.001115        0.086516
         -0.001493        0.016808        0.063812
         -0.009583        0.025840        0.027443
         -0.017182        0.027093       -0.007775
         -0.029425        0.026327       -0.031552
         -0.039367        0.021433       -0.044538
         -0.033229        0.006232       -0.051883
         -0.011617       -0.012809       -0.056307
          0.006210       -0.018110       -0.057337
          0.006248       -0.003646       -0.052565
         -0.002467        0.016228       -0.038833
         -0.003661        0.026100       -0.015565
          0.002315        0.026720        0.012388
          0.003764        0.026707        0.037294
         -0.000296        0.027434        0.053402
          0.000652        0.024380        0.057824
          0.009698        0.016439        0.049230
          0.017527        0.006073        0.029418
          0.017198       -0.006213        0.005385
          0.012313       -0.022498       -0.013627
          0.008485       -0.043464       -0.022291
          0.005003       -0.064374       -0.022213
         -0.002374       -0.074359       -0.020146
         -0.014346       -0.063185       -0.023789
         -0.025638       -0.032060       -0.036070
         -0.029205        0.004790       -0.050576
         -0.022827        0.031728       -0.055459
         -0.010706        0.042546       -0.045754
          0.001523        0.039659       -0.029620
          0.011178        0.027833       -0.018821
          0.017859        0.011452       -0.015264
          0.021694       -0.005143       -0.010276
          0.023349       -0.017150        0.004127
          0.023027       -0.019209        0.025291
          0.018326       -0.008357        0.041087
          0.005495        0.010461        0.041637
         -0.014942        0.025773        0.030070
         -0.034354        0.031212        0.018937
         -0.040520        0.031855        0.015857
         -0.028585        0.033665        0.017820
         -0.006598        0.032654        0.021003
          0.012568        0.023127        0.028960
          0.023090        0.010309        0.045790
          0.026215        0.003002        0.065553
          0.022284       -0.001459        0.074501
          0.010797       -0.011876        0.063006
         -0.003313       -0.026498        0.032123
         -0.012847       -0.034946       -0.009636
         -0.017789       -0.034348       -0.051699
         -0.022643       -0.030575       -0.084014
         -0.024412       -0.024832       -0.098643
         -0.013888       -0.012293       -0.091380
          0.008670        0.004737       -0.062769
          0.029202        0.014539       -0.019742
          0.035806        0.010479        0.023595
          0.031264       -0.001425        0.052243
          0.024868       -0.012247        0.062164
          0.018947       -0.019012        0.063103
          0.009917       -0.021994        0.064677
         -0.002234       -0.022173        0.062089
         -0.012866       -0.023254        0.042429
         -0.019297       -0.027112        0.004784
         -0.022192       -0.025113       -0.034105
         -0.020774       -0.003394       -0.057184
         -0.013087        0.038573       -0.062682
         -0.002086        0.080658       -0.057590
          0.005392        0.097931       -0.043332
          0.007854        0.081325       -0.016974
          0.010024        0.040939        0.016846
          0.012131       -0.006079        0.044276
          0.007448       -0.045855        0.053494
         -0.005252       -0.069640        0.043414
         -0.015950       -0.074263        0.021457
         -0.016104       -0.063704       -0.004169
         -0.009903       -0.046088       -0.029384
         -0.006908       -0.027395       -0.052739
         -0.009135       -0.010408       -0.070559
         -0.011181        0.002095       -0.076138
         -0.009189        0.008658       -0.065790
         -0.003838        0.013088       -0.044296
          0.003353        0.021792       -0.021127
          0.010803        0.036963       -0.000910
          0.014477        0.055313        0.019272
          0.010853        0.071481        0.041318
          0.003520        0.079335        0.058044
          0.001107        0.072831        0.058787
          0.006183        0.050671        0.043445
          0.011493        0.019917        0.025358
          0.010426       -0.008489        0.016173
          0.006045       -0.028742        0.011947
          0.005175       -0.042869        0.000578
          0.007986       -0.053518       -0.019298
          0.009164       -0.056539       -0.034920
          0.006242       -0.044825       -0.035935
          0.000777       -0.020173       -0.027212
         -0.006145        0.003232       -0.021422
         -0.013269        0.011320       -0.022993
         -0.016349        0.004112       -0.023974
         -0.012709       -0.006911       -0.014924
         -0.007160       -0.013596        0.003630
         -0.006968       -0.017902        0.021409
         -0.012070       -0.023893        0.027724
         -0.015663       -0.028062        0.019390
         -0.012642       -0.020835        0.002107
         -0.002979        0.002452       -0.012867
          0.009606        0.033236       -0.014927
          0.017633        0.054444       -0.001170
          0.013707        0.054939        0.021362
          0.000181        0.038085        0.041006
         -0.009906        0.015801        0.048771
         -0.007183       -0.002388        0.042539
          0.003118       -0.012903        0.028876
          0.009234       -0.015680        0.020305
          0.007413       -0.013255        0.024180
          0.003324       -0.010889        0.032365
          0.002219       -0.013506        0.028154
          0.003209       -0.021412        0.006179
          0.002720       -0.029677       -0.020244
         -0.000264       -0.031874       -0.034776
         -0.003177       -0.025315       -0.035389
         -0.002560       -0.013649       -0.031964
          0.002192       -0.003677       -0.032020
          0.007278        0.000605       -0.035083
          0.007849       -0.000096       -0.037819
          0.003450       -0.002676       -0.037014
         -0.002119       -0.003073       -0.027569
         -0.007176        0.002245       -0.005090
         -0.014176        0.011829        0.026073
         -0.022357        0.018103        0.052126
         -0.023493        0.015453        0.061069
         -0.011121        0.008050        0.051952
          0.009139        0.004880        0.031315
          0.024448        0.008087        0.005629
          0.027696        0.010866       -0.019312
          0.021382        0.006641       -0.037376
          0.012074       -0.003430       -0.046879
          0.005049       -0.012061       -0.053557
          0.001740       -0.012118       -0.062534
          0.000458       -0.001654       -0.067744
          0.000696        0.014416       -0.055083
          0.003441        0.027042       -0.019205
          0.004831        0.029142        0.025611
         -0.002936        0.019906        0.056395
         -0.019490        0.003587        0.063890
         -0.033758       -0.014272        0.059326
         -0.037696       -0.028818        0.057786
         -0.032273       -0.036467        0.061476
         -0.017857       -0.036089        0.062631
          0.006873       -0.029416        0.055242
          0.033023       -0.018798        0.038099
          0.043512       -0.005132        0.012473
          0.031983        0.010088       -0.016969
          0.008774        0.021833       -0.043026
         -0.012947        0.024413       -0.061506
         -0.026025        0.017671       -0.072223
         -0.025763        0.007236       -0.073962
         -0.010853       -0.001109       -0.064484
          0.010186       -0.004321       -0.046010
          0.023574       -0.001425       -0.024658
          0.024010        0.005235       -0.004240
          0.017382        0.009234        0.014163
          0.009405        0.005007        0.027750
         -0.000276       -0.006727        0.033669
         -0.010677       -0.020146        0.034957
         -0.015279       -0.028669        0.038035
         -0.010723       -0.027375        0.042255
         -0.003078       -0.015291        0.037200
          0.000380        0.002633        0.013908
          0.000311        0.018449       -0.023367
          0.001245        0.026926       -0.057971
          0.003851        0.026899       -0.071849
          0.005974        0.019430       -0.058053
          0.006022        0.008664       -0.028038
          0.001943        0.002251       -0.004973
         -0.007072        0.005241       -0.001776
         -0.015768        0.013812       -0.006130
         -0.017046        0.019726        0.003900
         -0.012012        0.021125        0.030353
         -0.007785        0.024400        0.052638
         -0.005729        0.033803        0.054350
         -0.001209        0.042669        0.040139
          0.005833        0.038763        0.024014
          0.010340        0.018785        0.013689
          0.011924       -0.005378        0.010602
          0.014895       -0.017858        0.014039
          0.017769       -0.015058        0.019065
          0.013377       -0.007180        0.017733
          0.002208       -0.004556        0.007355
         -0.004742       -0.007583       -0.006603
         -0.001442       -0.011070       -0.017373
          0.004136       -0.012827       -0.022384
          0.002506       -0.014161       -0.022779
         -0.004240       -0.015195       -0.023154
         -0.008132       -0.014276       -0.030083
         -0.006830       -0.011683       -0.043303
         -0.003783       -0.011170       -0.049970
         -0.002451       -0.016988       -0.037647
         -0.004309       -0.029588       -0.012997
         -0.008617       -0.044186        0.003713
         -0.012088       -0.053870        0.004963
         -0.011259       -0.054106        0.005546
         -0.005886       -0.043739        0.021052
          0.001215       -0.023515        0.046256
          0.007259        0.003157        0.061432
          0.011308        0.028799        0.054083
          0.013013        0.045456        0.027937
          0.010772        0.050870       -0.005585
          0.003176        0.048717       -0.036944
         -0.007185        0.042392       -0.059235
         -0.013594        0.031458       -0.066541
         -0.010881        0.015401       -0.056573
         -0.000383       -0.001788       -0.033093
          0.011720       -0.013465       -0.003367
          0.019808       -0.016560        0.025073
          0.021650       -0.014868        0.045540
          0.017511       -0.015655        0.055432
          0.008705       -0.021875        0.059005
         -0.002663       -0.027283        0.060673
         -0.013638       -0.022274        0.056038
         -0.021220       -0.007062        0.038501
         -0.024017        0.005295        0.014248
         -0.023014        0.004386       -0.001471
         -0.019629       -0.003260       -0.005017
         -0.013138       -0.002738       -0.008835
         -0.001918        0.009569       -0.020836
          0.012351        0.023372       -0.030996
          0.023601        0.029470       -0.025998
          0.025675        0.027739       -0.009375
          0.017377        0.019895        0.001452
          0.003688        0.005070       -0.005007
         -0.007334       -0.012327       -0.023640
         -0.009868       -0.018856       -0.040066
         -0.004523       -0.005009       -0.042935
          0.002098        0.020807       -0.029303
          0.003306        0.038063       -0.003808
         -0.000818        0.033514        0.024123
         -0.003682        0.011522        0.044546
         -0.001104       -0.013068        0.051852
          0.002631       -0.028777        0.046481
          0.001261       -0.034946        0.032340
         -0.003991       -0.037806        0.013016
         -0.006889       -0.040669       -0.010135
         -0.005810       -0.040048       -0.036913
         -0.004532       -0.032033       -0.065134
         -0.004357       -0.018696       -0.088644
         -0.002059       -0.004770       -0.099227
          0.003530        0.009046       -0.090475
          0.009036        0.023971       -0.060032
          0.012409        0.035482       -0.010710
          0.015353        0.035342        0.047363
          0.017684        0.023472        0.096259
          0.015565        0.009994        0.117012
          0.008439        0.001278        0.102375
          0.001597       -0.007548        0.064016
         -0.001805       -0.020355        0.024082
         -0.005288       -0.029736       -0.002238
         -0.011285       -0.027635       -0.014616
         -0.014827       -0.018796       -0.019375
         -0.011114       -0.014423       -0.019466
         -0.004695       -0.017149       -0.015850
         -0.003656       -0.019528       -0.013131
         -0.008105       -0.013542       -0.016327
         -0.012370        0.004053       -0.023269
         -0.015147        0.031648       -0.026455
         -0.018011        0.061641       -0.022341
         -0.016745        0.081268       -0.013512
         -0.005172        0.079968       -0.002483
          0.012731        0.057397        0.009744
          0.024482        0.024245        0.018044
          0.024331       -0.004079        0.013603
          0.019105       -0.017095       -0.005619
          0.016881       -0.016942       -0.029171
          0.016653       -0.015521       -0.043269
          0.012539       -0.020633       -0.043515
          0.002822       -0.027485       -0.035438
         -0.008975       -0.028015       -0.024984
         -0.017874       -0.024385       -0.012771
         -0.019399       -0.025542        0.003113
         -0.012397       -0.031868        0.022669
         -0.002552       -0.031739        0.042717
          0.001808       -0.015631        0.057624
         -0.000435        0.012061        0.062214
         -0.002545        0.037957        0.056974
         -0.000246        0.051984        0.048702
          0.003104        0.052060        0.042100
          0.002655        0.041409        0.033096
         -0.001989        0.026178        0.016300
         -0.007746        0.012999       -0.002541
         -0.011196        0.004018       -0.009466
         -0.010853       -0.004689        0.000384
         -0.007864       -0.016890        0.014753
         -0.003112       -0.029998        0.017268
          0.004773       -0.037245        0.004079
          0.014286       -0.034496       -0.016127
          0.017067       -0.023633       -0.034575
          0.006610       -0.010812       -0.049292
         -0.010294       -0.002540       -0.060973
         -0.018612       -0.001808       -0.067180
         -0.011901       -0.005609       -0.062776
          0.002315       -0.006366       -0.045567
          0.013807        0.001228       -0.021373
          0.019120        0.013512       -0.002163
          0.018971        0.020564        0.003891
          0.013976        0.017148        0.001025
          0.006277        0.008510        0.001442
         -0.000047        0.003602        0.011233
         -0.003350        0.005064        0.024305
         -0.005520        0.008295        0.031925
         -0.007351        0.008292        0.033280
         -0.006895        0.003635        0.031819
         -0.003615       -0.005653        0.025436
         -0.000192       -0.018855        0.008667
          0.001245       -0.030395       -0.015221
          0.001622       -0.030243       -0.032205
          0.002722       -0.015116       -0.030975
          0.004483        0.003783       -0.013980
          0.004443        0.012342        0.007137
         -0.001088        0.011246        0.022392
         -0.012981        0.013100        0.027122
         -0.024920        0.022634        0.020377
         -0.027257        0.030320        0.005955
         -0.018353        0.027205       -0.006495
         -0.007206        0.015375       -0.007614
         -0.001004       -0.000247        0.002240
          0.003345       -0.020653        0.012965
          0.009842       -0.046878        0.016228
          0.013545       -0.071953        0.014120
          0.008524       -0.084906        0.013813
         -0.000454       -0.079365        0.016954
         -0.003275       -0.055217        0.018688
          0.002009       -0.016555        0.014880
          0.008476        0.027169        0.005591
          0.010734        0.060674       -0.006777
          0.009650        0.070273       -0.018012
          0.007978        0.055608       -0.022285
          0.006670        0.032187       -0.016847
          0.005768        0.018268       -0.006539
          0.005183        0.018578       -0.000071
          0.003895        0.023230       -0.001122
          0.000956        0.021805       -0.005264
         -0.002146        0.013844       -0.006298
         -0.002638        0.004293       -0.003512
         -0.000776       -0.005780       -0.001122
         -0.000620       -0.018311       -0.002151
         -0.005004       -0.030130       -0.005177
         -0.011103       -0.032838       -0.006559
         -0.012485       -0.023359       -0.004142
         -0.005727       -0.010088        0.001121
          0.005387       -0.004828        0.005971
          0.013144       -0.010531        0.006835
          0.013750       -0.018828        0.001970
          0.010248       -0.017576       -0.006730
          0.006493       -0.000629       -0.013957
          0.001455        0.025897       -0.015505
         -0.006768        0.046393       -0.013329
         -0.013839        0.048975       -0.012771
         -0.012440        0.036243       -0.013328
         -0.003092        0.018900       -0.007048
          0.004571        0.001157        0.010060
          0.004020       -0.019480        0.028800
         -0.000024       -0.039159        0.033933
          0.000417       -0.046117        0.019516
          0.004874       -0.035911       -0.005569
          0.006071       -0.018064       -0.025929
          0.001025       -0.002202       -0.031324
         -0.005106        0.012769       -0.021996
         -0.006480        0.028996       -0.005942
         -0.003394        0.038808        0.008095
          0.000076        0.033285        0.015870
          0.001967        0.016243        0.017468
          0.003092        0.000644        0.014662
          0.003577       -0.006501        0.010526
          0.002373       -0.008786        0.009409
          0.000191       -0.011515        0.012975
         -0.000594       -0.014602        0.016115
         -0.000048       -0.015102        0.010729
         -0.001298       -0.012134       -0.004815
         -0.005508       -0.007392       -0.022673
         -0.009483       -0.003335       -0.033760
         -0.009644       -0.001769       -0.036701
         -0.005429       -0.001626       -0.035798
          0.001077        0.002083       -0.031689
          0.005396        0.013256       -0.018743
          0.002725        0.027305        0.006243
         -0.005044        0.032755        0.035639
         -0.007694        0.023483        0.054710
          0.000891        0.007562        0.053744
          0.012397        0.000404        0.035174
          0.014922        0.008316        0.009279
          0.010450        0.020862       -0.015362
          0.010278        0.021573       -0.036471
          0.014874        0.006098       -0.054265
          0.011502       -0.012468       -0.065337
         -0.005699       -0.018145       -0.062296
         -0.024953       -0.010409       -0.039726
         -0.031332       -0.003776        0.000365
         -0.023606       -0.008565        0.048322
         -0.011250       -0.018464        0.090059
         -0.001369       -0.021815        0.111339
          0.005110       -0.018915        0.103982
          0.008583       -0.019186        0.072066
          0.008984       -0.023911        0.030785
          0.007889       -0.022142       -0.004511
          0.007427       -0.006107       -0.029195
          0.007000        0.016514       -0.048356
          0.004467        0.030009       -0.065813
          0.000139        0.026988       -0.076991
         -0.003746        0.013735       -0.073869
         -0.006372        0.000857       -0.054452
         -0.007285       -0.007389       -0.024857
         -0.003952       -0.013046        0.005823
          0.004265       -0.017025        0.029218
          0.011291       -0.016917        0.038649
          0.009555       -0.013175        0.032266
         -0.000326       -0.011841        0.015484
         -0.009994       -0.016284       -0.003310
         -0.013283       -0.019637       -0.018840
         -0.011616       -0.011712       -0.028609
         -0.009359        0.007773       -0.029853
         -0.007399        0.028178       -0.020793
         -0.003134        0.038737       -0.003137
          0.004560        0.035305        0.018947
          0.012400        0.019289        0.040488
          0.015604       -0.002448        0.055427
          0.013240       -0.017729        0.057680
          0.009267       -0.017387        0.044948
          0.007607       -0.005178        0.021156
          0.007854        0.005801       -0.005357
          0.007181        0.006909       -0.025955
          0.004198       -0.000096       -0.034963
         -0.000983       -0.009254       -0.031168
         -0.007227       -0.016157       -0.018091
         -0.010269       -0.017573       -0.002547
         -0.004958       -0.011488        0.009017
          0.005855        0.000658        0.014001
          0.010080        0.015000        0.013551
          0.000633        0.028283        0.009508
         -0.013644        0.036833        0.002727
         -0.018652        0.034957       -0.005263
         -0.012674        0.020107       -0.010446
         -0.005449       -0.001247       -0.008237
         -0.002903       -0.018270        0.002055
         -0.002047       -0.025787        0.015328
         -0.000207       -0.025390        0.023820
          0.000556       -0.018543        0.022409
          0.000769       -0.004716        0.012108
          0.006225        0.013197       -0.000441
          0.017690        0.026498       -0.008009
          0.024935        0.026593       -0.009075
          0.018671        0.012871       -0.008389
          0.004030       -0.006423       -0.010483
         -0.006085       -0.021880       -0.014543
         -0.008509       -0.031063       -0.016496
         -0.011848       -0.037644       -0.013655
         -0.021207       -0.043016       -0.006876
         -0.029769       -0.042183       -0.000933
         -0.028636       -0.030028       -0.002424
         -0.018186       -0.009037       -0.013345
         -0.005184        0.012392       -0.026380
          0.006270        0.027591       -0.030559
          0.015847        0.034332       -0.022975
          0.023032        0.032430       -0.011479
          0.027268        0.023739       -0.003901
          0.029002        0.013602        0.001323
          0.026388        0.007624        0.009762
          0.014852        0.006493        0.019733
         -0.005146        0.006018        0.022545
         -0.023422        0.001573        0.012841
         -0.028413       -0.008057       -0.006145
         -0.018630       -0.018952       -0.026133
         -0.002675       -0.023931       -0.038047
          0.010227       -0.019066       -0.034883
          0.016902       -0.008292       -0.016101
          0.018462        0.001400        0.010028
          0.015022        0.008096        0.031221
          0.004751        0.014156        0.039492
         -0.011343        0.018831        0.034946
         -0.026036        0.018109        0.022772
         -0.030246        0.012826        0.008271
         -0.021148        0.010322       -0.004945
         -0.004722        0.014344       -0.014413
          0.009639        0.018535       -0.019884
          0.015745        0.015129       -0.024279
          0.012770        0.006355       -0.029391
          0.004463        0.001252       -0.030286
         -0.002421        0.003368       -0.018917
         -0.002447        0.007549        0.004602
          0.002695        0.007842        0.028742
          0.004891        0.003230        0.041793
         -0.000810       -0.003665        0.043186
         -0.009228       -0.008553        0.040147
         -0.011242       -0.007208        0.036218
         -0.005538       -0.000478        0.028269
          0.000166        0.003372        0.013575
         -0.000444       -0.003343       -0.005302
         -0.004829       -0.017788       -0.022691
         -0.005679       -0.029383       -0.032581
          0.000601       -0.031747       -0.029362
          0.010583       -0.027240       -0.011227
          0.017333       -0.020582        0.014468
          0.017249       -0.013745        0.032892
          0.014011       -0.007916        0.033239
          0.013738       -0.005015        0.018071
          0.015956       -0.004594       -0.001158
          0.013877       -0.002894       -0.016186
          0.004946        0.002352       -0.025883
         -0.004920        0.008769       -0.030060
         -0.010274        0.013353       -0.026000
         -0.012494        0.017119       -0.013125
         -0.013552        0.022624        0.003266
         -0.011301        0.028502        0.015183
         -0.006407        0.030130        0.017149
         -0.005752        0.025361        0.009218
         -0.011659        0.016403       -0.002605
         -0.015309        0.005994       -0.010842
         -0.009090       -0.005113       -0.013887
          0.001268       -0.015695       -0.015920
          0.005353       -0.021538       -0.017872
          0.002897       -0.018252       -0.013905
          0.001625       -0.007404       -0.000239
          0.004946        0.001743        0.018005
          0.009329       -0.000428        0.032899
          0.010902       -0.013209        0.041422
          0.009004       -0.024023        0.042716
          0.004967       -0.020851        0.033553
          0.000940       -0.006354        0.013230
         -0.000934        0.003939       -0.010633
          0.000242       -0.000973       -0.027620
          0.003496       -0.015371       -0.034277
          0.006282       -0.024438       -0.034521
          0.006308       -0.020822       -0.033020
          0.004537       -0.009682       -0.031643
          0.004484        0.000773       -0.029501
          0.006259        0.008389       -0.023170
          0.004795        0.015421       -0.009233
         -0.002369        0.021906        0.011064
         -0.010135        0.024450        0.031639
         -0.013411        0.020793        0.046745
         -0.014358        0.012627        0.053851
         -0.016441        0.003636        0.051999
         -0.016631       -0.003231        0.041163
         -0.010278       -0.006222        0.023338
         -0.000079       -0.004643        0.001505
          0.005932        0.000403       -0.021347
          0.003724        0.006127       -0.039646
         -0.003121        0.010362       -0.044757
         -0.007644        0.013556       -0.032381
         -0.005191        0.017271       -0.010043
          0.003077        0.020830        0.007024
          0.010399        0.021012        0.008634
          0.009913        0.015595       -0.003495
          0.001324        0.006152       -0.020640
         -0.009290       -0.003169       -0.034839
         -0.016247       -0.009074       -0.041020
         -0.018249       -0.011196       -0.036372
         -0.015960       -0.011497       -0.022136
         -0.009763       -0.012160       -0.004814
         -0.001369       -0.014085        0.008194
          0.005875       -0.016995        0.014614
          0.010284       -0.019998        0.017071
          0.012904       -0.021533        0.017594
          0.014136       -0.019865        0.015464
          0.012372       -0.014734        0.010099
          0.007379       -0.007221        0.002082
          0.001945        0.003105       -0.008288
         -0.001438        0.017927       -0.018476
         -0.002840        0.034408       -0.020557
         -0.002457        0.043449       -0.007812
          0.001099        0.038246        0.014301
          0.008000        0.021995        0.030778
          0.014968        0.003692        0.033069
          0.017850       -0.010238        0.026740
          0.014811       -0.017474        0.021224
          0.006541       -0.017926        0.018226
         -0.003539       -0.014200        0.014078
         -0.008763       -0.010651        0.008313
         -0.003452       -0.009313        0.003924
          0.010016       -0.008954        0.001407
          0.021415       -0.008917       -0.001217
          0.021941       -0.010801       -0.002771
          0.011405       -0.015308        0.000508
         -0.004238       -0.020462        0.007552
         -0.019228       -0.023982        0.010990
         -0.030172       -0.024189        0.005058
         -0.034963       -0.018011       -0.008748
         -0.032889       -0.003199       -0.024580
         -0.025123        0.015159       -0.036645
         -0.013494        0.025744       -0.039782
          0.000505        0.022824       -0.029978
          0.014821        0.013250       -0.007609
          0.026039        0.007827        0.020079
          0.029985        0.009119        0.041005
          0.023633        0.011864        0.044923
          0.008622        0.012150        0.031271
         -0.007077        0.010969        0.011038
         -0.014873        0.010387       -0.001867
         -0.013959        0.011147       -0.002420
         -0.010407        0.013449        0.003368
         -0.008012        0.015763        0.006716
         -0.005095        0.013115        0.003062
         -0.000282        0.001242       -0.007460
          0.004540       -0.016421       -0.020251
          0.007679       -0.029859       -0.026689
          0.008922       -0.031977       -0.021586
          0.007570       -0.023954       -0.012010
          0.004185       -0.011421       -0.011297
          0.003039        0.000244       -0.021904
          0.007068        0.007242       -0.032200
          0.011611        0.009272       -0.033520
          0.009466        0.010308       -0.031426
          0.001367        0.012989       -0.034033
         -0.005116        0.013114       -0.036436
         -0.006678        0.005009       -0.025252
         -0.006861       -0.007910        0.003950
         -0.006972       -0.013819        0.040374
         -0.003023       -0.005739        0.068221
