INSTITUTO GEOFISICO DEL PERU
CENTRO NACIONAL DE MONITOREO SISMICO
Calle Calatrava 216 - La Molina 15023
http://www.igp.gob.pe

1. ESTACION SISMICA
NOMBRE  : Isla San Lorenzo, Callao
CODIGO  : SLN1
LATITUD : -12.076
LONGITUD: -77.235

2. SISMO
FECHA LOCAL     : 2024/02/15
HORA LOCAL      : 15:53:35
LATITUD         : -11.560
LONGITUD        : -77.520
PROFUNDIDAD     : 57.0 km
MAGNITUD        : M5.4
DIST. EPICENTRAL: 65.1 km

3. REGISTRO DE ACELERACION
TIEMPO DE INICIO           : 2024/02/15 20:53:40 UTC
NUMERO DE MUESTRAS         : 8196
MUESTREO                   : 100.0 muestras/segundo
REGISTROS                  : Formato corregido por instrumento
CORRECCION POR LINEA BASE  : Si
UNIDADES                   : cm/s2
REGISTROS POR COMPONENTE   : Z: Vertical  N: Norte-Sur  E: Este-Oeste
PGA                        :   10.7499        15.2757       17.4693

              Z              N              E
         -0.001591        0.001603       -0.003539
         -0.001681        0.002419       -0.005201
         -0.000366        0.000242       -0.002186
          0.000882       -0.001529        0.001437
          0.001173       -0.000850        0.001994
          0.000534        0.000465        0.000486
         -0.000774        0.000622       -0.000628
         -0.001799        0.000661       -0.000590
         -0.001342        0.001542        0.000447
          0.000140        0.001725        0.001876
          0.000880       -0.000055        0.002188
          0.000448       -0.002215        0.000688
         -0.000026       -0.002467       -0.000969
         -0.000234       -0.000690       -0.000997
         -0.000835        0.001430       -0.000150
         -0.001294        0.002398       -0.000269
         -0.000254        0.002095       -0.001151
          0.001623        0.001485       -0.001047
          0.001828        0.001181        0.000010
         -0.000170        0.000725       -0.000100
         -0.001727       -0.000419       -0.001916
         -0.000925       -0.001916       -0.003071
          0.000638       -0.002759       -0.001977
          0.000703       -0.001912       -0.000196
         -0.000189        0.000304        0.000676
         -0.000324        0.001353        0.001648
          0.000137       -0.000605        0.003470
          0.000017       -0.003076        0.004001
         -0.000664       -0.002126        0.001491
         -0.001103        0.001415       -0.001891
         -0.000898        0.002909       -0.002777
         -0.000119        0.000784       -0.001057
          0.000543       -0.001605        0.000631
          0.000158       -0.001155        0.000596
         -0.000801        0.001018       -0.000256
         -0.000837        0.001835       -0.000292
         -0.000114        0.000809        0.000166
         -0.000151        0.000313       -0.000362
         -0.000572        0.001271       -0.000897
          0.000342        0.001461        0.001244
          0.001908       -0.000253        0.004629
          0.001617       -0.001293        0.003789
         -0.000549        0.000268       -0.002135
         -0.001850        0.002087       -0.006540
         -0.000876        0.001504       -0.004448
          0.000864       -0.000348        0.000986
          0.001527       -0.001390        0.003980
          0.001013       -0.001833        0.003281
          0.000284       -0.002048        0.001358
         -0.000041       -0.001120        0.000119
         -0.000058        0.000423       -0.000455
         -0.000077        0.000360       -0.000987
         -0.000048       -0.001251       -0.001324
          0.000283       -0.001618       -0.000775
          0.000665        0.000110        0.000358
          0.000405        0.001446        0.000717
         -0.000514        0.000972       -0.000138
         -0.001111        0.000440       -0.001032
         -0.000751        0.000994       -0.000762
         -0.000042        0.000955        0.000588
          0.000244       -0.000678        0.001798
          0.000227       -0.001904        0.001741
          0.000304       -0.001092        0.000778
          0.000456        0.000261        0.000183
          0.000564        0.000162        0.000023
          0.000567       -0.001015       -0.000575
          0.000339       -0.001716       -0.001176
          0.000122       -0.000990       -0.000582
          0.000394        0.001209        0.000613
          0.000780        0.003302        0.000639
          0.000332        0.002701       -0.000654
         -0.000694       -0.000454       -0.001783
         -0.000902       -0.002353       -0.001779
          0.000029       -0.000765       -0.000890
          0.000752        0.001704        0.000022
          0.000307        0.002003        0.000245
         -0.000511        0.000772        0.000049
         -0.000475       -0.000192        0.000310
          0.000238       -0.001005        0.000829
          0.000416       -0.002021        0.000315
         -0.000211       -0.002266       -0.001428
         -0.000445       -0.001269       -0.002686
          0.000387       -0.000064       -0.001919
          0.001099        0.000500        0.000075
          0.000539        0.000469        0.001092
         -0.000350       -0.000037        0.000629
         -0.000104       -0.000545        0.000401
          0.000693       -0.000004        0.001148
          0.000459        0.001520        0.001467
         -0.000575        0.002275        0.000920
         -0.000850        0.001225        0.000993
         -0.000253       -0.000470        0.001801
         -0.000148       -0.001156        0.001388
         -0.000794       -0.000531       -0.000683
         -0.000943        0.000439       -0.002335
         -0.000091        0.000542       -0.002103
          0.000786       -0.000432       -0.000690
          0.000901       -0.001209        0.000533
          0.000423       -0.000670        0.000705
         -0.000319        0.000368       -0.000378
         -0.000879        0.000583       -0.001985
         -0.000530        0.000426       -0.002778
          0.000539        0.000735       -0.002099
          0.000972        0.000598       -0.000492
          0.000347       -0.000664        0.001065
         -0.000164       -0.001454        0.001791
         -0.000030       -0.000496        0.001275
         -0.000194        0.001101       -0.000096
         -0.001002        0.002087       -0.001035
         -0.001286        0.002207       -0.000440
         -0.000236        0.000814        0.001303
          0.001194       -0.001867        0.002473
          0.001382       -0.003125        0.001685
          0.000060       -0.001385       -0.000637
         -0.001198        0.000634       -0.002571
         -0.000844        0.000074       -0.002509
          0.000613       -0.001582       -0.000700
          0.001467       -0.001475        0.001165
          0.001195        0.000087        0.002118
          0.000484        0.000854        0.002622
         -0.000380        0.000174        0.002490
         -0.001377       -0.000625        0.000565
         -0.001851       -0.000147       -0.002141
         -0.001266        0.001494       -0.002501
         -0.000086        0.002504       -0.000272
          0.000857        0.001580        0.001106
          0.000949        0.000237        0.000170
         -0.000029        0.000636       -0.000839
         -0.001211        0.001548       -0.000780
         -0.001140        0.000393       -0.000852
          0.000030       -0.001475       -0.000862
          0.000504       -0.000827        0.000384
         -0.000253        0.001194        0.001686
         -0.000859        0.000847        0.001438
         -0.000676       -0.001554        0.000888
         -0.000498       -0.002509        0.001128
         -0.000494       -0.001268        0.000580
         -0.000090       -0.000061       -0.000844
          0.000442       -0.000112       -0.000248
          0.000537       -0.000855        0.002429
          0.000523       -0.001390        0.003148
          0.000589       -0.000890        0.000635
          0.000183        0.000619       -0.001779
         -0.000506        0.001506       -0.002230
         -0.000526        0.000505       -0.002031
          0.000032       -0.001153       -0.001574
          0.000335       -0.001498       -0.000187
          0.000475       -0.000517        0.001215
          0.000712        0.000619        0.001448
          0.000318        0.001393        0.000765
         -0.000814        0.001537       -0.000587
         -0.001177        0.000734       -0.002124
         -0.000016       -0.000212       -0.001761
          0.001245       -0.000061        0.001083
          0.001251        0.000737        0.003133
          0.000513        0.000861        0.002191
          0.000107        0.000353        0.000657
          0.000246       -0.000110        0.000604
          0.000616       -0.000575        0.000493
          0.000818       -0.000892       -0.000426
          0.000525       -0.000546       -0.000205
          0.000022        0.000042        0.001340
         -0.000198        0.000164        0.001656
         -0.000578        0.000125        0.000001
         -0.001528        0.000081       -0.001482
         -0.001811       -0.000767       -0.001334
         -0.000427       -0.002228       -0.000085
          0.000970       -0.002420        0.001210
          0.000477       -0.000414        0.001462
         -0.000792        0.002202        0.000142
         -0.000738        0.003271       -0.001354
          0.000264        0.002263       -0.001277
          0.000607        0.000301       -0.000657
          0.000403       -0.000820       -0.001484
          0.000754        0.000011       -0.002348
          0.001425        0.001628       -0.000666
          0.001336        0.001373        0.001646
          0.000568       -0.001072        0.000749
          0.000067       -0.002668       -0.001925
         -0.000074       -0.001729       -0.001927
         -0.000520       -0.000393        0.000279
         -0.001315       -0.000113        0.000870
         -0.001748        0.000755        0.000005
         -0.001275        0.002490        0.000453
         -0.000148        0.002497        0.001473
          0.000610        0.000312        0.000502
          0.000241       -0.001312       -0.001642
         -0.000453       -0.001346       -0.002275
         -0.000080       -0.001178       -0.001100
          0.000940       -0.000611        0.000296
          0.001009        0.001292        0.000862
          0.000304        0.002474        0.000488
          0.000378        0.000748       -0.000188
          0.001024       -0.001347       -0.000362
          0.000662       -0.000333       -0.000318
         -0.000439        0.001996       -0.000627
         -0.000485        0.001829       -0.000380
          0.000519       -0.000248        0.001018
          0.000733       -0.001374        0.001581
         -0.000337       -0.001364       -0.000097
         -0.001154       -0.001194       -0.001626
         -0.000669       -0.000583       -0.000641
          0.000357       -0.000056        0.001038
          0.000640       -0.000849        0.000738
         -0.000030       -0.001560       -0.000672
         -0.000665       -0.000148       -0.001000
         -0.000409        0.001317       -0.000551
          0.000265       -0.000075       -0.000878
          0.000334       -0.002010       -0.001617
         -0.000051       -0.000760       -0.001060
          0.000025        0.001730        0.000787
          0.000340        0.001282        0.001688
         -0.000133       -0.001135        0.000334
         -0.001105       -0.001718       -0.001492
         -0.001175       -0.000325       -0.001277
         -0.000118        0.000739        0.000768
          0.000916        0.001218        0.002166
          0.001231        0.001718        0.001302
          0.000954        0.001260       -0.000959
          0.000178       -0.000503       -0.002210
         -0.000732       -0.001792       -0.000933
         -0.000843       -0.001656        0.001465
         -0.000004       -0.001137        0.002086
          0.000668       -0.000826        0.000473
          0.000594       -0.000535       -0.000946
          0.000396       -0.000510       -0.000659
          0.000236       -0.000383        0.000253
         -0.000383        0.000618        0.000414
         -0.000957        0.001301       -0.000278
         -0.000534        0.000209       -0.001217
          0.000191       -0.000901       -0.001642
         -0.000223        0.000124       -0.001307
         -0.001306        0.001642       -0.001006
         -0.001275        0.001240       -0.001158
         -0.000017       -0.000159       -0.000732
          0.000704       -0.000553        0.000816
          0.000005        0.000174        0.002314
         -0.000886        0.001170        0.002887
         -0.000517        0.001370        0.002896
          0.000837       -0.000268        0.002640
          0.001614       -0.002652        0.002371
          0.000903       -0.002799        0.002562
         -0.000478       -0.000244        0.002461
         -0.001008        0.002054        0.000854
         -0.000381        0.002413       -0.001127
          0.000228        0.001990       -0.001431
         -0.000008        0.001319       -0.000733
         -0.000477       -0.000156       -0.000830
         -0.000462       -0.001244       -0.001332
         -0.000443       -0.000208       -0.001374
         -0.000896        0.001689       -0.001556
         -0.000872        0.001697       -0.001584
          0.000435       -0.000136        0.000042
          0.001671       -0.001490        0.002240
          0.001169       -0.001595        0.001806
         -0.000156       -0.001457       -0.001062
         -0.000310       -0.001286       -0.002310
          0.000563       -0.000630       -0.000158
          0.000980       -0.000130        0.002390
          0.000771       -0.000423        0.002256
          0.000586       -0.000368        0.000320
          0.000225        0.000977       -0.000651
         -0.000597        0.002060       -0.000067
         -0.001226        0.001407        0.000369
         -0.001149        0.000466       -0.000338
         -0.000777        0.000827       -0.001388
         -0.000473        0.001214       -0.001907
         -0.000097        0.000307       -0.001874
          0.000232       -0.000427       -0.001375
          0.000090        0.000507       -0.000462
         -0.000392        0.001802        0.000324
         -0.000461        0.001516        0.000353
          0.000222       -0.000083       -0.000322
          0.001008       -0.001223       -0.001018
          0.001088       -0.000959       -0.000842
          0.000567       -0.000170        0.000449
          0.000185       -0.000450        0.001522
          0.000195       -0.001865        0.000893
          0.000240       -0.002643       -0.000438
          0.000189       -0.001886       -0.000300
          0.000184       -0.001002        0.000862
         -0.000021       -0.001136        0.000981
         -0.000685       -0.001179        0.000389
         -0.001181       -0.000047        0.000698
         -0.000690        0.001102        0.001033
          0.000356        0.000874       -0.000123
          0.000674        0.000056       -0.001295
         -0.000072        0.000072       -0.000697
         -0.000720        0.000625        0.000259
         -0.000062        0.000717        0.000084
          0.001317        0.000585        0.000037
          0.001416        0.000947        0.000763
         -0.000226        0.001406        0.000648
         -0.001316        0.001028       -0.000448
         -0.000207       -0.000156       -0.000638
          0.001387       -0.001250        0.000068
          0.001270       -0.001684       -0.000066
          0.000188       -0.001584       -0.000680
         -0.000053       -0.001348       -0.000012
          0.000293       -0.001266        0.001375
          0.000049       -0.001179        0.001368
         -0.000489       -0.000585        0.000033
         -0.000364        0.000368       -0.000532
          0.000269        0.000686        0.000501
          0.000637        0.000026        0.001844
          0.000496       -0.000588        0.002108
         -0.000076       -0.000208        0.001054
         -0.000851        0.000919       -0.000549
         -0.001045        0.001892       -0.001390
         -0.000137        0.001876       -0.000851
          0.000837        0.000764        0.000122
          0.000420       -0.000278        0.000524
         -0.000871        0.000029        0.000713
         -0.001123        0.001190        0.000886
          0.000003        0.001559        0.000061
          0.000831        0.000701       -0.001767
          0.000446       -0.000274       -0.002678
         -0.000059       -0.000491       -0.001506
          0.000339       -0.000195        0.000495
          0.000911       -0.000075        0.001445
          0.000539       -0.000529        0.000854
         -0.000401       -0.001447       -0.000117
         -0.000714       -0.002194        0.000183
         -0.000298       -0.002025        0.001696
         -0.000078       -0.000979        0.001926
         -0.000312        0.000054       -0.000730
         -0.000335        0.000442       -0.003677
         -0.000011        0.000235       -0.003201
         -0.000003       -0.000458       -0.000297
         -0.000408       -0.001129        0.000648
         -0.000483       -0.000573       -0.001191
          0.000042        0.001408       -0.002281
          0.000515        0.003160       -0.001088
          0.000442        0.003482       -0.000073
          0.000145        0.002823       -0.000812
          0.000127        0.001324       -0.001766
          0.000300       -0.001138       -0.001333
          0.000161       -0.002551        0.000195
         -0.000426       -0.000725        0.001460
         -0.000957        0.002086        0.001287
         -0.001014        0.001668        0.000266
         -0.000913       -0.001047        0.000559
         -0.001139       -0.001272        0.002200
         -0.001499        0.001276        0.002042
         -0.001359        0.001870       -0.000950
         -0.000504       -0.000949       -0.003109
          0.000495       -0.003043       -0.001905
          0.000669       -0.001620        0.000052
         -0.000284        0.001093       -0.000025
         -0.001193        0.002143       -0.000873
         -0.000554        0.001340       -0.000636
          0.001199       -0.000166        0.000043
          0.002041       -0.001374        0.000469
          0.001394       -0.001392        0.001348
          0.000704       -0.000253        0.002414
          0.000526        0.000713        0.001912
         -0.000183        0.000655       -0.000572
         -0.001340        0.000236       -0.002961
         -0.001350        0.000212       -0.002925
          0.000025        0.000393       -0.000309
          0.001049        0.000439        0.002616
          0.000595        0.000455        0.003265
         -0.000571        0.000585        0.001554
         -0.001166        0.000665       -0.000006
         -0.000794        0.000266        0.000276
          0.000025       -0.000810        0.001166
          0.000622       -0.001725        0.000913
          0.000720       -0.001257       -0.000107
          0.000353        0.000132       -0.000756
         -0.000223        0.000433       -0.001130
         -0.000379       -0.000973       -0.001321
          0.000351       -0.002424       -0.000341
          0.001375       -0.002412        0.001724
          0.001491       -0.000850        0.002656
          0.000392        0.001745        0.001134
         -0.000777        0.003872       -0.001093
         -0.000643        0.003061       -0.001634
          0.000646       -0.000682       -0.000533
          0.001419       -0.003335        0.000257
          0.000715       -0.002042       -0.000427
         -0.000415        0.000901       -0.001641
         -0.000613        0.002193       -0.001558
          0.000164        0.001628        0.000395
          0.001275       -0.000116        0.002919
          0.001955       -0.002526        0.004192
          0.001237       -0.003023        0.003260
         -0.000766        0.000307        0.000441
         -0.002063        0.004068       -0.002628
         -0.001248        0.003745       -0.003702
          0.000360        0.000774       -0.002101
          0.000747       -0.000608        0.000137
         -0.000015       -0.000616        0.000719
         -0.000536       -0.001813        0.000057
         -0.000311       -0.003034       -0.000088
          0.000071       -0.001647        0.000195
          0.000143        0.000846       -0.000225
          0.000173        0.000911       -0.000724
          0.000528       -0.001273       -0.000058
          0.000710       -0.002376        0.000686
         -0.000121       -0.001041       -0.000448
         -0.001347        0.000645       -0.002415
         -0.001126        0.000540       -0.001989
          0.000738       -0.000878        0.001260
          0.001947       -0.001747        0.003805
          0.001008       -0.001390        0.003016
         -0.000520       -0.000544        0.000621
         -0.000651        0.000320       -0.000382
         -0.000005        0.001338       -0.000159
         -0.000211        0.001865       -0.000839
         -0.000820        0.000728       -0.002120
         -0.000381       -0.001107       -0.001571
          0.000412       -0.000463        0.000646
         -0.000304        0.003098        0.001287
         -0.001803        0.004870       -0.000518
         -0.001388        0.001618       -0.001487
          0.001044       -0.002576        0.000209
          0.002462       -0.002627        0.001860
          0.001231       -0.000464        0.000921
         -0.000848       -0.000307       -0.001167
         -0.001469       -0.001305       -0.001648
         -0.000438       -0.001218        0.000029
          0.000880       -0.001192        0.002049
          0.001201       -0.001755        0.002330
          0.000325       -0.000538        0.001114
         -0.000878        0.002591        0.000568
         -0.001348        0.004055        0.001044
         -0.000637        0.002047        0.000859
          0.000823       -0.001086        0.000221
          0.001768       -0.002433        0.000589
          0.001002       -0.001434        0.000616
         -0.001094        0.000506       -0.001613
         -0.002576        0.001541       -0.003857
         -0.001963        0.001003       -0.002928
          0.000138        0.000084       -0.000145
          0.001723        0.000166        0.001325
          0.001640        0.000655        0.001421
          0.000677       -0.000068        0.001524
          0.000047       -0.001526        0.001284
         -0.000269       -0.001305        0.000173
         -0.000664        0.000831       -0.000822
         -0.000690        0.001903       -0.000936
         -0.000079        0.000359       -0.000670
          0.000330       -0.001390       -0.000463
         -0.000065       -0.000941       -0.000188
         -0.000595        0.000664        0.000111
         -0.000455        0.001094        0.000176
          0.000212       -0.000194       -0.000084
          0.000674       -0.001856       -0.000576
          0.000327       -0.001968       -0.001057
         -0.000693        0.000236       -0.001381
         -0.001285        0.003053       -0.001852
         -0.000574        0.003885       -0.002556
          0.000708        0.002325       -0.002512
          0.001137        0.000295       -0.000967
          0.000528       -0.000378        0.000792
         -0.000160        0.000536        0.000853
         -0.000235        0.001607       -0.000431
          0.000245        0.001009       -0.001089
          0.000779       -0.001114       -0.000616
          0.000851       -0.002559       -0.000155
          0.000441       -0.002234       -0.000093
         -0.000080       -0.001371        0.000176
         -0.000641       -0.000779        0.000558
         -0.001357        0.000325        0.000433
         -0.001730        0.001786        0.000110
         -0.000911        0.001758        0.000539
          0.000791       -0.000192        0.001864
          0.001573       -0.001740        0.003014
          0.000355       -0.001131        0.002767
         -0.001356        0.000200        0.001156
         -0.001403        0.000206       -0.000487
         -0.000226       -0.000520       -0.001289
         -0.000125       -0.000412       -0.001797
         -0.001614        0.000264       -0.002375
         -0.002714        0.000670       -0.001985
         -0.001768        0.000842        0.000050
          0.000655        0.000285        0.002390
          0.002457       -0.001430        0.003098
          0.001938       -0.002325        0.001606
         -0.000407       -0.000657       -0.001176
         -0.002176        0.001157       -0.003546
         -0.001709        0.000236       -0.003828
          0.000241       -0.001509       -0.001563
          0.001819       -0.000959        0.001776
          0.002029        0.000765        0.003588
          0.001200        0.001133        0.002600
          0.000235        0.000418        0.000582
         -0.000364       -0.000378        0.000110
         -0.000693       -0.001329        0.000968
         -0.000700       -0.001602        0.001242
         -0.000184       -0.000212        0.000927
          0.000277        0.001153        0.001035
         -0.000067        0.000490        0.000757
         -0.000569       -0.000693       -0.000543
         -0.000095       -0.000286       -0.000775
          0.000907        0.000037        0.001356
          0.001171       -0.001822        0.003183
          0.000610       -0.003391        0.002214
         -0.000075       -0.001219        0.000075
         -0.000632        0.002694       -0.000832
         -0.000955        0.003180       -0.000878
         -0.000720       -0.000316       -0.001050
         -0.000133       -0.002806       -0.001129
          0.000068       -0.000968       -0.001227
         -0.000109        0.002588       -0.001298
          0.000176        0.003647        0.000162
          0.001000        0.001681        0.002871
          0.001275       -0.000850        0.003203
          0.000441       -0.001660        0.000113
         -0.000519       -0.000225       -0.002262
         -0.000381        0.001561       -0.001614
          0.000536        0.001295       -0.000684
          0.000720        0.000128       -0.001092
         -0.000210        0.001326       -0.001226
         -0.000715        0.003846       -0.000908
          0.000258        0.003127       -0.001265
          0.001419       -0.001005       -0.001368
          0.001093       -0.003548       -0.000390
         -0.000277       -0.001908        0.000222
         -0.000992        0.001113       -0.000105
         -0.000370        0.002053       -0.000382
          0.000897        0.000602       -0.001066
          0.001654       -0.001277       -0.002582
          0.001037       -0.001376       -0.002780
         -0.000573        0.001115       -0.000636
         -0.001324        0.003965        0.001357
         -0.000022        0.003360        0.001727
          0.001913       -0.000769        0.001845
          0.002253       -0.003445        0.001924
          0.000941       -0.001462        0.000829
         -0.000368        0.001795       -0.000476
         -0.000596        0.001623       -0.000256
          0.000218       -0.001355        0.000708
          0.001282       -0.003091        0.000626
          0.001372       -0.001718       -0.000513
          0.000285        0.001295       -0.001413
         -0.000495        0.003291       -0.001003
         -0.000104        0.002577        0.000515
          0.000240        0.000108        0.001230
         -0.000356       -0.001446       -0.000313
         -0.000739       -0.001234       -0.002465
          0.000072       -0.000780       -0.002583
          0.001194       -0.000837       -0.001020
          0.001529       -0.000701       -0.000078
          0.001072       -0.000306       -0.000294
          0.000242       -0.000234       -0.000392
         -0.000346       -0.000567        0.000350
          0.000053       -0.001262        0.001466
          0.001083       -0.002088        0.002149
          0.001359       -0.002079        0.002075
          0.000542       -0.000912        0.001630
         -0.000288        0.000062        0.000984
         -0.000485       -0.000287       -0.000327
         -0.000391       -0.001222       -0.001820
         -0.000373       -0.001316       -0.001780
         -0.000539       -0.000175        0.000012
         -0.000818        0.001160        0.001357
         -0.000789        0.001130        0.000731
         -0.000291       -0.000355       -0.000779
          0.000026       -0.001324       -0.001436
         -0.000230       -0.000438       -0.000887
         -0.000398        0.000777        0.000077
         -0.000060        0.000119        0.000431
          0.000092       -0.001797       -0.000169
         -0.000389       -0.002189       -0.000722
         -0.000805       -0.000242       -0.000117
         -0.000647        0.001429        0.001004
         -0.000571        0.000782        0.001327
         -0.001066       -0.000489        0.001336
         -0.001263       -0.000266        0.002372
         -0.000327        0.000380        0.003669
          0.000774        0.000043        0.002993
          0.000419       -0.000100        0.000195
         -0.001083        0.000682       -0.002258
         -0.001739        0.000661       -0.002467
         -0.000803       -0.000927       -0.001134
          0.000170       -0.002311       -0.000237
         -0.000212       -0.002225       -0.000663
         -0.001148       -0.001174       -0.001494
         -0.001133        0.000191       -0.001473
         -0.000327        0.001223       -0.000537
          0.000049        0.000993        0.000567
         -0.000162       -0.000300        0.001373
         -0.000223       -0.001213        0.001720
         -0.000090       -0.001050        0.001650
         -0.000214       -0.000209        0.001723
         -0.000492        0.000950        0.002395
         -0.000586        0.001685        0.003039
         -0.000525        0.000792        0.002583
         -0.000394       -0.001162        0.001042
         -0.000250       -0.001584       -0.000441
         -0.000432        0.000305       -0.001130
         -0.001085        0.001811       -0.001587
         -0.001641        0.000907       -0.002470
         -0.001645       -0.000626       -0.003110
         -0.001483       -0.000379       -0.002371
         -0.001394        0.001140       -0.000482
         -0.000808        0.002187        0.001151
          0.000219        0.002254        0.001575
          0.000425        0.001293        0.000890
         -0.000499       -0.000589       -0.000148
         -0.000957       -0.001890       -0.000576
         -0.000011       -0.001238       -0.000016
          0.001052        0.000050        0.000777
          0.000959       -0.000077        0.000916
          0.000229       -0.001180        0.000557
         -0.000330       -0.001613        0.000250
         -0.000956       -0.000949       -0.000080
         -0.001758        0.000547       -0.000500
         -0.001848        0.002231       -0.000434
         -0.000740        0.002450        0.000270
          0.000468        0.000580        0.000669
          0.000424       -0.001050        0.000055
         -0.000519       -0.000159       -0.001041
         -0.000736        0.002095       -0.001648
          0.000358        0.003072       -0.001249
          0.001397        0.002124       -0.000063
          0.000884        0.000553        0.000866
         -0.000737       -0.000132        0.000697
         -0.001603        0.000751        0.000023
         -0.000853        0.002352       -0.000230
          0.000311        0.002743       -0.000378
          0.000310        0.001223       -0.000856
         -0.000761       -0.000551       -0.001150
         -0.001416       -0.000957       -0.001286
         -0.000852       -0.000603       -0.002089
          0.000105       -0.000443       -0.002998
          0.000471        0.000264       -0.002433
          0.000501        0.001805       -0.000699
          0.000753        0.002430        0.000419
          0.000877        0.001351        0.000544
          0.000559        0.000261        0.000393
          0.000423        0.000241       -0.000193
          0.000808        0.000602       -0.001252
          0.001171        0.001171       -0.001409
          0.001356        0.001960        0.000099
          0.001580        0.001623        0.001567
          0.001241       -0.000102        0.000931
         -0.000034       -0.000708       -0.001134
         -0.001006        0.001077       -0.002004
         -0.000653        0.002798       -0.000990
          0.000018        0.002307       -0.000435
         -0.000119        0.000724       -0.001807
         -0.000260       -0.000316       -0.002989
          0.000717       -0.000827       -0.001737
          0.002097       -0.000869        0.000458
          0.002480        0.000044        0.000983
          0.001898        0.001292        0.000297
          0.001279        0.001370        0.000157
          0.000832        0.000159        0.000195
          0.000408       -0.000770       -0.000253
          0.000431       -0.000366        0.000169
          0.001152        0.000607        0.002032
          0.001970        0.000676        0.003165
          0.002267       -0.000574        0.002240
          0.001924       -0.001935        0.000877
          0.001149       -0.001820        0.000349
          0.000782       -0.000190       -0.000181
          0.001672        0.001274       -0.000966
          0.003021        0.001112       -0.000856
          0.003211       -0.000556        0.000268
          0.002311       -0.002491        0.001249
          0.001564       -0.003379        0.001540
          0.001187       -0.002723        0.001104
          0.000799       -0.001242       -0.000201
          0.000651       -0.000193       -0.001548
          0.000911       -0.000392       -0.001592
          0.001108       -0.001798       -0.000808
          0.000941       -0.003268       -0.000865
          0.000514       -0.003087       -0.001511
          0.000105       -0.000968       -0.000883
          0.000338        0.001098        0.001130
          0.001480        0.001117        0.002342
          0.002513       -0.000676        0.001391
          0.002330       -0.002587       -0.000329
          0.001424       -0.003211       -0.000557
          0.001100       -0.002109        0.000849
          0.001635       -0.000155        0.001941
          0.002082        0.000801        0.001510
          0.001602       -0.000272        0.000388
          0.000620       -0.002420       -0.000172
          0.000233       -0.003813       -0.000020
          0.000432       -0.003366        0.000120
          0.000315       -0.001641       -0.000185
          0.000194       -0.000733       -0.000169
          0.001127       -0.001958        0.001192
          0.002220       -0.003508        0.002977
          0.001610       -0.002831        0.002904
          0.000054       -0.000757        0.000945
         -0.000118        0.000072       -0.000122
          0.000850       -0.000347        0.000946
          0.000797       -0.000315        0.001848
         -0.000382       -0.000138        0.000889
         -0.000903       -0.001134       -0.000062
         -0.000328       -0.002460        0.000783
          0.000197       -0.002285        0.001849
          0.000102       -0.001000        0.001357
         -0.000346       -0.000488        0.000458
         -0.001036       -0.000934        0.000552
         -0.001793       -0.000887        0.000751
         -0.001975       -0.000230        0.000197
         -0.001250       -0.000431       -0.000242
         -0.000173       -0.001547       -0.000065
          0.000383       -0.001749        0.000094
         -0.000012       -0.000637        0.000275
         -0.001064       -0.000041        0.000882
         -0.001974       -0.000471        0.001021
         -0.002117       -0.000196       -0.000075
         -0.001661        0.001009       -0.001106
         -0.001266        0.001066       -0.000678
         -0.001205       -0.000452        0.000402
         -0.001410       -0.001508        0.000821
         -0.002100       -0.001275        0.000872
         -0.003207       -0.000829        0.001205
         -0.003661       -0.000394        0.001304
         -0.002805        0.000516        0.000523
         -0.001754        0.000929       -0.000664
         -0.001774       -0.000218       -0.001130
         -0.002520       -0.001430       -0.000127
         -0.003094       -0.000514        0.001830
         -0.003259        0.001569        0.002868
         -0.002935        0.001815        0.001688
         -0.002246       -0.000008       -0.000508
         -0.002079       -0.001114       -0.001475
         -0.002915       -0.000518       -0.000819
         -0.003806        0.000019        0.000115
         -0.003927        0.000271        0.000450
         -0.003716        0.001701        0.000395
         -0.003581        0.003094        0.000236
         -0.003407        0.001793       -0.000033
         -0.003599       -0.000815       -0.000285
         -0.004439       -0.000787       -0.000237
         -0.004918        0.002025        0.000011
         -0.004262        0.004074       -0.000175
         -0.003366        0.003478       -0.001092
         -0.003126        0.001489       -0.002030
         -0.003165       -0.000099       -0.002263
         -0.003155       -0.000316       -0.002110
         -0.003342        0.001066       -0.002098
         -0.003514        0.003044       -0.002081
         -0.003386        0.003755       -0.001866
         -0.003507        0.002778       -0.001416
         -0.004143        0.001976       -0.000461
         -0.004481        0.002717        0.000778
         -0.004116        0.003732        0.001260
         -0.003721        0.003378        0.000723
         -0.003690        0.002484        0.000175
         -0.003758        0.002888       -0.000018
         -0.003910        0.004321       -0.000523
         -0.004104        0.004913       -0.001126
         -0.003659        0.004133       -0.000891
         -0.002303        0.003370       -0.000294
         -0.001191        0.003661       -0.000706
         -0.001541        0.004233       -0.002012
         -0.002815        0.003873       -0.002773
         -0.003391        0.002802       -0.002374
         -0.002653        0.002189       -0.001648
         -0.001459        0.002475       -0.001733
         -0.000777        0.003197       -0.002845
         -0.000637        0.003738       -0.003845
         -0.000527        0.003551       -0.003339
         -0.000284        0.002646       -0.001611
         -0.000180        0.002001       -0.000447
         -0.000309        0.002242       -0.000675
         -0.000261        0.002497       -0.001305
          0.000305        0.001956       -0.001360
          0.000773        0.001567       -0.000991
          0.000147        0.002636       -0.000665
         -0.000887        0.004502       -0.000458
         -0.000195        0.005039       -0.000172
          0.002333        0.003446        0.000142
          0.004009        0.001528       -0.000151
          0.003403        0.001325       -0.001224
          0.002269        0.002415       -0.001677
          0.002270        0.003190       -0.000564
          0.002924        0.003462        0.000147
          0.003537        0.003571       -0.001665
          0.004227        0.002771       -0.004177
          0.004772        0.000901       -0.004166
          0.004732       -0.000464       -0.002164
          0.004492       -0.000254       -0.001203
          0.004740        0.000849       -0.002036
          0.005533        0.001969       -0.002792
          0.006476        0.002603       -0.002015
          0.007172        0.001956       -0.000278
          0.007426       -0.000044        0.000626
          0.007360       -0.001541        0.000064
          0.007152       -0.000552       -0.000309
          0.006960        0.002088        0.000608
          0.007299        0.003078        0.001227
          0.008444        0.000646        0.000522
          0.009307       -0.002908        0.000117
          0.008629       -0.004088        0.000541
          0.007309       -0.002616       -0.000024
          0.007398       -0.000986       -0.001390
          0.008933       -0.000856       -0.001212
          0.010098       -0.002147        0.000176
          0.010096       -0.004149        0.000359
          0.009693       -0.005520       -0.000594
          0.009495       -0.005053       -0.001274
          0.009534       -0.003589       -0.002170
          0.009967       -0.002903       -0.003367
          0.010770       -0.002800       -0.002800
          0.011308       -0.002238       -0.000334
          0.011162       -0.002212        0.001031
          0.010805       -0.003928        0.000394
          0.010863       -0.005768        0.000251
          0.011286       -0.005655        0.001523
          0.011552       -0.004536        0.002619
          0.011256       -0.004557        0.003253
          0.010538       -0.005854        0.004213
          0.010041       -0.007196        0.004699
          0.009950       -0.007732        0.003927
          0.009553       -0.007138        0.002988
          0.008619       -0.005946        0.002529
          0.008080       -0.005620        0.001869
          0.008356       -0.006754        0.001391
          0.008633       -0.008146        0.001973
          0.008549       -0.008602        0.002499
          0.008555       -0.008205        0.001781
          0.008403       -0.007628        0.001140
          0.007527       -0.007566        0.001769
          0.006574       -0.008385        0.002479
          0.006442       -0.009396        0.002564
          0.006667       -0.009384        0.003297
          0.006447       -0.008264        0.004848
          0.005940       -0.007342        0.005380
          0.005345       -0.007841        0.004483
          0.004385       -0.009480        0.004236
          0.003356       -0.010553        0.005710
          0.002848       -0.009795        0.007020
          0.002444       -0.008101        0.006134
          0.001477       -0.007464        0.003900
          0.000441       -0.008427        0.002768
         -0.000014       -0.009638        0.003521
         -0.000521       -0.009674        0.004811
         -0.001968       -0.008543        0.005204
         -0.003894       -0.007475        0.004440
         -0.005013       -0.007329        0.003362
         -0.004910       -0.007610        0.003154
         -0.004536       -0.007711        0.003962
         -0.005060       -0.008080        0.004814
         -0.006531       -0.008814        0.005371
         -0.008091       -0.008554        0.005920
         -0.009334       -0.006547        0.005632
         -0.010436       -0.004470        0.003837
         -0.011114       -0.004519        0.002509
         -0.011092       -0.006550        0.003817
         -0.011298       -0.008202        0.006285
         -0.012621       -0.007499        0.007116
         -0.014315       -0.004868        0.006384
         -0.015491       -0.002539        0.005383
         -0.016624       -0.002158        0.003728
         -0.017922       -0.003220        0.001590
         -0.018510       -0.003831        0.001369
         -0.018500       -0.002957        0.003919
         -0.019263       -0.001506        0.006262
         -0.020961       -0.000492        0.005579
         -0.022373        0.000762        0.002711
         -0.023175        0.002692        0.000131
         -0.024101        0.003637       -0.001097
         -0.025334        0.002869       -0.001322
         -0.026452        0.002832       -0.001239
         -0.027208        0.004998       -0.001426
         -0.027552        0.006951       -0.001755
         -0.027853        0.006873       -0.001529
         -0.028894        0.006813       -0.000831
         -0.030555        0.008565       -0.000613
         -0.031529        0.010590       -0.000972
         -0.031322        0.011323       -0.000931
         -0.030938        0.011461       -0.000177
         -0.031011        0.011467        0.000556
         -0.031254        0.010606        0.000680
         -0.031848        0.009439       -0.000063
         -0.033126        0.010135       -0.001888
         -0.034237        0.013281       -0.004122
         -0.034246        0.016503       -0.005148
         -0.033698        0.017399       -0.004393
         -0.033455        0.016777       -0.003031
         -0.033329        0.017250       -0.002286
         -0.033054        0.019087       -0.002831
         -0.033062        0.020194       -0.005301
         -0.033511        0.020276       -0.008839
         -0.033856        0.021257       -0.010557
         -0.033780        0.023408       -0.009361
         -0.033572        0.025071       -0.008034
         -0.033586        0.025758       -0.008921
         -0.033914        0.025874       -0.010800
         -0.034212        0.025156       -0.012078
         -0.033658        0.024425       -0.012869
         -0.031916        0.025741       -0.012622
         -0.030102        0.028592       -0.010596
         -0.029571        0.029923       -0.009033
         -0.029945        0.029185       -0.010611
         -0.029615        0.028798       -0.013498
         -0.027870        0.029268       -0.013964
         -0.025504        0.028865       -0.012191
         -0.023704        0.028191       -0.010880
         -0.022933        0.029870       -0.010520
         -0.022538        0.033191       -0.010190
         -0.021381        0.034011       -0.010437
         -0.019263        0.031199       -0.011769
         -0.017326        0.028636       -0.012841
         -0.016440        0.029062       -0.012759
         -0.015886        0.030457       -0.012528
         -0.014535        0.030547       -0.012851
         -0.012482        0.030165       -0.013284
         -0.010505        0.030322       -0.013781
         -0.008847        0.030445       -0.014549
         -0.007321        0.030510       -0.015170
         -0.005723        0.031083       -0.015584
         -0.003914        0.031498       -0.016188
         -0.002186        0.030950       -0.016314
         -0.000914        0.030037       -0.015128
          0.000569        0.029295       -0.013752
          0.003013        0.028245       -0.013647
          0.005140        0.026915       -0.014080
          0.006261        0.026291       -0.013900
          0.011908        0.027015       -0.013761
          0.031881        0.028926       -0.014072
          0.069898        0.030880       -0.012944
          0.116664        0.029943       -0.007963
          0.150287        0.022159        0.001074
          0.141536        0.005599        0.010294
          0.075373       -0.015913        0.011064
         -0.010688       -0.030211       -0.005236
         -0.023044       -0.020995       -0.035932
          0.111703        0.016523       -0.059998
          0.361222        0.061515       -0.049178
          0.618959        0.077199        0.004414
          0.830133        0.039855        0.070807
          1.035593       -0.044107        0.105059
          1.270161       -0.145096        0.096771
          1.475226       -0.225382        0.084036
          1.553988       -0.259430        0.103909
          1.478940       -0.262563        0.142887
          1.313094       -0.289478        0.155080
          1.130933       -0.370994        0.113350
          0.892284       -0.459742        0.019652
          0.374510       -0.479641       -0.115197
         -0.662098       -0.417938       -0.275882
         -2.097261       -0.308750       -0.453812
         -3.296206       -0.132065       -0.671136
         -3.562735        0.185361       -0.921918
         -2.846642        0.635003       -1.046741
         -1.854158        1.046283       -0.794655
         -1.317112        1.174057       -0.147257
         -1.234513        0.870437        0.518496
         -0.970105        0.237412        0.780779
         -0.024396       -0.340414        0.654840
          1.452217       -0.444299        0.572880
          2.848281       -0.080232        0.912135
          3.600413        0.172969        1.643068
          3.570418       -0.296948        2.336847
          3.099546       -1.406234        2.398381
          2.601695       -2.354842        1.492818
          2.012112       -2.387448       -0.010983
          0.976585       -1.451127       -1.189846
         -0.266825       -0.121290       -1.466639
         -0.872954        0.896413       -1.241158
         -0.729717        1.172134       -1.305344
         -1.049271        0.783233       -1.778515
         -2.819100        0.297628       -2.074047
         -5.267286        0.265164       -1.858110
         -6.811140        0.583099       -1.471460
         -7.107641        0.667415       -1.300983
         -7.083430        0.369659       -1.286302
         -7.023024        0.254231       -1.177991
         -5.754988        0.701326       -0.726580
         -2.183597        1.247350        0.415847
          3.062073        1.222050        2.254489
          7.983840        0.589408        3.877660
         10.749899       -0.272451        4.229852
         10.545605       -1.172064        3.636353
          7.532452       -1.975005        3.566653
          2.723886       -2.230715        4.430967
         -2.081316       -1.477954        4.567944
         -4.761388        0.185912        2.367557
         -4.047334        2.106015       -1.133552
         -0.814845        3.449543       -3.123283
          2.344624        3.503327       -2.666808
          3.737029        2.099850       -2.102459
          4.040761        0.041064       -3.895240
          4.126839       -1.409830       -7.108060
          2.890242       -1.807810       -8.267572
         -0.743996       -1.810416       -5.401511
         -5.069010       -2.013158       -0.244119
         -7.339095       -2.299004        3.622068
         -7.233705       -2.560832        4.279729
         -6.295652       -2.963295        2.779378
         -4.937248       -3.063640        1.058567
         -2.323267       -1.881874       -0.421001
          1.333556        0.585251       -1.987957
          4.387960        3.049401       -2.813340
          5.715216        4.574327       -1.644588
          5.706142        5.355694        1.055902
          5.051766        5.548490        3.770346
          3.605667        4.693795        6.132615
          1.130640        2.834313        8.219578
         -1.626053        1.002334        8.386587
         -3.555343        0.010581        4.737319
         -4.296276       -0.324982       -1.277142
         -3.922299       -0.355332       -5.621780
         -2.391729       -0.029739       -6.604406
         -0.112831        0.238123       -6.429345
          2.034588       -0.801452       -7.001025
          3.844836       -3.678727       -6.935190
          5.507977       -6.922556       -4.414762
          5.860370       -8.376172       -0.655662
          3.102125       -7.332271        1.794858
         -1.944819       -4.582273        2.614699
         -5.559395       -1.204028        3.194873
         -5.355460        1.703071        3.731534
         -3.016721        3.163351        3.202370
         -1.549445        3.456487        1.499864
         -1.261384        3.968726       -0.579278
         -0.030944        4.742177       -2.857550
          2.995515        3.824014       -5.253602
          5.524581        0.669236       -6.353293
          4.630658       -1.703947       -4.598052
          0.541218       -0.304546       -0.564835
         -3.278602        3.494417        3.671688
         -4.053742        5.757042        6.951566
         -2.455884        5.167215        9.134604
         -0.702297        3.757881        9.466970
          0.636621        2.892356        6.941581
          2.317075        1.339779        2.319087
          3.925789       -1.997981       -1.969743
          3.891849       -5.683753       -4.358310
          1.947436       -7.477836       -5.289428
         -0.239949       -7.226476       -5.422311
         -1.278741       -6.564301       -4.057226
         -1.596607       -6.349418       -0.400300
         -2.311827       -5.752802        4.279550
         -3.425769       -3.747316        6.992024
         -3.650010       -0.417530        5.862441
         -1.904431        3.267526        2.155069
          1.036918        6.173265       -1.093223
          2.762584        7.363885       -2.468419
          1.825689        6.393090       -3.480827
         -0.244029        3.605273       -5.974327
         -0.795559        0.082121       -9.020023
          0.295714       -2.748925       -9.607765
          0.537774       -3.619057       -6.362350
         -1.312121       -2.116848       -1.334185
         -3.090929        0.721272        2.537245
         -2.078394        2.953321        4.813327
          1.236152        3.434286        7.132125
          3.818479        2.733692        9.767637
          3.912170        1.944569       10.510107
          2.470806        1.096131        7.710153
          0.933971       -0.507485        2.809469
         -0.538869       -2.738521       -1.456896
         -2.097141       -4.330980       -4.173881
         -2.991064       -4.133882       -6.067132
         -2.340800       -2.195028       -7.099452
         -0.479135        0.272377       -6.139740
          1.214689        1.663466       -3.146738
          1.742070        1.073157       -0.161500
          1.405837       -0.868487        0.783530
          1.128745       -2.409334        0.065342
          1.011405       -2.297612       -0.223782
          0.164440       -0.891056        0.795364
         -1.728967        0.514037        1.594313
         -3.402245        1.125320        0.363877
         -3.355481        1.112361       -2.412933
         -1.826316        1.012443       -4.301916
         -0.495747        1.255480       -3.640051
         -0.307054        2.094872       -1.147626
         -0.461846        3.353062        1.356214
          0.198808        4.204284        3.116970
          1.557355        3.812689        4.677137
          2.458852        2.352767        6.276725
          2.182198        0.881510        6.928138
          1.151744       -0.033453        5.524977
          0.313934       -1.052000        2.439054
          0.167519       -3.003377       -0.669479
          0.378744       -5.434478       -2.625737
          0.246226       -6.806834       -3.643286
         -0.320789       -6.106639       -4.253395
         -0.455009       -3.748930       -4.146640
          0.516141       -0.856862       -2.771603
          1.737412        1.723394       -0.591318
          1.588077        3.455575        1.102786
         -0.077847        3.890506        1.515417
         -1.576053        3.071009        0.914695
         -1.786401        1.816154        0.094368
         -1.738039        1.013820       -0.225072
         -2.830087        0.796040        0.134805
         -4.380940        0.744652        0.400281
         -4.275655        0.548194       -0.457890
         -1.735245        0.095679       -2.004270
          1.691265       -0.613611       -2.318483
          3.909085       -1.223771       -0.661785
          4.271259       -1.170249        1.024143
          3.682466       -0.517955        0.732645
          3.184804       -0.134418       -0.596001
          2.724590       -0.543345       -0.571853
          1.556709       -1.119238        0.942448
         -0.131128       -0.957155        1.888132
         -0.930720       -0.110272        1.461291
         -0.271403        0.561448        1.053101
          0.381506        0.462047        1.398329
         -0.365614       -0.217094        1.142913
         -1.738980       -0.764123       -0.708271
         -2.322339       -0.476439       -2.728396
         -2.350234        0.741137       -2.845386
         -2.696469        2.066552       -1.149840
         -2.811411        2.355234        0.320739
         -1.617871        1.257935        0.188273
          0.374150       -0.448112       -0.771421
          1.567694       -1.656611       -0.796956
          1.412674       -1.782325        0.631158
          0.790351       -0.913308        2.167231
          0.582055        0.396702        2.390234
          0.736071        1.399066        1.649293
          0.706684        1.625774        1.301896
          0.361697        1.258131        1.537094
          0.219514        0.796206        1.261072
          0.694803        0.394675        0.056191
          1.374132       -0.151637       -1.216310
          1.486637       -0.854678       -1.894178
          0.880047       -1.412338       -2.118602
         -0.060258       -1.605031       -1.810419
         -1.166772       -1.380326       -0.597687
         -2.341974       -0.611242        0.960394
         -2.933916        0.753045        1.544872
         -2.283066        2.272354        0.850512
         -0.791357        3.102526       -0.018910
          0.476685        2.585187       -0.280063
          1.133571        0.722327       -0.547760
          1.594882       -1.734899       -1.631781
          2.085190       -3.600019       -2.936413
          2.322936       -3.996786       -2.869084
          2.095770       -3.048430       -0.843172
          1.549019       -1.636235        1.780219
          0.914505       -0.368181        3.133534
          0.294070        0.838125        2.778827
         -0.282791        2.001837        1.715913
         -0.780583        2.586215        0.848479
         -1.183038        2.291454        0.068579
         -1.438696        1.695057       -1.222212
         -1.331209        1.334497       -3.049079
         -0.755161        0.750648       -4.393674
         -0.257486       -0.614656       -3.932195
         -0.640522       -2.113315       -1.472823
         -1.685659       -2.594524        1.549804
         -2.139558       -2.079236        3.354164
         -1.444458       -1.625107        3.438963
         -0.473740       -1.638490        2.662413
         -0.009391       -1.393243        1.937982
          0.362473       -0.429266        1.354037
          1.155647        0.535689        0.632655
          1.927189        0.711158       -0.117983
          2.152960        0.586147       -0.587719
          2.183943        1.241764       -0.843160
          2.415928        2.607321       -1.038573
          2.272711        3.480456       -0.770088
          1.000005        3.279644        0.319745
         -0.969810        2.644247        1.291186
         -2.346131        2.112684        0.541762
         -2.521054        1.399694       -1.868329
         -2.076387        0.373269       -3.857806
         -1.759323       -0.418592       -3.992711
         -1.569270       -0.763290       -3.128447
         -1.066785       -1.287810       -2.528948
         -0.154004       -2.304018       -1.858193
          0.749422       -3.054169       -0.238138
          1.097293       -2.795011        1.924112
          0.674690       -1.911041        3.433498
         -0.106028       -1.309771        3.897865
         -0.454877       -1.250721        3.849167
         -0.105375       -1.267196        3.664139
          0.278356       -0.805931        3.094349
          0.088791        0.383358        1.877985
         -0.211331        2.015540        0.387054
          0.246663        3.144157       -0.628130
          1.373965        2.817857       -0.826804
          2.166101        1.235922       -0.542474
          1.940552       -0.284857       -0.334774
          0.904576       -0.897216       -0.504632
         -0.366157       -1.123882       -0.946970
         -1.359345       -1.618195       -1.305002
         -1.580670       -1.851467       -1.334793
         -0.822959       -1.029089       -1.100039
          0.326317        0.310136       -0.729075
          0.899474        0.832540       -0.235504
          0.680362        0.242603        0.233632
          0.291612       -0.561181        0.365536
          0.086987       -0.968012        0.196202
         -0.215799       -1.175955        0.217554
         -0.702294       -1.269164        0.609259
         -0.972782       -0.837948        0.874234
         -0.898913        0.239197        0.701843
         -0.911086        1.378196        0.561078
         -1.246947        1.933069        0.748280
         -1.383143        1.818814        0.580018
         -0.586196        1.381931       -0.430680
          0.986463        0.997627       -1.274054
          2.114692        0.814106       -0.645907
          1.897648        0.639139        1.001076
          0.980226        0.154371        1.929835
          0.621606       -0.588568        1.340620
          0.906415       -1.074073       -0.007142
          0.932616       -0.886297       -1.083652
          0.414460       -0.195977       -1.527091
         -0.067805        0.395948       -1.525889
         -0.137176        0.382748       -1.477910
          0.017094       -0.201882       -1.656089
          0.020671       -0.741614       -1.921977
         -0.505753       -0.641360       -1.943762
         -1.550428       -0.067791       -1.690723
         -2.204656        0.259845       -1.417651
         -1.463582        0.110470       -1.217786
          0.215628        0.049680       -0.849616
          1.139985        0.465265       -0.023333
          0.415435        0.802595        1.159573
         -1.076513        0.207402        2.081252
         -1.877231       -1.276762        2.165446
         -1.441828       -2.488309        1.572186
         -0.335730       -2.195284        0.944975
          0.578148       -0.355923        0.522889
          0.987243        1.695753        0.098599
          1.191665        2.444857       -0.221686
          1.351270        1.630163       -0.051045
          1.157049        0.398325        0.410831
          0.617427        0.032489        0.445948
          0.413250        0.714464       -0.002778
          0.784048        1.614448       -0.084081
          0.958668        1.938415        0.630270
          0.471066        1.593042        1.303137
         -0.059723        0.908790        0.905031
         -0.233632        0.072161       -0.269986
         -0.624925       -0.971702       -0.821411
         -1.441758       -2.181863       -0.077220
         -1.817864       -3.220655        0.835833
         -1.219790       -3.672679        0.394877
         -0.313607       -3.370591       -1.090272
          0.181742       -2.433589       -1.699584
          0.374458       -1.090392       -0.524568
          0.459962        0.397166        1.143424
          0.144079        1.709482        1.770368
         -0.665892        2.590453        1.506742
         -1.341222        3.038831        1.329615
         -1.198586        3.198049        1.357498
         -0.277917        3.018685        1.110590
          0.810265        2.270914        0.612435
          1.471559        0.965927        0.083036
          1.414057       -0.519896       -0.776269
          0.739846       -1.817006       -2.059531
         -0.044682       -2.701437       -2.900919
         -0.417057       -2.842245       -2.568073
         -0.376068       -2.011265       -1.593218
         -0.308509       -0.736091       -0.753848
         -0.326842       -0.092719        0.183209
         -0.147975       -0.507229        1.524620
          0.372001       -1.243858        2.363381
          0.990474       -1.299937        1.608537
          1.367146       -0.421763       -0.232608
          1.327914        0.791459       -1.552647
          0.918552        1.445675       -1.671115
          0.343802        1.142462       -1.268775
         -0.250883        0.479103       -0.865694
         -0.887096        0.465355       -0.050355
         -1.468780        1.238810        1.321517
         -1.628315        1.851245        2.162483
         -1.194279        1.630254        1.322714
         -0.561279        1.173509       -0.759429
         -0.191253        1.443873       -2.455072
          0.009359        2.275658       -2.730711
          0.393081        2.485736       -1.829909
          0.906851        1.406624       -0.497631
          1.166264       -0.324089        0.681953
          0.981039       -1.646256        1.304940
          0.447592       -2.201963        1.203407
         -0.263244       -2.282650        0.619377
         -0.943009       -2.129979        0.031946
         -1.349831       -1.793557       -0.247637
         -1.322781       -1.449887       -0.220036
         -0.838447       -1.338999       -0.047012
         -0.045377       -1.382889        0.060205
          0.693822       -1.218970       -0.114749
          0.987267       -0.663883       -0.574403
          0.774609        0.070483       -0.927218
          0.440130        0.652944       -0.731452
          0.482867        0.987027       -0.021727
          0.997760        1.268518        0.818625
          1.479036        1.728139        1.595479
          1.278990        2.246589        2.252672
          0.332525        2.219844        2.374382
         -0.700325        1.063767        1.369510
         -1.112999       -0.924663       -0.604037
         -0.879831       -2.449743       -2.301686
         -0.545152       -2.416302       -2.385769
         -0.450253       -1.232773       -0.745694
         -0.424334       -0.452816        1.366722
         -0.334042       -0.990145        2.535680
         -0.385458       -2.117566        2.378735
         -0.560919       -2.459820        1.550708
         -0.436728       -1.561641        0.795749
         -0.041065       -0.081940        0.247150
         -0.057862        1.240746       -0.343678
         -0.545586        2.181971       -0.977929
         -0.462466        2.591066       -1.290147
          0.650244        2.087061       -1.023960
          1.524655        0.707285       -0.397984
          0.822999       -0.558994        0.077260
         -0.829020       -0.627488        0.073685
         -1.585808        0.338958       -0.247754
         -0.687691        1.126140       -0.370838
          0.898439        1.065916        0.057514
          1.886595        0.690465        0.840715
          1.989435        0.562446        1.465996
          1.767333        0.281246        1.604466
          1.575758       -0.726524        1.141433
          1.081421       -1.962523       -0.041508
         -0.029088       -2.193409       -1.716441
         -1.285178       -0.961200       -2.844379
         -1.901161        0.789939       -2.349728
         -1.784275        1.696179       -0.624073
         -1.503095        1.294759        0.567747
         -1.364172        0.301823        0.121591
         -1.094783       -0.221819       -1.122068
         -0.487343        0.113597       -1.565895
          0.171400        0.774904       -0.786527
          0.538679        1.002730        0.231687
          0.655930        0.634243        0.530837
          0.677933        0.053480        0.349320
          0.612460       -0.519625        0.698511
          0.597140       -1.194832        1.925688
          0.827098       -1.816301        3.027190
          0.938087       -1.833141        2.699732
          0.305055       -1.079860        0.976218
         -0.725025       -0.151788       -0.674785
         -0.978631        0.397690       -1.038627
         -0.279362        0.768213       -0.457185
          0.118399        1.347394       -0.128210
         -0.452451        1.821216       -0.533939
         -0.953248        1.481478       -1.045359
         -0.428195        0.337483       -0.938893
          0.350360       -0.676125       -0.386138
          0.154181       -0.798261       -0.246647
         -0.777554       -0.319366       -0.971665
         -1.223127       -0.053060       -1.984520
         -0.655667       -0.277120       -2.313877
          0.489492       -0.629975       -1.687907
          1.596466       -0.832839       -0.806856
          2.211723       -0.986458       -0.491998
          2.148600       -1.142283       -0.591821
          1.685466       -1.038974       -0.043512
          1.187582       -0.487687        1.573918
          0.480766        0.254135        2.993616
         -0.739028        0.802409        2.707069
         -1.969979        1.197601        1.168531
         -2.280119        1.757023        0.283202
         -1.688793        2.397737        0.685752
         -1.245076        2.538554        0.897060
         -1.453590        1.828821       -0.425836
         -1.503575        0.647567       -2.576598
         -0.604974       -0.318503       -3.767820
          0.637241       -0.759778       -3.195196
          1.028299       -0.829976       -1.501390
          0.581559       -0.791037        0.257569
          0.473343       -0.865620        1.515681
          1.127545       -1.283756        2.345148
          1.432243       -2.028353        3.048212
          0.460000       -2.485388        3.496571
         -0.924430       -1.852689        3.021712
         -1.187960       -0.171003        1.360507
         -0.354342        1.478823       -0.587846
          0.124512        2.136518       -1.630713
         -0.368346        1.893554       -1.707006
         -0.811162        1.329798       -1.708096
         -0.338242        0.594475       -2.004984
          0.432787       -0.352859       -1.972806
          0.548803       -1.028012       -1.145531
          0.174014       -0.764108       -0.106795
          0.088328        0.261777        0.340487
          0.441450        1.010495        0.442097
          0.767297        0.812407        1.027674
          0.838076        0.171042        1.909563
          0.863158       -0.004361        1.943144
          0.954885        0.319186        0.931549
          0.897669        0.276665        0.141829
          0.580511       -0.641893        0.381447
          0.288985       -1.789484        0.892597
          0.239057       -2.065897        0.867145
          0.101442       -1.167564        0.757564
         -0.502585        0.158847        1.178580
         -1.216219        1.001448        1.566647
         -1.306063        1.115008        0.942349
         -0.776425        0.851071       -0.609350
         -0.457158        0.571704       -2.069360
         -0.835484        0.340437       -2.781751
         -1.343823        0.056606       -2.949525
         -1.066367       -0.336328       -2.958876
          0.169780       -0.805837       -2.787441
          1.612415       -1.236813       -2.187660
          2.299076       -1.395694       -1.100527
          1.880816       -1.059133        0.261951
          0.909102       -0.360733        1.557997
          0.254241        0.193438        2.438180
          0.119658        0.343053        2.678277
         -0.050077        0.462190        2.365070
         -0.562823        0.927407        1.898740
         -1.043972        1.362881        1.552363
         -1.225810        1.053154        0.982368
         -1.276718       -0.017338       -0.405759
         -1.088432       -0.999315       -2.352589
         -0.320626       -1.045069       -3.490190
          0.578555       -0.132939       -2.685804
          0.627841        0.914589       -0.387451
         -0.102693        1.197418        1.731235
         -0.412957        0.587255        2.344963
          0.194874       -0.290388        1.589501
          0.820251       -0.880116        0.684110
          0.681999       -1.127805        0.422007
          0.212334       -1.118544        0.281085
          0.138773       -0.879616       -0.518224
          0.406115       -0.637813       -1.500382
          0.587412       -0.645770       -1.484659
          0.638978       -0.619626       -0.439748
          0.650845       -0.002829        0.456104
          0.384222        1.019417        0.672047
         -0.363889        1.437046        0.927735
         -1.224267        0.683706        1.598741
         -1.534501       -0.531982        1.835103
         -1.123573       -1.037831        1.007964
         -0.574345       -0.490363       -0.047054
         -0.522788        0.431513       -0.256126
         -0.756149        0.854767       -0.031135
         -0.408255        0.540542       -0.590127
          0.764213        0.077944       -1.924058
          1.784164        0.276364       -2.648796
          1.575412        1.169681       -1.939480
          0.361909        1.782869       -0.594472
         -0.579061        1.225069        0.170993
         -0.458950       -0.136342        0.208379
          0.217457       -0.997971        0.173573
          0.478150       -0.584809        0.353844
          0.093610        0.540186        0.490849
         -0.353043        1.174334        0.486948
         -0.376691        0.715501        0.507721
         -0.120410       -0.413325        0.449740
          0.035101       -1.334311        0.053048
         -0.044554       -1.462610       -0.389075
         -0.299602       -0.851252       -0.169341
         -0.641238       -0.105130        0.727166
         -0.860738        0.115208        1.311552
         -0.645973       -0.228610        0.849103
          0.062934       -0.443747       -0.066452
          0.809032        0.038843       -0.307058
          0.914105        0.782866        0.226017
          0.190732        0.767450        0.514593
         -0.675367       -0.201970       -0.162320
         -0.735728       -1.024284       -1.293359
          0.042206       -0.637098       -1.734571
          0.549450        0.569451       -0.958298
         -0.029891        1.226449        0.400481
         -0.908210        0.691907        1.162430
         -0.723392       -0.299805        0.758136
          0.324328       -0.713790       -0.215275
          0.705731       -0.386253       -0.657953
          0.061656        0.113072       -0.227386
         -0.147090        0.349762        0.277894
          0.933595        0.355317        0.072401
          2.045758        0.325966       -0.386283
          1.690042        0.378015       -0.073865
          0.262565        0.489516        0.813792
         -0.756567        0.443057        0.900909
         -0.884544        0.028385       -0.295773
         -0.802157       -0.518290       -1.599844
         -0.909551       -0.633823       -1.950323
         -0.793331       -0.201794       -1.656788
         -0.154446        0.227455       -1.302464
          0.533178        0.200008       -0.728607
          0.601478       -0.157194        0.094988
          0.016776       -0.582057        0.380955
         -0.635749       -0.989605       -0.292086
         -0.809459       -1.119501       -0.931547
         -0.512080       -0.560230       -0.302772
         -0.217745        0.502281        1.268456
         -0.235824        1.156047        2.211484
         -0.265548        0.828348        1.758561
          0.159032        0.013906        0.844890
          0.926457       -0.455218        0.695572
          1.471917       -0.379327        1.174997
          1.535887       -0.012443        1.167898
          1.378722        0.533353        0.330196
          1.289937        1.121909       -0.326636
          1.171333        1.261866        0.136605
          0.629114        0.596129        1.127448
         -0.519466       -0.476119        1.116993
         -1.801853       -1.176815       -0.390382
         -2.415202       -1.227077       -2.130119
         -2.153185       -0.953034       -2.586832
         -1.630310       -0.657970       -1.681109
         -1.393305       -0.363048       -0.478663
         -1.287686       -0.175878        0.290355
         -0.925889       -0.387355        0.723116
         -0.276670       -0.934435        1.044135
          0.458082       -1.173821        1.175237
          1.128604       -0.599946        1.025387
          1.603865        0.452788        0.746628
          1.790097        1.203213        0.664158
          1.797444        1.331045        1.086605
          1.808606        1.155726        1.946704
          1.752333        1.079300        2.530423
          1.384843        1.184853        2.002782
          0.684663        1.307738        0.421911
         -0.097353        1.235821       -1.197057
         -0.743196        0.848587       -2.051091
         -1.201482        0.240395       -2.327823
         -1.486611       -0.271879       -2.541355
         -1.627516       -0.380944       -2.591615
         -1.666001       -0.093497       -2.030711
         -1.591094        0.205963       -1.044852
         -1.301282        0.055568       -0.537646
         -0.723807       -0.600900       -1.056286
         -0.007905       -1.217440       -2.019213
          0.532058       -1.138714       -2.299258
          0.826912       -0.392163       -1.393776
          1.215059        0.273877        0.203196
          1.877297        0.309687        1.608009
          2.334423       -0.017890        2.260022
          1.964047       -0.171409        2.153639
          0.839418       -0.071512        1.652548
         -0.378645        0.105018        1.144462
         -1.171097        0.413357        0.837235
         -1.395129        0.926529        0.823743
         -1.085642        1.341100        1.094505
         -0.471439        1.212478        1.339279
         -0.001553        0.398178        1.056607
          0.014655       -0.863219        0.139673
         -0.290900       -2.017186       -0.904713
         -0.551953       -2.382124       -1.492339
         -0.487132       -1.768189       -1.385777
          0.003365       -0.900909       -0.586634
          0.709094       -0.691712        0.605485
          1.138104       -1.098334        1.418080
          1.093897       -1.312063        1.246009
          0.917876       -1.056730        0.538259
          0.646065       -0.899296        0.253818
         -0.322777       -1.066038        0.400979
         -1.887786       -0.832299        0.069290
         -2.646367        0.352003       -0.918929
         -1.820243        1.820931       -1.469953
         -0.615131        2.487864       -0.847894
         -0.317306        2.173694        0.105075
         -0.333374        1.438983        0.172412
          0.369607        0.615697       -0.526631
          1.230253       -0.178486       -0.970191
          1.194570       -0.534332       -0.869283
          0.668932       -0.180141       -0.786989
          0.650085        0.356481       -0.799104
          0.824614        0.297658       -0.183785
          0.221789       -0.364243        1.182238
         -0.825546       -0.975302        2.025885
         -1.004616       -1.114605        1.145674
         -0.128166       -0.899275       -0.736576
          0.547198       -0.612346       -1.647473
          0.241905       -0.403661       -0.872782
         -0.374395       -0.219813        0.274372
         -0.471372        0.155902        0.439137
         -0.233505        0.825357       -0.092403
         -0.214545        1.473866       -0.261321
         -0.329472        1.598110        0.080517
         -0.134607        1.116306        0.217895
          0.329729        0.501355       -0.100542
          0.538358        0.195789       -0.292679
          0.206873        0.124174        0.053301
         -0.300824       -0.022575        0.581215
         -0.361039       -0.183970        0.883814
          0.157066        0.041150        1.150393
          0.665575        0.705637        1.593032
          0.572688        1.243934        1.785298
          0.057955        1.157741        1.253565
         -0.261377        0.643452        0.367475
         -0.247886        0.205938       -0.093457
         -0.208189       -0.029532       -0.085975
         -0.116721       -0.252806       -0.288493
          0.313689       -0.543969       -0.962093
          0.897549       -0.896390       -1.547370
          1.144457       -1.334100       -1.581940
          1.015728       -1.648268       -1.387788
          0.769489       -1.421224       -1.447451
          0.357030       -0.701838       -1.534607
         -0.318564       -0.189021       -1.047850
         -0.928919       -0.275378       -0.080396
         -1.126098       -0.360889        0.500432
         -1.049221        0.330008        0.243088
         -0.989460        1.563568       -0.245267
         -0.878691        2.278985       -0.297180
         -0.387865        1.846829       -0.201257
          0.561444        0.751274       -0.478053
          1.363348        0.015835       -0.673926
          1.050648        0.150250        0.109186
         -0.398085        0.664772        1.711656
         -1.461019        0.585880        2.908160
         -0.780629       -0.461726        2.866127
          0.910651       -1.734630        1.852256
          1.766344       -2.140890        0.514281
          1.307571       -1.479907       -0.814872
          0.613894       -0.564499       -1.925299
          0.408988       -0.059042       -2.421510
          0.315196        0.320663       -2.066273
         -0.092791        1.128638       -1.243763
         -0.601152        2.124317       -0.599779
         -0.848971        2.453875       -0.220693
         -0.842608        1.769549        0.292081
         -0.819436        0.645543        0.852208
         -0.897213       -0.175047        0.764958
         -0.958822       -0.580182       -0.035578
         -0.811849       -1.011283       -0.430512
         -0.440139       -1.774946        0.431671
         -0.061879       -2.598826        1.670708
          0.120107       -2.918139        1.645886
          0.183409       -2.496508        0.232600
          0.368777       -1.579664       -0.880775
          0.680058       -0.513409       -0.404922
          0.830783        0.504687        0.929574
          0.720282        1.343746        1.554175
          0.622026        1.926428        1.201018
          0.651256        2.265138        0.912163
          0.490992        2.293769        1.161528
         -0.044552        1.832554        1.116161
         -0.675379        0.913480        0.066608
         -1.107180       -0.150291       -1.383860
         -1.271340       -1.182772       -2.152525
         -1.097325       -2.218548       -2.044618
         -0.648913       -3.009366       -1.703720
         -0.296394       -3.005421       -1.602856
         -0.175198       -2.104335       -1.571473
          0.122455       -0.953225       -1.175607
          0.819647       -0.195514       -0.270334
          1.482559        0.258085        0.867054
          1.643709        0.911444        1.844533
          1.270184        1.818133        2.431550
          0.474348        2.383504        2.493661
         -0.490885        2.145257        1.904156
         -1.005619        1.474883        0.758856
         -0.763089        1.120422       -0.443967
         -0.471727        1.169785       -1.127040
         -0.797487        0.972056       -1.202483
         -0.990208        0.093563       -1.155653
          0.042275       -1.135491       -1.451601
          1.680725       -2.041878       -1.922507
          2.247068       -2.183595       -1.900079
          1.455318       -1.613659       -1.045591
          0.578581       -0.906949        0.125207
          0.352339       -0.691305        0.828798
          0.265085       -0.875802        0.942954
         -0.140720       -0.695969        0.873103
         -0.608110        0.228468        0.730929
         -0.856223        1.322565        0.342235
         -0.983211        1.820433       -0.150942
         -1.126478        1.662220       -0.413584
         -1.287240        1.318510       -0.370891
         -1.484885        1.099942       -0.020371
         -1.746029        0.969899        0.677377
         -1.905924        0.793040        1.332123
         -1.585455        0.500462        1.314806
         -0.530650        0.100783        0.765395
          0.930531       -0.365600        0.584856
          1.927744       -0.880699        1.084439
          1.844557       -1.381850        1.379929
          1.082766       -1.650115        0.543018
          0.710565       -1.454310       -1.044510
          1.202343       -0.855124       -1.919085
          1.832916       -0.212632       -1.208497
          1.639445        0.157849        0.214188
          0.725378        0.270679        0.742662
          0.040760        0.406417        0.089357
         -0.064895        0.762664       -0.470698
         -0.296268        1.170847       -0.042051
         -1.150343        1.253433        0.652490
         -1.980966        0.847789        0.496002
         -1.971084        0.113389       -0.318467
         -1.474381       -0.688371       -0.645900
         -1.411334       -1.265116       -0.155093
         -1.537397       -1.333928        0.167368
         -0.605286       -0.968425       -0.510405
          1.423504       -0.671099       -1.582144
          2.772621       -0.648463       -1.735963
          2.335335       -0.321561       -0.637176
          1.400392        0.852292        0.757824
          1.607810        2.364020        1.569909
          2.338788        3.161167        2.007506
          1.751320        2.932223        2.566018
         -0.284273        2.135713        2.763491
         -1.957857        1.037831        1.646963
         -2.094822       -0.322433       -0.499362
         -1.502095       -1.365487       -2.096288
         -1.380212       -1.270792       -2.287179
         -1.518259       -0.237000       -1.923260
         -0.889998        0.408038       -1.941708
          0.517875       -0.325976       -1.875132
          1.464473       -1.997423       -0.965690
          1.095874       -3.259959        0.125282
          0.045838       -3.169839        0.111623
         -0.508198       -1.943606       -0.755557
         -0.356428       -0.633763       -0.828683
         -0.204325       -0.034200        0.411535
         -0.350704        0.138093        1.418521
         -0.164473        0.784241        0.906178
          0.862118        2.113112       -0.122964
          2.026773        3.146714        0.105054
          2.030006        2.824183        1.377970
          0.681441        1.374152        1.776169
         -0.758170        0.126691        0.555798
         -1.294277       -0.037328       -0.757438
         -1.389857        0.475818       -0.638202
         -1.751745        0.816127        0.273035
         -1.867697        0.700646        0.222027
         -0.873721        0.197070       -1.103937
          0.745388       -0.797615       -2.210009
          1.516044       -2.170877       -1.946594
          0.827739       -3.159519       -0.984707
         -0.417393       -3.046485       -0.589627
         -0.953098       -2.057544       -0.656966
         -0.464593       -1.013335        0.012195
          0.275261       -0.367667        1.701470
          0.429232       -0.067088        3.140705
          0.110721        0.007208        3.064143
          0.105142        0.007447        1.604811
          0.625219        0.253724       -0.068717
          0.947580        0.896516       -0.954480
          0.578484        1.559728       -0.955901
          0.129221        1.627119       -0.744459
          0.340210        0.851446       -0.910624
          0.686485       -0.369484       -1.326044
          0.009340       -1.230569       -1.621290
         -1.531330       -1.154398       -1.923362
         -2.371824       -0.382123       -2.418794
         -1.717062        0.255172       -2.551135
         -0.577424        0.371742       -1.615466
         -0.118708        0.506317        0.009415
         -0.115873        1.187968        1.167333
          0.267733        1.907247        1.479429
          1.026488        1.681561        1.724609
          1.368768        0.472138        2.422573
          0.853347       -0.706237        2.845933
         -0.003983       -1.105749        2.115482
         -0.284034       -0.954638        0.779760
          0.237940       -0.716537        0.304378
          0.741767       -0.370576        0.980859
          0.408248        0.209417        1.360613
         -0.441155        0.692472        0.249803
         -0.894963        0.613061       -1.528168
         -0.905913        0.069404       -2.181095
         -1.163418       -0.309950       -1.334098
         -1.550861       -0.130664       -0.395642
         -1.070709        0.314028       -0.517512
          0.371846        0.472457       -1.086751
          1.494085        0.155584       -0.741965
          1.491494       -0.484777        0.612922
          1.061825       -1.302531        1.610529
          0.977535       -2.103457        1.359934
          0.921621       -2.456755        0.778119
          0.445578       -2.025863        1.220293
         -0.040584       -1.068637        2.338068
          0.008310       -0.245151        2.544490
          0.414908        0.160268        1.462060
          0.821820        0.549016        0.458775
          1.345256        1.322393        0.487366
          1.918515        2.088599        0.782826
          1.664754        2.024117        0.269087
          0.038292        1.086910       -0.884181
         -1.823887        0.270661       -1.767399
         -2.291125        0.288068       -1.924980
         -1.632181        0.618541       -1.470544
         -1.553885        0.486985       -0.745246
         -2.259115        0.152646       -0.363829
         -1.996515        0.261663       -0.880849
         -0.144336        0.434766       -1.865576
          1.349473       -0.198407       -2.024620
          0.781079       -1.249810       -0.872482
         -0.748830       -1.280728        0.491802
         -1.034270        0.090777        1.047834
          0.126802        1.585877        1.358566
          1.038358        2.053992        2.223787
          0.791139        1.699024        2.753589
          0.401123        1.197141        1.584727
          1.039448        0.704341       -0.463720
          2.158350        0.198555       -1.120490
          2.226338       -0.113106       -0.154156
          0.952734       -0.234465        0.116399
         -0.294528       -0.540604       -1.523556
         -0.459000       -1.081802       -3.140150
         -0.112899       -1.302512       -2.528854
         -0.254719       -0.830214       -0.509322
         -0.743736       -0.070309        0.374663
         -0.796315        0.312550       -0.397237
         -0.411485        0.107569       -0.789942
         -0.339679       -0.480532        0.502443
         -0.846324       -1.132984        2.034422
         -1.295897       -1.428349        1.792220
         -1.044932       -1.019238        0.108044
         -0.232075       -0.114932       -0.938175
          0.512889        0.587894       -0.294218
          0.796928        0.706824        1.194612
          0.625644        0.532332        2.295384
          0.106404        0.422176        2.596709
         -0.572813        0.336691        2.297762
         -0.926940        0.218325        1.657797
         -0.434538        0.316544        0.813837
          0.739963        0.771833       -0.190735
          1.639878        1.227456       -1.252252
          1.567653        1.193847       -2.097273
          0.996900        0.628074       -2.497953
          0.798762       -0.051038       -2.523525
          0.748606       -0.411779       -2.389206
         -0.212185       -0.346086       -2.191449
         -2.100509       -0.064704       -1.915741
         -3.357434        0.083577       -1.478685
         -2.702569       -0.167237       -0.713496
         -0.766039       -0.762579        0.365943
          0.717191       -1.267214        1.289146
          0.921607       -1.246798        1.522823
          0.612418       -0.812748        1.166684
          0.937181       -0.536847        0.856972
          1.950951       -0.622945        0.938730
          2.538848       -0.495604        1.112729
          1.751537        0.354019        0.970133
         -0.001416        1.388149        0.537917
         -1.386878        1.560529        0.128983
         -1.741655        0.798622       -0.188002
         -1.675203        0.214440       -0.717964
         -1.835978        0.619484       -1.555408
         -1.846372        1.464407       -2.061605
         -1.156661        1.630085       -1.478357
         -0.229300        0.814017       -0.124124
          0.165059       -0.292621        0.715378
          0.265822       -0.970035        0.383558
          0.739704       -1.247748       -0.275298
          1.266027       -1.664917       -0.043431
          1.067042       -2.342490        1.110524
          0.503555       -2.563990        2.048182
          0.676582       -1.668750        1.870123
          1.552753       -0.219715        0.922514
          1.868282        0.403424        0.250503
          1.009287       -0.260085        0.188043
         -0.139071       -1.072228       -0.108517
         -0.480242       -0.713054       -1.370527
         -0.070277        0.721798       -2.804922
          0.151824        2.002937       -2.817059
         -0.371588        2.258388       -1.183717
         -1.181953        1.577754        0.503002
         -1.467814        0.416581        0.905829
         -1.114368       -0.751201        0.418968
         -0.748835       -1.239721        0.013606
         -0.767479       -0.599922       -0.314268
         -0.830903        0.526962       -1.008448
         -0.585020        0.915550       -1.708190
         -0.332634        0.357228       -1.725333
         -0.420724       -0.141479       -1.303703
         -0.415061        0.038263       -1.186634
          0.262045        0.320480       -1.115766
          1.080092        0.057147       -0.027273
          0.826282       -0.466827        2.065493
         -0.515351       -0.624796        3.517635
         -1.315543       -0.403898        2.958811
         -0.407347       -0.314899        1.084465
          1.085662       -0.672865       -0.108801
          1.144058       -1.281815        0.331311
         -0.181997       -1.747043        1.252991
         -0.641873       -1.930997        0.846372
          0.996272       -1.990764       -1.114846
          3.026436       -1.975373       -2.915442
          3.065798       -1.658080       -2.938313
          1.167114       -0.991246       -1.557201
         -0.584350       -0.422561       -0.389410
         -0.977722       -0.293031       -0.081841
         -0.741933       -0.117798        0.117274
         -0.750227        0.889363        0.730295
         -0.706254        2.534253        1.292151
         -0.277815        3.519456        1.441828
         -0.165753        2.885028        1.520663
         -0.863339        1.177937        1.585710
         -1.411558       -0.115922        0.920491
         -0.801074       -0.131793       -0.665162
          0.210457        0.563430       -1.811249
          0.208741        0.660280       -1.046315
         -0.584906       -0.454857        0.892069
         -0.761607       -1.969933        1.501017
         -0.086743       -2.439256       -0.201009
          0.272268       -1.305539       -2.155229
         -0.131788        0.523218       -2.104362
         -0.252228        1.675690       -0.669467
          0.745100        1.719473        0.014548
          2.248110        1.367224       -0.340320
          3.157533        1.350539       -0.229265
          3.130339        1.443245        0.802246
          2.422753        0.901917        1.524395
          1.301043       -0.318711        1.237927
          0.040796       -1.355606        0.725276
         -1.091874       -1.608163        0.657009
         -2.098855       -1.535180        0.685516
         -2.980948       -1.787665        0.628173
         -3.280718       -2.029074        1.027118
         -2.570365       -1.416364        1.835360
         -1.291782       -0.057175        2.021396
         -0.402013        0.886755        1.390349
         -0.201358        0.653476        1.346068
         -0.046668       -0.216380        2.712224
          0.714675       -0.563072        4.210608
          1.762091        0.245345        4.435671
          1.941235        1.827349        4.015028
          0.687299        3.058114        4.309736
         -0.859613        2.972488        5.080824
         -1.015406        1.825382        5.015170
          0.193993        1.049790        3.834030
          1.182392        1.666830        2.490125
          1.269969        2.945292        1.679534
          1.353951        3.235604        1.244759
          1.798203        1.998005        0.823129
          1.536615        0.312636        0.194132
          0.034288       -0.596294       -0.979009
         -1.552958       -0.539426       -2.966800
         -2.119552        0.083199       -5.259989
         -2.089628        1.009368       -6.629407
         -2.221068        1.920982       -6.460886
         -2.154654        2.237673       -5.697829
         -1.136012        1.733668       -5.691274
          0.632055        0.965293       -6.222844
          2.132414        0.637542       -5.683405
          2.619178        0.869934       -3.499458
          2.219734        1.368475       -1.272907
          1.669100        1.895245       -0.711916
          1.478694        2.212860       -1.306277
          1.393137        1.939503       -1.203294
          0.961279        0.920268        0.105091
          0.407874       -0.387374        1.277344
          0.239298       -1.241162        1.258445
          0.186644       -1.339927        0.688212
         -0.502908       -1.062879        0.802356
         -1.754934       -0.962354        1.869672
         -2.635827       -1.102323        3.327167
         -2.720627       -0.997941        4.824095
         -2.571249       -0.250513        6.293777
         -2.703333        0.880198        7.138738
         -2.934113        1.670250        6.203262
         -2.970212        1.580539        3.006164
         -2.872023        0.560934       -1.401593
         -2.622805       -1.077113       -5.332216
         -1.804701       -2.787166       -8.042345
         -0.056623       -3.975463       -9.926458
          2.330466       -4.492036      -11.305760
          4.388412       -4.891875      -11.774757
          5.179263       -5.819572      -10.966087
          4.817941       -7.144344       -9.377297
          4.476010       -8.118155       -8.013831
          4.751382       -8.424188       -7.409600
          4.603792       -8.515750       -7.234410
          2.969009       -8.661044       -6.812807
          0.715243       -8.277096       -5.926066
         -0.592699       -6.813160       -4.980139
         -1.300725       -4.831750       -4.278691
         -2.988945       -3.412461       -3.401073
         -5.308409       -2.697950       -1.717655
         -5.800127       -1.804077        0.729762
         -3.485962       -0.073755        3.528760
         -0.561564        2.319183        6.850786
          0.545713        5.001234       11.046965
          0.016132        7.870639       15.169782
         -0.684204       10.696577       17.146620
         -1.232205       12.819974       16.078981
         -1.950852       13.667689       13.415454
         -2.215738       13.314805       11.102195
         -1.175620       12.228311        9.421315
          0.505979       10.607278        7.478880
          1.070176        8.227670        4.936313
         -0.209738        4.837809        2.048685
         -2.181788        0.493364       -1.411885
         -3.300901       -4.440072       -5.737670
         -3.423625       -9.366645       -9.799899
         -3.503591      -13.381017      -11.455415
         -3.705422      -15.275651       -9.991497
         -3.017183      -14.202705       -7.129568
         -1.123495      -10.773916       -4.901618
          0.849805       -7.084929       -3.295050
          2.349531       -4.857743       -0.856366
          4.458872       -3.651218        2.836749
          7.619328       -1.633699        6.400709
          9.979770        2.004167        8.491239
          9.698039        6.241621        9.465908
          7.499491        9.663512       10.561426
          5.324151       11.626625       12.052582
          3.711494       11.986338       13.106395
          2.164370       10.904750       13.085278
          0.956041        9.301761       11.990071
          0.697785        8.417247        9.768376
          0.707114        8.356847        6.308628
         -0.343265        7.846599        2.321596
         -2.148375        5.883871       -0.800223
         -2.767091        2.883528       -2.506695
         -1.348173       -0.236651       -3.742082
          0.483556       -3.205986       -5.575530
          0.682695       -5.937851       -7.840634
         -0.890153       -7.782742       -9.697264
         -3.040539       -8.289129      -10.880525
         -5.111729       -8.147779      -11.568804
         -7.095611       -8.224743      -11.417760
         -8.417345       -7.952192       -9.698346
         -7.901844       -5.859233       -6.434106
         -5.168561       -1.711717       -2.609045
         -1.342738        2.849997        1.023082
          1.961497        5.928755        4.646086
          3.995029        6.893348        8.336814
          4.933175        6.277188       10.853251
          4.970921        4.960315       10.479181
          4.011875        3.683409        7.147912
          2.307812        2.759344        2.838595
          0.676004        1.863493       -0.493484
         -0.379437        0.340427       -2.723547
         -1.169059       -2.012695       -4.962443
         -1.919910       -4.517624       -7.794692
         -2.075580       -6.120183      -10.621358
         -1.181798       -6.375299      -12.444648
          0.133706       -5.869962      -12.883337
          0.693484       -5.612511      -12.446345
         -0.127279       -6.058275      -11.996008
         -2.010622       -6.738365      -11.986515
         -3.827326       -6.674254      -12.119842
         -4.195644       -5.154573      -11.586554
         -2.672067       -2.397647       -9.688149
         -0.399009        0.470993       -6.490571
          1.087802        2.329156       -2.893555
          1.551634        2.969138        0.205618
          1.862245        2.988940        2.761370
          2.424851        2.999367        5.265345
          2.699184        3.153991        7.740378
          2.049035        3.178934        9.564858
          0.274168        2.619367       10.280281
         -2.327637        1.392764       10.101704
         -4.723905        0.350519        9.544590
         -5.496462        0.810937        8.849705
         -4.055480        3.070772        7.902857
         -1.117105        5.731240        6.681855
          2.127795        6.976389        5.682860
          4.719747        6.310500        5.534664
          6.027372        4.718087        5.957505
          5.969373        3.354066        5.647481
          5.033160        2.426714        3.784310
          3.615399        1.359078        1.239002
          1.685867       -0.156279       -0.381389
         -0.682285       -1.578698       -0.638100
         -2.973401       -2.269768       -0.622019
         -4.557009       -2.539657       -1.442927
         -5.019770       -3.253237       -2.745124
         -4.339063       -4.368811       -2.960497
         -2.925665       -4.667981       -1.011439
         -1.130363       -3.287023        2.503093
          1.215443       -0.932013        5.915386
          4.131779        0.835778        7.892192
          6.646382        1.158257        8.011200
          7.552682        0.373285        6.423981
          6.780947       -0.839507        3.432637
          5.081833       -2.349267       -0.679977
          2.711399       -4.269497       -5.548105
         -0.405824       -5.901866      -10.465502
         -3.461311       -5.793406      -14.488766
         -5.118065       -3.403469      -16.946435
         -5.251079       -0.020234      -17.469270
         -5.052533        2.819873      -15.509137
         -5.017673        5.125299      -10.721505
         -4.063622        7.525142       -4.213486
         -1.350470        9.264176        1.585654
          2.056701        8.836803        5.137329
          4.272075        6.524633        7.324773
          4.628978        4.559412       10.050253
          3.763547        4.280019       13.676315
          2.317632        4.517604       16.520484
          0.606213        3.511516       16.708958
         -0.803541        1.264217       13.974907
         -1.277585       -1.004339        9.663308
         -0.956934       -2.932453        5.436059
         -0.736333       -5.300366        2.089042
         -1.258725       -8.422022       -0.681512
         -2.267117      -11.272889       -3.542819
         -3.003891      -12.461226       -6.458231
         -3.043910      -11.549832       -8.383889
         -2.594646       -9.246939       -8.300537
         -1.933671       -6.662938       -6.543804
         -0.777997       -4.608218       -4.696018
          1.305250       -3.396078       -4.004569
          3.797450       -2.934932       -4.285618
          5.186529       -2.809117       -4.589623
          4.530551       -2.449282       -4.538494
          2.662547       -1.577323       -4.600680
          1.182546       -0.486726       -5.222539
          0.512605        0.472548       -6.119640
         -0.202739        1.685303       -6.550479
         -1.378882        3.985837       -6.068199
         -2.271592        7.286315       -4.743357
         -2.246725        9.960829       -2.659915
         -1.780138       10.169945        0.389052
         -1.659234        7.751628        4.284885
         -1.912783        4.423400        7.908439
         -2.173324        2.089491        9.792664
         -2.580406        1.225046        9.630013
         -3.418253        0.895044        8.608846
         -3.938825       -0.045139        8.005026
         -2.689099       -1.888243        7.879234
          0.322395       -3.806882        7.443749
          2.760320       -4.446118        6.216391
          2.531398       -3.140136        4.229265
          0.602215       -0.733096        1.379729
         -0.348790        1.111531       -2.549735
          0.304064        1.516460       -6.948471
          0.722686        1.015968      -10.147534
         -0.066306        0.614312      -10.756792
         -0.748809        0.637342       -8.988146
         -0.212977        0.611820       -6.224604
          0.727232       -0.016460       -3.514239
          1.069055       -1.204355       -0.921245
          1.132247       -2.258305        1.783365
          1.160715       -2.361872        4.262578
          0.212666       -1.137291        5.609941
         -2.059796        1.209065        5.109238
         -3.919845        4.076217        3.014777
         -3.441908        6.752575        0.621402
         -1.006846        8.713491       -0.695190
          1.451904        9.728077       -0.839096
          2.912232        9.647698       -1.250657
          3.631021        8.364162       -3.384987
          3.775468        6.256564       -6.961550
          3.292878        4.271792      -10.047526
          2.757290        2.986695      -10.797848
          2.751394        1.887561       -8.887731
          2.703873        0.188237       -5.501991
          1.848797       -1.944706       -2.286259
          0.774087       -3.638201       -0.158891
          0.385978       -4.483960        1.145834
          0.194015       -4.762261        2.422560
         -0.519231       -4.751605        4.029704
         -0.864509       -4.582511        5.753081
          0.169192       -4.606951        7.305363
          1.342805       -5.061448        8.426606
          0.634663       -5.384664        8.635876
         -1.522808       -4.732019        7.596947
         -2.802389       -3.299315        5.961948
         -2.471496       -2.364234        5.276504
         -2.006259       -2.761695        6.477723
         -2.153949       -3.865069        8.593952
         -1.661752       -4.310547        9.415731
          0.420066       -3.408549        7.638100
          2.991452       -1.742932        4.100257
          4.359924       -0.590102        0.716312
          4.149695       -0.753038       -1.581568
          2.972766       -1.833280       -3.400069
          1.326669       -2.642204       -5.379429
         -0.341928       -2.253672       -6.771634
         -1.399241       -0.602263       -6.179616
         -1.732248        1.547273       -3.553011
         -2.087222        2.838238       -0.649376
         -3.032857        2.049892        0.754027
         -4.071461       -0.621016        0.444555
         -4.266049       -3.212617       -0.736337
         -3.345458       -3.667476       -2.078372
         -1.842792       -1.853473       -2.971422
         -0.454695        0.492789       -2.628765
          0.422491        1.656939       -1.030668
          0.611016        1.354702        0.374261
         -0.051762        0.507041        0.037442
         -1.411744        0.265532       -1.922216
         -2.518862        1.270087       -4.126464
         -2.227464        3.179559       -5.574224
         -0.713822        4.664115       -6.014861
          0.415701        4.460809       -5.346695
          0.221937        2.807435       -3.740737
         -0.250830        1.314563       -1.961566
          0.275311        1.100701       -0.560936
          1.239311        1.626980        0.914586
          1.385686        1.681769        2.941611
          1.154854        0.852764        4.567535
          1.975094       -0.358466        4.085543
          3.506991       -1.204181        1.211058
          3.710078       -1.028294       -2.398230
          1.908512        0.363408       -5.027575
         -0.002277        2.081952       -6.352186
         -0.003261        2.523622       -6.464459
          1.586127        1.139491       -4.583591
          2.701177       -0.507802       -0.298779
          1.993048       -0.263700        4.302608
          0.211496        2.109870        5.895228
         -0.844375        4.672578        3.970021
         -0.481148        5.648510        1.767450
          0.298813        5.258492        2.120161
          0.480729        4.795590        4.070781
          0.396877        4.603265        4.889868
          0.648958        3.835302        3.804409
          0.562266        1.912804        2.075275
         -0.946224       -0.665803        0.617061
         -3.373969       -2.953517       -0.649425
         -4.903293       -4.324598       -1.685875
         -4.587558       -4.611716       -2.059382
         -3.104894       -4.081372       -1.532221
         -1.445836       -3.419757       -0.018433
         -0.016448       -3.309198        2.566924
          0.962154       -3.779222        5.529593
          1.249741       -4.198547        7.056531
          0.984035       -4.086135        5.795144
          0.632926       -3.721833        2.550122
          0.523260       -3.726668       -0.538933
          0.752578       -4.212386       -2.374563
          1.263166       -4.640287       -3.633239
          1.722660       -4.441822       -5.227202
          1.770052       -3.501439       -6.886096
          1.528181       -2.063543       -7.504794
          1.353253       -0.453467       -6.422822
          1.188084        1.056185       -4.066594
          0.895255        2.329621       -1.444944
          0.932560        3.379064        0.813168
          1.670262        4.118729        2.797853
          2.311441        4.165343        4.673096
          1.710838        3.207241        5.925051
          0.147921        1.569189        5.606960
         -0.960044        0.018525        3.391522
         -1.104041       -1.051229        0.114634
         -1.156549       -1.838044       -2.852254
         -1.624325       -2.453449       -4.577127
         -1.760680       -2.506779       -4.845744
         -0.994055       -1.648513       -3.820593
         -0.158980       -0.261348       -1.853032
         -0.450323        0.680982        0.314599
         -1.804630        0.478906        1.560445
         -3.165151       -0.534431        1.162705
         -3.986640       -1.129498       -0.233086
         -4.631808       -0.378051       -0.880990
         -5.307706        1.182891        0.310989
         -5.364301        2.049006        2.492807
         -4.023572        1.620275        3.898722
         -1.475835        0.905627        4.041355
          1.131780        0.922037        4.125847
          2.745560        1.202907        5.083607
          3.219415        0.741809        6.027890
          3.109943       -0.216917        5.376385
          2.895822       -0.440877        2.979842
          2.568180        0.515032        0.134158
          1.999759        1.862983       -2.327050
          1.515792        2.841975       -4.718627
          1.680250        3.454655       -7.049691
          2.332672        3.896724       -8.260403
          2.371298        4.130744       -7.811183
          1.091198        4.224710       -6.964298
         -0.659751        4.442611       -7.162462
         -1.395731        4.766369       -7.731985
         -0.734148        4.779886       -6.644126
          0.473866        4.166457       -3.402647
          1.334698        2.964638        0.165598
          1.509814        1.295000        2.145717
          1.002345       -0.748618        2.416900
          0.017539       -2.809497        1.959893
         -1.138169       -4.222380        1.291452
         -2.307418       -4.491064        0.340509
         -3.343009       -3.751141       -0.529185
         -3.693576       -2.751917       -0.158435
         -2.762670       -2.370787        2.353456
         -0.852062       -2.926184        6.242342
          0.973573       -3.885372        9.169400
          2.227765       -4.465886        9.340586
          3.416333       -4.492523        7.445033
          4.730367       -4.288851        5.730866
          5.211696       -3.820371        5.191683
          3.974070       -2.655061        4.691720
          1.683575       -0.980416        3.078466
         -0.047204        0.131644        1.019130
         -0.493414        0.064232        0.107307
         -0.222374       -0.312523        0.876551
          0.171639        0.293009        2.360233
          0.658488        1.821065        3.269131
          0.892580        2.953050        3.066075
         -0.037835        2.885847        1.982907
         -2.170793        2.238974        0.482985
         -3.856670        2.016612       -1.036155
         -3.471380        2.290898       -2.241437
         -1.462182        2.331224       -2.937940
          0.378005        1.721450       -3.215695
          1.247520        0.852110       -3.362350
          1.679924        0.243096       -3.555248
          1.872823       -0.277647       -3.679940
          1.249473       -1.360407       -3.471576
         -0.213497       -3.076749       -2.858212
         -1.661040       -4.419217       -2.212442
         -2.586790       -4.172609       -2.160501
         -3.138935       -2.249303       -2.890223
         -3.097490        0.048683       -3.679834
         -1.890460        1.177900       -3.537651
          0.059714        0.728149       -2.423266
          1.207455       -0.353804       -1.350719
          0.647691       -0.799219       -1.105251
         -0.760387       -0.111046       -1.376201
         -1.458926        1.272183       -1.307612
         -0.830295        2.461317       -0.347241
          0.507886        2.588928        1.460186
          1.557903        1.268110        3.296385
          1.821367       -0.952094        3.725361
          1.607619       -2.758595        1.916556
          1.571140       -3.111644       -1.193315
          1.850429       -2.171372       -3.691512
          1.946646       -1.030025       -4.623917
          1.633868       -0.523997       -4.523457
          1.389835       -0.489298       -4.269276
          1.463523       -0.290383       -4.189343
          1.185836        0.118688       -4.122347
         -0.063040        0.069792       -3.673931
         -1.677391       -0.752137       -2.505191
         -2.389471       -1.539359       -0.812405
         -1.810997       -1.109712        0.696165
         -0.844312        0.757679        1.597489
         -0.618905        3.198337        2.177464
         -1.381357        5.336333        2.857246
         -2.442283        6.890300        3.677370
         -3.001804        7.712640        4.517219
         -2.919305        7.486775        5.206863
         -2.609881        6.256728        5.168127
         -2.214731        4.679372        3.638812
         -1.282766        3.280001        0.747607
          0.321606        1.921858       -2.121125
          1.625300        0.450925       -3.576857
          1.472111       -0.676446       -3.541682
          0.104468       -0.992509       -2.838387
         -0.956195       -0.793961       -1.782708
         -0.602215       -0.687770        0.043217
          0.818420       -0.706636        2.589481
          2.029589       -0.534024        4.764405
          2.005251       -0.383355        5.541038
          0.783580       -0.916557        5.128435
         -0.654495       -2.201071        4.543681
         -1.390083       -3.341938        4.301338
         -1.373834       -3.491054        3.933868
         -1.111862       -2.909101        2.750527
         -0.847452       -2.630899        0.865195
         -0.339513       -3.196752       -0.684093
          0.748556       -4.114604       -0.982904
          2.440455       -4.603225       -0.244987
          4.257428       -4.481113        0.570448
          5.339562       -4.135836        0.939520
          5.013930       -3.895026        1.037006
          3.478529       -3.711081        0.996434
          1.765340       -3.340607        0.590582
          0.730170       -2.543249       -0.339331
          0.223742       -1.134052       -1.653448
         -0.336659        0.815371       -3.041445
         -0.843966        2.688324       -3.959923
         -0.745424        3.553452       -3.727069
         -0.326409        2.992030       -2.228724
         -0.689650        1.536134       -0.264800
         -2.132012        0.028382        1.243550
         -3.492974       -1.217173        1.976558
         -3.653925       -2.266938        1.884237
         -2.884433       -2.931599        1.008858
         -2.061378       -2.938748        0.125851
         -1.316568       -2.595298        0.471204
         -0.328132       -2.573846        2.032679
          0.625309       -3.012004        3.092588
          0.897934       -3.345765        2.330920
          0.475931       -3.016305        0.493880
         -0.055901       -1.972095       -0.882155
         -0.293689       -0.605713       -1.525979
         -0.146907        0.534580       -2.185536
          0.420635        1.180514       -2.964326
          1.141328        1.658678       -3.067705
          1.336967        2.502472       -2.110589
          0.773466        3.670587       -0.778800
          0.279564        4.468258        0.061963
          0.700579        4.351821        0.395533
          1.500851        3.614100        0.805388
          1.394389        3.165645        1.414099
          0.258641        3.581519        1.558412
         -0.719992        4.345454        0.642327
         -0.917289        4.342253       -1.039491
         -1.077740        3.307196       -2.553030
         -1.871560        2.258719       -3.225903
         -2.750599        2.060320       -3.221332
         -2.835430        2.276003       -3.332073
         -2.071821        2.176202       -4.091231
         -0.900670        2.088327       -5.011601
          0.439159        2.695497       -5.076812
          1.641209        3.566367       -4.079038
          2.116172        3.543080       -2.831934
          1.768842        2.356637       -1.874765
          1.373005        0.895189       -0.822513
          1.503310       -0.019855        0.632427
          1.661632       -0.313079        1.980205
          1.138032       -0.181529        2.659944
          0.283175        0.257276        2.750944
          0.173388        0.692574        2.438624
          1.111855        0.617166        1.626908
          2.072527       -0.107057        0.514431
          1.838347       -1.040056       -0.315121
          0.355696       -1.756380       -0.756922
         -1.309858       -2.332397       -1.221031
         -2.127438       -2.926932       -1.546812
         -1.878888       -3.146970       -0.997106
         -0.991745       -2.389075        0.302947
         -0.084270       -0.858424        1.081529
          0.308116        0.314042        0.628246
          0.017606        0.298693       -0.163870
         -0.503149       -0.458320       -0.054932
         -0.477989       -0.866650        0.968551
          0.366224       -0.521852        1.938544
          1.401738        0.051642        2.215176
          1.783875        0.321648        2.042782
          1.440508        0.311090        2.043219
          1.012663        0.103853        2.496157
          0.749871       -0.634671        3.099727
          0.046969       -2.128582        3.398798
         -1.445961       -3.688305        3.445294
         -2.905775       -4.041886        3.821966
         -3.417792       -2.746014        4.850729
         -3.309760       -0.941688        6.028894
         -3.218276       -0.204802        6.560009
         -2.614671       -0.735812        6.289030
         -0.843163       -1.348926        5.735157
          1.091438       -1.288561        5.217781
          1.598998       -1.108074        4.359508
          0.885300       -1.422801        2.651203
          0.494845       -1.829332        0.211337
          0.837631       -1.674292       -2.327698
          0.916338       -1.077905       -4.475046
          0.377897       -0.600193       -6.016597
          0.126280       -0.476281       -6.688196
          0.656510       -0.536284       -6.340113
          1.244472       -0.383991       -5.457196
          1.245569        0.412657       -4.907854
          0.966434        1.763250       -5.051086
          0.754075        2.832636       -5.551677
          0.390384        2.957618       -5.999199
         -0.059918        2.425056       -6.151540
          0.045460        1.713905       -5.747561
          0.731791        0.573935       -4.754263
          0.986542       -1.294206       -3.663843
          0.245919       -3.209295       -2.967562
         -0.618520       -4.113303       -2.550532
         -0.573577       -3.880014       -2.058416
          0.026868       -3.210739       -1.453443
          0.046014       -2.408912       -0.750688
         -0.629304       -1.008742        0.289222
         -0.844540        1.266387        1.702665
          0.059959        3.715861        2.984235
          1.092385        5.193718        3.592281
          0.965629        5.242034        3.406910
          0.063510        4.349184        2.477946
         -0.092813        3.153173        0.869446
          0.799106        1.851008       -0.941776
          1.348847        0.513410       -2.057596
          0.641460       -0.534411       -1.959987
         -0.488880       -0.972280       -0.954610
         -0.997468       -0.765574        0.452737
         -1.144205        0.012501        2.167524
         -1.557575        1.202996        4.138888
         -1.966014        2.283436        5.798518
         -1.978281        2.653331        6.398044
         -2.122687        2.384036        5.813538
         -2.861497        2.111515        4.640831
         -3.341608        2.052502        3.488404
         -2.453760        1.775780        2.466295
         -0.672270        1.096439        1.459443
          0.482311        0.454345        0.656522
          0.648124        0.079003        0.506164
          0.989700       -0.580715        1.079813
          2.209309       -2.111391        1.726110
          3.400949       -4.157541        1.675968
          3.363586       -5.619749        0.925338
          2.133613       -5.797592        0.132902
          0.672404       -5.118238       -0.342750
         -0.296606       -4.582781       -0.780896
         -0.660572       -4.488887       -1.391960
         -0.562638       -3.976818       -1.872545
         -0.088344       -2.139943       -1.862106
          0.667210        0.601837       -1.347577
          1.274026        2.690571       -0.536239
          1.070266        2.986656        0.188770
          0.018048        1.774046        0.285620
         -0.896151        0.252501       -0.357117
         -0.774690       -0.558628       -0.942233
         -0.075688       -0.402734       -0.539887
         -0.024997        0.242065        0.651164
         -0.828497        0.557335        1.440315
         -1.281947        0.083685        1.173924
         -0.494217       -0.717069        0.543446
          0.710937       -0.830075        0.505586
          0.909314        0.155727        0.878366
          0.170122        1.492090        0.698089
         -0.109518        2.117202       -0.190464
          0.598572        1.827396       -0.742169
          1.246975        1.304056       -0.172498
          0.988651        1.113008        0.830462
          0.333555        1.030376        0.850417
         -0.039613        0.491836       -0.574387
         -0.409152       -0.479652       -2.489222
         -1.116224       -1.174793       -3.762072
         -1.554990       -1.169696       -4.336366
         -1.076169       -0.928887       -4.865833
         -0.113938       -0.979708       -5.393878
          0.631937       -0.954239       -5.150184
          1.326710       -0.191152       -3.822336
          2.142366        1.049444       -2.297384
          2.197646        1.848457       -1.610639
          0.848587        1.934384       -1.598433
         -0.745580        1.828227       -1.228476
         -0.962360        1.719381       -0.104128
         -0.022143        1.184587        0.997075
          0.566706        0.273811        1.182811
          0.288737       -0.105899        0.494350
         -0.135860        0.515470       -0.370497
         -0.284239        1.298094       -0.896838
         -0.385628        1.326605       -0.934261
         -0.446307        1.066438       -0.524710
         -0.201776        1.554562       -0.045431
          0.180908        2.588012       -0.044825
          0.187210        2.952785       -0.419546
         -0.291501        2.325815       -0.329885
         -0.777549        1.697876        0.532111
         -0.783647        1.727394        1.337225
         -0.379532        1.789533        1.413183
         -0.152245        1.121102        1.273574
         -0.509239        0.108017        1.550424
         -1.038782       -0.201125        1.758100
         -0.915324        0.477657        1.129119
         -0.015527        1.264669        0.084756
          0.858897        1.135851       -0.139380
          1.003633        0.005995        0.923626
          0.522456       -1.321054        2.519497
         -0.067748       -2.044414        3.673116
         -0.343491       -1.967337        4.040558
         -0.053594       -1.365486        3.736163
          0.659905       -0.664525        2.844816
          1.097533       -0.306132        1.501553
          0.680121       -0.540496        0.213809
         -0.227376       -1.164278       -0.539593
         -0.757613       -1.730450       -1.126238
         -0.709736       -2.107503       -2.437412
         -0.623869       -2.501642       -4.396928
         -0.756567       -2.837365       -5.580920
         -0.693361       -2.541101       -4.900888
         -0.080863       -1.226557       -2.910143
          0.838327        0.638732       -0.761366
          1.586569        2.024002        1.313458
          1.913496        2.200467        3.601220
          1.789787        1.183779        5.736979
          1.373417       -0.475755        6.992176
          1.059295       -2.062115        7.264977
          1.045539       -2.993727        6.884941
          0.817452       -3.172695        5.885341
         -0.222897       -3.113264        4.361063
         -1.582358       -3.381630        3.135439
         -2.096641       -3.779127        3.045108
         -1.647097       -3.436870        3.673341
         -1.346716       -1.935689        3.702581
         -1.801041        0.023270        2.569355
         -2.324778        1.372384        0.983786
         -2.179637        1.793188       -0.250280
         -1.573910        1.719448       -1.100456
         -1.077309        1.488448       -1.800571
         -0.739388        0.943325       -2.284501
         -0.126907       -0.141125       -2.542427
          0.992904       -1.514304       -3.012002
          2.148220       -2.441961       -4.128986
          2.480551       -2.315510       -5.664516
          1.683619       -1.335672       -6.867084
          0.382865       -0.401187       -7.294791
         -0.543409       -0.142923       -7.239724
         -0.683635       -0.307714       -7.145287
         -0.156924       -0.292826       -6.849045
          0.505961        0.075804       -5.789415
          0.583936        0.611273       -3.877192
         -0.144593        1.208547       -1.775086
         -0.976117        1.752423       -0.287450
         -1.065472        1.885121        0.307594
         -0.532237        1.430046        0.370502
         -0.302014        0.921584        0.485379
         -0.937491        1.148323        0.845640
         -2.036091        2.119397        1.045751
         -2.716845        2.970511        0.673822
         -2.404665        3.077580        0.049944
         -1.242374        2.863131        0.042556
          0.024413        3.124180        1.080085
          0.668349        3.741688        2.567833
          0.623442        3.597171        3.345173
          0.395968        2.013628        2.636669
          0.381161       -0.103729        0.667063
          0.554371       -1.065862       -1.492502
          0.761875       -0.285507       -2.777150
          0.885426        1.037418       -2.984502
          0.721965        1.181465       -2.732355
          0.183546       -0.378444       -2.544608
         -0.301042       -2.511812       -2.205297
         -0.094366       -3.498652       -1.145958
          0.736177       -2.576957        0.764909
          1.322782       -0.562472        3.031506
          1.142068        1.043387        4.977798
          0.708228        1.475337        6.183435
          0.638884        1.124149        6.548639
          0.671321        0.761409        6.137425
          0.384492        0.753054        5.092469
          0.295031        1.020161        3.696114
          1.162564        1.318216        2.367380
          2.536243        1.338644        1.462402
          3.077720        0.817643        1.062063
          2.252155       -0.197674        0.959169
          0.844827       -1.311634        0.873860
         -0.149000       -2.155119        0.766664
         -0.454655       -2.655191        0.888099
         -0.376208       -2.805620        1.352088
         -0.287717       -2.414030        1.767510
         -0.368757       -1.399779        1.545921
         -0.583746       -0.230564        0.483605
         -0.774106        0.356759       -1.150299
         -0.715844        0.169477       -2.912672
         -0.198797       -0.255999       -4.356049
          0.669726       -0.440169       -5.089555
          1.332771       -0.540761       -4.943111
          1.356950       -0.879687       -4.110948
          0.962600       -1.348866       -3.085311
          0.538782       -1.731518       -2.342998
          0.077136       -2.148000       -1.888406
         -0.347353       -2.596811       -1.118347
         -0.280939       -2.533798        0.493859
          0.199966       -1.648535        2.450578
          0.249978       -0.653029        3.417246
         -0.277972       -0.520742        2.673433
         -0.318771       -1.256429        0.981193
          0.529690       -2.053495       -0.368117
          0.945589       -2.274309       -0.963166
         -0.159699       -1.752591       -1.268443
         -1.804475       -0.667532       -1.650393
         -2.258203        0.364195       -2.071328
         -1.286416        0.650724       -2.485318
         -0.028183        0.364753       -2.823980
          0.648317        0.566551       -2.712483
          0.769785        1.855698       -1.885527
          0.663584        3.496870       -0.799904
          0.403049        4.300403       -0.148764
         -0.152251        4.011337        0.102523
         -0.920469        3.425037        0.423249
         -1.415864        3.271211        0.648038
         -1.312838        3.369968        0.181304
         -0.962556        3.071351       -0.759866
         -0.863156        2.261358       -1.116862
         -0.939625        1.456202       -0.369872
         -0.867307        0.989399        0.872779
         -0.659260        0.756437        1.854778
         -0.477262        0.770368        2.520694
         -0.358760        1.144397        3.113555
         -0.349575        1.406344        3.568891
         -0.390455        0.779834        3.742884
         -0.229173       -0.558926        3.725441
         -0.021030       -1.378629        3.418898
         -0.455459       -0.904685        2.352573
         -1.544875        0.271946        0.603575
         -2.072890        1.074000       -0.642952
         -1.151882        1.111838       -0.346170
          0.407230        0.748832        0.956611
          1.130868        0.487988        1.816230
          0.658039        0.483248        1.610563
         -0.201057        0.349285        0.795539
         -0.641336       -0.561354       -0.188761
         -0.509757       -2.370569       -1.302843
         -0.077219       -4.195958       -2.344790
          0.382690       -4.868910       -2.868407
          0.759158       -4.249298       -2.724848
          1.008663       -3.439384       -2.094946
          1.057356       -3.388729       -1.058280
          0.884433       -3.620061        0.239668
          0.596372       -2.920233        1.149632
          0.281775       -1.164343        1.110451
         -0.120780        0.358516        0.673245
         -0.614064        0.629729        0.963529
         -0.842570        0.084086        1.962337
         -0.323557       -0.273388        2.344568
          0.858613       -0.104188        1.366604
          1.882318        0.438485       -0.070496
          2.005335        1.291409       -0.723096
          1.336428        2.169474       -0.481167
          0.485089        2.356892        0.020985
         -0.330843        1.596509        0.442979
         -1.374539        0.667417        0.678549
         -2.594019        0.344772        0.429241
         -3.198254        0.276977       -0.384086
         -2.423789       -0.319455       -1.267724
         -0.644017       -1.262833       -1.879613
          0.775346       -1.583044       -2.596523
          0.963250       -0.914623       -3.697256
          0.457389        0.072255       -4.531328
          0.289253        0.610965       -4.253854
          0.622465        0.603917       -2.970801
          0.823862        0.453528       -1.498192
          0.554709        0.595680       -0.365187
          0.183545        1.166119        0.393032
          0.163977        1.759949        0.857385
          0.479151        1.619536        1.154898
          0.848547        0.438109        1.392109
          1.149301       -1.072744        1.251817
          1.363229       -1.751921        0.137114
          1.362361       -1.143951       -1.803994
          1.107663        0.134377       -3.285528
          0.851103        1.136163       -3.120872
          0.758278        1.423480       -1.567984
          0.564563        1.159172        0.040475
          0.005094        0.683340        0.760257
         -0.670295        0.227902        0.718935
         -1.005697       -0.036347        0.559969
         -0.929702        0.084404        0.643514
         -0.728089        0.661550        0.820879
         -0.641306        1.435201        0.774104
         -0.667599        1.944466        0.465998
         -0.547582        1.951721        0.264685
          0.082651        1.585110        0.640417
          1.214498        1.013126        1.696960
          2.148394        0.227968        2.968061
          2.052791       -0.721913        3.779454
          0.957009       -1.544427        3.881110
         -0.176381       -1.976092        3.552154
         -0.540508       -2.103111        3.043364
         -0.257783       -2.185867        2.285620
          0.135098       -2.200146        1.279863
          0.422765       -1.816385        0.275032
          0.551651       -1.002614       -0.685840
          0.334523       -0.398755       -1.863453
         -0.159533       -0.619037       -3.185888
         -0.435606       -1.217946       -4.082963
         -0.285812       -1.013504       -4.254836
         -0.178970        0.302612       -4.011883
         -0.499971        1.574796       -3.579281
         -0.909323        1.698842       -2.768563
         -0.933517        1.066795       -1.695702
         -0.735999        0.820775       -1.088142
         -0.742386        1.260245       -1.358199
         -0.811837        1.826367       -1.888851
         -0.422163        2.215040       -1.705158
          0.399020        2.563290       -0.553477
          0.952918        2.715912        0.949496
          0.823678        2.175789        2.009974
          0.424444        0.884642        2.350225
          0.273247       -0.499857        2.344917
          0.160721       -1.230587        2.536567
         -0.427125       -1.068567        3.045941
         -1.316872       -0.283739        3.552828
         -1.784460        0.597332        3.753322
         -1.640385        1.017442        3.619127
         -1.404220        0.701177        3.308362
         -1.298065       -0.067751        3.051205
         -0.914280       -0.641219        3.007248
         -0.159854       -0.685512        3.047050
          0.303687       -0.609825        2.821702
          0.039214       -1.109612        2.181553
         -0.387088       -2.308885        1.379810
         -0.171572       -3.624978        0.828360
          0.554145       -4.504723        0.776259
          0.890821       -4.941808        1.089664
          0.441730       -5.133794        1.174960
         -0.102076       -5.008221        0.404429
          0.100080       -4.376038       -1.085305
          0.854229       -3.293758       -2.310499
          1.181139       -1.973345       -2.511586
          0.677439       -0.528275       -2.053912
          0.025536        0.905811       -1.889633
         -0.059811        2.001261       -2.369088
          0.207015        2.543979       -3.024123
          0.206650        2.773300       -3.333067
         -0.139799        3.054025       -3.175302
         -0.532127        3.318980       -2.612909
         -0.914399        3.222013       -1.817955
         -1.231682        2.728658       -1.325450
         -0.984735        2.083411       -1.770017
          0.121932        1.288976       -2.992890
          1.349268        0.239468       -3.788887
          1.640221       -0.617562       -3.059584
          1.054827       -0.510935       -1.112830
          0.618335        0.522309        0.674649
          0.787717        1.457722        1.495044
          0.976620        1.621665        1.805242
          0.690153        1.522123        2.160952
          0.247996        1.808164        2.120390
          0.113097        2.060988        1.047091
          0.199062        1.426029       -0.502127
          0.153072        0.052016       -1.218729
         -0.165317       -0.961829       -0.801666
         -0.675480       -0.930704       -0.339464
         -1.121182       -0.212108       -0.777662
         -1.086961        0.458088       -1.797396
         -0.433743        0.693240       -2.482384
          0.359959        0.553535       -2.421224
          0.800322        0.338254       -1.797918
          1.057279        0.293195       -0.919616
          1.410306        0.371625       -0.047666
          1.474621        0.411901        0.615653
          0.830657        0.523892        1.050745
         -0.072811        0.921472        1.352205
         -0.584958        1.351782        1.472206
         -0.878142        1.201871        1.293052
         -1.331683        0.357299        0.973955
         -1.517188       -0.482116        0.888111
         -0.911018       -0.616038        1.130798
         -0.087594       -0.206539        1.395653
         -0.030290       -0.095767        1.434515
         -0.580232       -0.885587        1.342802
         -0.670859       -2.315836        1.276708
          0.022797       -3.503560        1.192536
          0.660651       -3.789417        1.033988
          0.564282       -3.344613        0.920125
          0.149519       -2.825188        0.969431
          0.186632       -2.469715        1.139135
          0.675027       -1.844296        1.355879
          0.952589       -0.576040        1.581936
          0.673668        0.975015        1.680055
          0.159475        2.021956        1.505078
         -0.196098        2.227618        1.207319
         -0.399639        2.089312        1.078890
         -0.605664        2.369190        0.969719
         -0.767816        3.167769        0.315813
         -0.803513        3.743981       -0.947453
         -0.869427        3.412903       -1.946448
         -1.144391        2.395210       -1.863273
         -1.464221        1.411491       -1.119088
         -1.527613        0.643502       -0.971547
         -1.376654       -0.302291       -1.905676
         -1.274204       -1.440287       -2.884394
         -1.164665       -2.134782       -2.439477
         -0.697449       -2.000044       -0.314547
          0.183391       -1.457293        2.273394
          1.054181       -1.056174        3.977467
          1.504826       -0.772686        4.507679
          1.514294       -0.449564        4.308333
          1.225205       -0.487518        3.599046
          0.682639       -1.418549        2.291929
          0.042249       -2.945501        0.593796
         -0.323462       -4.047597       -0.931755
         -0.340752       -4.091090       -1.985463
         -0.492418       -3.382293       -2.827157
         -1.025561       -2.585885       -3.719694
         -1.338708       -1.994783       -4.302703
         -0.871914       -1.461211       -3.927414
         -0.144716       -0.752717       -2.602104
         -0.017589        0.165088       -1.143496
         -0.307562        1.092990       -0.292043
         -0.094621        1.791003       -0.087455
          0.854758        2.215076       -0.101433
          1.818819        2.480952        0.169022
          2.088877        2.572049        0.972854
          1.615985        2.291642        1.853722
          0.931857        1.658827        1.849336
          0.733105        1.128856        0.696461
          1.179757        1.131707       -0.632270
          1.570661        1.518033       -1.191849
          1.224022        1.754103       -1.289222
          0.480001        1.583226       -1.768249
          0.164922        1.236959       -2.631250
          0.367552        1.079610       -3.162338
          0.482377        1.255969       -3.106959
          0.178115        1.547851       -2.953059
         -0.325241        1.415345       -2.999208
         -0.683556        0.471391       -2.757081
         -0.668381       -0.862551       -1.688741
         -0.252272       -1.574931       -0.240340
          0.272533       -1.250880        0.481116
          0.534348       -0.589301        0.101540
          0.486413       -0.364360       -0.569518
          0.273920       -0.397902       -0.669848
         -0.096765       -0.080561       -0.244419
         -0.550449        0.557901        0.194942
         -0.727483        0.934603        0.440306
         -0.436166        0.798883        0.576869
         -0.015894        0.439337        0.765695
          0.099645        0.079690        1.321749
         -0.136111       -0.458910        2.436860
         -0.512127       -1.363583        3.628247
         -0.754717       -2.341665        4.118902
         -0.529496       -2.759594        3.921108
          0.204619       -2.317560        3.795501
          0.802027       -1.478157        3.983592
          0.550123       -1.060024        3.824898
         -0.236592       -1.332246        2.906825
         -0.459072       -1.632742        1.796769
          0.275094       -1.097226        1.192185
          1.092043        0.225642        0.916764
          1.024439        1.255516        0.297175
          0.189805        1.032937       -0.721943
         -0.523015       -0.232846       -1.389550
         -0.618735       -1.482486       -1.168568
         -0.472595       -1.923752       -0.518460
         -0.664101       -1.483828       -0.311960
         -1.157201       -0.404254       -0.719622
         -1.394491        1.013425       -1.118572
         -1.070743        2.289083       -0.967468
         -0.470130        3.009272       -0.273299
          0.015044        3.293635        0.748169
          0.370030        3.502036        1.920701
          0.735377        3.465653        2.912324
          0.956457        2.653005        3.246538
          0.764844        1.222563        2.708218
          0.325431        0.208357        1.506691
          0.115909        0.285780        0.033783
          0.173403        0.869532       -1.252144
         -0.060498        0.895382       -1.868383
         -0.903799        0.152686       -1.799116
         -1.825617       -0.610464       -1.844816
         -2.043819       -0.665122       -2.715754
         -1.564297        0.047093       -3.761948
         -1.182122        1.086476       -3.541217
         -1.306583        1.938977       -1.844249
         -1.250884        2.268964       -0.152949
         -0.258359        1.978483        0.271791
          1.079991        1.093937       -0.225806
          1.372513       -0.344042       -0.679823
          0.383856       -2.147091       -0.888158
         -0.615633       -3.787235       -1.154304
         -0.673999       -4.572548       -1.437741
         -0.260466       -4.162401       -1.543690
         -0.175185       -2.925238       -1.680989
         -0.358365       -1.723509       -2.115843
         -0.278870       -1.171956       -2.480706
          0.238622       -1.018246       -1.998781
          0.957956       -0.453554       -0.439859
          1.488539        0.814863        1.449281
          1.482506        2.042089        2.607455
          0.974719        2.230098        2.661490
          0.413356        1.252446        2.100089
          0.077492       -0.024048        1.475283
         -0.190958       -0.610731        0.816178
         -0.484773       -0.241153        0.060402
         -0.579702        0.519446       -0.428147
         -0.364173        0.853862       -0.319760
         -0.024057        0.413398        0.040905
          0.289448       -0.462875        0.069730
          0.562397       -1.169099       -0.166320
          0.721835       -1.398386       -0.029646
          0.685684       -1.366480        0.793674
          0.545308       -1.589346        1.866659
          0.470825       -2.329635        2.455417
          0.509203       -3.162653        2.209266
          0.591726       -3.309408        1.424580
          0.652580       -2.547208        0.728298
          0.649510       -1.519368        0.469673
          0.519741       -0.963227        0.438629
          0.245409       -0.910853        0.220794
         -0.006358       -0.840576       -0.328001
         -0.011444       -0.356276       -1.116180
          0.133192        0.480898       -2.093452
          0.082361        1.313700       -3.120174
         -0.138017        1.825028       -3.680895
         -0.075078        1.996160       -3.253881
          0.351845        2.085167       -2.056618
          0.622604        2.307103       -0.938460
          0.469382        2.562073       -0.404828
          0.267078        2.538382       -0.222591
          0.288808        2.061796       -0.037728
          0.275220        1.311367        0.211530
          0.022108        0.735122        0.533941
         -0.226609        0.761094        0.880804
         -0.210674        1.429261        0.884659
         -0.020016        2.158854        0.252488
          0.098070        2.061825       -0.622490
          0.004293        0.827570       -1.053847
         -0.259071       -0.732818       -0.937601
         -0.494163       -1.374916       -0.662309
         -0.534089       -0.719919       -0.352179
         -0.451744        0.414537        0.221940
         -0.455356        0.992891        1.126557
         -0.631940        0.709067        2.114181
         -0.902612       -0.072934        2.867467
         -1.074339       -0.829628        3.131315
         -0.887819       -1.126323        2.798882
         -0.270529       -0.806248        2.074177
          0.447500       -0.224827        1.400472
          0.824394        0.030346        1.112480
          0.737352       -0.136332        1.198988
          0.339408       -0.196962        1.345660
         -0.160330        0.279623        1.188379
         -0.493248        1.127968        0.651535
         -0.503160        1.900355       -0.009251
         -0.492176        2.287830       -0.624008
         -0.870916        2.091750       -1.341296
         -1.336352        1.157258       -2.218382
         -1.126816       -0.395012       -2.898473
         -0.276414       -2.027999       -3.041291
          0.260440       -3.087827       -2.800113
         -0.001965       -3.277224       -2.526460
         -0.497784       -2.844190       -2.241525
         -0.685998       -2.313179       -1.713221
         -0.688885       -1.950078       -0.849218
         -0.535905       -1.497186        0.243143
          0.131629       -0.612217        1.378657
          1.148917        0.458717        2.263232
          1.645273        1.015332        2.592981
          1.271118        0.842412        2.430272
          0.707250        0.596019        2.246798
          0.521151        0.929880        2.340887
          0.416930        1.560682        2.452184
          0.083051        1.648638        2.223429
         -0.116692        0.959974        1.748502
          0.109511        0.161864        1.272787
          0.319580       -0.124146        0.652057
          0.062845       -0.139893       -0.306475
         -0.354502       -0.541144       -1.151934
         -0.403644       -1.356571       -1.160396
         -0.103939       -1.866163       -0.385804
          0.210699       -1.574648        0.358306
          0.420814       -0.871393        0.578424
          0.537235       -0.479246        0.459189
          0.479163       -0.587025        0.185850
          0.222079       -0.849753       -0.298515
         -0.073273       -0.954906       -0.857963
         -0.207986       -0.789689       -1.243421
         -0.115607       -0.284374       -1.582138
          0.072581        0.460822       -2.080460
          0.099918        1.052345       -2.347399
         -0.135041        1.223223       -1.793045
         -0.376088        1.226648       -0.669438
         -0.282811        1.426113        0.069068
          0.078072        1.675836        0.045428
          0.226943        1.520944       -0.145343
         -0.127161        0.867583       -0.071865
         -0.658260        0.062391       -0.251577
         -0.828182       -0.589220       -1.240566
         -0.566908       -1.026771       -2.479601
         -0.210476       -1.207650       -2.819533
          0.077936       -1.010880       -1.999036
          0.384484       -0.464244       -0.906688
          0.698401        0.115134       -0.395384
          0.936060        0.362567       -0.412614
          1.117086        0.238932       -0.419820
          1.148230        0.079328       -0.248116
          0.783791        0.229998       -0.243379
          0.158741        0.666485       -0.654181
         -0.143502        1.019672       -1.182233
          0.052802        0.991002       -1.362371
          0.186138        0.702752       -1.194189
         -0.105991        0.590122       -1.008973
         -0.382121        0.959713       -0.829547
         -0.177979        1.698770       -0.361147
          0.268244        2.372476        0.420321
          0.530781        2.530635        1.172799
          0.603904        2.031584        1.640633
          0.559045        1.228466        1.743717
          0.196913        0.702709        1.376544
         -0.531949        0.626589        0.655770
         -1.247193        0.589716        0.181512
         -1.611755        0.227191        0.478550
         -1.718111       -0.337842        1.328963
         -1.818197       -0.901028        2.146410
         -1.960585       -1.516684        2.776656
         -1.975270       -2.063800        3.398338
         -1.625281       -2.021406        3.855060
         -0.809302       -1.219255        3.725303
          0.260256       -0.396555        3.061936
          1.189555       -0.425526        2.498106
          1.755471       -1.229233        2.409893
          1.957177       -1.979094        2.367086
          1.791258       -2.171233        1.703253
          1.288608       -2.008619        0.378501
          0.725076       -1.833930       -0.992647
          0.429702       -1.706089       -1.772191
          0.373079       -1.591169       -1.748406
          0.270936       -1.539894       -1.187643
          0.077002       -1.483597       -0.646731
          0.002221       -1.105378       -0.553631
          0.062492       -0.168168       -0.834455
          0.056504        1.046238       -1.040625
          0.001810        1.826460       -0.791446
          0.081323        1.725615       -0.015056
          0.153698        1.085710        0.989250
         -0.090591        0.649386        1.563255
         -0.493055        0.692436        1.134010
         -0.622907        0.831226       -0.080134
         -0.591003        0.690519       -1.149833
         -0.883589        0.398020       -1.485827
         -1.351263        0.306868       -1.461408
         -1.245859        0.557447       -1.713196
         -0.437363        1.060999       -2.184669
          0.272950        1.600827       -2.285168
          0.344815        1.761196       -1.835170
          0.214328        1.098397       -1.375334
          0.431316       -0.267470       -1.405625
          0.763476       -1.460242       -1.694499
          0.682755       -1.699492       -1.686955
          0.296529       -1.284602       -1.355339
          0.209695       -1.274514       -1.147813
          0.610252       -2.119974       -1.172757
          1.000842       -3.042025       -1.010944
          0.902405       -2.973534       -0.447230
          0.428804       -1.806319        0.133574
         -0.021685       -0.417168        0.322545
         -0.319978        0.405934        0.308532
         -0.549739        0.769749        0.680459
         -0.631779        1.344590        1.742652
         -0.393220        2.388138        3.117932
          0.068205        3.277013        3.994241
          0.414598        3.083116        3.787260
          0.443509        1.563886        2.550764
          0.210587       -0.530099        0.753341
         -0.147772       -2.121599       -1.109796
         -0.468005       -2.608818       -2.594662
         -0.518180       -2.008950       -3.359566
         -0.237644       -0.698963       -3.374292
          0.000771        0.680539       -2.877761
         -0.228964        1.382028       -2.079387
         -0.743022        1.133454       -1.121963
         -0.951171        0.496876       -0.223860
         -0.754718        0.225697        0.461886
         -0.630405        0.346340        1.019034
         -0.717323        0.301321        1.542594
         -0.527157       -0.128533        1.904939
          0.158526       -0.576536        1.944604
          0.754640       -0.722946        1.682992
          0.698059       -0.653014        1.198545
          0.346179       -0.532850        0.520912
          0.470437       -0.361360       -0.191309
          1.071692       -0.131838       -0.601156
          1.324631        0.086778       -0.559207
          0.727979        0.296388       -0.411553
         -0.248806        0.539860       -0.672448
         -0.846926        0.696749       -1.329842
         -0.894462        0.571303       -1.744478
         -0.732264        0.274846       -1.473652
         -0.595396        0.297451       -0.918073
         -0.429142        0.979788       -0.693762
         -0.185214        1.976366       -0.621428
          0.072354        2.507661       -0.056034
          0.380765        2.228421        0.923334
          0.846014        1.590308        1.543407
          1.301994        1.206718        1.570991
          1.373493        1.172299        1.574554
          1.016099        1.230775        1.781933
          0.611533        1.264033        1.603329
          0.405094        1.280863        0.687266
          0.259133        1.187982       -0.297865
          0.064282        0.902770       -0.513120
         -0.055332        0.517467       -0.100385
         -0.091411        0.139634        0.171748
         -0.290770       -0.230895        0.134698
         -0.743024       -0.549292        0.299421
         -1.139803       -0.739687        0.737082
         -1.161085       -0.963398        0.789442
         -0.890698       -1.508941        0.206059
         -0.647648       -2.251739       -0.290156
         -0.552550       -2.577358       -0.142772
         -0.459838       -2.081858        0.081745
         -0.237507       -1.102745       -0.346408
          0.063956       -0.320814       -1.004288
          0.295008       -0.025103       -0.925119
          0.348651       -0.039054       -0.152191
          0.251472       -0.208676        0.378073
          0.177131       -0.538571        0.378234
          0.322389       -0.842857        0.560316
          0.718241       -0.751756        1.320119
          1.152980       -0.244423        2.022668
          1.267323        0.229050        1.914190
          0.808931        0.330856        1.051377
         -0.059243        0.171586        0.010095
         -0.779224       -0.034247       -0.814528
         -0.950508       -0.224812       -1.318661
         -0.779555       -0.307099       -1.440685
         -0.699595       -0.162703       -1.090018
         -0.702352        0.031162       -0.275105
         -0.485872       -0.108330        0.736529
         -0.116092       -0.611852        1.401775
          0.031103       -1.026381        1.232404
         -0.084036       -0.986651        0.268549
         -0.125189       -0.674035       -0.905777
          0.108577       -0.570448       -1.696829
          0.593171       -0.867714       -1.939765
          1.256612       -1.211101       -1.837004
          1.791520       -1.066557       -1.654394
          1.657747       -0.361141       -1.470082
          0.769234        0.361358       -1.110124
         -0.183788        0.543173       -0.455592
         -0.544440        0.242729        0.114854
         -0.437299       -0.004608       -0.060730
         -0.296497        0.145635       -1.001684
         -0.102124        0.497183       -1.735284
          0.347492        0.602724       -1.312977
          0.736390        0.274127        0.053734
          0.500667       -0.247859        1.313512
         -0.280407       -0.602789        1.829836
         -0.921794       -0.685163        1.831322
         -1.126657       -0.609920        1.763021
         -1.291156       -0.403191        1.742524
         -1.624220        0.014421        1.674425
         -1.630866        0.485506        1.464289
         -0.886287        0.545793        1.064523
          0.153392       -0.066754        0.606887
          0.606557       -0.967617        0.428370
          0.238626       -1.427828        0.660460
         -0.284103       -1.085944        0.946707
         -0.202696       -0.214318        0.944457
          0.482289        0.638367        0.881776
          1.100068        1.089607        1.100572
          1.182825        1.065014        1.263609
          0.941575        0.707871        0.682123
          0.721891        0.246187       -0.642711
          0.418262       -0.066658       -1.950866
         -0.146660        0.029306       -2.676960
         -0.666267        0.653404       -2.865143
         -0.760166        1.569390       -2.639275
         -0.616440        2.283558       -1.920824
         -0.622685        2.478648       -0.859546
         -0.666751        2.217287       -0.010909
         -0.421761        1.684765        0.251120
         -0.048578        0.997076        0.199804
          0.019837        0.352751        0.319300
         -0.178699        0.039934        0.612813
         -0.187017        0.068125        0.700670
          0.143744        0.026553        0.458029
          0.453568       -0.443078        0.114528
          0.416315       -1.144786       -0.231597
          0.137334       -1.492962       -0.709291
         -0.058069       -1.153063       -1.213815
         -0.027909       -0.397013       -1.328827
          0.087901        0.200124       -0.921889
          0.099111        0.338642       -0.452692
         -0.006583        0.207743       -0.408658
         -0.095160        0.189590       -0.683641
         -0.054262        0.485494       -0.798423
          0.125809        0.992651       -0.525829
          0.332653        1.345601        0.005632
          0.361235        1.101627        0.621654
          0.111713        0.168205        1.160601
         -0.243008       -0.920453        1.391617
         -0.449277       -1.441106        1.251956
         -0.439577       -1.232396        1.076351
         -0.230643       -0.725385        1.263710
          0.194082       -0.244272        1.738431
          0.627608        0.305956        1.973732
          0.615431        0.935244        1.554383
          0.057679        1.205162        0.567938
         -0.523364        0.729348       -0.556066
         -0.663811       -0.211506       -1.425318
         -0.487097       -0.932944       -1.822348
         -0.257827       -1.118102       -1.653009
          0.049988       -1.027436       -1.035722
          0.401189       -1.009654       -0.418672
          0.475849       -1.073660       -0.312682
          0.166351       -0.978415       -0.802134
         -0.159473       -0.597884       -1.464390
         -0.185760       -0.104801       -1.765216
         -0.055167        0.227190       -1.414011
         -0.009185        0.358740       -0.493388
          0.047634        0.497392        0.511392
          0.328838        0.732103        0.969081
          0.694001        0.822607        0.700472
          0.735300        0.513332        0.217798
          0.330516       -0.057936        0.092607
         -0.186881       -0.490013        0.238608
         -0.454191       -0.626126        0.177420
         -0.396116       -0.700178       -0.120357
         -0.104784       -0.946229       -0.157045
          0.273979       -1.293767        0.282048
          0.533232       -1.532108        0.732173
          0.601143       -1.556022        0.679776
          0.691835       -1.332384        0.211866
          0.939748       -0.810719       -0.225674
          1.021067        0.013517       -0.405638
          0.551207        1.045555       -0.359500
         -0.263350        2.098689       -0.091995
         -0.842607        2.858843        0.410497
         -1.020108        2.973156        1.015374
         -1.100469        2.361752        1.522715
         -1.182619        1.339714        1.786259
         -1.012034        0.310274        1.647655
         -0.558165       -0.497115        1.027489
         -0.157966       -0.926233        0.229479
          0.055371       -0.848060       -0.196658
          0.362715       -0.404834       -0.102313
          0.931969       -0.064211        0.079225
          1.490365       -0.213528       -0.038618
          1.688939       -0.784889       -0.364922
          1.505141       -1.354620       -0.691454
          1.159309       -1.502002       -1.034107
          0.812992       -1.053095       -1.339002
          0.438597       -0.164751       -1.257463
         -0.065499        0.721479       -0.604841
         -0.658207        1.145705        0.219291
         -1.113730        1.000852        0.638665
         -1.257128        0.612985        0.535874
         -1.149738        0.382493        0.183597
         -0.964903        0.380247       -0.198619
         -0.813724        0.355825       -0.467599
         -0.752337        0.078056       -0.393238
         -0.761744       -0.463117        0.137746
         -0.661005       -1.142520        0.915024
         -0.287390       -1.744962        1.639068
          0.174582       -1.902555        2.135627
          0.328746       -1.348278        2.234396
          0.115234       -0.410112        1.848637
         -0.081482        0.114993        1.312836
          0.011882       -0.156751        1.149483
          0.211311       -0.771620        1.312852
          0.261259       -1.118055        1.151937
          0.257580       -1.118224        0.346887
          0.398517       -0.977830       -0.556564
          0.531737       -0.699256       -0.829753
          0.334973       -0.216300       -0.488064
         -0.117481        0.301719       -0.228483
         -0.384272        0.601917       -0.528633
         -0.294415        0.608463       -1.092767
         -0.111536        0.386329       -1.306639
          0.030783        0.081720       -1.002867
          0.320461       -0.040203       -0.497889
          0.722239        0.211279       -0.068012
          0.850564        0.674372        0.213075
          0.606318        1.030449        0.265763
          0.277659        1.265626        0.069964
         -0.166134        1.610293       -0.168111
         -1.048149        2.034249       -0.272970
         -2.027681        2.185553       -0.378002
         -2.127403        1.907700       -0.660875
         -1.104882        1.490941       -0.989366
          0.053646        1.280930       -1.082975
          0.420266        1.260525       -0.890823
          0.171907        1.148506       -0.660732
         -0.011571        0.781461       -0.719359
          0.093235        0.279481       -1.188927
          0.286434       -0.102164       -1.818761
          0.380394       -0.162542       -2.164797
          0.257590        0.161383       -2.036059
         -0.076791        0.684583       -1.657192
         -0.301016        0.906002       -1.328761
         -0.084128        0.362303       -1.113041
          0.295159       -0.749514       -0.958722
          0.186610       -1.580605       -0.944038
         -0.406705       -1.536787       -1.208548
         -0.652746       -0.972372       -1.675388
         -0.016631       -0.721698       -1.950910
          1.009354       -1.116998       -1.604461
          1.602711       -1.735391       -0.646533
          1.510861       -2.006684        0.332041
          0.994015       -1.793670        0.719620
          0.367980       -1.329604        0.615765
         -0.147489       -0.787579        0.740031
         -0.477003       -0.136118        1.501565
         -0.717227        0.555557        2.456660
         -0.912419        0.904571        2.895148
         -0.885400        0.554153        2.661912
         -0.509259       -0.294460        2.090091
          0.014016       -0.902470        1.407902
          0.383660       -0.680823        0.653390
          0.561149        0.179658        0.008689
          0.682784        0.879041       -0.275807
          0.748240        0.841538       -0.287802
          0.652116        0.260030       -0.388730
          0.469402       -0.260126       -0.707682
          0.427884       -0.403470       -1.015804
          0.551373       -0.278288       -1.113381
          0.597965       -0.026306       -1.016579
          0.437444        0.337579       -0.721275
          0.207840        0.705575       -0.116607
         -0.011098        0.851792        0.728710
         -0.368488        0.759311        1.442919
         -0.911802        0.722611        1.707137
         -1.334870        0.945069        1.612174
         -1.262086        1.205124        1.508371
         -0.684379        1.116828        1.589977
         -0.006717        0.611250        1.763735
          0.318855       -0.020016        1.847400
          0.222741       -0.475975        1.769818
          0.084344       -0.687184        1.629381
          0.283204       -0.783414        1.619918
          0.706630       -0.944965        1.830738
          0.871071       -1.218710        2.104523
          0.532928       -1.420298        2.155819
         -0.034733       -1.324198        1.802752
         -0.428446       -0.973777        1.072055
         -0.551809       -0.625653        0.187418
         -0.539143       -0.336234       -0.547289
         -0.451468        0.151770       -0.983416
         -0.270158        0.944075       -1.211712
         -0.070076        1.638549       -1.332184
          0.033008        1.728416       -1.301968
          0.036001        1.262486       -1.119131
         -0.037842        0.782271       -0.924604
         -0.253084        0.600932       -0.765636
         -0.571917        0.451337       -0.484297
         -0.721671       -0.057582       -0.023148
         -0.533144       -0.867550        0.357848
         -0.238555       -1.502061        0.399838
         -0.134403       -1.578882        0.231600
         -0.139828       -1.195158        0.143174
         -0.003025       -0.802611        0.079642
          0.251376       -0.723602       -0.236929
          0.402038       -0.860545       -0.716049
          0.390216       -0.955054       -0.923383
          0.306872       -0.992037       -0.753573
          0.153858       -1.095056       -0.590285
         -0.123999       -1.125053       -0.721924
         -0.448997       -0.796120       -1.057391
         -0.643092       -0.227122       -1.467341
         -0.609590        0.070047       -1.961621
         -0.401065       -0.097088       -2.461855
         -0.165574       -0.310156       -2.738968
         -0.027549       -0.147074       -2.616540
          0.044123        0.308626       -2.045353
          0.180430        0.767372       -1.080029
          0.389814        1.161354        0.034173
          0.556161        1.544536        0.904250
          0.656858        1.875185        1.309203
          0.724635        2.063499        1.373344
          0.641647        1.986419        1.326252
          0.319998        1.454319        1.209275
          0.002092        0.490227        0.872347
         -0.020747       -0.428657        0.192859
          0.127164       -0.799966       -0.658549
          0.118742       -0.694266       -1.160852
         -0.078013       -0.563463       -0.877259
         -0.306082       -0.571771       -0.030759
         -0.592094       -0.476049        0.636892
         -0.996929       -0.073575        0.698014
         -1.295142        0.535131        0.440597
         -1.204868        1.089853        0.324234
         -0.783673        1.403503        0.336636
         -0.251944        1.462861        0.083445
          0.375819        1.334420       -0.630407
          1.095340        1.002805       -1.473968
          1.581935        0.457558       -1.876482
          1.536904       -0.047984       -1.606290
          1.181697       -0.114279       -0.954937
          0.953088        0.311907       -0.303937
          0.928517        0.825570        0.298860
          0.957218        1.034948        0.980899
          1.007159        0.887221        1.649449
          0.948281        0.503532        1.989266
          0.438674        0.009458        1.785785
         -0.478413       -0.432195        1.078770
         -1.114401       -0.720316        0.069285
         -0.979976       -0.976241       -0.915140
         -0.474916       -1.356186       -1.413323
         -0.260580       -1.750433       -1.131483
         -0.357036       -1.953922       -0.394857
         -0.361617       -2.054722        0.017726
         -0.201268       -2.277453       -0.249292
         -0.128970       -2.462836       -0.682025
         -0.214416       -2.142672       -0.632828
         -0.327265       -1.240252       -0.217248
         -0.442751       -0.291098       -0.028780
         -0.533927        0.234122       -0.153371
         -0.356315        0.478819       -0.051417
          0.214838        0.799695        0.548144
          0.795838        1.116791        1.206825
          0.889411        1.061841        1.456383
          0.548210        0.633556        1.444135
          0.221904        0.288618        1.546373
          0.074112        0.365597        1.717151
         -0.081235        0.745230        1.668014
         -0.270168        1.154968        1.413795
         -0.298450        1.535905        1.153227
         -0.169249        1.929530        0.837458
         -0.104715        2.148680        0.359401
         -0.154962        1.835399       -0.060808
         -0.153351        0.931712       -0.199705
         -0.061646       -0.105319       -0.284078
         -0.070069       -0.751836       -0.597124
         -0.305358       -0.970932       -0.924017
         -0.609455       -1.138549       -0.915924
         -0.694654       -1.536850       -0.683766
         -0.487828       -2.101546       -0.503072
         -0.244204       -2.527951       -0.271484
         -0.232920       -2.451447        0.179323
         -0.340315       -1.699327        0.531324
         -0.166920       -0.553247        0.340469
          0.406697        0.399740       -0.212073
          0.943007        0.832348       -0.483579
          0.923836        0.932661       -0.242141
          0.401476        0.998212        0.103049
         -0.061362        1.012227        0.170525
         -0.108818        0.799624        0.068175
         -0.001451        0.407861        0.055970
         -0.183315        0.077027        0.090996
         -0.652204       -0.122586       -0.054575
         -0.991581       -0.389481       -0.361505
         -0.918950       -0.837151       -0.481792
         -0.552540       -1.201659       -0.164145
         -0.163526       -1.104118        0.365193
          0.091800       -0.568228        0.651155
          0.162820       -0.045428        0.593482
          0.067927        0.136237        0.471971
         -0.042391        0.129268        0.388476
          0.013471        0.257191        0.128924
          0.194482        0.559076       -0.302872
          0.271326        0.828705       -0.493545
          0.164730        0.956275       -0.196253
          0.029380        1.001215        0.257629
         -0.018976        0.974840        0.341975
          0.006018        0.779805       -0.095070
          0.147326        0.445964       -0.771657
          0.481809        0.273203       -1.289009
          0.904592        0.557627       -1.381438
          1.210521        1.181335       -0.995029
          1.345827        1.631418       -0.322375
          1.313910        1.489219        0.243710
          0.958767        0.799510        0.404577
          0.175068       -0.060407        0.296055
         -0.761321       -0.702667        0.334810
         -1.385154       -0.872979        0.647359
         -1.517162       -0.522651        0.948174
         -1.342622        0.088187        1.064697
         -1.098649        0.511097        1.122272
         -0.866949        0.485046        1.050169
         -0.635849        0.118294        0.513348
         -0.422935       -0.305229       -0.353294
         -0.292209       -0.522331       -0.789725
         -0.276656       -0.327732       -0.439310
         -0.310749        0.279110        0.041852
         -0.263510        0.916972       -0.089383
         -0.052903        1.080877       -0.611227
          0.279022        0.692203       -0.768817
          0.617554        0.172277       -0.434456
          0.883552       -0.105398       -0.249130
          1.054726       -0.211360       -0.675431
          1.124782       -0.421705       -1.405720
          1.132069       -0.792073       -1.851660
          1.148370       -1.119468       -1.863171
          1.087719       -1.225433       -1.693057
          0.684426       -1.136001       -1.474468
         -0.085354       -1.004075       -1.071885
         -0.777771       -0.960025       -0.396751
         -1.006480       -1.044324        0.366513
         -0.927505       -1.182424        0.864981
         -0.854656       -1.181247        0.853247
         -0.746119       -0.852749        0.441854
         -0.462320       -0.238990        0.065826
         -0.149889        0.344810        0.079107
          0.039005        0.593163        0.403370
          0.244458        0.502320        0.700074
          0.545392        0.299958        0.819482
          0.686667        0.132124        0.902829
          0.524419       -0.072268        1.057462
          0.368164       -0.420622        1.138897
          0.485542       -0.825455        0.989788
          0.599980       -1.025058        0.765083
          0.331245       -0.852060        0.758131
         -0.106627       -0.439344        0.907705
         -0.180395       -0.091086        0.797819
          0.077392        0.057116        0.257792
          0.056898        0.172126       -0.341068
         -0.453142        0.451358       -0.552405
         -0.871609        0.762143       -0.367476
         -0.649633        0.716023       -0.083456
          0.033240        0.212310        0.154569
          0.643577       -0.271262        0.462242
          0.868458       -0.227280        0.885196
          0.628285        0.150645        1.140259
          0.029854        0.231554        0.855378
         -0.545159       -0.066216        0.026255
         -0.756503       -0.130478       -0.975247
         -0.725118        0.337488       -1.835098
         -0.732863        0.778266       -2.478325
         -0.682260        0.590250       -2.833833
         -0.344384        0.014988       -2.755293
          0.079844       -0.223634       -2.222961
          0.198968        0.102790       -1.340590
          0.070483        0.500773       -0.146188
          0.078902        0.448345        1.264939
          0.287964        0.032929        2.469932
          0.397860       -0.230173        2.926857
          0.286450       -0.091216        2.497515
          0.152272        0.152911        1.550997
          0.118462        0.107087        0.589491
          0.085576       -0.205203       -0.079628
          0.039318       -0.389092       -0.431578
          0.138831       -0.118069       -0.650084
          0.350152        0.552853       -0.888253
          0.335694        1.236959       -1.072404
         -0.035272        1.531708       -1.067060
         -0.370839        1.295817       -0.962362
         -0.303421        0.657211       -0.965369
         -0.085704       -0.089791       -1.059540
         -0.178981       -0.530307       -1.035089
         -0.449393       -0.375182       -0.828222
         -0.353222        0.106943       -0.563227
          0.146594        0.213326       -0.269501
          0.477243       -0.338851        0.150558
          0.347129       -0.989428        0.609857
          0.139600       -1.082023        0.770180
          0.216086       -0.708455        0.468521
          0.362710       -0.431880        0.057506
          0.252638       -0.427904        0.078632
          0.035064       -0.322134        0.592049
          0.033700        0.198278        1.084136
          0.132264        0.929813        1.176563
         -0.041955        1.354212        1.141186
         -0.453563        1.161215        1.410089
         -0.690095        0.541847        1.852171
         -0.606805       -0.006632        1.999703
         -0.447289       -0.184949        1.808714
         -0.358961       -0.191321        1.664285
         -0.266601       -0.445161        1.698829
         -0.184141       -1.018041        1.608325
         -0.188013       -1.479108        1.189099
         -0.115827       -1.377126        0.659063
          0.261153       -0.736629        0.317794
          0.760295        0.041889        0.137407
          0.889811        0.624802       -0.130964
          0.489431        0.907024       -0.540847
         -0.049347        0.867637       -0.840885
         -0.269033        0.543302       -0.835072
         -0.110277        0.158183       -0.695889
          0.164992        0.044995       -0.780814
          0.322514        0.297801       -1.217372
          0.325422        0.592700       -1.793374
          0.234244        0.505591       -2.195270
          0.065592        0.032834       -2.243024
         -0.179298       -0.344081       -1.948046
         -0.404878       -0.235280       -1.456248
         -0.467774        0.153462       -0.912737
         -0.347779        0.340318       -0.331818
         -0.177465        0.274434        0.315233
         -0.083778        0.317827        0.845775
         -0.070866        0.533079        0.914689
         -0.055655        0.506746        0.489049
          0.047847        0.058342        0.032224
          0.265568       -0.357940       -0.072239
          0.527656       -0.276431       -0.032270
          0.710801        0.113846       -0.204885
          0.737231        0.284432       -0.427120
          0.597295        0.106230       -0.327538
          0.300330       -0.076788       -0.090768
         -0.092760        0.029355       -0.258695
         -0.401067        0.365170       -0.816627
         -0.451543        0.649809       -1.096736
         -0.332410        0.599961       -0.691057
         -0.348983        0.120386        0.013409
         -0.600236       -0.530551        0.363369
         -0.763654       -0.881579        0.187162
         -0.512029       -0.738013       -0.126545
         -0.014148       -0.401844       -0.104718
          0.264676       -0.240711        0.367191
          0.193168       -0.235853        0.973116
          0.073167       -0.188051        1.266285
          0.096666       -0.161024        1.103293
          0.073117       -0.396952        0.794862
         -0.148934       -0.914035        0.726574
         -0.318503       -1.491364        0.836477
         -0.131952       -1.957000        0.677494
          0.251867       -2.202047        0.084474
          0.367187       -2.017144       -0.491713
          0.031789       -1.281229       -0.564105
         -0.479847       -0.329218       -0.312985
         -0.805193        0.212257       -0.344685
         -0.815567        0.119820       -0.840747
         -0.606470       -0.101226       -1.354722
         -0.356214        0.197191       -1.458640
         -0.182602        0.979842       -1.166925
         -0.029583        1.550970       -0.646073
          0.259216        1.460941        0.043902
          0.706124        1.097728        0.727375
          1.127649        1.122675        1.016401
          1.300121        1.550075        0.722213
          1.098821        1.807361        0.172387
          0.549723        1.621290       -0.098180
         -0.114376        1.351262        0.104784
         -0.546435        1.348397        0.502842
         -0.588102        1.407519        0.699023
         -0.424054        1.072166        0.585069
         -0.354706        0.233654        0.402245
         -0.475276       -0.762320        0.418978
         -0.624054       -1.472750        0.574256
         -0.606326       -1.708817        0.517708
         -0.418222       -1.621163        0.056711
         -0.217243       -1.504701       -0.534977
         -0.112613       -1.485127       -0.824562
         -0.077741       -1.411130       -0.797866
         -0.036482       -1.087309       -0.853905
          0.072680       -0.525829       -1.138839
          0.255477        0.111116       -1.218222
          0.390879        0.697986       -0.651834
          0.334764        1.135138        0.373793
          0.172863        1.278073        1.254469
          0.152057        1.102429        1.580285
          0.291201        0.867154        1.313613
          0.359548        0.836283        0.631265
          0.306478        0.845314       -0.138614
          0.339648        0.461668       -0.623622
          0.487262       -0.341616       -0.681464
          0.479502       -1.005480       -0.478115
          0.184871       -1.073490       -0.254651
         -0.187177       -0.771096       -0.149989
         -0.419848       -0.612237       -0.187715
         -0.512457       -0.656976       -0.253724
         -0.489686       -0.535394       -0.177652
         -0.286128       -0.100983        0.017633
          0.061035        0.335746        0.108211
          0.344208        0.447730        0.027502
          0.440240        0.248616       -0.017612
          0.446546       -0.058872        0.062769
          0.467927       -0.340164        0.035597
          0.485060       -0.521901       -0.241042
          0.535801       -0.505963       -0.466458
          0.740328       -0.265062       -0.263950
          0.977805        0.016102        0.263751
          0.875719        0.042521        0.647064
          0.380872       -0.304534        0.633152
         -0.015839       -0.853140        0.379734
          0.032051       -1.310938        0.121688
          0.167628       -1.447801       -0.043443
         -0.122390       -1.143762       -0.013434
         -0.718360       -0.462157        0.340527
         -1.080345        0.288110        0.903576
         -0.990264        0.780711        1.287468
         -0.651902        1.012577        1.256914
         -0.285781        1.196915        0.977193
         -0.019286        1.319600        0.699071
          0.022292        1.120807        0.456790
         -0.154513        0.572874        0.206530
         -0.348003        0.044475       -0.048550
         -0.427069       -0.131561       -0.387869
         -0.468286       -0.004051       -0.872813
         -0.505341        0.178126       -1.229391
         -0.391278        0.287599       -1.040344
         -0.053404        0.362771       -0.352547
          0.327503        0.454742        0.313439
          0.529251        0.513674        0.642915
          0.536631        0.437393        0.807821
          0.483821        0.257704        0.991555
          0.441061        0.198503        1.060833
          0.345623        0.387919        0.861955
          0.145874        0.586449        0.493056
         -0.049023        0.468548        0.101438
         -0.066982        0.138413       -0.329983
          0.076335        0.017476       -0.818884
          0.169867        0.194469       -1.200045
          0.097419        0.279208       -1.290185
         -0.033945        0.008337       -1.136826
         -0.140469       -0.362961       -0.960331
         -0.329407       -0.425932       -0.891995
         -0.642114       -0.086964       -0.858392
         -0.813045        0.484889       -0.709970
         -0.554658        1.129450       -0.432353
         -0.004826        1.693466       -0.221565
          0.363130        1.906331       -0.293643
          0.272115        1.528828       -0.616542
         -0.093837        0.648673       -0.961424
         -0.351648       -0.329289       -1.217044
         -0.307168       -1.014647       -1.412206
         -0.067349       -1.272751       -1.408511
          0.136803       -1.214588       -0.942500
          0.184900       -1.103821       -0.098540
          0.140480       -1.200087        0.651752
          0.132269       -1.509555        1.069584
          0.197682       -1.742268        1.420940
          0.261767       -1.658494        1.898754
          0.279969       -1.351400        2.181495
          0.332247       -1.041763        1.913040
          0.437348       -0.754445        1.275921
          0.352420       -0.405339        0.674391
         -0.138055       -0.069649        0.144075
         -0.755247        0.082816       -0.456733
         -0.956589        0.061403       -0.929011
         -0.682626        0.071194       -0.942360
         -0.446182        0.276850       -0.607336
         -0.582618        0.646983       -0.329465
         -0.813253        0.984474       -0.165379
         -0.704618        1.093385        0.218524
         -0.256199        1.012208        0.919868
          0.158716        1.011787        1.495276
          0.290776        1.169447        1.436337
          0.275273        1.071015        0.799218
          0.371177        0.284580        0.185476
          0.565689       -0.907985        0.060058
          0.621355       -1.661577        0.219274
          0.476282       -1.551302        0.099319
          0.318034       -1.065649       -0.461136
          0.228480       -0.949670       -1.024745
          0.059649       -1.330877       -1.149796
         -0.281803       -1.728951       -0.918778
         -0.687730       -1.740159       -0.746356
         -0.986247       -1.422259       -0.835450
         -1.021256       -1.054066       -0.994556
         -0.693435       -0.754613       -0.941108
         -0.110453       -0.380497       -0.617707
          0.439382        0.295309       -0.137511
          0.787641        1.270996        0.439993
          0.997125        2.142512        1.068734
          1.139051        2.388844        1.498467
          1.168513        1.937641        1.384105
          1.023602        1.306881        0.720252
          0.675780        1.064380       -0.028395
          0.153373        1.268791       -0.358082
         -0.350419        1.542427       -0.190531
         -0.556795        1.553972        0.134976
         -0.444353        1.307271        0.229111
         -0.329430        1.051461       -0.007200
         -0.443858        1.003267       -0.321258
         -0.614247        1.112778       -0.384532
         -0.520712        1.078029       -0.165973
         -0.111740        0.632379        0.048278
          0.374259       -0.184331        0.039889
          0.661721       -1.054062       -0.111287
          0.633122       -1.650195       -0.269511
          0.396888       -1.867741       -0.473795
          0.175318       -1.801783       -0.735005
          0.049895       -1.535333       -0.829036
         -0.068810       -1.053412       -0.560699
         -0.165579       -0.424593       -0.096039
         -0.076888        0.082661        0.205719
          0.182503        0.236007        0.199861
          0.357959        0.116793        0.024375
          0.306134       -0.000052       -0.143331
          0.111965       -0.012532       -0.242665
         -0.136174       -0.094726       -0.283531
         -0.370896       -0.393124       -0.258531
         -0.426639       -0.720316       -0.159647
         -0.216783       -0.705768       -0.068205
          0.076648       -0.282290       -0.095925
          0.235771        0.164851       -0.143055
          0.264298        0.276193        0.090406
          0.244429        0.186234        0.637641
          0.170734        0.313268        1.034384
          0.059640        0.783449        0.900637
         -0.013031        1.279086        0.555577
         -0.054582        1.426878        0.603253
         -0.122714        1.140490        1.036013
         -0.174817        0.564837        1.265780
         -0.156300       -0.108777        1.005991
         -0.140082       -0.661272        0.583511
         -0.178816       -0.859830        0.328194
         -0.162759       -0.662669        0.185549
          0.003620       -0.343738        0.062365
          0.261981       -0.237265        0.055476
          0.548890       -0.389162        0.134790
          0.832536       -0.579175        0.026567
          0.920529       -0.615414       -0.358907
          0.571097       -0.472993       -0.745406
         -0.092431       -0.206079       -0.956173
         -0.632863        0.121394       -1.212289
         -0.856233        0.419780       -1.705944
         -0.937193        0.611110       -2.179801
         -0.945416        0.711171       -2.235963
         -0.711530        0.783421       -1.856613
         -0.242197        0.789207       -1.340963
          0.187628        0.607887       -0.881661
          0.426238        0.269335       -0.468506
          0.517457        0.012722       -0.113579
          0.387972       -0.029059        0.082957
         -0.089437       -0.068900        0.083784
         -0.702214       -0.376323       -0.036997
         -0.990675       -0.820847       -0.191754
         -0.797895       -0.962903       -0.300225
         -0.404169       -0.641280       -0.231838
         -0.092648       -0.240577        0.136000
          0.111597       -0.236827        0.770610
          0.244503       -0.624682        1.471212
          0.252700       -0.967094        2.022457
          0.143743       -0.935754        2.319774
          0.071829       -0.622089        2.367549
          0.142819       -0.320032        2.237957
          0.247962       -0.160071        2.037120
          0.201505       -0.038724        1.818677
         -0.017462        0.139346        1.500584
         -0.249330        0.252930        0.971659
         -0.341883        0.101454        0.337418
         -0.287920       -0.265037       -0.070535
         -0.210616       -0.534379       -0.060078
         -0.244934       -0.525246        0.143246
         -0.379560       -0.383334        0.156882
         -0.423913       -0.259966       -0.069873
         -0.225720       -0.044999       -0.224753
          0.125252        0.359906       -0.087430
          0.447646        0.713174        0.196045
          0.715738        0.670221        0.348944
          0.937360        0.265009        0.290579
          0.925768       -0.093845        0.149575
          0.513662       -0.121370        0.088907
         -0.095336        0.013712        0.174605
         -0.506818       -0.054596        0.317507
         -0.591540       -0.354554        0.342553
         -0.483052       -0.459209        0.202716
         -0.235796       -0.047668        0.048167
          0.191986        0.538609       -0.035972
          0.657175        0.605850       -0.220768
          0.849654       -0.026766       -0.674359
          0.674521       -0.815063       -1.247796
          0.394428       -1.205175       -1.639090
          0.258906       -1.185064       -1.760152
          0.185748       -0.981015       -1.720771
          0.010029       -0.588175       -1.535111
         -0.144651        0.101490       -1.080197
         -0.058699        0.918952       -0.347052
          0.140942        1.475812        0.431591
          0.098364        1.564947        0.931236
         -0.240016        1.322502        0.930898
         -0.551188        1.025906        0.407330
         -0.600460        0.893747       -0.420075
         -0.474823        1.060965       -1.152618
         -0.328630        1.541106       -1.492360
         -0.179657        2.120615       -1.501634
         -0.033665        2.433641       -1.453210
         -0.000021        2.280838       -1.429737
         -0.147419        1.814096       -1.271083
         -0.327361        1.298013       -0.925852
         -0.291605        0.756211       -0.583645
         -0.010654        0.013631       -0.371075
          0.263987       -0.924063       -0.172418
          0.316813       -1.743738        0.112507
          0.197279       -2.184659        0.341199
          0.092408       -2.347066        0.327840
          0.163584       -2.446909        0.143502
          0.493944       -2.393260        0.038443
          0.930405       -1.888049        0.091100
          1.044880       -0.926591        0.096750
          0.604324        0.065243       -0.134000
         -0.006343        0.644698       -0.499738
         -0.223426        0.717306       -0.749316
         -0.048037        0.482703       -0.791924
          0.069278        0.224104       -0.720268
         -0.068840        0.173227       -0.619052
         -0.273493        0.369949       -0.515500
         -0.395594        0.589932       -0.437788
         -0.449548        0.564854       -0.363504
         -0.415791        0.305543       -0.208067
         -0.265603        0.070159       -0.010450
         -0.094363        0.031923        0.029421
         -0.008919        0.153533       -0.124135
         -0.003389        0.370222       -0.197586
         -0.063066        0.685381       -0.031851
         -0.200036        1.050277        0.097126
         -0.309103        1.331489       -0.075131
         -0.232622        1.458673       -0.246403
         -0.047086        1.463985        0.116200
         -0.018403        1.324907        0.959545
         -0.178206        0.915694        1.608541
         -0.233389        0.207149        1.606893
         -0.041481       -0.587722        1.226110
          0.119957       -1.174814        1.010460
         -0.014262       -1.456073        1.130851
         -0.255034       -1.588224        1.394312
         -0.246705       -1.776024        1.658350
          0.001632       -2.034670        1.961392
          0.199499       -2.167830        2.327371
          0.233218       -1.992877        2.656671
          0.203637       -1.571758        2.800684
          0.145479       -1.173063        2.643647
          0.047940       -1.012536        2.184860
          0.017511       -1.086170        1.628588
          0.098056       -1.244039        1.268453
          0.094578       -1.346972        1.165490
         -0.109721       -1.343837        1.058415
         -0.264397       -1.269074        0.691065
         -0.105791       -1.176532        0.094083
          0.218292       -1.024883       -0.539889
          0.408093       -0.659767       -1.085411
          0.468573        0.011309       -1.462185
          0.564733        0.871330       -1.543932
          0.622103        1.703384       -1.285097
          0.410962        2.357671       -0.900442
         -0.080474        2.705840       -0.756060
         -0.593057        2.592718       -1.013735
         -0.858969        2.047918       -1.433559
         -0.819043        1.433538       -1.601695
         -0.643805        1.137380       -1.370255
         -0.542810        1.147181       -1.007351
         -0.495575        1.092170       -0.848525
         -0.278319        0.678724       -0.868202
          0.152406       -0.012148       -0.743822
          0.507141       -0.608427       -0.335119
          0.557300       -0.763461        0.102276
          0.436520       -0.446686        0.271766
          0.342702        0.025345        0.216880
          0.226212        0.255227        0.170422
          0.018068        0.069444        0.141734
         -0.147358       -0.401347       -0.119851
         -0.201906       -0.854466       -0.743610
         -0.308025       -1.012671       -1.477507
         -0.495328       -0.784565       -1.880177
         -0.478877       -0.300981       -1.728550
         -0.119431        0.202073       -1.198680
          0.247957        0.545061       -0.658488
          0.241616        0.692710       -0.320980
         -0.031450        0.751234       -0.110654
         -0.139706        0.865356        0.182483
          0.091071        1.037953        0.670082
          0.386905        1.082357        1.260276
          0.405526        0.867851        1.728901
          0.147126        0.549843        1.896920
         -0.095306        0.357064        1.778164
         -0.120431        0.207733        1.556218
         -0.012690       -0.164033        1.376182
          0.065301       -0.709755        1.161995
          0.116625       -1.070755        0.720812
          0.226250       -1.145171        0.052636
          0.332158       -1.246969       -0.574707
          0.259179       -1.558754       -0.955103
         -0.014210       -1.796130       -1.219546
         -0.273572       -1.603900       -1.622234
         -0.301721       -1.005203       -2.123390
         -0.098974       -0.292310       -2.365466
          0.144425        0.307054       -2.093454
          0.221986        0.697277       -1.480555
          0.086017        0.811990       -0.936923
         -0.098785        0.634687       -0.634943
         -0.136997        0.297424       -0.387811
         -0.030274        0.027269       -0.047783
          0.094877       -0.047404        0.214822
          0.231290        0.031230        0.235494
          0.465231        0.199021        0.241430
          0.731304        0.482284        0.574154
          0.803710        0.862463        1.114463
          0.569122        1.117894        1.327693
          0.178922        0.971777        0.900096
         -0.104852        0.413565        0.068204
         -0.168146       -0.228930       -0.706388
         -0.154492       -0.561098       -1.158953
         -0.300759       -0.446793       -1.295358
         -0.610883       -0.118543       -1.262403
         -0.776112        0.025525       -1.202176
         -0.569555       -0.163224       -1.102669
         -0.220253       -0.375489       -0.795651
         -0.134836       -0.206064       -0.203630
         -0.307509        0.294775        0.486474
         -0.353049        0.674441        1.002697
         -0.129988        0.705527        1.222389
          0.077085        0.657588        1.138010
          0.083833        0.834423        0.787204
          0.097858        1.132624        0.359579
          0.320442        1.249262        0.184333
          0.614628        1.122593        0.448573
          0.755389        0.952464        1.017771
          0.722166        0.861657        1.560606
          0.568012        0.705084        1.755231
          0.239103        0.276232        1.475072
         -0.274505       -0.329019        0.932054
         -0.756397       -0.707711        0.502134
         -0.933859       -0.670811        0.265267
         -0.788344       -0.610531       -0.078021
         -0.550243       -1.002514       -0.671106
         -0.390027       -1.642414       -1.136396
         -0.243343       -1.860397       -0.996729
          0.012733       -1.490469       -0.290960
          0.318385       -1.079657        0.485208
          0.489487       -1.051207        0.950831
          0.478614       -1.220476        1.118556
          0.403710       -1.294633        1.163099
          0.289243       -1.307651        1.143816
          0.007166       -1.324615        0.988625
         -0.404366       -1.174366        0.625948
         -0.606244       -0.755138        0.114145
         -0.369576       -0.282067       -0.306061
          0.044393        0.004205       -0.349525
          0.174734        0.141185        0.007125
         -0.051222        0.287761        0.381953
         -0.268176        0.460718        0.313489
         -0.195879        0.575102       -0.192364
          0.028117        0.615210       -0.594764
          0.121618        0.649096       -0.461585
          0.071767        0.724033       -0.033873
          0.096021        0.800660        0.113558
          0.277650        0.803998       -0.154260
          0.441821        0.754696       -0.469062
          0.399286        0.768837       -0.604509
          0.163403        0.821140       -0.729568
         -0.111410        0.646757       -0.961750
         -0.313043        0.112575       -1.116070
         -0.440498       -0.434713       -1.044592
         -0.533479       -0.495405       -0.832935
         -0.607812       -0.019225       -0.501244
         -0.655771        0.585138        0.096929
         -0.626318        0.926913        0.876033
         -0.429149        0.860045        1.384480
         -0.078043        0.413213        1.313393
          0.233927       -0.171372        0.869264
          0.355001       -0.450280        0.446026
          0.363222       -0.172150        0.156305
          0.388922        0.362139       -0.148270
          0.431120        0.575009       -0.578185
          0.490939        0.235337       -1.087966
          0.637089       -0.362366       -1.549397
          0.789462       -0.786240       -1.806432
          0.710594       -0.851133       -1.712773
          0.370194       -0.649796       -1.258043
          0.075194       -0.389227       -0.651449
          0.084071       -0.218859       -0.141447
          0.276950       -0.105638        0.239820
          0.349624        0.114575        0.594033
          0.205767        0.487049        0.869064
          0.008522        0.814036        0.898308
         -0.095633        0.879804        0.717252
         -0.142857        0.713027        0.583693
         -0.218490        0.519122        0.656237
         -0.301801        0.428293        0.854898
         -0.331792        0.404993        1.039851
         -0.316820        0.350841        1.155401
         -0.275277        0.222019        1.200461
         -0.183097        0.066172        1.162472
         -0.089856       -0.025786        0.967168
         -0.133634       -0.008887        0.501174
         -0.310633        0.089935       -0.217626
         -0.414602        0.233008       -0.939268
         -0.340578        0.387130       -1.395708
         -0.231927        0.451958       -1.560694
         -0.195884        0.277846       -1.570158
         -0.131420       -0.159832       -1.490531
          0.014758       -0.655244       -1.319877
          0.096006       -0.914750       -1.125675
          0.038735       -0.807032       -1.015121
          0.014610       -0.457354       -0.978481
          0.165570       -0.105085       -0.854001
          0.370631        0.110465       -0.486058
          0.450265        0.211307        0.075668
          0.429300        0.271178        0.561497
          0.431939        0.327594        0.735053
          0.431323        0.398332        0.673203
          0.282628        0.470035        0.711181
         -0.019744        0.436556        1.066430
         -0.286835        0.170035        1.586159
         -0.391987       -0.281433        1.920932
         -0.438269       -0.670980        1.876590
         -0.560398       -0.817641        1.509660
         -0.688090       -0.831928        0.943658
         -0.662580       -0.962413        0.251395
         -0.484234       -1.204425       -0.442507
         -0.266484       -1.200292       -0.868419
         -0.037785       -0.680477       -0.763919
          0.220352        0.069913       -0.168416
          0.429753        0.426508        0.501769
          0.507893        0.135540        0.790780
          0.524220       -0.430844        0.621376
          0.580497       -0.787631        0.264567
          0.613801       -0.835711       -0.082918
          0.501944       -0.732436       -0.484107
          0.301580       -0.552580       -0.988726
          0.182860       -0.302934       -1.425928
          0.139907       -0.071438       -1.613688
         -0.030691        0.096184       -1.601353
         -0.403830        0.348483       -1.550723
         -0.759395        0.803644       -1.483940
         -0.864849        1.239717       -1.268382
         -0.781013        1.278954       -0.783656
         -0.709776        0.898494       -0.043165
         -0.638011        0.507463        0.780448
         -0.377855        0.429036        1.432798
          0.052509        0.517006        1.758387
          0.375719        0.420703        1.789030
          0.463250        0.062656        1.591643
          0.483497       -0.314733        1.135139
          0.494568       -0.469592        0.436900
          0.281480       -0.363276       -0.279378
         -0.126120       -0.101757       -0.742052
         -0.219009        0.176626       -0.866248
          0.261160        0.345423       -0.711413
          0.745550        0.313344       -0.332617
          0.550182        0.070676        0.169360
         -0.120436       -0.276199        0.558637
         -0.467731       -0.561790        0.640554
         -0.194099       -0.702348        0.528497
          0.290735       -0.763933        0.530395
          0.629106       -0.866345        0.675123
          0.861398       -1.052313        0.552687
          0.990780       -1.243584       -0.144906
          0.760000       -1.246327       -1.063049
          0.067612       -0.833471       -1.528135
         -0.719853        0.012526       -1.442771
         -1.092206        0.934632       -1.386825
         -0.905109        1.486914       -1.684412
         -0.434931        1.627162       -1.891925
         -0.002814        1.694416       -1.552153
          0.306698        1.840023       -0.940949
          0.534437        1.782579       -0.544957
          0.612091        1.279877       -0.236295
          0.401557        0.544935        0.389796
         -0.056438       -0.036585        1.169418
         -0.492189       -0.353862        1.549014
         -0.672721       -0.503976        1.436624
         -0.630186       -0.530201        1.234055
         -0.554367       -0.497132        1.101589
         -0.532268       -0.607879        0.786560
         -0.506983       -0.946113        0.214929
         -0.456336       -1.229578       -0.253239
         -0.448364       -1.063183       -0.304287
         -0.480570       -0.377186       -0.068710
         -0.425304        0.496465        0.122711
         -0.212228        1.091758        0.159451
          0.080769        1.127052        0.159543
          0.380717        0.703448        0.189634
          0.702629        0.211234        0.167786
          1.026017       -0.054107        0.033757
          1.239580       -0.132263       -0.124674
          1.246039       -0.190687       -0.157509
          1.025592       -0.235011        0.018788
          0.631584       -0.169812        0.400244
          0.208267       -0.020061        0.905075
         -0.064390        0.068765        1.375813
         -0.124530        0.000975        1.671903
         -0.063311       -0.189432        1.768430
          0.005826       -0.390231        1.660001
          0.003956       -0.486927        1.244945
         -0.161157       -0.424096        0.513236
         -0.510253       -0.255606       -0.231224
         -0.840811       -0.119307       -0.630093
         -0.865675       -0.076872       -0.724733
         -0.559687        0.020819       -0.839059
         -0.187245        0.375085       -1.015341
          0.049727        0.913038       -0.937589
          0.184609        1.292625       -0.503935
          0.265421        1.311076       -0.093416
          0.198889        1.126684       -0.063228
         -0.076948        0.965532       -0.303216
         -0.437972        0.784969       -0.531229
         -0.686317        0.377692       -0.732937
         -0.700289       -0.309856       -1.014351
         -0.459784       -1.100289       -1.266832
         -0.064223       -1.747378       -1.304486
          0.291502       -2.064045       -1.159905
          0.489136       -1.955569       -0.945578
          0.570285       -1.456552       -0.568354
          0.545892       -0.740182        0.121443
          0.291736       -0.014164        0.985300
         -0.195359        0.603370        1.656856
         -0.614441        1.079798        1.892980
         -0.663498        1.395336        1.678399
         -0.424064        1.528756        1.098736
         -0.234973        1.449132        0.357784
         -0.237277        1.077474       -0.177816
         -0.244187        0.367170       -0.258110
         -0.071298       -0.507427       -0.050461
          0.189087       -1.160193        0.106868
          0.308316       -1.299739        0.192841
          0.211702       -0.997164        0.441658
          0.024183       -0.614056        0.867913
         -0.094675       -0.476517        1.213305
         -0.068188       -0.599513        1.324055
          0.088935       -0.705769        1.225174
          0.301297       -0.527501        0.869372
          0.487544       -0.087244        0.189544
          0.600770        0.330379       -0.618329
          0.602051        0.452575       -1.227719
          0.454323        0.244589       -1.606729
          0.230202       -0.086915       -1.985608
          0.162195       -0.272265       -2.388054
          0.404146       -0.187157       -2.530393
          0.731247        0.068938       -2.269331
          0.710767        0.283445       -1.858716
          0.264769        0.321192       -1.618015
         -0.194383        0.213409       -1.551126
         -0.334773        0.082680       -1.433997
         -0.326838        0.024162       -1.123578
         -0.497330        0.077198       -0.657677
         -0.828515        0.246834       -0.176780
         -1.025939        0.473204        0.168527
         -0.893925        0.625799        0.358756
         -0.481317        0.636614        0.586581
         -0.008808        0.602343        1.036493
          0.258425        0.632473        1.583647
          0.220304        0.650433        1.908977
          0.076476        0.508581        1.896946
          0.106486        0.253276        1.693647
          0.303698        0.076950        1.399192
          0.395518        0.011597        0.977095
          0.237206       -0.138751        0.485596
         -0.014243       -0.517433        0.109031
         -0.171093       -1.011074       -0.132553
         -0.254746       -1.390282       -0.449546
         -0.354364       -1.550083       -0.913277
         -0.415274       -1.531600       -1.232799
         -0.320665       -1.400482       -1.091365
         -0.092666       -1.223494       -0.551405
          0.116502       -1.084069        0.074604
          0.203164       -0.970131        0.629011
          0.218412       -0.725078        1.162422
          0.301663       -0.288505        1.667590
          0.495645        0.100605        1.994675
          0.627230        0.168719        2.024057
          0.476364        0.025948        1.763836
          0.095011        0.074880        1.298903
         -0.206210        0.498315        0.774646
         -0.243887        1.053274        0.386485
         -0.133980        1.400973        0.240456
         -0.025464        1.450130        0.224814
          0.093974        1.320000        0.103893
          0.248811        1.119347       -0.268965
          0.372236        0.853262       -0.840751
          0.429194        0.490069       -1.369510
          0.435824        0.078358       -1.542835
          0.343374       -0.204411       -1.247957
          0.130360       -0.186077       -0.763955
         -0.031088        0.074765       -0.514395
          0.032363        0.306994       -0.588118
          0.196985        0.354755       -0.683055
          0.199327        0.347329       -0.551852
          0.000469        0.418678       -0.291375
         -0.251829        0.441548       -0.119241
         -0.497877        0.253299       -0.058771
         -0.761752       -0.010373        0.018218
         -0.983168       -0.071898        0.143664
         -1.041314        0.088219        0.209501
         -0.855254        0.231922        0.170871
         -0.391026        0.209769        0.138564
          0.259008        0.089048        0.162003
          0.773308       -0.034193        0.048781
          0.830851       -0.136553       -0.390816
          0.514649       -0.153704       -0.985887
          0.237221        0.040060       -1.343424
          0.181645        0.443251       -1.326311
          0.075766        0.846359       -1.138243
         -0.329166        1.041533       -0.930514
         -0.784139        1.024540       -0.589276
         -0.815204        0.905997        0.017048
         -0.391842        0.723277        0.767792
         -0.015580        0.453209        1.361575
         -0.061207        0.127688        1.584886
         -0.307520       -0.205761        1.468470
         -0.321360       -0.586660        1.206992
         -0.086976       -1.034950        0.957696
          0.044235       -1.353360        0.737591
         -0.068207       -1.253866        0.489962
         -0.150853       -0.778106        0.192242
          0.057885       -0.402334       -0.104600
          0.431277       -0.537774       -0.321286
          0.638890       -1.023536       -0.452177
          0.546197       -1.297080       -0.589349
          0.279286       -1.021351       -0.766012
          0.009563       -0.384739       -0.839503
         -0.158428        0.196665       -0.678914
         -0.165449        0.509401       -0.416206
         -0.039728        0.614500       -0.322240
          0.068275        0.589010       -0.454227
          0.030315        0.350227       -0.610512
         -0.091519       -0.170793       -0.621230
         -0.123653       -0.762567       -0.491241
         -0.022231       -1.042031       -0.245455
          0.063429       -0.890835        0.161190
          0.007954       -0.623139        0.688471
         -0.088877       -0.605566        1.104785
         -0.019710       -0.806952        1.173655
          0.232884       -0.841310        0.914299
          0.438104       -0.424957        0.578749
          0.389252        0.291778        0.371507
          0.135918        0.864330        0.271577
         -0.112944        1.003058        0.138313
         -0.244897        0.853512       -0.087387
         -0.310384        0.794043       -0.300870
         -0.352480        0.981999       -0.280829
         -0.297568        1.192590        0.153828
         -0.089206        1.107238        0.899754
          0.169996        0.642456        1.494282
          0.324015       -0.028600        1.469527
          0.342469       -0.650514        0.820958
          0.300319       -1.032554       -0.023030
          0.259748       -1.125677       -0.669339
          0.257534       -1.013023       -0.999356
          0.325929       -0.789377       -1.025786
          0.444618       -0.458869       -0.827937
          0.526147        0.000909       -0.612479
          0.495510        0.506350       -0.531644
          0.342785        0.882672       -0.452177
          0.082256        1.014330       -0.172699
         -0.276905        0.904267        0.206641
         -0.672394        0.582762        0.419898
         -0.951652        0.090716        0.425462
         -0.989417       -0.390378        0.351788
         -0.846592       -0.570358        0.195907
         -0.700914       -0.370560       -0.080652
         -0.587849       -0.090483       -0.287106
         -0.358533       -0.095855       -0.193026
          0.031466       -0.428417        0.104737
          0.377250       -0.831279        0.309029
          0.503272       -1.045578        0.315897
          0.500938       -0.988049        0.208134
          0.519571       -0.748038       -0.008756
          0.512207       -0.492360       -0.353316
          0.396667       -0.303463       -0.648125
          0.294646       -0.086430       -0.680250
          0.368256        0.302406       -0.556152
          0.535455        0.850142       -0.594673
          0.584709        1.371140       -0.837337
          0.503575        1.658676       -0.938257
          0.454615        1.601793       -0.632339
          0.441014        1.224571       -0.102531
          0.255669        0.700951        0.252887
         -0.165510        0.288614        0.298234
         -0.581937        0.142459        0.267280
         -0.770781        0.166942        0.433630
         -0.794381        0.108560        0.807168
         -0.792017       -0.159870        1.186907
         -0.730629       -0.472270        1.389343
         -0.565991       -0.541825        1.331599
         -0.434891       -0.284842        0.996546
         -0.426821        0.099772        0.469422
         -0.345353        0.351169       -0.033527
          0.009641        0.340863       -0.315958
          0.468259        0.083426       -0.378720
          0.697925       -0.279803       -0.356046
          0.650142       -0.511401       -0.315506
          0.515467       -0.467950       -0.233221
          0.388826       -0.269434       -0.120991
          0.268271       -0.130584       -0.028944
          0.226746       -0.060996        0.063355
          0.297244        0.091204        0.200619
          0.310521        0.342538        0.279952
          0.083699        0.517755        0.081858
         -0.320046        0.481323       -0.453328
         -0.672343        0.266542       -1.070711
         -0.829028       -0.027619       -1.397503
         -0.804931       -0.338658       -1.271234
         -0.681143       -0.610578       -0.854810
         -0.506399       -0.743476       -0.461177
         -0.282845       -0.633044       -0.282028
         -0.047032       -0.272402       -0.256602
          0.104939        0.186302       -0.172737
          0.163158        0.490627        0.098843
          0.266939        0.458018        0.447270
          0.473281        0.136339        0.600941
          0.600810       -0.223262        0.390529
          0.492475       -0.421162       -0.066643
          0.277558       -0.513657       -0.452343
          0.156809       -0.649020       -0.480302
          0.083490       -0.742896       -0.046841
         -0.095922       -0.546869        0.717590
         -0.306960       -0.076307        1.461062
         -0.327639        0.302845        1.813137
         -0.160281        0.338171        1.713117
         -0.062639        0.196188        1.425299
         -0.176073        0.141329        1.123406
         -0.342041        0.135726        0.646383
         -0.358476       -0.021311       -0.158098
         -0.234434       -0.309563       -1.039833
         -0.106195       -0.476503       -1.563934
         -0.043693       -0.343579       -1.639030
         -0.009522        0.048200       -1.574798
          0.076664        0.551317       -1.618993
          0.248980        1.029037       -1.657323
          0.440080        1.388896       -1.428392
          0.567510        1.608740       -0.862534
          0.642740        1.713387       -0.130597
          0.668835        1.673357        0.488917
          0.531372        1.402798        0.712748
          0.203707        0.926711        0.409161
         -0.075139        0.441506       -0.206082
         -0.103618        0.103758       -0.657454
         -0.059549       -0.147868       -0.618638
         -0.236477       -0.467159       -0.178051
         -0.568622       -0.894749        0.298708
         -0.731049       -1.347140        0.462162
         -0.609906       -1.696090        0.209187
         -0.368826       -1.806723       -0.196909
         -0.115197       -1.627053       -0.306789
          0.204886       -1.294302        0.027363
          0.570757       -1.040930        0.444295
          0.778370       -0.944097        0.542417
          0.652177       -0.839418        0.388381
          0.269144       -0.530603        0.305433
         -0.096645       -0.067560        0.350745
         -0.242507        0.247917        0.347637
         -0.222239        0.220052        0.295108
         -0.235682        0.081084        0.359326
         -0.344265        0.258563        0.510347
         -0.379880        0.774698        0.534792
         -0.184148        1.117574        0.442764
          0.160590        0.861587        0.538998
          0.428349        0.213668        0.968848
          0.479184       -0.277817        1.443942
          0.302478       -0.421659        1.608238
         -0.030308       -0.512645        1.505901
         -0.339393       -0.794312        1.442771
         -0.427488       -1.103830        1.471250
         -0.338764       -1.161722        1.302847
         -0.350296       -0.959762        0.769916
         -0.557583       -0.678454        0.126701
         -0.677663       -0.402302       -0.231544
         -0.445719       -0.107197       -0.210142
         -0.006274        0.198034       -0.064349
          0.286553        0.467794       -0.074727
          0.298955        0.645719       -0.267842
          0.182098        0.619648       -0.466348
          0.136059        0.330601       -0.553692
          0.241543       -0.002508       -0.611525
          0.440510       -0.005567       -0.778448
          0.597703        0.383092       -1.036564
          0.616212        0.789798       -1.197634
          0.497705        0.879514       -1.112378
          0.272773        0.745649       -0.876103
         -0.045074        0.689649       -0.764646
         -0.383051        0.804842       -0.912816
         -0.586793        0.951732       -1.134498
         -0.542420        1.014322       -1.171443
         -0.264823        0.993633       -1.022167
          0.127399        0.890542       -0.838045
          0.456420        0.654041       -0.583863
          0.577660        0.277091       -0.078700
          0.531257       -0.149648        0.629368
          0.510873       -0.515075        1.202871
          0.579108       -0.736079        1.376872
          0.529792       -0.702067        1.153319
          0.159713       -0.318344        0.615645
         -0.411166        0.279341       -0.162307
         -0.822211        0.693872       -0.926531
         -0.852484        0.646346       -1.273990
         -0.623403        0.309734       -1.114043
         -0.393981        0.069823       -0.871848
         -0.239323        0.030238       -0.920844
         -0.059145       -0.019564       -0.989524
          0.130932       -0.202247       -0.536077
          0.151936       -0.389342        0.385991
         -0.014784       -0.475466        1.113358
         -0.110071       -0.588257        1.232089
          0.038960       -0.901254        0.969888
          0.271393       -1.348322        0.651117
          0.382067       -1.655444        0.249956
          0.407441       -1.631677       -0.318197
          0.413996       -1.319255       -0.853881
          0.264959       -0.849718       -1.072681
         -0.116031       -0.279072       -0.922041
         -0.453833        0.364635       -0.550232
         -0.425666        0.966028       -0.140277
         -0.138074        1.362404        0.140723
          0.027257        1.484049        0.195480
         -0.020281        1.406334        0.077260
         -0.014703        1.275899       -0.072741
          0.151131        1.208915       -0.163586
          0.207609        1.236576       -0.166018
         -0.040865        1.293852       -0.080874
         -0.345011        1.225447        0.009830
         -0.353516        0.854179       -0.000558
         -0.135085        0.167948       -0.024365
         -0.045069       -0.540109        0.193852
         -0.172734       -0.882788        0.683922
         -0.261474       -0.833593        1.110549
         -0.167472       -0.805374        1.232014
         -0.057082       -1.106588        1.261247
         -0.066454       -1.479985        1.498639
         -0.066752       -1.434997        1.813042
          0.080690       -0.936348        1.814876
          0.268558       -0.456780        1.409755
          0.301839       -0.350004        0.843561
          0.132448       -0.460255        0.270191
         -0.176175       -0.428971       -0.369179
         -0.537438       -0.160204       -1.003736
         -0.809667        0.134052       -1.316441
         -0.845786        0.212121       -1.149337
         -0.636164        0.040352       -0.791624
         -0.298312       -0.169767       -0.629627
          0.034910       -0.149691       -0.655992
          0.231240        0.127911       -0.572815
          0.211333        0.383905       -0.272868
          0.112188        0.356043        0.065480
          0.223697        0.102527        0.313996
          0.618628       -0.130962        0.530567
          1.005268       -0.231106        0.727906
          1.074967       -0.255899        0.747119
          0.845254       -0.272119        0.445018
          0.536590       -0.316877       -0.134433
          0.268445       -0.417973       -0.829675
          0.052154       -0.509429       -1.491130
         -0.050476       -0.436010       -1.975773
          0.001077       -0.173371       -2.094704
          0.082326        0.072837       -1.707012
          0.076380        0.135199       -0.930681
          0.088027        0.163315       -0.166789
          0.215560        0.463654        0.240456
          0.256099        1.069674        0.362115
         -0.023376        1.620726        0.556409
         -0.459656        1.740479        0.985488
         -0.698083        1.445610        1.450872
         -0.698024        1.064323        1.734057
         -0.684753        0.794568        1.851489
         -0.714766        0.506097        1.866222
         -0.627575        0.013191        1.697220
         -0.362091       -0.615595        1.291193
         -0.049599       -1.121921        0.776845
          0.174597       -1.339609        0.263960
          0.280463       -1.315659       -0.310148
          0.306586       -1.204561       -0.932186
          0.312083       -1.118947       -1.320829
          0.325096       -1.040880       -1.246407
          0.318266       -0.822806       -0.895776
          0.277575       -0.339519       -0.658762
          0.245464        0.300498       -0.653616
          0.233741        0.785173       -0.691617
          0.176701        0.930813       -0.615703
          0.043625        0.906821       -0.452022
         -0.088148        1.031414       -0.295072
         -0.131287        1.389616       -0.239083
         -0.068778        1.725589       -0.361978
          0.091687        1.690643       -0.598259
          0.312247        1.167654       -0.697989
          0.443159        0.373968       -0.503126
          0.317834       -0.335215       -0.202373
          0.000501       -0.755655       -0.110517
         -0.220019       -0.914228       -0.248902
         -0.168047       -0.905921       -0.365367
          0.022568       -0.763109       -0.343470
          0.125032       -0.525427       -0.353751
          0.100970       -0.322369       -0.555331
          0.064274       -0.276210       -0.839027
          0.058279       -0.379113       -0.958579
          0.000554       -0.550130       -0.810395
         -0.158356       -0.736247       -0.496605
         -0.322987       -0.859021       -0.153639
         -0.354211       -0.766505        0.208046
         -0.246317       -0.405118        0.670288
         -0.142123        0.005508        1.237393
         -0.163994        0.134563        1.758908
         -0.281838       -0.106161        2.073553
         -0.380740       -0.469596        2.189974
         -0.409027       -0.643804        2.223745
         -0.395709       -0.545371        2.176932
         -0.349493       -0.334854        1.943125
         -0.218354       -0.198431        1.562383
          0.033119       -0.161938        1.266952
          0.335795       -0.117114        1.150490
          0.527312        0.032675        0.958714
          0.487768        0.302342        0.393030
          0.281627        0.636076       -0.451398
          0.095063        0.909468       -1.118705
         -0.001240        0.986808       -1.262737
         -0.108014        0.866431       -0.972877
         -0.264042        0.701568       -0.612196
         -0.337196        0.605527       -0.428087
         -0.254684        0.535748       -0.391871
         -0.142811        0.435102       -0.369548
         -0.092482        0.343842       -0.329261
          0.010623        0.274550       -0.321644
          0.250811        0.123740       -0.332254
          0.475792       -0.165170       -0.287305
          0.504437       -0.467577       -0.218014
          0.359435       -0.631322       -0.271733
          0.145684       -0.670123       -0.475902
         -0.104679       -0.682398       -0.633972
         -0.328847       -0.656751       -0.608470
         -0.377416       -0.494444       -0.594023
         -0.215250       -0.187750       -0.892527
         -0.030665        0.140786       -1.453342
         -0.006788        0.353067       -1.857352
         -0.082547        0.362307       -1.787067
         -0.068046        0.147072       -1.335293
          0.063668       -0.177714       -0.810343
          0.150751       -0.348182       -0.401139
          0.110826       -0.158235       -0.104338
          0.073330        0.301420        0.140506
          0.180043        0.712572        0.347449
          0.397661        0.867109        0.497084
          0.598245        0.853130        0.598037
          0.674880        0.867536        0.693220
          0.531634        0.939766        0.790164
          0.157801        0.939745        0.826640
         -0.235582        0.800799        0.754406
         -0.376628        0.597260        0.642240
         -0.286889        0.397388        0.647426
         -0.250537        0.162201        0.853284
         -0.386700       -0.172490        1.119037
         -0.491934       -0.592063        1.128365
         -0.371724       -0.991454        0.694469
         -0.109908       -1.201770        0.036726
          0.082961       -1.071027       -0.406717
          0.136939       -0.639795       -0.508094
          0.144430       -0.209293       -0.565221
          0.185048       -0.082441       -0.768672
          0.210655       -0.218711       -0.877746
          0.131033       -0.273528       -0.678054
         -0.030406       -0.007716       -0.425168
         -0.172316        0.452706       -0.465162
         -0.299539        0.793084       -0.675797
         -0.494406        0.828115       -0.670655
         -0.665481        0.582352       -0.364837
         -0.557086        0.174890        0.005440
         -0.125511       -0.249461        0.264334
          0.303761       -0.550174        0.399063
          0.411869       -0.697405        0.407709
          0.266805       -0.805270        0.289515
          0.163330       -0.937072        0.119557
          0.190172       -0.948828       -0.005417
          0.160854       -0.677641       -0.032933
         -0.036763       -0.234447        0.077455
         -0.239848        0.048838        0.337914
         -0.256893       -0.027376        0.641446
         -0.137393       -0.323048        0.799990
         -0.035924       -0.525554        0.735292
          0.055223       -0.475113        0.575655
          0.231348       -0.277735        0.519349
          0.417880       -0.102764        0.616036
          0.418517        0.031443        0.707929
          0.208162        0.187020        0.602742
         -0.018732        0.321570        0.290127
         -0.103399        0.334275       -0.051863
         -0.072030        0.255474       -0.251183
         -0.033387        0.227222       -0.282334
         -0.055615        0.297284       -0.230026
         -0.134095        0.364519       -0.199128
         -0.199195        0.338658       -0.255082
         -0.184456        0.258837       -0.360967
         -0.113787        0.246268       -0.380169
         -0.058358        0.387935       -0.237484
         -0.018574        0.635899       -0.053113
          0.057012        0.788648        0.001881
          0.160832        0.641210       -0.054574
          0.238184        0.200650       -0.079652
          0.276300       -0.310668       -0.079279
          0.281570       -0.687711       -0.205270
          0.217701       -0.896033       -0.452890
          0.077449       -0.984833       -0.583462
         -0.036283       -0.966923       -0.435548
         -0.026671       -0.843744       -0.130854
          0.043736       -0.667721        0.126226
          0.049511       -0.503234        0.289727
         -0.000376       -0.351099        0.402667
         -0.027733       -0.166735        0.429544
         -0.086799        0.046669        0.296024
         -0.267725        0.210101        0.020009
         -0.427773        0.263608       -0.303005
         -0.314959        0.257603       -0.596068
         -0.001339        0.298534       -0.807467
          0.128772        0.416762       -0.875492
         -0.060912        0.539915       -0.766713
         -0.231966        0.584172       -0.519537
         -0.088228        0.522969       -0.193628
          0.191396        0.392941        0.183932
          0.286584        0.289726        0.562934
          0.219334        0.324548        0.809279
          0.198912        0.518746        0.800423
          0.216519        0.764208        0.590885
          0.135721        0.935368        0.394878
          0.027947        0.995684        0.357910
          0.076014        0.940076        0.422229
          0.220648        0.707343        0.485713
          0.211564        0.263897        0.577782
          0.000935       -0.253233        0.718200
         -0.179155       -0.591175        0.714367
         -0.176037       -0.598187        0.378056
         -0.125339       -0.338633       -0.085772
         -0.192838       -0.019558       -0.241996
         -0.275036        0.139744       -0.032660
         -0.123250        0.015456        0.132860
          0.287191       -0.328540        0.014339
          0.658635       -0.644070       -0.116447
          0.690109       -0.703912        0.015528
          0.426409       -0.556803        0.205488
          0.192665       -0.480061        0.104244
          0.181045       -0.611936       -0.247599
          0.234904       -0.749401       -0.547664
          0.115577       -0.621203       -0.687273
         -0.157606       -0.257389       -0.774267
         -0.375809        0.057102       -0.832292
         -0.451989        0.149403       -0.735038
         -0.489796        0.144110       -0.409217
         -0.564805        0.257206        0.034072
         -0.602989        0.486067        0.387697
         -0.536486        0.596409        0.552935
         -0.459213        0.438269        0.624025
         -0.502032        0.169872        0.688764
         -0.605564        0.047905        0.594219
         -0.568635        0.073270        0.113879
         -0.328210        0.041321       -0.628167
         -0.038769       -0.087938       -1.148057
          0.171352       -0.130464       -1.138005
          0.367579       -0.036961       -0.806563
          0.627523       -0.032629       -0.534409
          0.810076       -0.258578       -0.395414
          0.679878       -0.505408       -0.240430
          0.247569       -0.491364       -0.081844
         -0.186475       -0.240864       -0.077272
         -0.384673        0.003495       -0.179699
         -0.407198        0.134318       -0.119850
         -0.400997        0.257446        0.191045
         -0.340965        0.449886        0.481774
         -0.156220        0.593214        0.480866
          0.041629        0.520778        0.295095
          0.083836        0.287269        0.256043
          0.009781        0.171118        0.477575
         -0.003113        0.329516        0.748805
          0.083894        0.545564        0.822948
          0.149986        0.460667        0.628513
          0.127858        0.009888        0.223368
          0.073508       -0.519242       -0.259961
          0.041090       -0.835270       -0.629606
          0.020157       -0.909270       -0.791329
          0.007065       -0.890054       -0.883762
          0.042828       -0.875593       -1.064093
          0.141765       -0.824592       -1.196332
          0.236698       -0.656313       -0.998290
          0.246313       -0.395157       -0.481701
          0.177122       -0.185676        0.030181
          0.115647       -0.139010        0.334631
          0.128253       -0.184233        0.512691
          0.197783       -0.123066        0.638812
          0.246687        0.165079        0.640752
          0.204630        0.610328        0.514415
          0.072307        1.029398        0.378121
         -0.068143        1.265025        0.231084
         -0.123906        1.278028       -0.050872
         -0.085817        1.178138       -0.398368
         -0.042771        1.135560       -0.538415
         -0.081581        1.173780       -0.402265
         -0.169627        1.093544       -0.226457
         -0.184318        0.709106       -0.136389
         -0.091963        0.106603        0.036924
         -0.017548       -0.445085        0.383429
         -0.056419       -0.775337        0.679879
         -0.110495       -0.900695        0.707096
         -0.033616       -0.926175        0.547045
          0.139629       -0.966710        0.401945
          0.237481       -1.073195        0.319655
          0.168816       -1.147439        0.234684
          0.004879       -1.031602        0.117182
         -0.113182       -0.745699       -0.036030
         -0.097507       -0.516505       -0.228480
          0.021634       -0.503607       -0.384317
          0.140909       -0.596771       -0.348974
          0.209493       -0.543703       -0.063940
          0.276857       -0.218412        0.325587
          0.394200        0.262749        0.599008
          0.518215        0.652248        0.641705
          0.550252        0.790970        0.480916
          0.444979        0.732610        0.239274
          0.249757        0.645674        0.083446
          0.043919        0.616193        0.097495
         -0.128794        0.599963        0.145829
         -0.249994        0.550562       -0.028045
         -0.285135        0.493219       -0.491008
         -0.212084        0.438072       -0.985752
         -0.089903        0.328447       -1.159371
         -0.032900        0.157671       -0.862754
         -0.084851        0.042106       -0.208353
         -0.164983        0.068116        0.559426
         -0.174788        0.146517        1.194939
         -0.119711        0.134831        1.553908
         -0.077003        0.028965        1.658187
         -0.066617       -0.084255        1.612702
         -0.026413       -0.197068        1.421789
          0.059139       -0.380655        0.991362
          0.085360       -0.650474        0.373913
         -0.029415       -0.927903       -0.147353
         -0.187988       -1.119646       -0.373661
         -0.232949       -1.169421       -0.461404
         -0.180210       -1.047197       -0.672763
         -0.175554       -0.755584       -0.959327
         -0.239429       -0.373251       -1.052988
         -0.236648       -0.055134       -0.909127
         -0.119611        0.077626       -0.759278
         -0.019782        0.076414       -0.723335
         -0.031481        0.136068       -0.658317
         -0.065435        0.367128       -0.426751
         -0.016475        0.642516       -0.063390
          0.054616        0.742062        0.360334
          0.021878        0.607699        0.807924
         -0.114644        0.371508        1.156863
         -0.233663        0.163129        1.197777
         -0.228342       -0.005827        0.862627
         -0.093728       -0.155548        0.364132
          0.061402       -0.228828        0.007388
          0.097079       -0.133828       -0.121684
          0.010508        0.113817       -0.203648
         -0.033658        0.344124       -0.408496
          0.059111        0.394198       -0.667161
          0.147784        0.323665       -0.802309
          0.074060        0.371673       -0.807672
         -0.077168        0.643698       -0.846365
         -0.126523        0.954943       -0.986118
         -0.089197        1.077918       -1.098980
         -0.095625        1.018956       -1.062113
         -0.129132        0.918201       -0.911790
         -0.080815        0.805569       -0.724601
          0.014045        0.631709       -0.467841
          0.035926        0.432900       -0.086633
          0.017413        0.259124        0.313425
          0.075311        0.016337        0.500134
          0.146119       -0.394496        0.359340
          0.038201       -0.828671        0.013444
         -0.251889       -1.025856       -0.354193
         -0.486758       -0.969946       -0.678809
         -0.467282       -0.879375       -0.912442
         -0.216788       -0.841827       -0.895578
          0.096652       -0.730589       -0.562817
          0.305683       -0.523896       -0.177839
          0.346503       -0.416171       -0.065552
          0.296822       -0.498275       -0.150148
          0.269481       -0.576187       -0.073556
          0.259290       -0.455109        0.246950
          0.191624       -0.202393        0.521045
          0.092302        0.031718        0.558364
          0.056999        0.277812        0.493312
          0.085166        0.624027        0.481555
          0.100743        0.939498        0.491167
          0.079957        0.962636        0.488671
          0.018064        0.662207        0.562517
         -0.119878        0.306287        0.737496
         -0.269534        0.109677        0.860887
         -0.240883       -0.032348        0.794796
          0.009279       -0.350933        0.593700
          0.233954       -0.839151        0.392631
          0.210661       -1.220772        0.215095
          0.052432       -1.269385       -0.008722
         -0.002441       -1.024254       -0.289918
          0.029306       -0.645499       -0.544097
         -0.029180       -0.194583       -0.684858
         -0.132989        0.312912       -0.673361
         -0.054890        0.731175       -0.497596
          0.186974        0.855961       -0.201791
          0.271416        0.688082        0.073037
          0.041763        0.475406        0.192568
         -0.255583        0.431298        0.184625
         -0.339656        0.506938        0.196065
         -0.257569        0.508856        0.307587
         -0.212397        0.361905        0.491409
         -0.220628        0.152904        0.715669
         -0.132087       -0.042111        0.967686
          0.103937       -0.237015        1.192902
          0.352240       -0.431780        1.307369
          0.460964       -0.560246        1.251472
          0.428360       -0.585033        0.988908
          0.375190       -0.550137        0.526477
          0.386829       -0.506990       -0.023197
          0.427718       -0.453744       -0.497150
          0.415948       -0.352335       -0.844504
          0.332991       -0.167145       -1.135233
          0.234936        0.072680       -1.382889
          0.192449        0.221218       -1.477246
          0.232131        0.125702       -1.336370
          0.306124       -0.139481       -1.038019
          0.328056       -0.257803       -0.756574
          0.260362       -0.013795       -0.592634
          0.133297        0.414498       -0.457433
         -0.027780        0.643062       -0.136100
         -0.226766        0.538458        0.473420
         -0.438256        0.352163        1.191479
         -0.598514        0.382605        1.699672
         -0.666025        0.625922        1.837863
         -0.640566        0.822148        1.681305
         -0.549989        0.765922        1.354151
         -0.459342        0.489284        0.890270
         -0.416045        0.158457        0.315132
         -0.354879       -0.133216       -0.234942
         -0.194026       -0.413030       -0.581443
         -0.038736       -0.681030       -0.682395
         -0.075477       -0.804601       -0.653222
         -0.247511       -0.652692       -0.584961
         -0.295935       -0.316064       -0.433047
         -0.133074       -0.078527       -0.148671
          0.097390       -0.112526        0.163598
          0.305009       -0.286043        0.324972
          0.504344       -0.347713        0.296133
          0.622465       -0.218119        0.238616
          0.543754        0.009163        0.349082
          0.323448        0.262749        0.627404
          0.129018        0.529075        0.807971
          0.009706        0.740895        0.601422
         -0.097406        0.792775        0.056489
         -0.192110        0.670980       -0.440663
         -0.201772        0.460408       -0.619635
         -0.119565        0.224419       -0.618446
         -0.049649       -0.040020       -0.689066
         -0.113974       -0.327758       -0.811003
         -0.327928       -0.577223       -0.820840
         -0.545596       -0.725798       -0.763253
         -0.564901       -0.775820       -0.839100
         -0.335906       -0.764340       -1.081102
         -0.012420       -0.691400       -1.315683
          0.243127       -0.544982       -1.402667
          0.414545       -0.387082       -1.320883
          0.537207       -0.313120       -1.059917
          0.571229       -0.296825       -0.618656
          0.477377       -0.179885       -0.113482
          0.325653        0.124622        0.270297
          0.201828        0.496886        0.477440
          0.074611        0.734385        0.627467
         -0.118439        0.752137        0.806134
         -0.318695        0.619409        0.897211
         -0.412490        0.455556        0.728067
         -0.391137        0.336857        0.359784
         -0.320583        0.268234        0.087697
         -0.216128        0.195831        0.082240
         -0.078823        0.056323        0.164472
          0.001642       -0.150838        0.077250
         -0.066574       -0.347093       -0.151073
         -0.193013       -0.464782       -0.321632
         -0.145946       -0.531010       -0.421147
          0.159098       -0.595990       -0.572324
          0.494998       -0.600517       -0.697199
          0.551796       -0.420932       -0.566681
          0.307047       -0.052678       -0.198298
          0.045943        0.356209        0.108729
         -0.010847        0.674894        0.197717
          0.036722        0.913305        0.245635
         -0.033709        1.158647        0.439170
         -0.227312        1.421366        0.690181
         -0.333951        1.539753        0.817273
         -0.228625        1.273367        0.849899
         -0.019625        0.583239        0.957654
          0.116202       -0.204568        1.126475
          0.107529       -0.651791        1.099821
         -0.031644       -0.638023        0.705140
         -0.251379       -0.421338        0.113299
         -0.444774       -0.286205       -0.331988
         -0.508344       -0.290406       -0.486577
         -0.468485       -0.364694       -0.505919
         -0.430488       -0.468561       -0.585481
         -0.391137       -0.564386       -0.705615
         -0.249370       -0.568450       -0.691245
         -0.012004       -0.427948       -0.461369
          0.183366       -0.196017       -0.117034
          0.276955        0.016544        0.217128
          0.353238        0.123615        0.528707
          0.476753        0.084589        0.836076
          0.611373       -0.085843        1.052621
          0.698755       -0.286424        1.029578
          0.678691       -0.365497        0.716266
          0.486159       -0.250109        0.223549
          0.183543       -0.019686       -0.241590
         -0.000612        0.189483       -0.475938
          0.046984        0.334125       -0.405951
          0.120970        0.464870       -0.199421
         -0.007776        0.572751       -0.171778
         -0.226086        0.512580       -0.462762
         -0.265532        0.161966       -0.844172
         -0.131993       -0.374741       -0.952123
         -0.051904       -0.836786       -0.686839
         -0.080621       -1.095686       -0.288527
         -0.083105       -1.247073       -0.024812
         -0.056610       -1.363539        0.099027
         -0.141320       -1.301036        0.264692
         -0.297575       -0.883547        0.526817
         -0.288420       -0.195324        0.693519
         -0.058616        0.466015        0.592855
          0.135230        0.896559        0.362155
          0.088031        1.097299        0.299803
         -0.068313        1.098518        0.443763
         -0.085697        0.876045        0.501284
          0.043123        0.517448        0.263965
          0.121733        0.287764       -0.093195
          0.073736        0.360984       -0.248576
          0.047027        0.565209       -0.123291
          0.174208        0.555190        0.114804
          0.370446        0.219182        0.318302
          0.447213       -0.226205        0.443395
          0.343009       -0.556416        0.432179
          0.150574       -0.793889        0.228581
         -0.030313       -1.056207       -0.068245
         -0.161906       -1.296491       -0.239838
         -0.217501       -1.365143       -0.188311
         -0.169116       -1.243040       -0.023001
         -0.033541       -1.020432        0.100966
          0.132130       -0.704523        0.091108
          0.272486       -0.261692       -0.130878
          0.343119        0.184583       -0.585763
          0.323816        0.428106       -1.081955
          0.246173        0.465232       -1.297371
          0.156127        0.506549       -1.129981
          0.055091        0.668482       -0.810858
         -0.056095        0.822911       -0.556569
         -0.119538        0.814580       -0.287840
         -0.101860        0.697033        0.142332
         -0.074498        0.659290        0.614247
         -0.112358        0.779165        0.866198
         -0.184222        0.937172        0.843494
         -0.236888        0.965645        0.697756
         -0.304890        0.816215        0.523781
         -0.437682        0.572827        0.308679
         -0.579487        0.369447        0.066183
         -0.625651        0.322932       -0.172589
         -0.585971        0.470957       -0.434767
         -0.589642        0.711262       -0.712724
         -0.680161        0.844254       -0.876268
         -0.695827        0.735323       -0.828427
         -0.460213        0.425582       -0.675235
         -0.042345        0.073120       -0.597905
          0.294488       -0.185839       -0.617721
          0.396814       -0.331463       -0.626818
          0.369202       -0.462111       -0.591957
          0.390528       -0.677129       -0.555230
          0.467246       -0.922073       -0.460166
          0.460458       -1.019874       -0.184754
          0.335863       -0.914868        0.219804
          0.252321       -0.783795        0.534426
          0.333884       -0.794422        0.690195
          0.466220       -0.845139        0.855357
          0.437131       -0.695927        1.076303
          0.216785       -0.310370        1.078877
         -0.016234        0.098467        0.660052
         -0.096815        0.368745        0.081596
         -0.020457        0.575693       -0.224140
          0.117495        0.844505       -0.222081
          0.227188        1.097729       -0.237977
          0.250253        1.121005       -0.410117
          0.175129        0.847410       -0.483735
          0.072148        0.456446       -0.183157
          0.036550        0.167927        0.436331
          0.054573        0.014268        1.062043
          0.011785       -0.147287        1.405692
         -0.126068       -0.435721        1.371306
         -0.250564       -0.795186        1.043667
         -0.287082       -1.042525        0.590018
         -0.313460       -1.043666        0.184857
         -0.409261       -0.817170       -0.020479
         -0.489345       -0.484376        0.039812
         -0.416551       -0.179432        0.266349
         -0.224725        0.003517        0.444766
         -0.093102        0.066026        0.423582
         -0.105734        0.115815        0.208848
         -0.150505        0.234742       -0.096624
         -0.081405        0.351822       -0.362839
          0.097181        0.358049       -0.486017
          0.254226        0.306724       -0.512528
          0.308185        0.328369       -0.660468
          0.317246        0.367691       -1.031835
          0.364069        0.220478       -1.361927
          0.400148       -0.146632       -1.301491
          0.289194       -0.527939       -0.907729
          0.013409       -0.759890       -0.568114
         -0.246482       -0.854822       -0.446742
         -0.298395       -0.833291       -0.321843
         -0.162343       -0.670037       -0.026605
         -0.024574       -0.462395        0.254535
          0.013777       -0.410688        0.278232
          0.031001       -0.535969        0.121829
          0.107571       -0.608325        0.082828
          0.187326       -0.441598        0.287761
          0.190809       -0.098539        0.558044
          0.148164        0.259137        0.653032
          0.112460        0.555158        0.540346
          0.042705        0.749946        0.395934
         -0.102822        0.758649        0.383250
         -0.246311        0.541323        0.469112
         -0.300390        0.212412        0.472332
         -0.322264       -0.024945        0.298764
         -0.408916       -0.052123        0.091031
         -0.492698        0.061748        0.079181
         -0.405858        0.114291        0.287028
         -0.143082       -0.047520        0.486118
          0.091071       -0.372587        0.486772
          0.130303       -0.656772        0.367221
          0.020121       -0.751464        0.318606
         -0.096241       -0.661849        0.359330
         -0.141275       -0.426502        0.343057
         -0.095176       -0.011979        0.192635
          0.046855        0.571542       -0.026883
          0.219842        1.122326       -0.258533
          0.293557        1.372604       -0.544918
          0.223525        1.278772       -0.934985
          0.122464        1.061633       -1.369229
          0.114009        0.919968       -1.689512
          0.190557        0.825534       -1.745847
          0.267490        0.668820       -1.509379
          0.295344        0.480631       -1.109251
          0.269147        0.373514       -0.733191
          0.201325        0.332666       -0.461643
          0.126214        0.221017       -0.237433
          0.081120       -0.020238       -0.014175
          0.074153       -0.314195        0.164241
          0.102201       -0.587785        0.287174
          0.160190       -0.817285        0.447453
          0.191670       -0.923224        0.681815
          0.100232       -0.806929        0.871002
         -0.126552       -0.555735        0.919414
         -0.359637       -0.424180        0.888918
         -0.445381       -0.504860        0.818213
         -0.343251       -0.578336        0.583275
         -0.138604       -0.391642        0.128591
          0.030140        0.069119       -0.309654
          0.066572        0.658310       -0.437108
          0.002667        1.224014       -0.275799
         -0.021810        1.577823       -0.097113
          0.074387        1.516844       -0.029262
          0.199756        1.041023        0.054372
          0.215189        0.438334        0.246167
          0.125729        0.035035        0.416264
          0.046977       -0.077918        0.412113
          0.025670       -0.034879        0.304467
          0.006779       -0.018484        0.303983
         -0.058069       -0.142836        0.492804
         -0.165374       -0.413908        0.733723
         -0.273764       -0.724838        0.813791
         -0.297007       -0.928483        0.626237
         -0.171176       -0.966560        0.262688
          0.013144       -0.905488       -0.025120
          0.068067       -0.817746       -0.024848
         -0.037210       -0.676914        0.202992
         -0.115188       -0.432477        0.352972
         -0.018532       -0.149468        0.216381
          0.183106        0.021552       -0.073978
          0.343895        0.010789       -0.250177
          0.402043       -0.118038       -0.292149
          0.332938       -0.272401       -0.429195
          0.114293       -0.394131       -0.753667
         -0.161738       -0.426914       -1.022885
         -0.296040       -0.335344       -0.946386
         -0.221893       -0.182883       -0.547624
         -0.114430       -0.103706       -0.121180
         -0.155220       -0.160631        0.095700
         -0.302067       -0.281939        0.103107
         -0.386594       -0.352306        0.051790
         -0.330684       -0.312659        0.085197
         -0.181478       -0.164013        0.228310
         -0.024242        0.055158        0.338440
          0.074329        0.268511        0.206559
          0.103094        0.403768       -0.195961
          0.113277        0.464099       -0.610951
          0.138817        0.506158       -0.737385
          0.138554        0.547371       -0.553887
          0.082284        0.567872       -0.299874
          0.030767        0.588394       -0.170584
          0.038016        0.638585       -0.154707
          0.042895        0.651972       -0.166097
         -0.035254        0.519012       -0.189895
         -0.155330        0.264996       -0.232573
         -0.218767        0.052550       -0.223413
         -0.222163       -0.031457       -0.069565
         -0.232077       -0.077307        0.197204
         -0.239944       -0.183179        0.399384
         -0.155819       -0.289664        0.394977
          0.054040       -0.273247        0.270857
          0.316591       -0.134222        0.269787
          0.543698        0.003340        0.468548
          0.687124        0.035540        0.619691
          0.702526       -0.048287        0.435584
          0.562947       -0.178992       -0.029306
          0.326870       -0.232680       -0.429999
          0.105829       -0.129453       -0.528259
         -0.046745        0.022847       -0.367469
         -0.150401       -0.001754       -0.078558
         -0.220181       -0.245813        0.258732
         -0.231769       -0.470969        0.520922
         -0.141063       -0.473653        0.556542
          0.073137       -0.355002        0.414146
          0.329974       -0.333664        0.334560
          0.444009       -0.418317        0.375983
          0.314203       -0.430310        0.278069
          0.075142       -0.256446       -0.112111
         -0.069809        0.083200       -0.504149
         -0.104720        0.548044       -0.506990
         -0.147692        1.085339       -0.155546
         -0.222966        1.534923        0.153275
         -0.254588        1.664917        0.159024
         -0.228558        1.358655       -0.041840
         -0.202598        0.725768       -0.219273
         -0.189805        0.008449       -0.268405
         -0.167379       -0.594963       -0.243990
         -0.176172       -1.003003       -0.248165
         -0.283036       -1.189437       -0.311935
         -0.440470       -1.112720       -0.378058
         -0.494619       -0.751577       -0.407151
         -0.364027       -0.207406       -0.438300
         -0.139371        0.289397       -0.477444
          0.013890        0.543640       -0.419403
          0.006903        0.562116       -0.205207
         -0.100931        0.505284        0.042167
         -0.144233        0.487775        0.204191
         -0.024519        0.493009        0.378686
          0.137037        0.459802        0.681496
          0.143512        0.352164        0.934550
          0.037833        0.146086        0.842012
          0.072135       -0.146290        0.446133
          0.304324       -0.423537        0.124350
          0.466658       -0.561236        0.127744
          0.350294       -0.555387        0.364654
          0.098572       -0.524724        0.632809
         -0.029188       -0.557232        0.826518
         -0.004236       -0.624200        0.892566
          0.029097       -0.649627        0.779063
          0.027041       -0.587570        0.498980
          0.074036       -0.420670        0.156941
          0.191705       -0.158190       -0.138810
          0.290293        0.140097       -0.378204
          0.302674        0.392495       -0.639948
          0.231213        0.561726       -0.957384
          0.074662        0.649136       -1.212455
         -0.152149        0.637857       -1.228004
         -0.334738        0.515106       -0.979191
         -0.336691        0.344298       -0.647044
         -0.169066        0.230268       -0.418561
          0.023227        0.204010       -0.276478
          0.126254        0.206369       -0.055431
          0.112065        0.173228        0.304166
         -0.025937        0.072486        0.657310
         -0.267223       -0.107966        0.850389
         -0.506495       -0.326471        0.908243
         -0.614313       -0.472715        0.937222
         -0.567759       -0.474319        0.935549
         -0.445015       -0.408692        0.818625
         -0.300757       -0.434875        0.577657
         -0.133211       -0.595205        0.301939
          0.042189       -0.724423        0.066696
          0.186185       -0.598168       -0.115673
          0.284714       -0.183717       -0.248617
          0.317697        0.289541       -0.339652
          0.241495        0.548043       -0.436917
          0.100509        0.548408       -0.592183
          0.045164        0.493368       -0.764390
          0.113176        0.577603       -0.838358
          0.128491        0.766297       -0.774994
         -0.035571        0.853750       -0.676840
         -0.226375        0.705915       -0.663972
         -0.200498        0.392950       -0.733213
          0.053824        0.096380       -0.781425
          0.312624       -0.058581       -0.737585
          0.381634       -0.087190       -0.619470
          0.279177       -0.119666       -0.456010
          0.169154       -0.278986       -0.214937
          0.159475       -0.524165        0.130075
          0.204350       -0.635585        0.485933
          0.220389       -0.432063        0.682211
          0.228603       -0.002131        0.650475
          0.290773        0.348468        0.496229
          0.356085        0.397184        0.360948
          0.304732        0.206464        0.270295
          0.139331        0.010988        0.162127
         -0.000348       -0.040959        0.021827
         -0.040620        0.011387       -0.067832
         -0.061350        0.052538       -0.018333
         -0.122455        0.020422        0.132257
         -0.138110       -0.081115        0.191787
         -0.035828       -0.232739       -0.021003
          0.068881       -0.418551       -0.431272
          0.009070       -0.603092       -0.693849
         -0.187311       -0.714448       -0.536304
         -0.341577       -0.676186       -0.084900
         -0.369166       -0.476091        0.282755
         -0.322297       -0.199067        0.394007
         -0.222623        0.027427        0.421311
         -0.026029        0.130366        0.540247
          0.235994        0.135799        0.653034
          0.422324        0.120832        0.574588
          0.426202        0.128849        0.329080
          0.282853        0.145910        0.087755
          0.125384        0.158312       -0.077002
          0.061211        0.188140       -0.183922
          0.067278        0.234233       -0.164447
          0.002519        0.221636        0.083016
         -0.227844        0.082710        0.455616
         -0.530252       -0.124703        0.674014
         -0.703345       -0.253174        0.626241
         -0.631978       -0.228596        0.523288
         -0.342633       -0.127140        0.599988
          0.065209       -0.087234        0.784208
          0.448355       -0.184701        0.805327
          0.641838       -0.392079        0.548248
          0.562106       -0.625549        0.138320
          0.283521       -0.812942       -0.276388
         -0.028367       -0.900937       -0.643060
         -0.242919       -0.812851       -0.906336
         -0.330043       -0.497547       -0.977497
         -0.354880       -0.078729       -0.850555
         -0.410062        0.160108       -0.621071
         -0.506608        0.067857       -0.373621
         -0.538015       -0.169916       -0.165883
         -0.396132       -0.241098       -0.086291
         -0.114068       -0.049921       -0.170594
          0.147026        0.271510       -0.295669
          0.255932        0.601469       -0.315341
          0.233591        0.905571       -0.265376
          0.210417        1.121239       -0.278425
          0.266861        1.149415       -0.333600
          0.336191        0.989905       -0.261999
          0.296445        0.763323       -0.004967
          0.141932        0.560303        0.292551
         -0.010787        0.354986        0.489536
         -0.096677        0.112271        0.602713
         -0.176235       -0.095894        0.668566
         -0.292304       -0.163859        0.593585
         -0.373895       -0.096612        0.293750
         -0.350194        0.024568       -0.100533
         -0.235272        0.192511       -0.341017
         -0.044625        0.452355       -0.333734
          0.215028        0.727893       -0.200045
          0.431887        0.827075       -0.101463
          0.464166        0.672469       -0.101734
          0.367316        0.408659       -0.176203
          0.330037        0.228562       -0.273447
          0.369131        0.182117       -0.354223
          0.331344        0.199308       -0.395722
          0.199816        0.225379       -0.377354
          0.122776        0.268768       -0.283881
          0.111422        0.332971       -0.119967
         -0.013247        0.346211        0.095983
         -0.299041        0.194831        0.327436
         -0.523933       -0.155795        0.492730
         -0.493590       -0.592933        0.508681
         -0.307759       -0.936225        0.402953
         -0.192206       -1.075375        0.305293
         -0.179539       -1.022191        0.276970
         -0.120440       -0.875106        0.239637
          0.046896       -0.761756        0.133505
          0.214772       -0.748941        0.038924
          0.285353       -0.747461        0.045266
          0.280622       -0.571283        0.092137
          0.264813       -0.170646        0.069546
          0.269844        0.260470        0.016296
          0.293722        0.506130        0.066744
          0.299925        0.588719        0.218402
          0.247653        0.683413        0.318715
          0.153828        0.825293        0.306366
          0.061514        0.858647        0.287469
         -0.047566        0.685903        0.298291
         -0.204297        0.422591        0.169620
         -0.337127        0.237431       -0.234153
         -0.343073        0.129667       -0.761614
         -0.263058       -0.047223       -1.109611
         -0.240796       -0.379207       -1.148980
         -0.302257       -0.782644       -1.000712
         -0.325299       -1.087646       -0.835304
         -0.260979       -1.177829       -0.698664
         -0.231606       -1.059744       -0.526118
         -0.320543       -0.845914       -0.262641
         -0.392329       -0.674636        0.051980
         -0.264061       -0.608841        0.313990
          0.014140       -0.593364        0.460086
          0.206746       -0.517464        0.507201
          0.200124       -0.319285        0.486238
          0.111212       -0.023513        0.399941
          0.079462        0.299826        0.277441
          0.103653        0.570490        0.205621
          0.133397        0.700836        0.251336
          0.178810        0.636856        0.384261
          0.249803        0.432326        0.514154
          0.298856        0.226753        0.588357
          0.293813        0.108872        0.625240
          0.253485        0.052466        0.639755
          0.178325        0.017570        0.557874
          0.052143        0.039187        0.277070
         -0.077692        0.160342       -0.159827
         -0.138179        0.339600       -0.545106
         -0.142024        0.475794       -0.724447
         -0.145556        0.475418       -0.737837
         -0.127086        0.281182       -0.677000
         -0.039588       -0.083968       -0.539075
          0.048229       -0.478369       -0.331492
          0.011760       -0.729170       -0.177092
         -0.134585       -0.780217       -0.153866
         -0.238610       -0.693111       -0.138601
         -0.218088       -0.527240        0.021886
         -0.143730       -0.311735        0.266525
         -0.090043       -0.103085        0.404236
         -0.025492        0.049087        0.369152
          0.088781        0.178588        0.244684
          0.188921        0.335888        0.104120
          0.194986        0.468036       -0.020343
          0.159493        0.478490       -0.058675
          0.212107        0.387637        0.050032
          0.353067        0.319887        0.227859
          0.424896        0.335009        0.296061
          0.333443        0.372655        0.177587
          0.176368        0.370470       -0.015496
          0.080017        0.350331       -0.129954
          0.022666        0.367424       -0.141171
         -0.082862        0.434373       -0.135847
         -0.222641        0.512172       -0.186098
         -0.306917        0.534375       -0.293969
         -0.305807        0.443637       -0.413672
         -0.267475        0.261116       -0.469665
         -0.234994        0.118281       -0.388617
         -0.213089        0.140089       -0.180127
         -0.193945        0.272928        0.030934
         -0.165618        0.312238        0.112066
         -0.102481        0.145151        0.054110
          0.022111       -0.105999       -0.046670
          0.200192       -0.226905       -0.101777
          0.366107       -0.140945       -0.072118
          0.431757        0.029491        0.054560
          0.367206        0.073324        0.255228
          0.219473       -0.143296        0.463587
          0.031922       -0.546146        0.607899
         -0.191845       -0.877535        0.639707
         -0.406025       -0.924848        0.547962
         -0.499003       -0.733751        0.399689
         -0.424772       -0.530937        0.324318
         -0.273809       -0.449872        0.382069
         -0.143423       -0.423337        0.491067
         -0.025019       -0.345798        0.546656
          0.112516       -0.229319        0.538475
          0.219233       -0.146462        0.474471
          0.225758       -0.097434        0.285043
          0.143943       -0.012259       -0.074933
          0.036014        0.139634       -0.480438
         -0.065373        0.301365       -0.714238
         -0.147556        0.394667       -0.689148
         -0.178100        0.405272       -0.520091
         -0.133154        0.386652       -0.375824
         -0.031901        0.377053       -0.309959
          0.088481        0.330652       -0.246841
          0.193056        0.164099       -0.100424
          0.242630       -0.131679        0.130856
          0.227649       -0.468315        0.396542
          0.201936       -0.747637        0.664804
          0.221554       -0.921613        0.891263
          0.270862       -0.969444        0.954793
          0.301319       -0.886126        0.735410
          0.297137       -0.708095        0.274010
          0.246975       -0.487358       -0.229330
          0.116057       -0.225935       -0.605823
         -0.077661        0.107145       -0.850598
         -0.213305        0.484762       -1.043645
         -0.181823        0.804081       -1.189245
         -0.032136        0.973901       -1.180465
          0.073051        0.980976       -0.929208
          0.050643        0.868437       -0.516370
         -0.018568        0.683322       -0.176317
         -0.020194        0.447077       -0.094371
          0.040788        0.166292       -0.235851
          0.070855       -0.110302       -0.417489
          0.033890       -0.256066       -0.519369
         -0.009241       -0.153033       -0.558183
         -0.008467        0.162834       -0.569266
         -0.004246        0.499600       -0.507056
         -0.069959        0.676346       -0.302384
         -0.212981        0.643960        0.011713
         -0.360952        0.443025        0.266210
         -0.425285        0.140053        0.272085
         -0.362529       -0.146966       -0.007456
         -0.200267       -0.254750       -0.396117
         -0.025613       -0.118356       -0.629049
          0.079175        0.113859       -0.553433
          0.119112        0.210845       -0.223109
          0.173693        0.114875        0.185093
          0.268283       -0.020190        0.527807
          0.313300       -0.056150        0.755562
          0.239481       -0.027335        0.857014
          0.128105       -0.033185        0.833118
          0.093755       -0.083989        0.744888
          0.094552       -0.124049        0.686172
          0.000726       -0.135786        0.658853
         -0.196285       -0.152402        0.567378
         -0.388939       -0.196611        0.390123
         -0.504521       -0.241867        0.254969
         -0.503532       -0.230339        0.266977
         -0.320911       -0.133680        0.344291
          0.014857        0.005302        0.326896
          0.286963        0.110361        0.210528
          0.296993        0.131475        0.164965
          0.114246        0.044240        0.301360
         -0.028111       -0.145752        0.513192
         -0.026002       -0.341398        0.616524
          0.041689       -0.385221        0.586828
          0.084378       -0.252676        0.558795
          0.076428       -0.143091        0.623848
          0.005860       -0.259849        0.735737
         -0.111265       -0.543391        0.795876
         -0.183368       -0.735351        0.717126
         -0.135217       -0.679018        0.428425
         -0.043001       -0.440285       -0.045225
         -0.061032       -0.143855       -0.519139
         -0.200644        0.168414       -0.801614
         -0.294406        0.465953       -0.893764
         -0.217724        0.644936       -0.914148
         -0.048942        0.639491       -0.885430
          0.042711        0.561546       -0.757095
         -0.007993        0.584717       -0.577933
         -0.129632        0.683640       -0.458124
         -0.211400        0.634674       -0.391257
         -0.179976        0.323397       -0.287116
         -0.029805       -0.092205       -0.170567
          0.162324       -0.401188       -0.196438
          0.277079       -0.574248       -0.444755
          0.259434       -0.667099       -0.795697
          0.173547       -0.632611       -1.025729
          0.113138       -0.400875       -0.976305
          0.087524       -0.073476       -0.638884
          0.048632        0.133257       -0.137228
         -0.011294        0.132773        0.356481
         -0.065709        0.039774        0.722689
         -0.116372        0.004104        0.943901
         -0.158820        0.070953        1.069266
         -0.129792        0.191631        1.140687
         -0.003058        0.267019        1.146356
          0.097184        0.187713        1.016501
          0.018792       -0.055112        0.658886
         -0.180207       -0.296606        0.053392
         -0.258495       -0.350794       -0.646048
         -0.094620       -0.240681       -1.158394
          0.168205       -0.162272       -1.297357
          0.333165       -0.221925       -1.127910
          0.367611       -0.333959       -0.869164
          0.338972       -0.383796       -0.682873
          0.276415       -0.361202       -0.572946
          0.188805       -0.298027       -0.433121
          0.105473       -0.187418       -0.179368
          0.033368       -0.030325        0.129399
         -0.024756        0.108414        0.331654
          0.001416        0.162958        0.351871
          0.168684        0.150373        0.276617
          0.371822        0.132401        0.211493
          0.434045        0.128199        0.163679
          0.347894        0.135020        0.111833
          0.266065        0.205318        0.088077
          0.250532        0.410560        0.124793
          0.203270        0.719559        0.182158
          0.068961        0.980844        0.177063
         -0.069186        1.048686        0.068192
         -0.151178        0.898135       -0.083665
         -0.234450        0.620754       -0.138759
         -0.344450        0.345954       -0.015896
         -0.381579        0.168663        0.188398
         -0.284275        0.105235        0.308768
         -0.155080        0.080453        0.337966
         -0.113905       -0.024031        0.396462
         -0.144345       -0.263367        0.454246
         -0.179464       -0.562437        0.291501
         -0.206052       -0.776607       -0.161238
         -0.195810       -0.821412       -0.631171
         -0.083175       -0.729231       -0.800763
          0.105262       -0.588820       -0.665345
          0.255268       -0.455539       -0.446932
          0.347289       -0.329181       -0.258727
          0.442368       -0.201912       -0.028243
          0.469753       -0.093883        0.287871
          0.290226       -0.019212        0.576924
          0.004489        0.057142        0.686124
         -0.106462        0.179940        0.570593
         -0.012624        0.327118        0.310539
          0.014406        0.420732        0.055326
         -0.134014        0.414527       -0.053218
         -0.230446        0.334832        0.011887
         -0.128956        0.245405        0.121824
         -0.019469        0.201945        0.123094
         -0.089762        0.215386        0.008707
         -0.222838        0.218966       -0.086982
         -0.228607        0.096178       -0.038666
         -0.145986       -0.196360        0.164921
         -0.113753       -0.524993        0.420372
         -0.111580       -0.660462        0.570884
         -0.021914       -0.513362        0.528747
          0.154492       -0.252134        0.395029
          0.301501       -0.125487        0.395911
          0.348233       -0.198365        0.619951
          0.313650       -0.340175        0.866848
          0.226388       -0.435752        0.856881
          0.092757       -0.482856        0.559487
         -0.057917       -0.477683        0.194650
         -0.165435       -0.346242       -0.075785
         -0.209714       -0.058506       -0.306641
         -0.260311        0.280333       -0.597741
         -0.405993        0.526180       -0.921037
         -0.619909        0.629642       -1.177769
         -0.736689        0.627831       -1.299281
         -0.620751        0.566874       -1.237290
         -0.347229        0.481756       -0.975247
         -0.136981        0.390514       -0.608823
         -0.093313        0.260919       -0.318202
         -0.099791        0.049102       -0.204881
         -0.023859       -0.182951       -0.209764
          0.098540       -0.269555       -0.198685
          0.168820       -0.130102       -0.069446
          0.196986        0.107589        0.201243
          0.241284        0.242208        0.529930
          0.263465        0.207806        0.756962
          0.179074        0.090527        0.785128
          0.006427       -0.003102        0.682132
         -0.147154       -0.020199        0.587978
         -0.220920        0.045662        0.544890
         -0.227815        0.149585        0.476781
         -0.165146        0.212908        0.314095
          0.000465        0.216377        0.088864
          0.238003        0.237633       -0.083674
          0.421292        0.326230       -0.103343
          0.444845        0.390935        0.009111
          0.332595        0.297896        0.114418
          0.183806        0.053291        0.111398
          0.042762       -0.185495        0.062196
         -0.106235       -0.273390        0.083656
         -0.232576       -0.209516        0.156118
         -0.261815       -0.106603        0.160217
         -0.209443       -0.049897        0.076949
         -0.183750       -0.010794        0.006382
         -0.198614        0.070213       -0.018012
         -0.119889        0.140360       -0.095425
          0.119056        0.058963       -0.300651
          0.378522       -0.215892       -0.561026
          0.482683       -0.548049       -0.743957
          0.415758       -0.765956       -0.815391
          0.268831       -0.805693       -0.852952
          0.106244       -0.677779       -0.911969
         -0.032037       -0.397749       -0.947576
         -0.096879       -0.031754       -0.903638
         -0.082876        0.267045       -0.803739
         -0.039829        0.365320       -0.681153
          0.021884        0.264188       -0.491767
          0.141708        0.063705       -0.197503
          0.272103       -0.135673        0.122547
          0.265984       -0.266488        0.351099
          0.099289       -0.301503        0.475436
         -0.032526       -0.274531        0.549240
          0.022231       -0.245416        0.556166
          0.140305       -0.216797        0.429197
          0.117596       -0.136680        0.201453
         -0.025265       -0.003568        0.030001
         -0.118950        0.096269        0.028201
         -0.131780        0.097873        0.139788
         -0.180434        0.051557        0.222754
         -0.306981        0.056558        0.204021
         -0.420528        0.136386        0.107937
         -0.436896        0.231611       -0.006607
         -0.341457        0.291112       -0.080454
         -0.138817        0.314266       -0.078102
          0.134068        0.307728       -0.023764
          0.351681        0.251551        0.034515
          0.373076        0.128582        0.108283
          0.200711       -0.038958        0.241608
         -0.004632       -0.204962        0.408395
         -0.090530       -0.333277        0.537068
         -0.045215       -0.392422        0.615375
          0.043461       -0.346816        0.650675
          0.104302       -0.201984        0.568756
          0.129865       -0.032883        0.306770
          0.134937        0.099351       -0.026704
          0.105954        0.241488       -0.247710
          0.026679        0.479246       -0.329691
         -0.042879        0.775848       -0.387441
          0.008661        0.962418       -0.459739
          0.172128        0.909523       -0.470738
          0.256688        0.644305       -0.393284
          0.122181        0.285996       -0.289238
         -0.103736       -0.055178       -0.172208
         -0.191189       -0.284577        0.029380
         -0.117445       -0.323422        0.329065
         -0.037155       -0.192494        0.603429
         -0.010486       -0.055181        0.709801
          0.042491       -0.085094        0.623581
          0.148495       -0.289640        0.422930
          0.229028       -0.522487        0.193679
          0.245546       -0.654149       -0.003350
          0.248853       -0.659435       -0.112691
          0.269433       -0.556272       -0.098505
          0.274390       -0.365086        0.016730
          0.240618       -0.152432        0.159386
          0.166810       -0.017044        0.250378
          0.019105        0.019112        0.231440
         -0.219498        0.040321        0.083061
         -0.448151        0.115285       -0.136415
         -0.519011        0.198550       -0.298728
         -0.424674        0.192267       -0.314782
         -0.315384        0.073137       -0.224668
         -0.313824       -0.070599       -0.130805
         -0.385570       -0.118253       -0.064028
         -0.401107       -0.029585        0.022370
         -0.279403        0.113719        0.143447
         -0.069386        0.190768        0.256883
          0.095423        0.167696        0.366467
          0.135457        0.105672        0.549193
          0.104522        0.036986        0.804036
          0.100079       -0.084975        0.960106
          0.129156       -0.247886        0.852381
          0.122079       -0.282516        0.534648
          0.051670       -0.046807        0.189754
         -0.032615        0.320193       -0.126762
         -0.086121        0.492970       -0.494545
         -0.125203        0.338737       -0.894315
         -0.181867        0.063751       -1.152928
         -0.236865       -0.062523       -1.174488
         -0.237486       -0.000031       -1.067324
         -0.176802        0.106586       -0.965414
         -0.104919        0.151354       -0.863736
         -0.045750        0.150314       -0.716410
          0.035963        0.153444       -0.563954
          0.147934        0.160968       -0.453065
          0.214996        0.142123       -0.333223
          0.172965        0.104085       -0.147276
          0.077003        0.107965        0.049307
          0.044222        0.198992        0.169212
          0.096470        0.335295        0.235445
          0.131159        0.411033        0.326121
          0.073328        0.342457        0.419794
         -0.011942        0.115715        0.431319
         -0.020923       -0.214120        0.380803
          0.033072       -0.523570        0.372334
          0.060222       -0.654356        0.400437
          0.050869       -0.533439        0.343088
          0.071083       -0.279647        0.178525
          0.113767       -0.125312        0.049196
          0.094025       -0.184171        0.055577
          0.020711       -0.326883        0.122431
          0.023365       -0.329795        0.135180
          0.131721       -0.125774        0.102555
          0.173878        0.140635        0.113141
          0.023924        0.286099        0.197516
         -0.170216        0.247146        0.291554
         -0.179693        0.078925        0.302320
         -0.035029       -0.108110        0.181040
          0.029817       -0.197533       -0.039510
         -0.052767       -0.160608       -0.255510
         -0.088012       -0.134125       -0.353623
          0.065798       -0.292383       -0.284090
          0.282875       -0.591565       -0.095258
          0.363743       -0.755966        0.081600
          0.289366       -0.590944        0.094474
          0.173291       -0.214617       -0.125119
          0.083173        0.101511       -0.482082
          0.021602        0.250573       -0.773363
         -0.010782        0.360522       -0.867963
         -0.028954        0.574786       -0.805543
         -0.063076        0.848663       -0.674409
         -0.091428        1.000095       -0.457455
         -0.070818        0.918557       -0.101970
         -0.058406        0.660078        0.313583
         -0.168096        0.355117        0.634812
         -0.374285        0.106524        0.835159
         -0.507828       -0.025482        1.004754
         -0.488705       -0.040185        1.140693
         -0.414169       -0.022121        1.123530
         -0.364899       -0.067322        0.924522
         -0.271256       -0.167018        0.669883
         -0.054772       -0.233122        0.461860
          0.208165       -0.231860        0.277094
          0.360552       -0.210636        0.066396
          0.344431       -0.203533       -0.179418
          0.234455       -0.205044       -0.475889
          0.132984       -0.235689       -0.817454
          0.088323       -0.331168       -1.088920
          0.083530       -0.450486       -1.145073
          0.061468       -0.488381       -1.002606
         -0.009655       -0.398911       -0.821909
         -0.075233       -0.227066       -0.675750
         -0.048313       -0.021221       -0.469057
          0.065795        0.184168       -0.126141
          0.169319        0.301288        0.260382
          0.201124        0.231633        0.523647
          0.185012        0.012581        0.594085
          0.153815       -0.178389        0.542307
          0.113752       -0.210112        0.500262
          0.080987       -0.124135        0.554467
          0.081815       -0.057941        0.675202
          0.120627       -0.102886        0.742433
          0.176277       -0.243185        0.668483
          0.202105       -0.376708        0.485593
          0.139026       -0.387647        0.286189
         -0.009601       -0.233289        0.104818
         -0.140896        0.041874       -0.094146
         -0.166885        0.375269       -0.329601
         -0.129077        0.714208       -0.555219
         -0.119592        0.959997       -0.701238
         -0.144905        0.977267       -0.743196
         -0.160769        0.738710       -0.733757
         -0.179406        0.406101       -0.766376
         -0.235855        0.178915       -0.876891
         -0.296917        0.092296       -0.973442
         -0.297131        0.041711       -0.905640
         -0.223050       -0.032834       -0.628268
         -0.099692       -0.089982       -0.265324
          0.044455       -0.099589        0.010315
          0.153116       -0.105317        0.129162
          0.168593       -0.150187        0.139943
          0.126909       -0.214424        0.115996
          0.131041       -0.259786        0.087109
          0.188424       -0.283736        0.053769
          0.184325       -0.302027        0.039884
          0.069679       -0.321342        0.102568
         -0.035018       -0.351038        0.264105
          0.002003       -0.397159        0.451502
          0.145913       -0.423341        0.559993
          0.252620       -0.360058        0.587425
          0.248160       -0.177419        0.646198
          0.185792        0.070224        0.806267
          0.158231        0.275015        0.976471
          0.199913        0.347578        1.004439
          0.258712        0.289173        0.870321
          0.243286        0.199956        0.701929
          0.112886        0.171601        0.593817
         -0.077288        0.174694        0.502381
         -0.231455        0.117520        0.352594
         -0.299959        0.001750        0.158031
         -0.300139       -0.079626       -0.015082
         -0.275462       -0.093992       -0.123825
         -0.254135       -0.097803       -0.147078
         -0.241051       -0.102621       -0.092505
         -0.235091       -0.041740       -0.041439
         -0.231014        0.097816       -0.094727
         -0.197769        0.228809       -0.230013
         -0.102062        0.288277       -0.298396
          0.016494        0.303982       -0.215872
          0.056342        0.301843       -0.092382
         -0.010635        0.247649       -0.112559
         -0.082045        0.124911       -0.321906
         -0.056796       -0.005480       -0.574907
          0.052487       -0.063188       -0.680676
          0.190351       -0.024699       -0.577557
          0.341256        0.062706       -0.378111
          0.467971        0.103967       -0.254647
          0.473242        0.012702       -0.270412
          0.325380       -0.199502       -0.329287
          0.139515       -0.400962       -0.303959
          0.029696       -0.456261       -0.178249
         -0.046825       -0.357973       -0.022311
         -0.187966       -0.211179        0.131282
         -0.356478       -0.111642        0.314068
         -0.422541       -0.077435        0.531687
         -0.364297       -0.076825        0.703741
         -0.293705       -0.080731        0.714305
         -0.276999       -0.092252        0.523191
         -0.246460       -0.136681        0.229663
         -0.125779       -0.204338       -0.004038
          0.053006       -0.210559       -0.119451
          0.206631       -0.063341       -0.209867
          0.292115        0.214691       -0.362219
          0.294843        0.478122       -0.513880
          0.218928        0.595705       -0.545099
          0.141021        0.561689       -0.473892
          0.160440        0.458426       -0.461604
          0.229390        0.357773       -0.609627
          0.163931        0.284793       -0.809722
         -0.084456        0.221504       -0.839186
         -0.305538        0.104770       -0.607557
         -0.305710       -0.120663       -0.280562
         -0.187501       -0.397331       -0.112794
         -0.190736       -0.568433       -0.159697
         -0.331535       -0.554180       -0.229120
         -0.389773       -0.447039       -0.140603
         -0.243722       -0.368215        0.066804
         -0.027068       -0.301211        0.247579
          0.095196       -0.154516        0.366067
          0.135686        0.049007        0.487388
          0.178106        0.146127        0.620734
          0.209215        0.037787        0.702169
          0.180533       -0.135706        0.709146
          0.130434       -0.127959        0.688221
          0.124395        0.087748        0.687212
          0.150480        0.251408        0.726788
          0.164718        0.146475        0.782026
          0.165597       -0.129811        0.733347
          0.153825       -0.325220        0.445789
          0.092835       -0.336414       -0.012585
         -0.032528       -0.240588       -0.360828
         -0.173567       -0.136316       -0.429771
         -0.265265       -0.068610       -0.360436
         -0.281248       -0.030326       -0.347899
         -0.245020        0.047367       -0.348304
         -0.209698        0.232696       -0.223069
         -0.201043        0.460383       -0.027960
         -0.175847        0.541313        0.068818
         -0.081553        0.376945        0.062525
          0.050295        0.099829        0.083439
          0.124273       -0.083552        0.150616
          0.086201       -0.139811        0.157627
         -0.034338       -0.190369        0.074048
         -0.166449       -0.279384       -0.021240
         -0.245083       -0.310956       -0.106221
         -0.239887       -0.239065       -0.251902
         -0.170289       -0.163005       -0.451281
         -0.073972       -0.158962       -0.539118
          0.047424       -0.139709       -0.369144
          0.209411        0.021073       -0.017714
          0.365517        0.298226        0.267492
          0.416243        0.531087        0.314491
          0.332770        0.594458        0.170890
          0.209409        0.507323        0.001637
          0.146266        0.398767       -0.094889
          0.140176        0.394088       -0.133210
          0.145065        0.512939       -0.156415
          0.169697        0.651152       -0.183116
          0.236541        0.659415       -0.236470
          0.296756        0.464175       -0.356938
          0.269260        0.144820       -0.548868
          0.138644       -0.116881       -0.738960
         -0.035792       -0.204162       -0.818711
         -0.177444       -0.169988       -0.733112
         -0.232368       -0.137940       -0.528316
         -0.196067       -0.146378       -0.317396
         -0.120392       -0.156156       -0.187895
         -0.060353       -0.154204       -0.122051
         -0.019328       -0.158443       -0.013926
          0.027211       -0.156961        0.212308
          0.092093       -0.117706        0.507002
          0.185607       -0.030321        0.739569
          0.296738        0.104096        0.832107
          0.344813        0.271434        0.823531
          0.251933        0.387132        0.791584
          0.088676        0.309260        0.727644
          0.018483       -0.007070        0.533949
          0.066083       -0.398257        0.188802
          0.088265       -0.624320       -0.124806
          0.003330       -0.624137       -0.166689
         -0.118734       -0.571241        0.068201
         -0.226493       -0.650686        0.331806
         -0.361675       -0.839282        0.440143
         -0.509693       -0.949060        0.452068
         -0.547521       -0.850610        0.451441
         -0.412436       -0.604874        0.342403
         -0.189717       -0.379476        0.028337
          0.020980       -0.265573       -0.347842
          0.196660       -0.196510       -0.539818
          0.301096       -0.051795       -0.500339
          0.258386        0.182562       -0.388230
          0.103629        0.399352       -0.334810
          0.013869        0.511182       -0.344717
          0.074847        0.548589       -0.377628
          0.150161        0.592388       -0.396923
          0.105966        0.646332       -0.366934
          0.027165        0.616860       -0.299425
          0.057338        0.432879       -0.260673
          0.146304        0.179130       -0.249040
          0.136551        0.058771       -0.135072
          0.020082        0.158733        0.168659
         -0.067763        0.287527        0.543154
         -0.066846        0.164462        0.793133
         -0.047872       -0.213843        0.884423
         -0.068427       -0.522192        0.905392
         -0.103849       -0.483014        0.844111
         -0.124133       -0.188307        0.605157
         -0.146563        0.042428        0.244508
         -0.197081        0.046824       -0.044564
         -0.267110       -0.047707       -0.222016
         -0.320412       -0.032546       -0.430149
         -0.330160        0.163182       -0.669079
         -0.298781        0.458586       -0.719245
         -0.225143        0.702350       -0.488002
         -0.073749        0.732708       -0.164626
          0.160827        0.468171        0.079477
          0.367739        0.012843        0.286265
          0.395534       -0.392562        0.495056
          0.237620       -0.587041        0.585251
          0.046285       -0.617279        0.485673
         -0.069111       -0.615285        0.343737
         -0.149204       -0.608533        0.320484
         -0.242004       -0.520140        0.347837
         -0.281033       -0.324606        0.244977
         -0.205405       -0.106898       -0.008228
         -0.096630        0.056926       -0.259158
         -0.063460        0.188734       -0.398727
         -0.064359        0.312054       -0.461338
          0.005950        0.339666       -0.518192
          0.107344        0.169563       -0.570662
          0.105939       -0.122747       -0.570798
          0.009113       -0.302493       -0.496678
         -0.038580       -0.227493       -0.380266
          0.006733       -0.005102       -0.262985
          0.045542        0.159246       -0.133451
          0.044938        0.207862        0.063696
          0.095284        0.240528        0.336700
          0.213043        0.316306        0.583577
          0.265962        0.362416        0.652567
          0.165337        0.307288        0.478316
         -0.005726        0.212017        0.155202
         -0.123189        0.200358       -0.133998
         -0.169153        0.297104       -0.268391
         -0.187333        0.403432       -0.266892
         -0.184160        0.420130       -0.236238
         -0.140698        0.326119       -0.277188
         -0.072459        0.133971       -0.423480
         -0.025678       -0.136768       -0.609125
         -0.024879       -0.397599       -0.695505
         -0.046433       -0.504437       -0.588243
         -0.050518       -0.428032       -0.326083
         -0.025825       -0.335859       -0.024337
          0.024257       -0.391419        0.219825
          0.118926       -0.527879        0.324167
          0.257531       -0.536478        0.218609
          0.357294       -0.334386       -0.052609
          0.333829       -0.034492       -0.288537
          0.238779        0.210937       -0.307482
          0.204053        0.335065       -0.149113
          0.252746        0.358412       -0.015728
          0.281304        0.351605       -0.026013
          0.219121        0.381405       -0.110853
          0.090223        0.453426       -0.151863
         -0.067971        0.528787       -0.131604
         -0.231691        0.590840       -0.110352
         -0.340843        0.639049       -0.116672
         -0.322603        0.632127       -0.110306
         -0.183000        0.517901       -0.033472
         -0.015415        0.320637        0.121739
          0.093596        0.126075        0.289944
          0.123933       -0.025621        0.388659
          0.087248       -0.169482        0.413219
         -0.001797       -0.332403        0.437810
         -0.089607       -0.479852        0.485638
         -0.089691       -0.566030        0.456967
          0.012179       -0.589491        0.269338
          0.114359       -0.565936        0.022073
          0.129300       -0.483865       -0.103340
          0.098978       -0.339089       -0.091493
          0.104763       -0.191092       -0.097004
          0.128790       -0.117428       -0.189271
          0.100380       -0.112546       -0.255741
          0.023530       -0.099105       -0.207659
         -0.043418       -0.045419       -0.121654
         -0.090903        0.000559       -0.091970
         -0.144229        0.004843       -0.071651
         -0.181579       -0.001065        0.042174
         -0.154892        0.021946        0.252231
         -0.072934        0.080808        0.463899
          0.005553        0.173941        0.575269
          0.050684        0.278874        0.522143
          0.079551        0.315536        0.315655
          0.095627        0.210978        0.081210
          0.062479        0.013519       -0.017571
         -0.029422       -0.147938        0.055583
         -0.110392       -0.240403        0.176312
         -0.110076       -0.361944        0.217533
         -0.065849       -0.548785        0.170355
         -0.072432       -0.652330        0.084816
         -0.135451       -0.523651       -0.014911
         -0.168770       -0.265094       -0.099546
         -0.138686       -0.146486       -0.106606
         -0.110006       -0.255190       -0.030662
         -0.128800       -0.376024        0.016750
         -0.153543       -0.287901       -0.061914
         -0.134953       -0.051221       -0.182346
         -0.083030        0.111843       -0.139825
         -0.021131        0.125293        0.143233
          0.057206        0.101083        0.500193
          0.156339        0.120370        0.689748
          0.258728        0.130912        0.639715
          0.351505        0.078978        0.465290
          0.423418        0.014382        0.272175
          0.434037        0.006247        0.045105
          0.338835        0.033460       -0.234872
          0.154730        0.021903       -0.473542
         -0.033362       -0.048919       -0.557526
         -0.142756       -0.123687       -0.497426
         -0.160651       -0.134020       -0.387436
         -0.136722       -0.055709       -0.276722
         -0.106072        0.072125       -0.160152
         -0.042244        0.163816       -0.038986
          0.073706        0.155669        0.086258
          0.162028        0.086841        0.222305
          0.108723        0.084065        0.309233
         -0.063288        0.229590        0.219574
         -0.179441        0.455923       -0.068103
         -0.120617        0.605084       -0.363201
          0.029993        0.594738       -0.451978
          0.109321        0.492982       -0.349858
          0.074404        0.409697       -0.245518
          0.003860        0.353348       -0.228548
         -0.042219        0.254698       -0.206410
         -0.075248        0.116554       -0.087587
         -0.114614        0.050949        0.074301
         -0.141374        0.132495        0.147027
         -0.128450        0.284904        0.061761
         -0.096477        0.366373       -0.133237
         -0.115038        0.315802       -0.340155
         -0.216531        0.164195       -0.524562
         -0.321374       -0.036696       -0.723455
         -0.312460       -0.222790       -0.906592
         -0.184046       -0.310835       -0.908019
         -0.036277       -0.283028       -0.604327
          0.081007       -0.251754       -0.119768
          0.213809       -0.345005        0.269089
          0.364510       -0.538670        0.432291
          0.415208       -0.678350        0.491697
          0.267643       -0.643320        0.615081
          0.002751       -0.412415        0.794274
         -0.187460       -0.010146        0.875887
         -0.218378        0.492357        0.758469
         -0.178859        0.917882        0.492228
         -0.163333        1.047918        0.195011
         -0.148620        0.826735       -0.070392
         -0.104060        0.459783       -0.318123
         -0.095164        0.241972       -0.571457
         -0.148702        0.282692       -0.792363
         -0.134259        0.424073       -0.880008
          0.048263        0.421948       -0.757197
          0.260337        0.182393       -0.465683
          0.290899       -0.175228       -0.144575
          0.156211       -0.459982        0.100603
          0.052020       -0.589661        0.273916
          0.067036       -0.621333        0.424829
          0.121671       -0.627047        0.556863
          0.150155       -0.597016        0.625792
          0.168571       -0.490655        0.593475
          0.169609       -0.332882        0.461851
          0.103930       -0.203995        0.271402
         -0.012324       -0.145270        0.065815
         -0.087106       -0.114364       -0.149755
         -0.073804       -0.036732       -0.383108
         -0.022323        0.118361       -0.576213
         -0.003190        0.305687       -0.617137
         -0.044952        0.425918       -0.469570
         -0.134308        0.387920       -0.227505
         -0.221536        0.178102       -0.000666
         -0.245778       -0.122973        0.185590
         -0.193143       -0.397619        0.338319
         -0.099549       -0.563947        0.433212
          0.014201       -0.610178        0.468981
          0.150837       -0.594833        0.521422
          0.273682       -0.611634        0.670977
          0.310659       -0.708201        0.895510
          0.240304       -0.827196        1.068808
          0.113831       -0.857615        1.058791
         -0.017078       -0.743113        0.831175
         -0.138007       -0.517320        0.481716
         -0.236522       -0.255137        0.167772
         -0.290652       -0.023569       -0.010830
         -0.303683        0.142671       -0.073868
         -0.300972        0.257775       -0.116319
         -0.280608        0.368889       -0.216814
         -0.209189        0.499514       -0.380491
         -0.080413        0.619816       -0.542473
          0.057804        0.685552       -0.613572
          0.152383        0.680431       -0.539491
          0.194010        0.598691       -0.346298
          0.203839        0.420103       -0.138770
          0.201671        0.151779       -0.026485
          0.201193       -0.114700       -0.025932
          0.204614       -0.245893       -0.054739
          0.190347       -0.193789       -0.041210
          0.140448       -0.050723       -0.006246
          0.081869        0.052331       -0.012901
          0.049648        0.085504       -0.080887
          0.010748        0.127736       -0.190413
         -0.095327        0.243106       -0.325873
         -0.225175        0.391584       -0.461821
         -0.246669        0.486972       -0.538426
         -0.128978        0.513259       -0.515242
         -0.000726        0.531161       -0.437257
          0.044439        0.570197       -0.386829
          0.071372        0.572493       -0.373631
          0.151099        0.469341       -0.330663
          0.224396        0.270648       -0.216005
          0.226789        0.044201       -0.060211
          0.221065       -0.169583        0.079664
          0.276564       -0.385211        0.156729
          0.320239       -0.607389        0.143879
          0.241988       -0.760119        0.067536
          0.074891       -0.724521        0.013692
         -0.054608       -0.477132        0.048791
         -0.106452       -0.151411        0.153531
         -0.142002        0.099488        0.267426
         -0.189899        0.272935        0.362433
         -0.208708        0.470261        0.437633
         -0.183288        0.701929        0.478503
         -0.164767        0.843436        0.462300
         -0.192278        0.793856        0.386528
         -0.236763        0.585190        0.269628
         -0.244334        0.318248        0.136697
         -0.198233        0.071212        0.011588
         -0.123843       -0.113131       -0.093548
         -0.052403       -0.222964       -0.182287
          0.008843       -0.286256       -0.253761
          0.067420       -0.343360       -0.289829
          0.110052       -0.400733       -0.284230
          0.103584       -0.435338       -0.269245
          0.050021       -0.437967       -0.282634
          0.008790       -0.429233       -0.321717
          0.027910       -0.438526       -0.369049
          0.075244       -0.477965       -0.452784
          0.081268       -0.521311       -0.623854
          0.039363       -0.498470       -0.855476
          0.014484       -0.336321       -1.017896
          0.044674       -0.031468       -0.995367
          0.085235        0.325033       -0.802398
          0.084735        0.610713       -0.551902
          0.074619        0.752457       -0.332483
          0.119700        0.742572       -0.144550
          0.193615        0.608275        0.067119
          0.183841        0.398391        0.342062
          0.042069        0.183508        0.646980
         -0.144001        0.026209        0.881099
         -0.263322       -0.061441        0.962519
         -0.292333       -0.116321        0.910885
         -0.254327       -0.179724        0.817602
         -0.156078       -0.264805        0.739406
         -0.027261       -0.358939        0.660374
          0.056327       -0.437448        0.564300
          0.060003       -0.477207        0.493847
          0.039919       -0.478813        0.497776
          0.056125       -0.474849        0.552772
          0.104083       -0.488237        0.596411
          0.165458       -0.484755        0.617391
          0.238987       -0.413297        0.636139
          0.285759       -0.298395        0.605109
          0.235088       -0.226977        0.432348
          0.083949       -0.223426        0.133296
         -0.078841       -0.216007       -0.133858
         -0.166013       -0.161077       -0.233195
         -0.157054       -0.113292       -0.187067
         -0.082547       -0.121330       -0.112514
          0.000590       -0.137702       -0.085928
          0.034607       -0.094293       -0.112680
          0.007317        0.002453       -0.181152
         -0.038991        0.111312       -0.294129
         -0.061487        0.230294       -0.454399
         -0.054194        0.369673       -0.637255
         -0.030504        0.492672       -0.773512
         -0.006238        0.540854       -0.773464
         -0.001762        0.504985       -0.599528
         -0.027566        0.436106       -0.311667
         -0.068609        0.390732       -0.013554
         -0.105724        0.379155        0.232861
         -0.137281        0.360176        0.410785
         -0.153540        0.284326        0.500265
         -0.117466        0.155318        0.481942
         -0.015655        0.039578        0.377129
          0.092749       -0.010419        0.241871
          0.127963       -0.024032        0.124580
          0.077428       -0.061095        0.042844
         -0.010248       -0.113587       -0.015189
         -0.099971       -0.119363       -0.067476
         -0.189261       -0.064162       -0.097605
         -0.260775       -0.008229       -0.058044
         -0.266967       -0.010019        0.058060
         -0.181348       -0.068013        0.180070
         -0.043190       -0.134731        0.229228
          0.067282       -0.154582        0.190789
          0.098755       -0.096149        0.088785
          0.072547        0.021593       -0.061079
          0.055949        0.132520       -0.230443
          0.090619        0.169754       -0.355139
          0.151846        0.120674       -0.384577
          0.178255        0.041238       -0.330117
          0.129243        0.010798       -0.233780
          0.020606        0.059532       -0.121061
         -0.069276        0.140574       -0.008817
         -0.049067        0.187004        0.081237
          0.072678        0.189462        0.144710
          0.147277        0.186124        0.193916
          0.047584        0.171888        0.214401
         -0.141648        0.071102        0.162220
         -0.207145       -0.148249        0.032512
         -0.087587       -0.363573       -0.100999
          0.056844       -0.385454       -0.152151
          0.084866       -0.183347       -0.116791
          0.045912        0.043053       -0.068736
          0.051634        0.076943       -0.066501
          0.107749       -0.068163       -0.100867
          0.157263       -0.182680       -0.136570
          0.181441       -0.125305       -0.163683
          0.174590        0.029847       -0.198303
          0.108479        0.127553       -0.271717
         -0.007608        0.129203       -0.424279
         -0.103858        0.113119       -0.659552
         -0.137049        0.127973       -0.882118
         -0.140376        0.133728       -0.930465
         -0.153985        0.087421       -0.728648
         -0.163101        0.011957       -0.395029
         -0.141497       -0.050265       -0.145851
         -0.111526       -0.102384       -0.082236
         -0.112530       -0.172426       -0.119476
         -0.131767       -0.253977       -0.129068
         -0.114431       -0.302573       -0.079169
         -0.034134       -0.281031       -0.007544
          0.079716       -0.187756        0.068220
          0.170982       -0.051997        0.151756
          0.194963        0.082164        0.225799
          0.154774        0.179993        0.273908
          0.106967        0.240467        0.318987
          0.097252        0.287209        0.384662
          0.099074        0.326904        0.441109
          0.057678        0.332948        0.441785
         -0.022650        0.280783        0.386574
         -0.084245        0.181526        0.296129
         -0.094365        0.067589        0.165290
         -0.070197       -0.039323        0.011536
         -0.033565       -0.132290       -0.070956
          0.014417       -0.202890        0.005014
          0.069380       -0.236310        0.193375
          0.107791       -0.224996        0.344710
          0.104969       -0.181944        0.360512
          0.053991       -0.132412        0.265224
         -0.028050       -0.092163        0.137182
         -0.097418       -0.068304        0.029901
         -0.105992       -0.080969       -0.033627
         -0.050715       -0.150272       -0.048940
          0.018463       -0.245985       -0.042791
          0.058220       -0.287485       -0.058966
          0.067228       -0.221709       -0.098067
          0.048171       -0.072818       -0.106361
         -0.011135        0.099964       -0.062894
         -0.089039        0.244610       -0.028171
         -0.119114        0.300203       -0.038241
         -0.071412        0.219744       -0.003683
          0.001708        0.057961        0.176469
          0.046113       -0.043110        0.429166
          0.085471       -0.021900        0.565047
          0.161718        0.015245        0.523191
          0.236748       -0.062375        0.433120
          0.231206       -0.234036        0.414095
          0.142942       -0.354709        0.432231
          0.049849       -0.323095        0.393055
          0.004475       -0.177747        0.270090
          0.000842       -0.042807        0.092538
          0.033150       -0.009409       -0.111309
          0.101679       -0.069120       -0.307329
          0.162438       -0.139178       -0.451722
          0.155178       -0.134151       -0.535748
          0.092177       -0.029854       -0.591466
          0.050321        0.108307       -0.622984
          0.063525        0.170376       -0.574831
          0.082526        0.118097       -0.410871
          0.050250        0.047164       -0.196636
         -0.041079        0.083953       -0.044484
         -0.170778        0.227859        0.027174
         -0.300994        0.351573        0.119727
         -0.368315        0.357802        0.305789
         -0.339835        0.280996        0.511340
         -0.273224        0.224304        0.613841
         -0.243647        0.241550        0.617524
         -0.229759        0.292441        0.635030
         -0.161527        0.278855        0.707146
         -0.055144        0.126673        0.743241
          0.007787       -0.131087        0.646762
          0.022747       -0.364808        0.406904
          0.069468       -0.477336        0.063751
          0.168198       -0.486844       -0.321799
          0.234937       -0.441287       -0.650995
          0.204830       -0.324181       -0.821836
          0.111126       -0.125209       -0.809565
          0.015674        0.065187       -0.678186
         -0.057645        0.134890       -0.508367
         -0.093148        0.088255       -0.339673
         -0.064945        0.028297       -0.178245
          0.013356        0.029512       -0.027491
          0.076421        0.080799        0.100585
          0.076051        0.124468        0.181625
          0.022363        0.111034        0.177861
         -0.056268        0.036550        0.074569
         -0.145197       -0.046874       -0.068928
         -0.216811       -0.067452       -0.156224
         -0.219559        0.004883       -0.169611
         -0.128126        0.133020       -0.184157
          0.017494        0.248190       -0.225163
          0.145600        0.305821       -0.197413
          0.209013        0.303900       -0.036888
          0.195912        0.259217        0.138041
          0.116383        0.189999        0.132939
          0.009003        0.122161       -0.095933
         -0.065502        0.082547       -0.409648
         -0.080107        0.076598       -0.656253
         -0.075432        0.093841       -0.777613
         -0.098849        0.130289       -0.756150
         -0.133516        0.176923       -0.574570
         -0.134197        0.202315       -0.287207
         -0.102162        0.189451       -0.048429
         -0.066759        0.175511        0.025454
         -0.024667        0.208931       -0.001100
          0.039901        0.277340        0.046612
          0.104586        0.312807        0.249138
          0.136681        0.250871        0.520556
          0.139922        0.067786        0.725447
          0.123719       -0.194625        0.792393
          0.066231       -0.421541        0.711301
         -0.036394       -0.507441        0.504617
         -0.118546       -0.474192        0.238450
         -0.102247       -0.439746        0.006708
          0.005747       -0.449323       -0.136992
          0.111767       -0.424597       -0.209092
          0.129081       -0.312008       -0.248783
          0.066262       -0.186093       -0.273097
          0.025533       -0.146272       -0.284109
          0.091841       -0.179293       -0.287197
          0.210078       -0.188609       -0.291686
          0.219165       -0.123200       -0.305105
          0.044498       -0.022959       -0.318231
         -0.190601        0.047323       -0.294235
         -0.296380        0.062350       -0.203113
         -0.227800        0.031230       -0.070062
         -0.110751       -0.033125        0.050900
         -0.074849       -0.111694        0.151432
         -0.123069       -0.164765        0.265066
         -0.179013       -0.159480        0.386414
         -0.201745       -0.116122        0.455903
         -0.206253       -0.091461        0.444339
         -0.199148       -0.105434        0.398232
         -0.147054       -0.119398        0.367116
         -0.019191       -0.098203        0.326403
          0.156504       -0.048513        0.223129
          0.294939        0.026604        0.081026
          0.324998        0.155589       -0.004568
          0.256285        0.332860        0.009866
          0.152469        0.473288        0.062841
          0.050357        0.501267        0.089215
         -0.048058        0.455792        0.101729
         -0.116355        0.430397        0.124266
         -0.108147        0.423853        0.131507
         -0.030045        0.335639        0.126094
          0.048917        0.119866        0.179077
          0.076042       -0.134869        0.295114
          0.066985       -0.311663        0.331805
          0.074854       -0.390991        0.180589
          0.132621       -0.427500       -0.038680
          0.223996       -0.447082       -0.098140
          0.294093       -0.425038        0.052411
          0.294174       -0.352807        0.235366
          0.225041       -0.274241        0.273664
          0.128406       -0.240508        0.167618
          0.038991       -0.255072        0.024207
         -0.031308       -0.280367       -0.098178
         -0.066418       -0.283137       -0.206955
         -0.046977       -0.253692       -0.286751
          0.008856       -0.192182       -0.289986
          0.049405       -0.104001       -0.229682
          0.050982       -0.008408       -0.203215
          0.030697        0.073846       -0.273418
         -0.005635        0.142411       -0.368044
         -0.063297        0.202334       -0.348575
         -0.107969        0.233481       -0.163984
         -0.100632        0.213378        0.093789
         -0.082523        0.170982        0.273421
         -0.127370        0.169107        0.284776
         -0.207228        0.215902        0.155023
         -0.211083        0.240263       -0.012821
         -0.107880        0.189565       -0.138111
          0.008077        0.114303       -0.220015
          0.052458        0.103678       -0.294384
          0.046659        0.157438       -0.358793
          0.053143        0.187087       -0.378465
          0.079273        0.149216       -0.358422
          0.083246        0.112527       -0.360016
          0.049871        0.163357       -0.428063
          0.022701        0.293566       -0.532428
          0.046785        0.424275       -0.598629
          0.101080        0.512849       -0.578620
          0.121759        0.583508       -0.485007
          0.084503        0.646092       -0.365620
          0.023583        0.637230       -0.238909
         -0.029019        0.493552       -0.058062
         -0.077742        0.260830        0.221905
         -0.124979        0.058168        0.535542
         -0.141904       -0.073868        0.732346
         -0.109420       -0.215692        0.744784
         -0.062730       -0.433312        0.667342
         -0.056874       -0.665328        0.627751
         -0.096730       -0.779353        0.639953
         -0.134230       -0.695696        0.624171
         -0.131931       -0.436595        0.519878
         -0.101929       -0.101313        0.346403
         -0.082193        0.187240        0.184143
         -0.096032        0.352034        0.096806
         -0.138505        0.403345        0.045248
         -0.189207        0.398581       -0.084999
         -0.227037        0.366499       -0.322949
         -0.228425        0.292913       -0.525419
         -0.165800        0.166723       -0.518315
         -0.039332        0.003024       -0.297733
          0.087880       -0.179107       -0.034580
          0.131775       -0.368198        0.101513
          0.087182       -0.539961        0.082798
          0.041479       -0.653201        0.010701
          0.058212       -0.688351        0.001426
          0.096529       -0.679163        0.080119
          0.087195       -0.685301        0.173047
          0.034663       -0.728191        0.197714
         -0.013219       -0.756692        0.140302
         -0.049436       -0.679657        0.039846
         -0.093510       -0.444399       -0.059931
         -0.124476       -0.097483       -0.120306
         -0.094936        0.230121       -0.118329
          0.001959        0.409086       -0.080331
          0.125725        0.401835       -0.063064
          0.228981        0.286774       -0.077788
          0.272424        0.194599       -0.076847
          0.236981        0.200472       -0.034304
          0.157526        0.267678        0.006466
          0.105595        0.308625       -0.010250
          0.109137        0.299451       -0.080613
          0.131638        0.302012       -0.148784
          0.144957        0.361252       -0.172282
          0.160679        0.425372       -0.164291
          0.172145        0.404619       -0.164030
          0.140131        0.277987       -0.166904
          0.064830        0.103408       -0.110832
         -0.001098       -0.047538        0.040293
         -0.043222       -0.123306        0.218158
         -0.112598       -0.092991        0.297796
         -0.220246        0.029750        0.228810
         -0.281170        0.170553        0.088183
         -0.227775        0.244849       -0.012539
         -0.120893        0.229251       -0.052018
         -0.070477        0.165857       -0.103939
         -0.082342        0.106977       -0.222355
         -0.071518        0.074470       -0.360647
         -0.013751        0.062552       -0.422041
          0.016211        0.060602       -0.356169
         -0.025421        0.070015       -0.182950
         -0.079511        0.095254        0.039779
         -0.082897        0.113280        0.239987
         -0.056594        0.073573        0.356184
         -0.039994       -0.042041        0.373618
         -0.001764       -0.173202        0.327512
          0.113731       -0.231062        0.269843
          0.278627       -0.193362        0.248069
          0.385817       -0.124250        0.291430
          0.370957       -0.101870        0.378203
          0.283991       -0.143371        0.436269
          0.210294       -0.195514        0.419076
          0.160901       -0.189131        0.362252
          0.092858       -0.114469        0.323767
          0.007065       -0.047138        0.292725
         -0.048035       -0.076737        0.208348
         -0.061922       -0.200772        0.053682
         -0.078017       -0.316659       -0.123772
         -0.116923       -0.333231       -0.285955
         -0.148224       -0.261771       -0.448250
         -0.154196       -0.179449       -0.624509
         -0.160368       -0.135462       -0.762935
         -0.175725       -0.121839       -0.784899
         -0.160871       -0.111886       -0.684394
         -0.096670       -0.091965       -0.540414
         -0.033227       -0.061922       -0.412805
         -0.021350       -0.030054       -0.272625
         -0.040598       -0.010645       -0.076697
         -0.046609       -0.011370        0.125003
         -0.045880       -0.017832        0.221522
         -0.070004       -0.002624        0.176372
         -0.113730        0.040780        0.072349
         -0.147962        0.086475        0.009939
         -0.163282        0.114444        0.008760
         -0.160045        0.140859        0.027503
         -0.122358        0.180042        0.043812
         -0.042110        0.200851        0.087464
          0.043064        0.171205        0.202189
          0.072599        0.122440        0.379988
          0.031130        0.100519        0.535634
         -0.033260        0.076818        0.567559
         -0.074542        0.001008        0.456212
         -0.101977       -0.072456        0.283443
         -0.137174       -0.032354        0.149652
         -0.152624        0.097235        0.098123
         -0.104108        0.136266        0.117235
          0.000344       -0.025087        0.168461
          0.115168       -0.271278        0.199078
          0.216395       -0.396691        0.175809
          0.298882       -0.334125        0.131656
          0.341301       -0.185230        0.143208
          0.318174       -0.063808        0.234878
          0.232704        0.018657        0.330515
          0.119736        0.108598        0.322239
          0.028881        0.209439        0.171921
         -0.007146        0.268164       -0.065620
         -0.008087        0.246157       -0.296797
         -0.020074        0.154466       -0.449960
         -0.036330        0.014017       -0.504896
          0.000567       -0.159752       -0.489693
          0.093180       -0.303245       -0.443711
          0.157284       -0.301436       -0.375178
          0.133864       -0.108149       -0.275314
          0.071877        0.159531       -0.178533
          0.058434        0.318004       -0.158660
          0.106996        0.309013       -0.231059
          0.150369        0.243738       -0.305572
          0.127748        0.248441       -0.289166
          0.048338        0.311364       -0.200201
         -0.041121        0.307878       -0.121228
         -0.125150        0.157348       -0.065693
         -0.213476       -0.071694        0.029658
         -0.279019       -0.224603        0.172462
         -0.269484       -0.225842        0.253840
         -0.192579       -0.152846        0.173583
         -0.120465       -0.118323       -0.017967
         -0.087829       -0.113052       -0.172084
         -0.053909       -0.025925       -0.215125
          0.011206        0.198471       -0.195133
          0.074571        0.494237       -0.170148
          0.102563        0.757720       -0.151801
          0.106172        0.921222       -0.174941
          0.094656        0.943140       -0.309447
          0.047960        0.802648       -0.544773
         -0.032297        0.532409       -0.749247
         -0.099143        0.220487       -0.806238
         -0.121955       -0.035018       -0.718978
         -0.127637       -0.170760       -0.531942
         -0.144992       -0.187016       -0.241506
         -0.144695       -0.152597        0.138978
         -0.076446       -0.150120        0.502721
          0.052229       -0.191807        0.726364
          0.166444       -0.218621        0.779345
          0.188935       -0.202240        0.698164
          0.109054       -0.199037        0.509282
         -0.000825       -0.257127        0.247805
         -0.047724       -0.318324        0.008102
         -0.015118       -0.290596       -0.103248
          0.026167       -0.196083       -0.058076
          0.021072       -0.161483        0.089854
         -0.004622       -0.256324        0.268694
         -0.009599       -0.411102        0.416082
         -0.001721       -0.510103        0.477453
          0.002115       -0.510140        0.445323
          0.015167       -0.448240        0.396239
          0.042346       -0.372316        0.423784
          0.062345       -0.292887        0.522140
          0.071042       -0.194831        0.591754
          0.086354       -0.082169        0.574182
          0.103468       -0.000132        0.521885
          0.099166       -0.002984        0.509520
          0.074343       -0.100686        0.529438
          0.041504       -0.239390        0.511071
         -0.013485       -0.326921        0.409129
         -0.101521       -0.286250        0.235677
         -0.173276       -0.116422        0.021726
         -0.154659        0.090651       -0.214457
         -0.054671        0.222840       -0.451526
          0.017452        0.251764       -0.645478
         -0.015925        0.247754       -0.757508
         -0.096619        0.286075       -0.795372
         -0.117786        0.355554       -0.789093
         -0.075421        0.367695       -0.720359
         -0.055556        0.247980       -0.533168
         -0.097392        0.013341       -0.251058
         -0.152097       -0.238020       -0.020754
         -0.173618       -0.405986        0.037241
         -0.185214       -0.452442       -0.020749
         -0.238623       -0.403404       -0.046381
         -0.332038       -0.318204        0.006974
         -0.387568       -0.256973        0.079208
         -0.328863       -0.246378        0.151676
         -0.184267       -0.259511        0.267535
         -0.072751       -0.240623        0.413299
         -0.061897       -0.162444        0.510405
         -0.085004       -0.059706        0.542618
         -0.036968        0.002107        0.582344
          0.095879       -0.001015        0.656654
          0.250862       -0.021457        0.674463
          0.385348       -0.000984        0.539112
          0.491660        0.053495        0.280295
          0.547049        0.091913        0.016908
          0.521347        0.111191       -0.184675
          0.430452        0.174886       -0.355420
          0.328837        0.325407       -0.533151
          0.246141        0.509252       -0.689654
          0.170270        0.621555       -0.766834
          0.096249        0.616727       -0.744201
          0.054394        0.541779       -0.654647
          0.070772        0.453644       -0.561135
          0.117188        0.345114       -0.518465
          0.124075        0.185377       -0.529326
          0.053154        0.002353       -0.543707
         -0.047167       -0.125036       -0.522988
         -0.079322       -0.148260       -0.478195
         -0.006870       -0.082753       -0.416880
          0.091755        0.032455       -0.304555
          0.112740        0.165029       -0.142062
          0.053343        0.279721       -0.031203
         -0.001669        0.348612       -0.067603
         -0.011561        0.391136       -0.192183
         -0.025829        0.463172       -0.248378
         -0.079953        0.572068       -0.176720
         -0.123658        0.630527       -0.054762
         -0.108297        0.540545        0.052013
         -0.083362        0.313793        0.172704
         -0.126403        0.061164        0.338890
         -0.209682       -0.141305        0.497943
         -0.221683       -0.320858        0.574660
         -0.122662       -0.513669        0.577940
         -0.006804       -0.661123        0.586529
          0.023175       -0.676353        0.630963
         -0.006300       -0.592883        0.641183
          0.009210       -0.551796        0.538587
          0.082310       -0.614309        0.343586
          0.105849       -0.667268        0.148611
          0.019609       -0.570403        0.008882
         -0.086622       -0.340993       -0.083445
         -0.092967       -0.119358       -0.128720
         -0.000363        0.020493       -0.101352
          0.098670        0.140500       -0.026813
          0.140524        0.308729       -0.000993
          0.123732        0.480172       -0.070204
          0.068701        0.559340       -0.148360
         -0.001123        0.535100       -0.135081
         -0.059660        0.489292       -0.069047
         -0.092719        0.486007       -0.062091
         -0.109805        0.503681       -0.116837
         -0.137433        0.474440       -0.129638
         -0.195943        0.351442       -0.061810
         -0.269233        0.133945        0.009988
         -0.309616       -0.141556        0.024040
         -0.296851       -0.414976        0.017060
         -0.271541       -0.619324        0.052519
         -0.275450       -0.714575        0.131262
         -0.282432       -0.721484        0.203435
         -0.234489       -0.698867        0.235099
         -0.130320       -0.663685        0.232202
         -0.025285       -0.561519        0.203985
          0.052957       -0.352041        0.137165
          0.131391       -0.094113        0.036787
          0.222548        0.105824       -0.031081
          0.285743        0.212966        0.007283
          0.284006        0.277745        0.136636
          0.229975        0.340905        0.257895
          0.145499        0.387171        0.296035
          0.028601        0.400801        0.262008
         -0.097971        0.404307        0.200366
         -0.158222        0.407923        0.119777
         -0.103608        0.363916        0.004951
          0.011379        0.220340       -0.129267
          0.089400        0.005954       -0.238534
          0.095826       -0.181078       -0.300425
          0.060184       -0.268824       -0.327603
          0.016061       -0.262973       -0.328118
         -0.011052       -0.205660       -0.292659
          0.001642       -0.125426       -0.228215
          0.042135       -0.040785       -0.163305
          0.056865        0.022969       -0.107974
          0.014589        0.046405       -0.046330
         -0.048622        0.033905        0.020917
         -0.080958        0.007742        0.065795
         -0.086810       -0.014019        0.077583
         -0.105310       -0.036897        0.082825
         -0.133031       -0.084742        0.108814
         -0.126446       -0.162089        0.150884
         -0.086573       -0.229704        0.173547
         -0.074673       -0.240881        0.126738
         -0.112213       -0.194314       -0.013732
         -0.122251       -0.126548       -0.197593
         -0.019639       -0.065306       -0.326450
          0.174838       -0.018365       -0.349425
          0.357892        0.006165       -0.290927
          0.458905       -0.000575       -0.181343
          0.483504       -0.035538       -0.031785
          0.453170       -0.088684        0.112492
          0.359706       -0.149859        0.174247
          0.205542       -0.202768        0.121835
          0.052403       -0.230430       -0.011366
         -0.020412       -0.230199       -0.179744
         -0.006995       -0.199152       -0.339513
          0.020901       -0.108956       -0.432781
          0.014833        0.062116       -0.427710
          0.004961        0.268127       -0.362883
          0.025768        0.418581       -0.301240
          0.043754        0.477490       -0.261033
          0.012914        0.486832       -0.230639
         -0.040063        0.474811       -0.214207
         -0.048443        0.404747       -0.214059
         -0.002005        0.252581       -0.196103
          0.042797        0.081674       -0.120571
          0.040281       -0.012074        0.006317
         -0.003743       -0.004816        0.147762
         -0.071078        0.043911        0.294507
         -0.162600        0.064039        0.472537
         -0.264505        0.023819        0.687377
         -0.324192       -0.073725        0.886664
         -0.306790       -0.195061        0.994085
         -0.248221       -0.278386        0.968054
         -0.199789       -0.279851        0.818143
         -0.148606       -0.234747        0.589537
         -0.057767       -0.232493        0.354028
          0.042897       -0.301817        0.181500
          0.090087       -0.354530        0.071807
          0.098595       -0.283927       -0.064106
          0.148394       -0.095281       -0.299770
          0.248923        0.103721       -0.578393
          0.298519        0.218199       -0.756481
          0.211922        0.227569       -0.762495
          0.032181        0.168791       -0.658585
         -0.116815        0.124062       -0.533040
         -0.153095        0.198165       -0.388221
         -0.092464        0.429316       -0.175626
         -0.015278        0.715914        0.093634
          0.004175        0.876958        0.330155
         -0.042671        0.793384        0.452639
         -0.097727        0.486552        0.445736
         -0.103483        0.094260        0.333345
         -0.061063       -0.209214        0.151153
         -0.002984       -0.317133       -0.037375
          0.068418       -0.266779       -0.152204
          0.166969       -0.197903       -0.164194
          0.254046       -0.202523       -0.127901
          0.252182       -0.235005       -0.116534
          0.153276       -0.196947       -0.134622
          0.052251       -0.070769       -0.118774
          0.030370        0.079385       -0.021381
          0.055670        0.196421        0.130888
          0.045174        0.249711        0.267592
         -0.023319        0.201963        0.336899
         -0.113464        0.047032        0.322831
         -0.198858       -0.128577        0.233333
         -0.270297       -0.205919        0.105494
         -0.304309       -0.166215       -0.002294
         -0.277749       -0.103405       -0.065918
         -0.202004       -0.096866       -0.124319
         -0.113593       -0.126284       -0.208670
         -0.047291       -0.130335       -0.265080
         -0.032085       -0.105820       -0.203649
         -0.079480       -0.112526       -0.015064
         -0.155451       -0.188121        0.208359
         -0.200229       -0.287219        0.358711
         -0.196746       -0.325479        0.382231
         -0.183447       -0.277697        0.279539
         -0.185069       -0.204758        0.081547
         -0.171740       -0.179130       -0.164099
         -0.102145       -0.215261       -0.395707
          0.022692       -0.280513       -0.544267
          0.155420       -0.331288       -0.569627
          0.237795       -0.318370       -0.503905
          0.246375       -0.202436       -0.424308
          0.204356       -0.001478       -0.363125
          0.141042        0.205971       -0.280566
          0.065934        0.358650       -0.137598
          0.001744        0.470975        0.052960
         -0.003908        0.580773        0.259365
          0.060033        0.660199        0.459864
          0.133724        0.625372        0.616948
          0.153927        0.437425        0.667758
          0.123516        0.159145        0.575528
          0.079390       -0.099715        0.379109
          0.028502       -0.272266        0.169730
         -0.037695       -0.363185        0.018119
         -0.091571       -0.407485       -0.060998
         -0.086379       -0.420530       -0.076875
         -0.019702       -0.397103       -0.033033
          0.060059       -0.346457        0.050092
          0.108072       -0.292303        0.118588
          0.117022       -0.231409        0.129366
          0.106022       -0.141877        0.096364
          0.097416       -0.053597        0.065805
          0.095974       -0.046332        0.056591
          0.085653       -0.133888        0.045525
          0.063415       -0.212776        0.004645
          0.063160       -0.186557       -0.062505
          0.108968       -0.088365       -0.123603
          0.160020       -0.010971       -0.151584
          0.151269        0.036282       -0.152247
          0.076328        0.109346       -0.153955
         -0.019421        0.195733       -0.169941
         -0.108097        0.214222       -0.182198
         -0.183264        0.166942       -0.176260
         -0.215193        0.176495       -0.181577
         -0.172388        0.306060       -0.245743
         -0.081567        0.435286       -0.365181
         -0.001971        0.410171       -0.477956
          0.054577        0.253898       -0.537064
          0.113620        0.122111       -0.555260
          0.159926        0.084851       -0.564771
          0.152377        0.067598       -0.570153
          0.117851        0.005467       -0.560238
          0.135333       -0.056915       -0.533883
          0.203578       -0.053465       -0.484804
          0.217851        0.003635       -0.382224
          0.121204        0.062451       -0.207096
         -0.004361        0.106578       -0.005746
         -0.057654        0.144083        0.136841
         -0.063332        0.171689        0.191658
         -0.122479        0.192273        0.210789
         -0.255567        0.222922        0.239490
         -0.373867        0.250351        0.257462
         -0.404043        0.228438        0.243419
         -0.370550        0.157810        0.241356
         -0.327333        0.111198        0.302461
         -0.265041        0.125428        0.398424
         -0.145095        0.118629        0.460732
          0.001262       -0.009241        0.486589
          0.081119       -0.217171        0.531603
          0.054118       -0.346489        0.595869
         -0.018875       -0.311691        0.592242
         -0.054621       -0.198246        0.454708
         -0.028301       -0.144001        0.222808
          0.036778       -0.183825       -0.010910
          0.119930       -0.253372       -0.188620
          0.222723       -0.290476       -0.288653
          0.349147       -0.268374       -0.287273
          0.470775       -0.170750       -0.175918
          0.519809       -0.018749        0.000835
          0.443301        0.091064        0.175638
          0.269373        0.062841        0.324156
          0.090123       -0.068276        0.458072
         -0.027771       -0.149827        0.557291
         -0.082755       -0.082621        0.566595
         -0.091251        0.073843        0.475779
         -0.060665        0.191754        0.348075
         -0.028932        0.218791        0.239005
         -0.063936        0.192124        0.135030
         -0.177766        0.150020        0.008236
         -0.288945        0.088017       -0.113784
         -0.314439        0.002348       -0.178144
         -0.264205       -0.064780       -0.176519
         -0.210116       -0.054016       -0.145854
         -0.192866        0.035542       -0.117678
         -0.191714        0.124104       -0.091483
         -0.166658        0.130485       -0.048393
         -0.103237        0.063699        0.017284
         -0.018666        0.003511        0.080620
          0.060240       -0.008218        0.116566
          0.117541       -0.022607        0.147244
          0.150594       -0.119731        0.221087
          0.159504       -0.305812        0.333358
          0.140015       -0.479344        0.406153
          0.096289       -0.502305        0.364838
          0.060205       -0.325943        0.207491
          0.067716       -0.053552       -0.006976
          0.098543        0.143615       -0.210480
          0.082287        0.180471       -0.361477
         -0.002966        0.109403       -0.455123
         -0.093506        0.026617       -0.505756
         -0.145094       -0.024107       -0.514248
         -0.201412       -0.039861       -0.466033
         -0.292403       -0.009806       -0.367746
         -0.343528        0.068561       -0.260285
         -0.272356        0.151918       -0.177152
         -0.114025        0.181248       -0.106621
          0.028854        0.139861       -0.015720
          0.108486        0.052973        0.091454
          0.135929       -0.046229        0.156379
          0.116443       -0.124142        0.118968
          0.057189       -0.154847       -0.016986
          0.007248       -0.148847       -0.183767
          0.016847       -0.138555       -0.312069
          0.068752       -0.115925       -0.382671
          0.109371       -0.033333       -0.424413
          0.131824        0.109571       -0.473337
          0.159550        0.236225       -0.526142
          0.161793        0.284715       -0.531165
          0.075160        0.273961       -0.442572
         -0.080806        0.236066       -0.281978
         -0.197289        0.142362       -0.117891
         -0.210294       -0.031616        0.017710
         -0.165742       -0.206428        0.154452
         -0.126606       -0.258657        0.311704
         -0.089782       -0.184642        0.444814
         -0.031397       -0.117368        0.499489
          0.026557       -0.145886        0.486697
          0.043044       -0.189667        0.453924
          0.020726       -0.108445        0.408661
          0.003022        0.112109        0.332525
          0.020007        0.347610        0.248239
          0.065640        0.478966        0.191424
          0.125990        0.486904        0.123416
          0.198668        0.414129       -0.033814
          0.269288        0.294813       -0.255143
          0.298524        0.139451       -0.392307
          0.263653       -0.045465       -0.344204
          0.191199       -0.245445       -0.183348
          0.116840       -0.430958       -0.057069
          0.038853       -0.552309       -0.016791
         -0.053850       -0.564413       -0.013927
         -0.138991       -0.475174       -0.016107
         -0.187849       -0.345883       -0.032582
         -0.204515       -0.220064       -0.048058
         -0.196495       -0.080882       -0.031969
         -0.141654        0.090227       -0.012070
         -0.034492        0.253399       -0.051618
          0.067120        0.360638       -0.151537
          0.097567        0.428437       -0.249816
          0.066074        0.492729       -0.312572
          0.038426        0.523264       -0.353627
          0.054230        0.465707       -0.371244
          0.097608        0.352383       -0.339009
          0.130121        0.282391       -0.263806
          0.124522        0.286044       -0.191004
          0.086706        0.285751       -0.139495
          0.063892        0.209864       -0.076240
          0.103864        0.081245        0.033128
          0.186724       -0.040230        0.180254
          0.226775       -0.152596        0.323370
          0.166505       -0.291998        0.411528
          0.045831       -0.437220        0.409669
         -0.046568       -0.503759        0.341121
         -0.073497       -0.455929        0.290020
         -0.071664       -0.371792        0.303411
         -0.080904       -0.351529        0.306613
         -0.091630       -0.391135        0.192615
         -0.083819       -0.398208       -0.013612
         -0.080828       -0.321334       -0.170317
         -0.115780       -0.210926       -0.198624
         -0.162229       -0.144123       -0.151529
         -0.153370       -0.133436       -0.096335
         -0.069975       -0.129001       -0.031292
          0.032113       -0.081355        0.052272
          0.081874        0.018328        0.116794
          0.053776        0.141424        0.135916
         -0.020742        0.247763        0.142052
         -0.078864        0.317873        0.165426
         -0.074395        0.367608        0.165999
         -0.017677        0.421521        0.082922
          0.038336        0.471343       -0.057903
          0.053532        0.480315       -0.139398
          0.028843        0.433125       -0.082840
         -0.014506        0.353870        0.049183
         -0.057196        0.263314        0.127486
         -0.083315        0.156561        0.125964
         -0.088281        0.046371        0.150398
         -0.088752       -0.018795        0.276064
         -0.100893       -0.021821        0.427987
         -0.113455       -0.019381        0.475943
         -0.109039       -0.069197        0.397362
         -0.100685       -0.153479        0.286321
         -0.114592       -0.222942        0.229826
         -0.147810       -0.277217        0.227532
         -0.177235       -0.346225        0.230213
         -0.198916       -0.421014        0.222269
         -0.220994       -0.460296        0.235350
         -0.227044       -0.454673        0.272685
         -0.189212       -0.433354        0.265716
         -0.114914       -0.401093        0.161494
         -0.036972       -0.318518        0.021867
          0.041266       -0.181135       -0.040887
          0.143796       -0.078650       -0.012358
          0.262816       -0.105055        0.016715
          0.349159       -0.215641       -0.018776
          0.370604       -0.253295       -0.096564
          0.342720       -0.141178       -0.169287
          0.295103        0.020218       -0.210112
          0.238994        0.086571       -0.192255
          0.178475        0.043128       -0.097401
          0.128112       -0.001864        0.035168
          0.098928        0.046747        0.119122
          0.075574        0.193825        0.096408
          0.028101        0.383395       -0.029163
         -0.049644        0.546675       -0.221514
         -0.125401        0.626748       -0.427584
         -0.156610        0.607031       -0.577711
         -0.131249        0.530420       -0.634491
         -0.085014        0.461548       -0.640395
         -0.073051        0.416382       -0.659414
         -0.111817        0.346524       -0.677940
         -0.160080        0.203544       -0.624938
         -0.173154        0.007614       -0.478987
         -0.152794       -0.156477       -0.285369
         -0.123555       -0.209739       -0.078614
         -0.092506       -0.148830        0.131029
         -0.056431       -0.053742        0.295783
         -0.018996       -0.023425        0.341762
          0.014756       -0.093848        0.261165
          0.036250       -0.215632        0.124468
          0.027436       -0.310416       -0.011846
         -0.018497       -0.342624       -0.139090
         -0.080280       -0.334808       -0.228938
         -0.125001       -0.323062       -0.219388
         -0.120983       -0.307573       -0.101852
         -0.040186       -0.249651        0.046704
          0.107125       -0.118775        0.150739
          0.242507        0.057228        0.199573
          0.278930        0.197552        0.205555
          0.218289        0.239862        0.161004
          0.145320        0.210712        0.068231
          0.123444        0.203360       -0.031266
          0.141241        0.265894       -0.095273
          0.160306        0.335746       -0.133922
          0.164482        0.322185       -0.196827
          0.149060        0.228906       -0.305390
          0.101988        0.139453       -0.416134
          0.016614        0.099382       -0.460676
         -0.095051        0.080871       -0.409524
         -0.204980        0.059647       -0.285535
         -0.269072        0.056569       -0.127702
         -0.243879        0.086877        0.039667
         -0.140829        0.120796        0.205446
         -0.041110        0.117940        0.357516
         -0.004976        0.070120        0.478823
          0.008536       -0.004911        0.554040
          0.069993       -0.086568        0.576323
          0.158924       -0.153700        0.548188
          0.192213       -0.186988        0.476463
          0.151382       -0.190823        0.365432
          0.099333       -0.197504        0.217653
          0.075001       -0.223146        0.049028
          0.044564       -0.228870       -0.096872
         -0.030384       -0.161108       -0.165591
         -0.129232       -0.034445       -0.138224
         -0.200275        0.060932       -0.053403
         -0.223522        0.049727        0.033489
         -0.216859       -0.056909        0.105620
         -0.187974       -0.192994        0.179648
         -0.119678       -0.309369        0.256645
         -0.021554       -0.388366        0.311060
          0.048382       -0.412598        0.328380
          0.058763       -0.362958        0.320471
          0.062205       -0.251813        0.295312
          0.119313       -0.123380        0.237864
          0.201234       -0.004475        0.131733
          0.231890        0.117192       -0.016629
          0.194581        0.245386       -0.180628
          0.132393        0.337903       -0.326493
          0.071368        0.351575       -0.421368
          0.004691        0.302176       -0.446249
         -0.067466        0.239709       -0.414992
         -0.134184        0.177191       -0.374978
         -0.194502        0.084481       -0.371896
         -0.243215       -0.050669       -0.403759
         -0.254652       -0.192597       -0.416917
         -0.214713       -0.294346       -0.359499
         -0.148202       -0.337758       -0.236202
         -0.083354       -0.333073       -0.102384
         -0.017031       -0.301191       -0.013433
          0.050948       -0.257405        0.009716
          0.085382       -0.191364       -0.016666
          0.064996       -0.070003       -0.049669
          0.034149        0.110364       -0.049309
          0.054142        0.287642       -0.019049
          0.120808        0.394407       -0.000074
          0.173065        0.446020       -0.009685
          0.173185        0.511822       -0.012007
          0.144800        0.599013        0.034229
          0.130240        0.628363        0.130982
          0.134350        0.536363        0.255654
          0.128432        0.342806        0.380769
          0.100925        0.102656        0.469772
          0.073499       -0.150827        0.498153
          0.059851       -0.388173        0.486806
          0.041525       -0.555099        0.470487
         -0.000382       -0.601920        0.433111
         -0.057082       -0.527970        0.327226
         -0.107425       -0.375267        0.162434
         -0.139568       -0.189138        0.017410
         -0.153352       -0.001558       -0.053244
         -0.157593        0.160307       -0.075636
         -0.161979        0.272709       -0.100679
         -0.163320        0.318277       -0.136002
         -0.151628        0.278192       -0.155897
         -0.130248        0.141346       -0.139249
         -0.106839       -0.056588       -0.075235
         -0.066763       -0.229764        0.030856
          0.010829       -0.314556        0.134527
          0.107450       -0.330292        0.169872
          0.172977       -0.335780        0.113618
          0.190861       -0.338876        0.005295
          0.202089       -0.286204       -0.103189
          0.240829       -0.146717       -0.180600
          0.270162        0.027494       -0.199640
          0.218742        0.152801       -0.145634
          0.077346        0.213553       -0.058085
         -0.080904        0.269788       -0.008700
         -0.185770        0.363958       -0.015499
         -0.231814        0.468082       -0.023305
         -0.236727        0.534048        0.014997
         -0.191941        0.538723        0.083173
         -0.095405        0.459992        0.141691
          0.011706        0.276172        0.174547
          0.087951        0.026885        0.172579
          0.136033       -0.184505        0.116935
          0.168395       -0.291252        0.022051
          0.171080       -0.322263       -0.035812
          0.135796       -0.337040        0.009136
          0.082667       -0.355628        0.117027
          0.021920       -0.377075        0.175740
         -0.059283       -0.406051        0.137607
         -0.147308       -0.421510        0.067765
         -0.190624       -0.365442        0.037286
         -0.165929       -0.208868        0.024118
         -0.112456       -0.005730       -0.039135
         -0.074673        0.154781       -0.155226
         -0.049327        0.235517       -0.250951
         -0.016724        0.263043       -0.271303
          0.009996        0.267459       -0.246926
          0.005560        0.247983       -0.252073
         -0.014745        0.201099       -0.314666
         -0.006091        0.150682       -0.390476
          0.038792        0.130589       -0.418726
          0.072255        0.148790       -0.375954
          0.058089        0.182315       -0.277307
          0.020433        0.200251       -0.162283
          0.000106        0.180789       -0.085635
         -0.010469        0.117623       -0.076435
         -0.059099        0.030605       -0.089881
         -0.169903       -0.036529       -0.047450
         -0.298152       -0.055980        0.055226
         -0.352211       -0.052887        0.128986
         -0.284561       -0.073097        0.099261
         -0.162231       -0.112925       -0.011781
         -0.095619       -0.120006       -0.123736
         -0.092063       -0.076314       -0.172532
         -0.058509       -0.035780       -0.138972
          0.036134       -0.046836       -0.047882
          0.106014       -0.074504        0.052181
          0.093254       -0.053029        0.134162
          0.057708       -0.002071        0.205719
          0.061586       -0.025859        0.258406
          0.062529       -0.174002        0.244995
         -0.001928       -0.350578        0.148181
         -0.095529       -0.404658        0.032512
         -0.129160       -0.291991       -0.020757
         -0.082461       -0.107901       -0.000744
         -0.006167        0.032935        0.050798
          0.069975        0.105592        0.108874
          0.153398        0.147567        0.172773
          0.221700        0.163411        0.231924
          0.223607        0.114406        0.264343
          0.159391        0.006431        0.250893
          0.088027       -0.072899        0.168410
          0.045058       -0.045677       -0.000945
          0.021510        0.061703       -0.227970
          0.020446        0.154319       -0.436338
          0.057774        0.174856       -0.570623
          0.110635        0.143716       -0.631037
          0.139702        0.116583       -0.619028
          0.157435        0.126518       -0.501340
          0.199813        0.153238       -0.274845
          0.233741        0.145870       -0.024173
          0.176599        0.093490        0.144068
          0.027424        0.054849        0.202751
         -0.101843        0.083890        0.195651
         -0.126094        0.145887        0.156466
         -0.084015        0.148264        0.090656
         -0.045520        0.040414        0.017684
         -0.005263       -0.147816       -0.031933
          0.059574       -0.341961       -0.060182
          0.108281       -0.460293       -0.083508
          0.106182       -0.441190       -0.070480
          0.104953       -0.285627        0.032170
          0.155254       -0.075344        0.198001
          0.199984        0.085893        0.322708
          0.155395        0.161191        0.355013
          0.048584        0.196816        0.353115
         -0.025123        0.250128        0.381883
         -0.041982        0.320416        0.426475
         -0.049997        0.355337        0.440465
         -0.058334        0.307068        0.412299
         -0.026375        0.173635        0.351852
          0.040086        0.000049        0.270250
          0.070825       -0.152569        0.196534
          0.030260       -0.251583        0.155426
         -0.033166       -0.312464        0.114289
         -0.066015       -0.360867        0.020872
         -0.080987       -0.376463       -0.092440
         -0.111364       -0.304447       -0.123965
         -0.145814       -0.137803       -0.048070
         -0.155995        0.043820        0.040984
         -0.147990        0.151772        0.068045
         -0.140471        0.186489        0.069281
         -0.127751        0.216953        0.092200
         -0.103001        0.272486        0.096705
         -0.082647        0.307850        0.032736
         -0.075723        0.283826       -0.061157
         -0.062116        0.225991       -0.118908
         -0.028595        0.174814       -0.139501
         -0.000086        0.123731       -0.141478
         -0.008560        0.043893       -0.094503
         -0.041506       -0.064342        0.020477
         -0.045609       -0.180388        0.142569
          0.008386       -0.295528        0.203248
          0.081749       -0.403249        0.218289
          0.114170       -0.481529        0.234283
          0.101400       -0.516694        0.228084
          0.087052       -0.527461        0.140155
          0.083782       -0.534537       -0.011794
          0.054240       -0.515981       -0.129886
         -0.019489       -0.422210       -0.157047
         -0.092924       -0.234843       -0.141697
         -0.110637        0.013223       -0.156324
         -0.077397        0.273602       -0.200452
         -0.050809        0.505239       -0.225882
         -0.065472        0.659727       -0.222663
         -0.089868        0.695600       -0.226509
         -0.075719        0.637977       -0.254510
         -0.031422        0.579301       -0.281145
         -0.012686        0.571798       -0.279187
         -0.042787        0.549496       -0.250671
         -0.080625        0.412821       -0.211810
         -0.081860        0.171914       -0.171149
         -0.057275       -0.055959       -0.134141
         -0.045755       -0.188454       -0.118873
         -0.057054       -0.254036       -0.152493
         -0.070741       -0.311414       -0.242560
         -0.073103       -0.354686       -0.353237
         -0.070031       -0.338263       -0.423640
         -0.073452       -0.258341       -0.419855
         -0.086362       -0.168490       -0.361540
         -0.094773       -0.130673       -0.289168
         -0.079779       -0.167945       -0.215909
         -0.045381       -0.239002       -0.126712
         -0.014736       -0.251144       -0.016866
          0.011685       -0.139217        0.093504
          0.062143        0.053484        0.190724
          0.141783        0.207774        0.287603
          0.213464        0.246041        0.388665
          0.249763        0.180442        0.457957
          0.259875        0.056909        0.461102
          0.245213       -0.084546        0.423589
          0.184790       -0.190945        0.396700
          0.093544       -0.212888        0.374987
          0.033423       -0.168344        0.304584
          0.027496       -0.130808        0.170234
          0.021210       -0.126594        0.017186
         -0.030195       -0.104794       -0.111837
         -0.091555       -0.041555       -0.204179
         -0.106627        0.000028       -0.242066
         -0.077004       -0.021128       -0.203640
         -0.041780       -0.019270       -0.115816
         -0.016909        0.112789       -0.050114
          0.009954        0.319531       -0.035115
          0.044224        0.419374       -0.018840
          0.067301        0.342695        0.037726
          0.057635        0.228144        0.069043
          0.028116        0.232748       -0.018961
          0.025234        0.329051       -0.186701
          0.072180        0.358686       -0.260313
          0.134669        0.233747       -0.131712
          0.166742        0.013412        0.104089
          0.158468       -0.192504        0.263678
          0.113683       -0.327203        0.277587
          0.025911       -0.393253        0.216870
         -0.090881       -0.410598        0.157090
         -0.191380       -0.393188        0.097574
         -0.246797       -0.342298        0.017599
         -0.261953       -0.244469       -0.056127
         -0.232697       -0.093249       -0.074381
         -0.143480        0.074429       -0.029514
         -0.020899        0.185253        0.037925
          0.073107        0.191024        0.089438
          0.118452        0.108693        0.121711
          0.150426       -0.007690        0.149003
          0.189859       -0.108296        0.173844
          0.221295       -0.152371        0.186292
          0.243023       -0.114414        0.181341
          0.274547       -0.019992        0.164963
          0.307083        0.049339        0.143278
          0.298265        0.024663        0.110504
          0.221120       -0.081984        0.053654
          0.083965       -0.194970       -0.023776
         -0.090816       -0.244254       -0.089615
         -0.273411       -0.200564       -0.114706
         -0.415555       -0.069118       -0.116744
         -0.466963        0.114768       -0.143533
         -0.419191        0.289766       -0.199119
         -0.319922        0.398939       -0.214305
         -0.227813        0.426059       -0.122232
         -0.159829        0.392844        0.043731
         -0.098959        0.322750        0.163752
         -0.042342        0.223655        0.160862
         -0.009710        0.107187        0.090513
         -0.003265       -0.001352        0.072243
          0.005183       -0.090088        0.150510
          0.033204       -0.174318        0.257020
          0.061532       -0.256943        0.299400
          0.065071       -0.297737        0.252264
          0.048315       -0.257682        0.158400
          0.032660       -0.157885        0.064074
          0.023776       -0.058308       -0.029528
          0.009504        0.010021       -0.148531
         -0.015984        0.059474       -0.295146
         -0.040135        0.104578       -0.433548
         -0.044033        0.137721       -0.520706
         -0.017213        0.143017       -0.532504
          0.039099        0.116507       -0.473684
          0.112523        0.075636       -0.387987
          0.180501        0.054138       -0.337086
          0.221398        0.077561       -0.334901
          0.230525        0.139097       -0.325008
          0.219083        0.206331       -0.255849
          0.193810        0.250353       -0.149816
          0.144432        0.261708       -0.067170
          0.058626        0.245754       -0.035054
         -0.053027        0.215697       -0.041181
         -0.156912        0.187498       -0.064498
         -0.222919        0.172119       -0.084026
         -0.241424        0.174380       -0.079009
         -0.217254        0.199035       -0.038609
         -0.168116        0.241401        0.034360
         -0.127348        0.264226        0.121608
         -0.116395        0.208138        0.181677
         -0.110398        0.051635        0.170549
         -0.065440       -0.148482        0.096387
          0.016836       -0.301719        0.027761
          0.090747       -0.369140        0.013762
          0.133096       -0.387248        0.022823
          0.159993       -0.409157        0.001274
          0.174028       -0.443553       -0.036890
          0.152785       -0.459007       -0.032009
          0.104937       -0.428080        0.030648
          0.079819       -0.349286        0.112036
          0.095413       -0.239328        0.195273
          0.105822       -0.127101        0.309562
          0.067544       -0.048308        0.457918
         -0.005103       -0.019879        0.568694
         -0.077194       -0.018688        0.566452
         -0.142387       -0.006052        0.472181
         -0.198646        0.027413        0.377985
         -0.209422        0.061073        0.322878
         -0.137699        0.082634        0.254150
         -0.010634        0.097917        0.127092
          0.086884        0.100737       -0.017992
          0.090164        0.066214       -0.110373
          0.012436       -0.011269       -0.132925
         -0.073382       -0.096332       -0.114628
         -0.102059       -0.145000       -0.074596
         -0.069354       -0.146912       -0.013559
         -0.023542       -0.127345        0.059809
         -0.005445       -0.117796        0.130234
         -0.007410       -0.128904        0.192618
         -0.000600       -0.145921        0.239856
          0.013857       -0.151992        0.246127
          0.006983       -0.155251        0.192520
         -0.029648       -0.174885        0.102748
         -0.066033       -0.196659        0.023233
         -0.069059       -0.177826       -0.031573
         -0.034396       -0.116919       -0.085444
          0.018287       -0.077804       -0.149930
          0.062085       -0.107095       -0.201060
          0.078007       -0.162894       -0.222234
          0.073182       -0.168109       -0.241472
          0.076488       -0.103915       -0.295453
          0.099100       -0.008969       -0.369833
          0.115939        0.082881       -0.409417
          0.103772        0.159409       -0.387898
          0.072530        0.208384       -0.334414
          0.040230        0.220915       -0.279348
          0.010137        0.206604       -0.205093
         -0.007133        0.183390       -0.078146
          0.010838        0.163583        0.087293
          0.058219        0.156612        0.233484
          0.097232        0.164007        0.326763
          0.111050        0.164791        0.384181
          0.115430        0.129342        0.419247
          0.109023        0.060467        0.402706
          0.068461        0.005171        0.311467
          0.004543        0.009508        0.181257
         -0.035236        0.065576        0.065193
         -0.034699        0.118845       -0.030936
         -0.028500        0.132778       -0.124936
         -0.047824        0.129800       -0.205147
         -0.094691        0.153404       -0.259758
         -0.163867        0.202639       -0.322034
         -0.235892        0.227310       -0.412190
         -0.259007        0.186288       -0.464642
         -0.197777        0.091508       -0.397251
         -0.090394       -0.008004       -0.231815
         -0.001762       -0.070352       -0.062255
          0.060568       -0.086146        0.072922
          0.122253       -0.075969        0.195141
          0.164841       -0.070217        0.286666
          0.149249       -0.078131        0.291070
          0.090633       -0.069657        0.208748
          0.033730       -0.003616        0.100679
         -0.019917        0.118175       -0.003239
         -0.089208        0.244278       -0.121190
         -0.149703        0.330404       -0.247269
         -0.162238        0.379893       -0.332121
         -0.136636        0.416481       -0.337036
         -0.104381        0.441279       -0.261227
         -0.054464        0.430527       -0.130813
          0.042666        0.357585       -0.001108
          0.162696        0.212705        0.057242
          0.235742        0.024212        0.019892
          0.228075       -0.139960       -0.062515
          0.170685       -0.224653       -0.130330
          0.100982       -0.249371       -0.183213
          0.025062       -0.287459       -0.248052
         -0.043759       -0.373271       -0.308773
         -0.063904       -0.459179       -0.314978
         -0.023659       -0.476675       -0.244387
          0.023078       -0.408331       -0.115285
          0.025091       -0.279806        0.046989
          0.003514       -0.114426        0.213826
          0.008936        0.067841        0.340551
          0.037605        0.227087        0.398039
          0.035349        0.323095        0.411597
         -0.029762        0.355141        0.427848
         -0.134484        0.347313        0.443455
         -0.232934        0.298695        0.399992
         -0.294035        0.190647        0.257092
         -0.307144        0.048083        0.051299
         -0.272118       -0.056507       -0.126591
         -0.194039       -0.084696       -0.204352
         -0.086583       -0.077462       -0.176810
          0.020446       -0.089950       -0.099840
          0.087431       -0.121444       -0.051238
          0.097525       -0.147319       -0.080361
          0.081013       -0.176203       -0.168902
          0.084772       -0.220554       -0.246222
          0.116661       -0.247496       -0.257129
          0.142316       -0.223574       -0.199001
          0.133450       -0.180287       -0.093651
          0.094464       -0.170906        0.028649
          0.048510       -0.190484        0.109310
          0.021498       -0.204150        0.093811
          0.027312       -0.222117        0.008699
          0.047581       -0.269460       -0.053590
          0.045102       -0.304310       -0.042163
          0.013452       -0.250840        0.019522
         -0.013130       -0.114668        0.106271
         -0.009606        0.005692        0.218321
          0.014584        0.036106        0.326592
          0.046093        0.001993        0.367469
          0.081114       -0.027011        0.319316
          0.100879       -0.019936        0.233401
          0.077757        0.007262        0.165482
          0.017271        0.029053        0.114599
         -0.041461        0.032335        0.054100
         -0.074909        0.019554       -0.005051
         -0.094561        0.001966       -0.016711
         -0.113291       -0.016881        0.038584
         -0.121278       -0.041679        0.120669
         -0.103831       -0.057549        0.169198
         -0.063815       -0.024352        0.164690
         -0.019675        0.075836        0.140783
          0.009088        0.203106        0.140668
          0.016405        0.294917        0.169109
          0.016553        0.320051        0.188797
          0.027929        0.281731        0.162154
          0.045710        0.195525        0.091287
          0.047416        0.089220        0.009106
          0.028749       -0.000417       -0.062362
          0.008912       -0.061614       -0.123632
         -0.003394       -0.125930       -0.165571
         -0.016434       -0.225122       -0.155315
         -0.021212       -0.330875       -0.075335
          0.009613       -0.362528        0.042008
          0.074021       -0.272366        0.141354
          0.131212       -0.113506        0.190955
          0.158138        0.003120        0.183177
          0.174843        0.026352        0.113692
          0.192300        0.016886       -0.004372
          0.183845        0.067486       -0.121099
          0.144258        0.190426       -0.183832
          0.126278        0.305535       -0.189166
          0.161518        0.327845       -0.177497
          0.185162        0.243164       -0.184844
          0.110591        0.103225       -0.220901
         -0.043805       -0.024466       -0.276576
         -0.174321       -0.092655       -0.320291
         -0.226204       -0.082620       -0.300025
         -0.236957       -0.002230       -0.194379
         -0.246885        0.113785       -0.065118
         -0.239019        0.209354       -0.010609
         -0.191321        0.238662       -0.048983
         -0.133260        0.210678       -0.097749
         -0.110551        0.184829       -0.098393
         -0.121920        0.201222       -0.099680
         -0.127311        0.236116       -0.161553
         -0.104464        0.250631       -0.236135
         -0.064967        0.252287       -0.230835
         -0.020107        0.267809       -0.152426
          0.034741        0.280121       -0.089185
          0.090003        0.243280       -0.066410
          0.106129        0.151705       -0.025189
          0.059704        0.049366        0.051284
         -0.010029       -0.030565        0.098389
         -0.041163       -0.095743        0.087008
         -0.028176       -0.156775        0.085525
         -0.014169       -0.197101        0.156394
         -0.010992       -0.204254        0.259004
          0.011665       -0.206605        0.305416
          0.055169       -0.246796        0.266492
          0.078705       -0.325098        0.180254
          0.069858       -0.393784        0.089738
          0.061474       -0.406668        0.014169
          0.062730       -0.359256       -0.039121
          0.040864       -0.284174       -0.074189
         -0.010152       -0.216376       -0.112399
         -0.048929       -0.157138       -0.167486
         -0.053845       -0.075009       -0.213628
         -0.047777        0.041850       -0.204951
         -0.040256        0.146822       -0.133893
         -0.009683        0.181450       -0.047614
          0.040235        0.151578        0.007141
          0.068867        0.115561        0.036395
          0.061602        0.102303        0.074342
          0.049074        0.087011        0.121220
          0.050139        0.048605        0.139528
          0.049310        0.004735        0.110645
          0.040439       -0.020052        0.059392
          0.034052       -0.024112        0.015378
          0.008048       -0.014835       -0.015205
         -0.083897        0.005878       -0.030148
         -0.227188        0.030136       -0.022615
         -0.329030        0.043132       -0.008083
         -0.324251        0.048140       -0.022593
         -0.249966        0.070110       -0.074031
         -0.175750        0.115703       -0.128315
         -0.107207        0.148057       -0.161666
         -0.011246        0.124982       -0.188160
          0.097415        0.053095       -0.210824
          0.158759       -0.020185       -0.186091
          0.151566       -0.069343       -0.076465
          0.125349       -0.120531        0.087874
          0.137075       -0.200245        0.238312
          0.185961       -0.271975        0.339471
          0.225469       -0.263755        0.397571
          0.223610       -0.167072        0.416830
          0.195228       -0.066698        0.389442
          0.176295       -0.038452        0.323536
          0.177474       -0.045713        0.240475
          0.172396        0.011063        0.136106
          0.132239        0.149634       -0.016392
          0.060959        0.272468       -0.199604
         -0.014617        0.295404       -0.321132
         -0.081468        0.248716       -0.296091
         -0.145583        0.210675       -0.150507
         -0.199506        0.195121       -0.000837
         -0.212210        0.162898        0.066831
         -0.168213        0.106974        0.059184
         -0.098605        0.060902        0.019772
         -0.050952        0.036613       -0.041214
         -0.036445        0.005629       -0.134912
         -0.027611       -0.057337       -0.236568
         -0.003030       -0.139810       -0.280288
          0.030832       -0.198911       -0.223271
          0.062418       -0.195094       -0.094807
          0.090588       -0.133219        0.037627
          0.110524       -0.074278        0.136616
          0.112573       -0.082986        0.204506
          0.103350       -0.154688        0.236750
          0.098909       -0.216751        0.204394
          0.090525       -0.211398        0.096684
          0.050625       -0.153185       -0.043680
         -0.018445       -0.097265       -0.152009
         -0.074809       -0.083084       -0.201661
         -0.088060       -0.120544       -0.212349
         -0.072390       -0.190879       -0.202595
         -0.057963       -0.239824       -0.161972
         -0.053660       -0.210431       -0.077007
         -0.052255       -0.110757        0.044701
         -0.053193       -0.014928        0.188042
         -0.058851        0.029438        0.335535
         -0.053591        0.061306        0.443140
         -0.009590        0.142673        0.452730
          0.073722        0.263855        0.361365
          0.149962        0.353273        0.242037
          0.169138        0.367991        0.155612
          0.136287        0.331422        0.074955
          0.097348        0.282250       -0.058111
          0.067411        0.230013       -0.231965
          0.014765        0.171589       -0.374672
         -0.071961        0.108304       -0.442700
         -0.146299        0.026569       -0.450062
         -0.161771       -0.096274       -0.422976
         -0.134996       -0.237464       -0.369082
         -0.118628       -0.321474       -0.287745
         -0.129541       -0.308560       -0.180924
         -0.135576       -0.256070       -0.051313
         -0.108098       -0.241180        0.093503
         -0.059734       -0.249715        0.228553
         -0.024843       -0.204327        0.313248
         -0.020597       -0.094495        0.322505
         -0.033497       -0.008570        0.275903
         -0.035121       -0.011605        0.213943
         -0.010831       -0.043690        0.145150
          0.022328        0.011733        0.050951
          0.032067        0.180510       -0.052486
          0.008143        0.370552       -0.103719
         -0.025257        0.489847       -0.067400
         -0.033439        0.537315        0.020064
          0.002479        0.556908        0.096586
          0.075051        0.550593        0.138542
          0.149401        0.478540        0.160467
          0.180496        0.324844        0.170251
          0.152532        0.127430        0.146946
          0.099629       -0.056997        0.067267
          0.071557       -0.199738       -0.052362
          0.079733       -0.304972       -0.155209
          0.088965       -0.374853       -0.198012
          0.059832       -0.387226       -0.194259
         -0.012880       -0.321330       -0.184337
         -0.101062       -0.195507       -0.172878
         -0.168695       -0.061531       -0.125354
         -0.194917        0.035218       -0.025114
         -0.180971        0.078981        0.099549
         -0.137760        0.076447        0.211164
         -0.070080        0.041302        0.291491
          0.014822       -0.017253        0.322566
          0.083661       -0.095437        0.277401
          0.088298       -0.176145        0.156025
          0.018717       -0.214951        0.005287
         -0.072896       -0.173758       -0.123745
         -0.122662       -0.074769       -0.220188
         -0.118368        0.012358       -0.293748
         -0.094492        0.050242       -0.333233
         -0.077274        0.064836       -0.315735
         -0.058024        0.081258       -0.241945
         -0.017669        0.075766       -0.127667
          0.040470        0.027379        0.028141
          0.087510       -0.022731        0.223558
          0.094997       -0.015894        0.404164
          0.064546        0.038875        0.481974
          0.030111        0.076809        0.416462
          0.025650        0.069713        0.241240
          0.052195        0.054191        0.011573
          0.082728        0.059543       -0.225963
          0.095989        0.061227       -0.414284
          0.094497        0.035437       -0.500280
          0.087199        0.018108       -0.482242
          0.068429        0.062996       -0.395969
          0.029454        0.156449       -0.256983
         -0.014949        0.218203       -0.067797
         -0.035752        0.193965        0.131262
         -0.032785        0.115759        0.280965
         -0.042392        0.048753        0.365097
         -0.082954       -0.003556        0.396316
         -0.117870       -0.101059        0.352668
         -0.103491       -0.263076        0.195892
         -0.055743       -0.404585       -0.040410
         -0.031204       -0.420155       -0.240849
         -0.049071       -0.313850       -0.312329
         -0.070019       -0.195154       -0.265373
         -0.056110       -0.145912       -0.176282
         -0.017874       -0.142379       -0.101792
          0.011173       -0.123690       -0.051939
          0.020464       -0.084096       -0.014891
          0.022881       -0.056195        0.026726
          0.028746       -0.038918        0.090206
          0.046205        0.000538        0.171685
          0.094431        0.060381        0.231856
          0.180716        0.088559        0.223880
          0.267513        0.043214        0.141063
          0.299291       -0.058009        0.027724
          0.263643       -0.153809       -0.063068
          0.191950       -0.188816       -0.117583
          0.105812       -0.151763       -0.158474
          0.005320       -0.080242       -0.200611
         -0.095316       -0.026427       -0.230615
         -0.167056       -0.008864       -0.229668
         -0.199200        0.002792       -0.192614
         -0.197429        0.053979       -0.124073
         -0.162116        0.156386       -0.040962
         -0.101094        0.271485        0.023884
         -0.039866        0.343618        0.049672
          0.010882        0.349602        0.055450
          0.065540        0.310980        0.067465
          0.117287        0.261668        0.063587
          0.127530        0.219113       -0.005051
          0.090285        0.186767       -0.124846
          0.058129        0.163600       -0.197443
          0.070492        0.142002       -0.144306
          0.099732        0.108194       -0.011238
          0.101237        0.052032        0.074201
          0.076551       -0.026283        0.046534
          0.050270       -0.116037       -0.033959
          0.016513       -0.196024       -0.069152
         -0.051091       -0.237547       -0.039902
         -0.150771       -0.218247       -0.006907
         -0.243970       -0.142716       -0.008770
         -0.289004       -0.048092       -0.001786
         -0.267445        0.022849        0.073774
         -0.187001        0.056523        0.196642
         -0.073083        0.064439        0.282117
          0.044311        0.050273        0.288630
          0.139131        0.008888        0.254072
          0.188401       -0.042026        0.221476
          0.179026       -0.064942        0.184722
          0.125998       -0.047166        0.129354
          0.068853       -0.015634        0.078252
          0.034956       -0.003557        0.061179
          0.016628       -0.029132        0.069434
         -0.003670       -0.103474        0.075963
         -0.021446       -0.219279        0.082554
         -0.023244       -0.320888        0.113226
         -0.016362       -0.325342        0.166349
         -0.017297       -0.205467        0.204422
         -0.020627       -0.036779        0.199154
         -0.010317        0.067253        0.162105
          0.004635        0.064274        0.114036
         -0.002947        0.007518        0.046182
         -0.035921       -0.032404       -0.056895
         -0.062144       -0.040807       -0.166522
         -0.054808       -0.047883       -0.220431
         -0.031147       -0.070670       -0.190856
         -0.034823       -0.084762       -0.114691
         -0.077717       -0.050232       -0.049327
         -0.121996        0.038744       -0.020590
         -0.136081        0.134402       -0.015728
         -0.140502        0.177996       -0.005614
         -0.167888        0.160716        0.026302
         -0.204553        0.121585        0.061165
         -0.212466        0.087895        0.056976
         -0.187928        0.054814       -0.007433
         -0.155093        0.030798       -0.114189
         -0.119547        0.053354       -0.230088
         -0.072193        0.129919       -0.320960
         -0.020822        0.202573       -0.348754
          0.025951        0.208909       -0.296535
          0.083874        0.152453       -0.201328
          0.156858        0.083232       -0.126132
          0.203034        0.032959       -0.091376
          0.187569       -0.002364       -0.058465
          0.143360       -0.036555        0.015559
          0.127396       -0.079636        0.124453
          0.138155       -0.139284        0.213101
          0.125418       -0.209444        0.220123
          0.068788       -0.256181        0.128718
          0.005621       -0.233550       -0.008104
         -0.014758       -0.126827       -0.098598
          0.022201        0.020908       -0.089636
          0.092515        0.134538       -0.017370
          0.155591        0.167575        0.032665
          0.176892        0.138571        0.017027
          0.146404        0.106753       -0.029026
          0.087194        0.116656       -0.046455
          0.037143        0.168461       -0.021642
          0.011333        0.229789        0.011762
         -0.006801        0.263478        0.025641
         -0.026100        0.250892        0.032336
         -0.021168        0.203070        0.062495
          0.028892        0.147592        0.117977
          0.092590        0.096854        0.162875
          0.110834        0.040030        0.167488
          0.063543       -0.021752        0.143089
         -0.014826       -0.052524        0.115451
         -0.077649       -0.021456        0.082238
         -0.098994        0.049039        0.022595
         -0.076462        0.108629       -0.067249
         -0.031378        0.140350       -0.173199
         -0.000123        0.159032       -0.275285
         -0.002088        0.161629       -0.333413
         -0.023912        0.126919       -0.293821
         -0.047050        0.060262       -0.149395
         -0.067066       -0.009344        0.030592
         -0.073301       -0.076465        0.164835
         -0.046431       -0.158360        0.229464
          0.003786       -0.248592        0.238379
          0.035889       -0.315746        0.194179
          0.031269       -0.345771        0.098545
          0.014473       -0.343175       -0.018252
          0.005269       -0.296314       -0.117542
         -0.008122       -0.188891       -0.183756
         -0.032441       -0.048715       -0.212227
         -0.044651        0.056753       -0.191952
         -0.023048        0.085237       -0.127751
          0.020713        0.054833       -0.059450
          0.053375        0.009516       -0.031914
          0.052740       -0.026332       -0.051939
          0.026480       -0.052410       -0.086975
          0.001832       -0.075178       -0.100597
         -0.009592       -0.099599       -0.085521
         -0.031356       -0.125670       -0.069222
         -0.087062       -0.146666       -0.085271
         -0.151789       -0.161602       -0.129588
         -0.169829       -0.188496       -0.151893
         -0.123668       -0.247508       -0.107101
         -0.055769       -0.325236       -0.010482
         -0.015327       -0.369300        0.079927
         -0.008953       -0.329978        0.136248
         -0.013418       -0.207075        0.189496
         -0.015510       -0.052394        0.273702
         -0.020625        0.073277        0.365325
         -0.028951        0.142819        0.402087
         -0.023751        0.165731        0.354390
          0.008065        0.161839        0.261277
          0.055659        0.144847        0.195751
          0.095617        0.126270        0.198353
          0.115779        0.114327        0.239903
          0.120204        0.100763        0.248101
          0.121032        0.065941        0.175273
          0.130158        0.011212        0.039583
          0.142401       -0.024462       -0.098927
          0.123660        0.005540       -0.190243
          0.042768        0.110324       -0.217269
         -0.073418        0.247026       -0.186316
         -0.146801        0.345574       -0.117088
         -0.133265        0.355842       -0.039287
         -0.077845        0.286498        0.019651
         -0.054600        0.193198        0.050089
         -0.069981        0.115447        0.055984
         -0.067345        0.036105        0.036116
         -0.017943       -0.078494       -0.016226
          0.042926       -0.212461       -0.092144
          0.072783       -0.304757       -0.164843
          0.066222       -0.319284       -0.217976
          0.035611       -0.282377       -0.257322
         -0.008607       -0.238802       -0.282943
         -0.050102       -0.191791       -0.274225
         -0.073839       -0.111815       -0.223178
         -0.086397        0.000516       -0.160586
         -0.102745        0.093174       -0.122140
         -0.113564        0.122452       -0.103139
         -0.092147        0.109957       -0.072517
         -0.034055        0.108212       -0.019586
          0.035826        0.122241        0.040942
          0.096157        0.105789        0.102258
          0.139363        0.036487        0.171609
          0.146379       -0.046754        0.240749
          0.090883       -0.093262        0.279849
         -0.013859       -0.091835        0.272381
         -0.108754       -0.059157        0.236476
         -0.154104       -0.011248        0.202162
         -0.169231        0.036708        0.181195
         -0.181252        0.069604        0.161899
         -0.170356        0.087965        0.120738
         -0.105699        0.107617        0.043276
         -0.009236        0.135650       -0.051044
          0.063407        0.157257       -0.114932
          0.094575        0.148924       -0.124291
          0.115625        0.103205       -0.112514
          0.152189        0.047482       -0.130495
          0.195530        0.033303       -0.181676
          0.226020        0.086001       -0.222096
          0.232310        0.163804       -0.219910
          0.206698        0.193506       -0.190086
          0.148595        0.155848       -0.168362
          0.075566        0.109482       -0.169731
          0.012697        0.114325       -0.176564
         -0.029759        0.154062       -0.153443
         -0.056801        0.157921       -0.073159
         -0.070574        0.085172        0.051253
         -0.062778       -0.037972        0.154553
         -0.026328       -0.159524        0.164590
          0.028443       -0.249545        0.074667
          0.073712       -0.298249       -0.046806
          0.088571       -0.294132       -0.124249
          0.082764       -0.232012       -0.128868
          0.082924       -0.137783       -0.070742
          0.093689       -0.061232        0.016558
          0.089597       -0.034952        0.077553
          0.052047       -0.049245        0.074575
         -0.002962       -0.072999        0.044667
         -0.046196       -0.091416        0.068483
         -0.070236       -0.114126        0.162823
         -0.085786       -0.149164        0.254701
         -0.092646       -0.180366        0.284640
         -0.079070       -0.176238        0.277688
         -0.050546       -0.118272        0.275540
         -0.033842       -0.019359        0.254674
         -0.044058        0.083012        0.168065
         -0.068523        0.153866        0.034725
         -0.091165        0.188066       -0.069667
         -0.113058        0.213327       -0.102264
         -0.141773        0.262526       -0.092293
         -0.175691        0.338092       -0.093335
         -0.199600        0.400804       -0.127683
         -0.185519        0.395636       -0.180647
         -0.113058        0.296961       -0.227163
         -0.007846        0.136869       -0.256557
          0.063081       -0.012170       -0.277887
          0.063753       -0.094282       -0.297529
          0.034805       -0.118513       -0.290870
          0.032803       -0.143635       -0.216447
          0.051147       -0.204694       -0.069947
          0.047029       -0.265143        0.095391
          0.022611       -0.263314        0.215920
          0.020355       -0.198904        0.269169
          0.045926       -0.137611        0.271531
          0.053537       -0.123069        0.245293
          0.015734       -0.123604        0.199609
         -0.036566       -0.085302        0.135735
         -0.058894        0.000759        0.066519
         -0.047958        0.111059        0.024102
         -0.032341        0.229843        0.030834
         -0.026458        0.337136        0.065335
         -0.019195        0.386894        0.082824
         -0.005777        0.344633        0.068810
         -0.002885        0.234415        0.047947
         -0.019178        0.110610        0.044769
         -0.034925       -0.007055        0.062257
         -0.032768       -0.133975        0.093696
         -0.028118       -0.263632        0.129613
         -0.040379       -0.352851        0.153443
         -0.051789       -0.371294        0.147943
         -0.029862       -0.328006        0.108810
          0.022571       -0.238492        0.048264
          0.076687       -0.109565       -0.010928
          0.122711        0.021534       -0.046351
          0.163896        0.081337       -0.051537
          0.179647        0.036450       -0.042832
          0.143344       -0.052645       -0.043400
          0.072126       -0.094679       -0.059262
          0.016532       -0.068170       -0.073149
          0.002869       -0.027170       -0.058423
          0.018046       -0.021777       -0.001079
          0.041870       -0.047805        0.080940
          0.061085       -0.073117        0.139686
          0.060097       -0.081820        0.131348
          0.030106       -0.077750        0.054965
         -0.014914       -0.061638       -0.045089
         -0.052577       -0.027101       -0.114272
         -0.076302        0.020058       -0.127576
         -0.090004        0.054966       -0.105615
         -0.089764        0.054746       -0.096172
         -0.067157        0.019999       -0.131271
         -0.025290       -0.026485       -0.199109
          0.017503       -0.052941       -0.264944
          0.038215       -0.033707       -0.313892
          0.026974        0.029459       -0.354348
          0.001436        0.098249       -0.382757
         -0.005393        0.129033       -0.377087
          0.015183        0.118978       -0.336987
          0.028462        0.106437       -0.299726
         -0.004454        0.120562       -0.293989
         -0.069917        0.142571       -0.299453
         -0.105341        0.124897       -0.272592
         -0.069181        0.045270       -0.192842
          0.010070       -0.063836       -0.066018
          0.071376       -0.142979        0.091603
          0.091226       -0.163154        0.246649
          0.091066       -0.149925        0.350023
          0.089084       -0.143984        0.380008
          0.082130       -0.144019        0.373731
          0.074598       -0.106444        0.385405
          0.085485       -0.006774        0.419596
          0.111412        0.116741        0.434869
          0.111284        0.195068        0.407932
          0.051393        0.195310        0.357348
         -0.045567        0.145183        0.300027
         -0.114753        0.098940        0.228021
         -0.110430        0.089531        0.148332
         -0.043692        0.108396        0.100651
          0.036957        0.119820        0.097730
          0.089730        0.091555        0.087326
          0.101223        0.016650        0.023527
          0.078293       -0.083958       -0.057935
          0.036219       -0.171934       -0.095342
         -0.003847       -0.212732       -0.101266
         -0.022351       -0.201098       -0.134353
         -0.018672       -0.161797       -0.192680
         -0.014670       -0.115883       -0.220129
         -0.032806       -0.059996       -0.213867
         -0.078134        0.005956       -0.237285
         -0.145399        0.049511       -0.312288
         -0.222888        0.033137       -0.376696
         -0.275848       -0.032401       -0.371582
         -0.255179       -0.085466       -0.306238
         -0.154412       -0.068811       -0.211792
         -0.037891        0.023204       -0.087640
          0.023229        0.146414        0.070432
          0.026983        0.237202        0.226002
          0.018739        0.246690        0.324641
          0.015720        0.173751        0.349274
         -0.000685        0.070859        0.328756
         -0.029076       -0.005746        0.295629
         -0.033577       -0.054110        0.252814
          0.006034       -0.108575        0.184343
          0.059893       -0.167910        0.088410
          0.078007       -0.184369       -0.009570
          0.043358       -0.134562       -0.080288
         -0.012668       -0.059496       -0.121381
         -0.042158       -0.011918       -0.154394
         -0.021723        0.006987       -0.195163
          0.035729        0.033205       -0.244609
          0.101678        0.078311       -0.302735
          0.157040        0.110166       -0.361231
          0.196227        0.100632       -0.382637
          0.214775        0.072771       -0.325613
          0.203732        0.076675       -0.199230
          0.158848        0.122097       -0.056218
          0.088468        0.164998        0.072755
          0.008012        0.167681        0.197309
         -0.068044        0.140424        0.316670
         -0.125748        0.111694        0.400701
         -0.153499        0.091337        0.434080
         -0.153213        0.080126        0.432028
         -0.142661        0.082898        0.396699
         -0.137467        0.092902        0.305731
         -0.133758        0.090982        0.167437
         -0.114881        0.076246        0.045016
         -0.077062        0.071341       -0.007458
         -0.046333        0.083723       -0.009889
         -0.059560        0.088689       -0.030644
         -0.117455        0.067324       -0.109148
         -0.166962        0.037233       -0.219533
         -0.153263        0.026490       -0.297208
         -0.085736        0.036616       -0.287602
         -0.024879        0.049211       -0.184044
         -0.002464        0.049099       -0.034801
          0.011188        0.021044        0.097154
          0.048476       -0.053976        0.190310
          0.090923       -0.170158        0.263730
          0.103030       -0.278809        0.316941
          0.090401       -0.329221        0.307891
          0.086517       -0.321628        0.212985
          0.100275       -0.294515        0.075421
          0.113755       -0.265727       -0.039623
          0.117621       -0.214905       -0.116858
          0.113397       -0.126398       -0.183684
          0.093659       -0.022505       -0.243049
          0.052994        0.058695       -0.254254
          0.007697        0.101609       -0.191714
         -0.021461        0.115331       -0.090242
         -0.032529        0.110719       -0.005125
         -0.028933        0.092044        0.051051
         -0.003717        0.062709        0.097651
          0.041192        0.021516        0.130279
          0.079867       -0.040327        0.123310
          0.087264       -0.119520        0.084510
          0.065830       -0.183312        0.057890
          0.037173       -0.195237        0.063241
          0.020395       -0.157823        0.075612
          0.019372       -0.103169        0.075423
          0.017794       -0.039993        0.074344
         -0.004806        0.048974        0.074170
         -0.038238        0.141112        0.045945
         -0.042316        0.159739       -0.020223
         -0.002582        0.073308       -0.082520
          0.038076       -0.032533       -0.102650
          0.031404       -0.045937       -0.107493
         -0.011622        0.031024       -0.153726
         -0.039612        0.097521       -0.245240
         -0.032377        0.094394       -0.328969
         -0.019863        0.060631       -0.369673
         -0.030936        0.048671       -0.385351
         -0.055344        0.047731       -0.397345
         -0.063869        0.013073       -0.382846
         -0.041065       -0.066444       -0.303209
          0.008970       -0.152313       -0.161673
          0.067541       -0.196392       -0.008255
          0.107557       -0.190625        0.108095
          0.114408       -0.175656        0.174302
          0.103385       -0.190315        0.200648
          0.100349       -0.216609        0.192787
          0.105159       -0.195214        0.149709
          0.089723       -0.095856        0.081219
          0.036055        0.046755        0.010135
         -0.033707        0.167073       -0.044792
         -0.072908        0.224832       -0.078451
         -0.055328        0.231700       -0.094979
          0.000743        0.233063       -0.103668
          0.053360        0.257979       -0.111402
          0.073534        0.283985       -0.108822
          0.060552        0.260939       -0.077745
          0.032008        0.167897       -0.024125
          0.001391        0.034132        0.017942
         -0.035738       -0.090302        0.035478
         -0.082787       -0.169373        0.068341
         -0.115352       -0.193047        0.161118
         -0.106245       -0.174672        0.293862
         -0.076415       -0.139118        0.392831
         -0.075521       -0.102487        0.411488
         -0.107229       -0.063981        0.373416
         -0.122822       -0.023991        0.327320
         -0.094953        0.002129        0.287023
         -0.047708        0.005938        0.235724
         -0.005808        0.009636        0.169743
          0.035278        0.040587        0.110839
          0.072018        0.085152        0.081206
          0.070770        0.095841        0.085307
          0.014770        0.049518        0.111754
         -0.052814       -0.023657        0.138482
         -0.070677       -0.075352        0.141108
         -0.037846       -0.082047        0.110536
         -0.015464       -0.046528        0.062787
         -0.046439        0.015355        0.023724
         -0.106035        0.068925        0.004675
         -0.142286        0.065882       -0.001264
         -0.135263       -0.011979       -0.003507
         -0.100281       -0.122976       -0.007873
         -0.053889       -0.204347       -0.025430
          0.003354       -0.231816       -0.067630
          0.072179       -0.220210       -0.125319
          0.132591       -0.181946       -0.173112
          0.150174       -0.116642       -0.206491
          0.112622       -0.036397       -0.254022
          0.047887        0.030362       -0.335975
         -0.003717        0.071732       -0.426385
         -0.020911        0.112781       -0.474241
         -0.001431        0.186020       -0.454964
          0.041934        0.283267       -0.387609
